# tracer: function_graph
#
#     TIME        CPU  DURATION                  FUNCTION CALLS
#      |          |     |   |                     |   |   |   |
   11.910480 |   2)               |  __x64_sys_read() {
   11.910480 |   2)               |    ksys_read() {
   11.910480 |   2)   0.158 us    |      fdget_pos();
   11.910481 |   2)               |      vfs_read() {
   11.910481 |   2)   0.330 us    |        rw_verify_area();
   11.910481 |   2)               |        ext4_file_read_iter() {
   11.910482 |   2)               |          generic_file_read_iter() {
   11.910482 |   2)               |            filemap_read() {
   11.910482 |   2)               |              filemap_get_pages() {
   11.910482 |   2)   0.441 us    |                filemap_get_read_batch();
   11.910483 |   2)   0.768 us    |              }
   11.910483 |   2)   0.154 us    |              folio_mark_accessed();
   11.910483 |   2)               |              lock_mm_and_find_vma() {
   11.910484 |   2)               |                down_read_trylock() {
   11.910484 |   2)   0.130 us    |                  preempt_count_add();
   11.910484 |   2)   0.126 us    |                  preempt_count_sub();
   11.910484 |   2)   0.732 us    |                }
   11.910484 |   2)   0.454 us    |                find_vma();
   11.910485 |   2)   1.643 us    |              }
   11.910485 |   2)               |              handle_mm_fault() {
   11.910485 |   2)               |                __handle_mm_fault() {
   11.910486 |   2)               |                  pte_offset_map_rw_nolock() {
   11.910486 |   2)   0.235 us    |                    __pte_offset_map();
   11.910486 |   2)   0.514 us    |                  }
   11.910486 |   2)   0.128 us    |                  __vmf_anon_prepare();
   11.910487 |   2)               |                  vma_alloc_folio_noprof() {
   11.910487 |   2)   0.170 us    |                    get_vma_policy();
   11.910487 |   2)               |                    alloc_pages_mpol() {
   11.910487 |   2)   0.139 us    |                      policy_nodemask();
   11.910488 |   2)               |                      __alloc_frozen_pages_noprof() {
   11.910488 |   2)               |                        get_page_from_freelist() {
   11.910488 |   2)   0.126 us    |                          preempt_count_add();
   11.910488 |   2)               |                          _raw_spin_trylock() {
   11.910488 |   2)   0.135 us    |                            preempt_count_add();
   11.910489 |   2)   0.417 us    |                          }
   11.910489 |   2)               |                          _raw_spin_unlock() {
   11.910489 |   2)   0.134 us    |                            preempt_count_sub();
   11.910489 |   2)   0.398 us    |                          }
   11.910489 |   2)   0.146 us    |                          preempt_count_sub();
   11.910490 |   2)   0.162 us    |                          clear_highpages_kasan_tagged();
   11.910490 |   2)   2.544 us    |                        }
   11.910491 |   2)   2.869 us    |                      }
   11.910491 |   2)   3.425 us    |                    }
   11.910491 |   2)   4.031 us    |                  }
   11.910491 |   2)               |                  pte_offset_map_lock() {
   11.910491 |   2)   0.209 us    |                    __pte_offset_map();
   11.910491 |   2)               |                    _raw_spin_lock() {
   11.910492 |   2)   0.140 us    |                      preempt_count_add();
   11.910492 |   2)   0.414 us    |                    }
   11.910492 |   2)   1.059 us    |                  }
   11.910492 |   2)               |                  map_anon_folio_pte_nopf() {
   11.910492 |   2)   0.124 us    |                    pte_mkwrite();
   11.910493 |   2)               |                    folio_add_new_anon_rmap() {
   11.910493 |   2)   0.128 us    |                      mod_node_page_state();
   11.910493 |   2)   0.417 us    |                    }
   11.910493 |   2)               |                    folio_add_lru_vma() {
   11.910493 |   2)               |                      __folio_batch_add_and_move() {
   11.910494 |   2)   0.132 us    |                        preempt_count_add();
   11.910494 |   2)   0.132 us    |                        preempt_count_sub();
   11.910494 |   2)   0.700 us    |                      }
   11.910494 |   2)   0.978 us    |                    }
   11.910494 |   2)   2.148 us    |                  }
   11.910495 |   2)               |                  _raw_spin_unlock() {
   11.910495 |   2)   0.152 us    |                    preempt_count_sub();
   11.910495 |   2)   0.416 us    |                  }
   11.910495 |   2)   9.782 us    |                }
   11.910495 |   2) + 10.079 us   |              }
   11.910496 |   2)   0.132 us    |              raw_irqentry_exit_cond_resched();
   11.910496 |   2) + 14.701 us   |            }
   11.910497 |   2) + 14.959 us   |          }
   11.910497 |   2) + 15.229 us   |        }
   11.910497 |   2) + 16.147 us   |      }
   11.910497 |   2) + 16.871 us   |    }
   11.910497 |   2) + 17.685 us   |  }
   11.910599 |   2)               |  __x64_sys_read() {
   11.910600 |   2)               |    ksys_read() {
   11.910600 |   2)   0.156 us    |      fdget_pos();
   11.910600 |   2)               |      vfs_read() {
   11.910601 |   2)   0.348 us    |        rw_verify_area();
   11.910601 |   2)               |        ext4_file_read_iter() {
   11.910601 |   2)               |          generic_file_read_iter() {
   11.910601 |   2)               |            filemap_read() {
   11.910602 |   2)               |              filemap_get_pages() {
   11.910602 |   2)   0.476 us    |                filemap_get_read_batch();
   11.910602 |   2)   0.822 us    |              }
   11.910603 |   2)   0.140 us    |              folio_mark_accessed();
   11.910603 |   2)               |              lock_mm_and_find_vma() {
   11.910603 |   2)               |                down_read_trylock() {
   11.910604 |   2)   0.127 us    |                  preempt_count_add();
   11.910604 |   2)   0.140 us    |                  preempt_count_sub();
   11.910604 |   2)   0.778 us    |                }
   11.910604 |   2)   0.423 us    |                find_vma();
   11.910605 |   2)   1.647 us    |              }
   11.910605 |   2)               |              handle_mm_fault() {
   11.910605 |   2)               |                __handle_mm_fault() {
   11.910605 |   2)               |                  pte_offset_map_rw_nolock() {
   11.910606 |   2)   0.223 us    |                    __pte_offset_map();
   11.910606 |   2)   0.507 us    |                  }
   11.910606 |   2)   0.125 us    |                  __vmf_anon_prepare();
   11.910606 |   2)               |                  vma_alloc_folio_noprof() {
   11.910607 |   2)   0.153 us    |                    get_vma_policy();
   11.910607 |   2)               |                    alloc_pages_mpol() {
   11.910607 |   2)   0.125 us    |                      policy_nodemask();
   11.910607 |   2)               |                      __alloc_frozen_pages_noprof() {
   11.910608 |   2)               |                        get_page_from_freelist() {
   11.910608 |   2)   0.126 us    |                          preempt_count_add();
   11.910608 |   2)               |                          _raw_spin_trylock() {
   11.910608 |   2)   0.136 us    |                            preempt_count_add();
   11.910608 |   2)   0.417 us    |                          }
   11.910609 |   2)               |                          _raw_spin_unlock() {
   11.910609 |   2)   0.132 us    |                            preempt_count_sub();
   11.910609 |   2)   0.407 us    |                          }
   11.910609 |   2)   0.144 us    |                          preempt_count_sub();
   11.910609 |   2)   0.158 us    |                          clear_highpages_kasan_tagged();
   11.910610 |   2)   2.489 us    |                        }
   11.910610 |   2)   2.797 us    |                      }
   11.910610 |   2)   3.348 us    |                    }
   11.910610 |   2)   3.915 us    |                  }
   11.910611 |   2)               |                  pte_offset_map_lock() {
   11.910611 |   2)   0.209 us    |                    __pte_offset_map();
   11.910611 |   2)               |                    _raw_spin_lock() {
   11.910611 |   2)   0.139 us    |                      preempt_count_add();
   11.910611 |   2)   0.409 us    |                    }
   11.910612 |   2)   1.052 us    |                  }
   11.910612 |   2)               |                  map_anon_folio_pte_nopf() {
   11.910612 |   2)   0.123 us    |                    pte_mkwrite();
   11.910612 |   2)               |                    folio_add_new_anon_rmap() {
   11.910612 |   2)   0.132 us    |                      mod_node_page_state();
   11.910613 |   2)   0.416 us    |                    }
   11.910613 |   2)               |                    folio_add_lru_vma() {
   11.910613 |   2)               |                      __folio_batch_add_and_move() {
   11.910613 |   2)   0.133 us    |                        preempt_count_add();
   11.910613 |   2)   0.132 us    |                        preempt_count_sub();
   11.910614 |   2)   0.711 us    |                      }
   11.910614 |   2)   0.987 us    |                    }
   11.910614 |   2)   2.167 us    |                  }
   11.910614 |   2)               |                  _raw_spin_unlock() {
   11.910614 |   2)   0.139 us    |                    preempt_count_sub();
   11.910615 |   2)   0.407 us    |                  }
   11.910615 |   2)   9.527 us    |                }
   11.910615 |   2)   9.801 us    |              }
   11.910615 |   2)   0.128 us    |              raw_irqentry_exit_cond_resched();
   11.910616 |   2) + 14.441 us   |            }
   11.910616 |   2) + 14.694 us   |          }
   11.910616 |   2) + 14.972 us   |        }
   11.910616 |   2) + 16.204 us   |      }
   11.910616 |   2) + 16.846 us   |    }
   11.910617 |   2) + 17.264 us   |  }
   11.911133 |   2)               |  __x64_sys_read() {
   11.911133 |   2)               |    ksys_read() {
   11.911134 |   2)   0.156 us    |      fdget_pos();
   11.911134 |   2)               |      vfs_read() {
   11.911134 |   2)   0.293 us    |        rw_verify_area();
   11.911135 |   2)               |        erofs_file_read_iter() {
   11.911135 |   2)               |          filemap_read() {
   11.911135 |   2)               |            filemap_get_pages() {
   11.911135 |   2)   0.369 us    |              filemap_get_read_batch();
   11.911136 |   2)               |              page_cache_sync_ra() {
   11.911136 |   2)   0.125 us    |                inode_to_bdi();
   11.911136 |   2)               |                page_cache_ra_order() {
   11.911137 |   2)               |                  do_page_cache_ra() {
   11.911137 |   2)               |                    page_cache_ra_unbounded() {
   11.911137 |   2)               |                      filemap_alloc_folio_noprof() {
   11.911137 |   2)               |                        folio_alloc_noprof() {
   11.911138 |   2)               |                          alloc_pages_mpol() {
   11.911138 |   2)   0.127 us    |                            policy_nodemask();
   11.911138 |   2)               |                            __alloc_frozen_pages_noprof() {
   11.911138 |   2)               |                              get_page_from_freelist() {
   11.911138 |   2)   0.140 us    |                                preempt_count_add();
   11.911139 |   2)               |                                _raw_spin_trylock() {
   11.911139 |   2)   0.138 us    |                                  preempt_count_add();
   11.911139 |   2)   0.466 us    |                                }
   11.911139 |   2)               |                                _raw_spin_unlock() {
   11.911139 |   2)   0.136 us    |                                  preempt_count_sub();
   11.911140 |   2)   0.404 us    |                                }
   11.911140 |   2)   0.129 us    |                                preempt_count_sub();
   11.911140 |   2)   1.948 us    |                              }
   11.911140 |   2)   2.283 us    |                            }
   11.911140 |   2)   2.840 us    |                          }
   11.911141 |   2)   3.119 us    |                        }
   11.911141 |   2)   3.456 us    |                      }
   11.911141 |   2)               |                      filemap_add_folio() {
   11.911141 |   2)               |                        __filemap_add_folio() {
   11.911141 |   2)   0.125 us    |                          shmem_mapping();
   11.911141 |   2)               |                          _raw_spin_lock_irq() {
   11.911142 |   2)   0.144 us    |                            preempt_count_add();
   11.911142 |   2)   0.435 us    |                          }
   11.911142 |   2)   0.134 us    |                          mod_node_page_state();
   11.911142 |   2)               |                          _raw_spin_unlock_irq() {
   11.911143 |   2)   0.125 us    |                            preempt_count_sub();
   11.911143 |   2)   0.410 us    |                          }
   11.911143 |   2)   2.049 us    |                        }
   11.911143 |   2)               |                        folio_add_lru() {
   11.911143 |   2)               |                          __folio_batch_add_and_move() {
   11.911143 |   2)   0.127 us    |                            preempt_count_add();
   11.911144 |   2)   0.125 us    |                            preempt_count_sub();
   11.911144 |   2)   0.730 us    |                          }
   11.911144 |   2)   0.983 us    |                        }
   11.911144 |   2)   3.488 us    |                      }
   11.911145 |   2)               |                      filemap_alloc_folio_noprof() {
   11.911145 |   2)               |                        folio_alloc_noprof() {
   11.911145 |   2)               |                          alloc_pages_mpol() {
   11.911145 |   2)   0.126 us    |                            policy_nodemask();
   11.911145 |   2)               |                            __alloc_frozen_pages_noprof() {
   11.911146 |   2)               |                              get_page_from_freelist() {
   11.911146 |   2)   0.123 us    |                                preempt_count_add();
   11.911146 |   2)               |                                _raw_spin_trylock() {
   11.911146 |   2)   0.131 us    |                                  preempt_count_add();
   11.911146 |   2)   0.396 us    |                                }
   11.911146 |   2)               |                                _raw_spin_unlock() {
   11.911147 |   2)   0.124 us    |                                  preempt_count_sub();
   11.911147 |   2)   0.391 us    |                                }
   11.911147 |   2)   0.131 us    |                                preempt_count_sub();
   11.911147 |   2)   1.745 us    |                              }
   11.911147 |   2)   2.035 us    |                            }
   11.911148 |   2)   2.563 us    |                          }
   11.911148 |   2)   2.815 us    |                        }
   11.911148 |   2)   3.074 us    |                      }
   11.911148 |   2)               |                      filemap_add_folio() {
   11.911148 |   2)               |                        __filemap_add_folio() {
   11.911148 |   2)   0.124 us    |                          shmem_mapping();
   11.911149 |   2)               |                          _raw_spin_lock_irq() {
   11.911149 |   2)   0.130 us    |                            preempt_count_add();
   11.911149 |   2)   0.404 us    |                          }
   11.911149 |   2)               |                          kmem_cache_alloc_lru_noprof() {
   11.911149 |   2)   0.133 us    |                            preempt_count_add();
   11.911150 |   2)   0.132 us    |                            preempt_count_sub();
   11.911150 |   2)   0.724 us    |                          }
   11.911150 |   2)   0.127 us    |                          workingset_update_node();
   11.911150 |   2)   0.125 us    |                          workingset_update_node();
   11.911151 |   2)   0.127 us    |                          mod_node_page_state();
   11.911151 |   2)               |                          _raw_spin_unlock_irq() {
   11.911151 |   2)   0.139 us    |                            preempt_count_sub();
   11.911151 |   2)   0.500 us    |                          }
   11.911152 |   2)   3.506 us    |                        }
   11.911152 |   2)               |                        folio_add_lru() {
   11.911152 |   2)               |                          __folio_batch_add_and_move() {
   11.911152 |   2)   0.128 us    |                            preempt_count_add();
   11.911152 |   2)   0.126 us    |                            preempt_count_sub();
   11.911153 |   2)   0.692 us    |                          }
   11.911153 |   2)   0.944 us    |                        }
   11.911153 |   2)   4.852 us    |                      }
   11.911153 |   2)               |                      filemap_alloc_folio_noprof() {
   11.911153 |   2)               |                        folio_alloc_noprof() {
   11.911154 |   2)               |                          alloc_pages_mpol() {
   11.911154 |   2)   0.128 us    |                            policy_nodemask();
   11.911154 |   2)               |                            __alloc_frozen_pages_noprof() {
   11.911154 |   2)               |                              get_page_from_freelist() {
   11.911154 |   2)   0.126 us    |                                preempt_count_add();
   11.911155 |   2)               |                                _raw_spin_trylock() {
   11.911155 |   2)   0.124 us    |                                  preempt_count_add();
   11.911155 |   2)   0.388 us    |                                }
   11.911155 |   2)               |                                _raw_spin_unlock() {
   11.911155 |   2)   0.124 us    |                                  preempt_count_sub();
   11.911155 |   2)   0.387 us    |                                }
   11.911156 |   2)   0.128 us    |                                preempt_count_sub();
   11.911156 |   2)   1.752 us    |                              }
   11.911156 |   2)   2.047 us    |                            }
   11.911156 |   2)   2.574 us    |                          }
   11.911156 |   2)   2.831 us    |                        }
   11.911156 |   2)   3.077 us    |                      }
   11.911157 |   2)               |                      filemap_add_folio() {
   11.911157 |   2)               |                        __filemap_add_folio() {
   11.911157 |   2)   0.124 us    |                          shmem_mapping();
   11.911157 |   2)               |                          _raw_spin_lock_irq() {
   11.911157 |   2)   0.126 us    |                            preempt_count_add();
   11.911158 |   2)   0.400 us    |                          }
   11.911158 |   2)   0.125 us    |                          workingset_update_node();
   11.911158 |   2)   0.126 us    |                          mod_node_page_state();
   11.911158 |   2)               |                          _raw_spin_unlock_irq() {
   11.911158 |   2)   0.128 us    |                            preempt_count_sub();
   11.911159 |   2)   0.413 us    |                          }
   11.911159 |   2)   2.139 us    |                        }
   11.911159 |   2)               |                        folio_add_lru() {
   11.911159 |   2)               |                          __folio_batch_add_and_move() {
   11.911159 |   2)   0.126 us    |                            preempt_count_add();
   11.911160 |   2)   0.126 us    |                            preempt_count_sub();
   11.911160 |   2)   0.699 us    |                          }
   11.911160 |   2)   0.952 us    |                        }
   11.911160 |   2)   3.490 us    |                      }
   11.911160 |   2)               |                      filemap_alloc_folio_noprof() {
   11.911161 |   2)               |                        folio_alloc_noprof() {
   11.911161 |   2)               |                          alloc_pages_mpol() {
   11.911161 |   2)   0.124 us    |                            policy_nodemask();
   11.911161 |   2)               |                            __alloc_frozen_pages_noprof() {
   11.911161 |   2)               |                              get_page_from_freelist() {
   11.911161 |   2)   0.128 us    |                                preempt_count_add();
   11.911162 |   2)               |                                _raw_spin_trylock() {
   11.911162 |   2)   0.124 us    |                                  preempt_count_add();
   11.911162 |   2)   0.388 us    |                                }
   11.911162 |   2)               |                                _raw_spin_unlock() {
   11.911162 |   2)   0.124 us    |                                  preempt_count_sub();
   11.911163 |   2)   0.387 us    |                                }
   11.911163 |   2)   0.128 us    |                                preempt_count_sub();
   11.911163 |   2)   1.755 us    |                              }
   11.911163 |   2)   2.049 us    |                            }
   11.911163 |   2)   2.579 us    |                          }
   11.911163 |   2)   2.834 us    |                        }
   11.911164 |   2)   3.084 us    |                      }
   11.911164 |   2)               |                      filemap_add_folio() {
   11.911164 |   2)               |                        __filemap_add_folio() {
   11.911164 |   2)   0.123 us    |                          shmem_mapping();
   11.911164 |   2)               |                          _raw_spin_lock_irq() {
   11.911164 |   2)   0.126 us    |                            preempt_count_add();
   11.911165 |   2)   0.397 us    |                          }
   11.911165 |   2)   0.127 us    |                          workingset_update_node();
   11.911165 |   2)   0.126 us    |                          mod_node_page_state();
   11.911165 |   2)               |                          _raw_spin_unlock_irq() {
   11.911165 |   2)   0.130 us    |                            preempt_count_sub();
   11.911166 |   2)   0.400 us    |                          }
   11.911166 |   2)   2.169 us    |                        }
   11.911166 |   2)               |                        folio_add_lru() {
   11.911166 |   2)               |                          __folio_batch_add_and_move() {
   11.911166 |   2)   0.129 us    |                            preempt_count_add();
   11.911167 |   2)   0.127 us    |                            preempt_count_sub();
   11.911167 |   2)   0.688 us    |                          }
   11.911167 |   2)   0.941 us    |                        }
   11.911167 |   2)   3.510 us    |                      }
   11.911167 |   2)               |                      read_pages() {
   11.911168 |   2)   0.124 us    |                        blk_start_plug();
   11.911168 |   2)               |                        z_erofs_readahead() {
   11.911168 |   2)   0.136 us    |                          erofs_real_inode();
   11.911168 |   2)               |                          z_erofs_pcluster_readmore() {
   11.911168 |   2)               |                            z_erofs_map_blocks_iter() {
   11.911169 |   2)               |                              erofs_read_metabuf() {
   11.911169 |   2)               |                                erofs_bread() {
   11.911169 |   2)               |                                  read_cache_folio() {
   11.911169 |   2)               |                                    do_read_cache_folio() {
   11.911169 |   2)               |                                      __filemap_get_folio_mpol() {
   11.911170 |   2)   0.406 us    |                                        filemap_get_entry();
   11.911170 |   2)   0.694 us    |                                      }
   11.911170 |   2)               |                                      folio_mark_accessed() {
   11.911170 |   2)   0.126 us    |                                        preempt_count_add();
   11.911171 |   2)   0.126 us    |                                        preempt_count_sub();
   11.911171 |   2)   0.356 us    |                                        workingset_activation();
   11.911172 |   2)   1.270 us    |                                      }
   11.911172 |   2)   2.435 us    |                                    }
   11.911172 |   2)   2.690 us    |                                  }
   11.911172 |   2)   2.979 us    |                                }
   11.911172 |   2)   3.402 us    |                              }
   11.911172 |   2)   0.168 us    |                              wake_up_bit();
   11.911173 |   2)               |                              z_erofs_map_blocks_fo() {
   11.911173 |   2)               |                                z_erofs_load_lcluster_from_disk() {
   11.911173 |   2)               |                                  erofs_read_metabuf() {
   11.911173 |   2)   0.181 us    |                                    erofs_bread();
   11.911174 |   2)   0.433 us    |                                  }
   11.911174 |   2)   0.851 us    |                                }
   11.911174 |   2)               |                                z_erofs_load_lcluster_from_disk() {
   11.911174 |   2)               |                                  erofs_read_metabuf() {
   11.911174 |   2)   0.128 us    |                                    erofs_bread();
   11.911175 |   2)   0.379 us    |                                  }
   11.911175 |   2)   0.687 us    |                                }
   11.911175 |   2)   0.122 us    |                                erofs_unmap_metabuf();
   11.911175 |   2)   2.489 us    |                              }
   11.911175 |   2)   6.879 us    |                            }
   11.911176 |   2)   0.151 us    |                            readahead_expand();
   11.911176 |   2)   7.530 us    |                          }
   11.911177 |   2)               |                          z_erofs_scan_folio() {
   11.911177 |   2)   0.126 us    |                            erofs_onlinefolio_init();
   11.911178 |   2)               |                            kmem_cache_alloc_noprof() {
   11.911178 |   2)   0.126 us    |                              preempt_count_add();
   11.911179 |   2)   0.127 us    |                              preempt_count_sub();
   11.911179 |   2)   0.850 us    |                            }
   11.911179 |   2)   0.124 us    |                            mutex_init_generic();
   11.911179 |   2)   0.166 us    |                            mutex_trylock();
   11.911180 |   2)               |                            _raw_spin_lock() {
   11.911180 |   2)   0.125 us    |                              preempt_count_add();
   11.911180 |   2)   0.390 us    |                            }
   11.911180 |   2)               |                            kmem_cache_alloc_lru_noprof() {
   11.911180 |   2)   0.134 us    |                              preempt_count_add();
   11.911181 |   2)   0.135 us    |                              preempt_count_sub();
   11.911181 |   2)   0.679 us    |                            }
   11.911181 |   2)               |                            kmem_cache_alloc_lru_noprof() {
   11.911181 |   2)   0.124 us    |                              preempt_count_add();
   11.911181 |   2)   0.126 us    |                              preempt_count_sub();
   11.911182 |   2)   0.675 us    |                            }
   11.911182 |   2)               |                            kmem_cache_alloc_lru_noprof() {
   11.911182 |   2)   0.125 us    |                              preempt_count_add();
   11.911182 |   2)   0.125 us    |                              preempt_count_sub();
   11.911183 |   2)   0.658 us    |                            }
   11.911183 |   2)               |                            _raw_spin_unlock() {
   11.911183 |   2)   0.142 us    |                              preempt_count_sub();
   11.911183 |   2)   0.407 us    |                            }
   11.911183 |   2)               |                            __filemap_get_folio_mpol() {
   11.911184 |   2)   0.359 us    |                              filemap_get_entry();
   11.911184 |   2)   0.716 us    |                            }
   11.911184 |   2)               |                            filemap_alloc_folio_noprof() {
   11.911185 |   2)               |                              folio_alloc_noprof() {
   11.911185 |   2)               |                                alloc_pages_mpol() {
   11.911185 |   2)   0.133 us    |                                  policy_nodemask();
   11.911185 |   2)               |                                  __alloc_frozen_pages_noprof() {
   11.911185 |   2)               |                                    get_page_from_freelist() {
   11.911185 |   2)   0.126 us    |                                      preempt_count_add();
   11.911186 |   2)               |                                      _raw_spin_trylock() {
   11.911186 |   2)   0.124 us    |                                        preempt_count_add();
   11.911186 |   2)   0.461 us    |                                      }
   11.911186 |   2)               |                                      _raw_spin_unlock() {
   11.911186 |   2)   0.125 us    |                                        preempt_count_sub();
   11.911187 |   2)   0.395 us    |                                      }
   11.911187 |   2)   0.126 us    |                                      preempt_count_sub();
   11.911187 |   2)   1.841 us    |                                    }
   11.911187 |   2)   2.163 us    |                                  }
   11.911187 |   2)   2.700 us    |                                }
   11.911187 |   2)   2.983 us    |                              }
   11.911188 |   2)   3.242 us    |                            }
   11.911188 |   2)               |                            _raw_spin_lock() {
   11.911188 |   2)   0.143 us    |                              preempt_count_add();
   11.911188 |   2)   0.464 us    |                            }
   11.911188 |   2)               |                            _raw_spin_unlock() {
   11.911189 |   2)   0.139 us    |                              preempt_count_sub();
   11.911189 |   2)   0.402 us    |                            }
   11.911189 |   2)               |                            _raw_spin_lock() {
   11.911189 |   2)   0.126 us    |                              preempt_count_add();
   11.911189 |   2)   0.390 us    |                            }
   11.911190 |   2)               |                            _raw_spin_unlock() {
   11.911190 |   2)   0.138 us    |                              preempt_count_sub();
   11.911190 |   2)   0.400 us    |                            }
   11.911190 |   2)   0.130 us    |                            erofs_onlinefolio_split();
   11.911191 |   2)   0.161 us    |                            erofs_onlinefolio_end();
   11.911191 |   2) + 13.951 us   |                          }
   11.911191 |   2)               |                          z_erofs_scan_folio() {
   11.911191 |   2)   0.126 us    |                            erofs_onlinefolio_init();
   11.911191 |   2)               |                            _raw_spin_lock() {
   11.911192 |   2)   0.125 us    |                              preempt_count_add();
   11.911192 |   2)   0.388 us    |                            }
   11.911192 |   2)               |                            _raw_spin_unlock() {
   11.911192 |   2)   0.139 us    |                              preempt_count_sub();
   11.911192 |   2)   0.404 us    |                            }
   11.911193 |   2)   0.132 us    |                            erofs_onlinefolio_split();
   11.911193 |   2)   0.131 us    |                            erofs_onlinefolio_end();
   11.911193 |   2)   2.139 us    |                          }
   11.911193 |   2)               |                          z_erofs_scan_folio() {
   11.911193 |   2)   0.125 us    |                            erofs_onlinefolio_init();
   11.911194 |   2)               |                            _raw_spin_lock() {
   11.911194 |   2)   0.126 us    |                              preempt_count_add();
   11.911194 |   2)   0.392 us    |                            }
   11.911194 |   2)               |                            _raw_spin_unlock() {
   11.911194 |   2)   0.139 us    |                              preempt_count_sub();
   11.911195 |   2)   0.402 us    |                            }
   11.911195 |   2)   0.125 us    |                            z_erofs_bvset_flip();
   11.911195 |   2)   0.157 us    |                            erofs_onlinefolio_split();
   11.911195 |   2)   0.130 us    |                            erofs_onlinefolio_end();
   11.911196 |   2)   2.393 us    |                          }
   11.911196 |   2)               |                          z_erofs_scan_folio() {
   11.911196 |   2)   0.126 us    |                            erofs_onlinefolio_init();
   11.911196 |   2)               |                            _raw_spin_lock() {
   11.911196 |   2)   0.126 us    |                              preempt_count_add();
   11.911197 |   2)   0.391 us    |                            }
   11.911197 |   2)               |                            _raw_spin_unlock() {
   11.911197 |   2)   0.140 us    |                              preempt_count_sub();
   11.911197 |   2)   0.405 us    |                            }
   11.911197 |   2)   0.130 us    |                            erofs_onlinefolio_split();
   11.911198 |   2)   0.133 us    |                            erofs_onlinefolio_end();
   11.911198 |   2)   2.077 us    |                          }
   11.911198 |   2)   0.160 us    |                          z_erofs_pcluster_readmore();
   11.911198 |   2)   0.243 us    |                          z_erofs_pcluster_end();
   11.911199 |   2)               |                          z_erofs_runqueue() {
   11.911199 |   2)   0.126 us    |                            __init_swait_queue_head();
   11.911199 |   2)               |                            __kvmalloc_node_noprof() {
   11.911200 |   2)   0.125 us    |                              preempt_count_add();
   11.911200 |   2)   0.128 us    |                              preempt_count_sub();
   11.911200 |   2)   0.792 us    |                            }
   11.911200 |   2)   0.148 us    |                            erofs_map_dev();
   11.911201 |   2)               |                            _raw_spin_lock() {
   11.911201 |   2)   0.127 us    |                              preempt_count_add();
   11.911201 |   2)   0.474 us    |                            }
   11.911201 |   2)               |                            _raw_spin_unlock() {
   11.911201 |   2)   0.143 us    |                              preempt_count_sub();
   11.911202 |   2)   0.409 us    |                            }
   11.911202 |   2)               |                            filemap_add_folio() {
   11.911202 |   2)               |                              __filemap_add_folio() {
   11.911202 |   2)   0.127 us    |                                shmem_mapping();
   11.911203 |   2)               |                                _raw_spin_lock_irq() {
   11.911203 |   2)   0.126 us    |                                  preempt_count_add();
   11.911203 |   2)   0.469 us    |                                }
   11.911203 |   2)               |                                kmem_cache_alloc_lru_noprof() {
   11.911203 |   2)   0.124 us    |                                  preempt_count_add();
   11.911204 |   2)   0.132 us    |                                  preempt_count_sub();
   11.911204 |   2)   0.671 us    |                                }
   11.911204 |   2)   0.126 us    |                                workingset_update_node();
   11.911204 |   2)   0.132 us    |                                mod_node_page_state();
   11.911205 |   2)               |                                _raw_spin_unlock_irq() {
   11.911205 |   2)   0.128 us    |                                  preempt_count_sub();
   11.911205 |   2)   0.404 us    |                                }
   11.911205 |   2)   3.169 us    |                              }
   11.911205 |   2)               |                              folio_add_lru() {
   11.911206 |   2)               |                                __folio_batch_add_and_move() {
   11.911206 |   2)   0.126 us    |                                  preempt_count_add();
   11.911206 |   2)   0.127 us    |                                  preempt_count_sub();
   11.911206 |   2)   0.667 us    |                                }
   11.911206 |   2)   0.918 us    |                              }
   11.911206 |   2)   4.479 us    |                            }
   11.911207 |   2)               |                            bio_alloc_bioset() {
   11.911207 |   2)               |                              kmem_cache_alloc_noprof() {
   11.911207 |   2)   0.127 us    |                                preempt_count_add();
   11.911207 |   2)   0.127 us    |                                preempt_count_sub();
   11.911208 |   2)   0.710 us    |                              }
   11.911208 |   2)               |                              kmem_cache_alloc_noprof() {
   11.911208 |   2)   0.126 us    |                                preempt_count_add();
   11.911208 |   2)   0.126 us    |                                preempt_count_sub();
   11.911208 |   2)   0.667 us    |                              }
   11.911209 |   2)               |                              bio_associate_blkg() {
   11.911209 |   2)   0.136 us    |                                kthread_blkcg();
   11.911209 |   2)   0.339 us    |                                bio_associate_blkg_from_css();
   11.911210 |   2)   1.147 us    |                              }
   11.911210 |   2)   3.211 us    |                            }
   11.911210 |   2)               |                            bio_add_page() {
   11.911210 |   2)   0.146 us    |                              __bio_add_page();
   11.911211 |   2)   0.442 us    |                            }
   11.911211 |   2)               |                            submit_bio() {
   11.911211 |   2)   0.130 us    |                              blkcg_set_ioprio();
   11.911211 |   2)               |                              submit_bio_noacct() {
   11.911211 |   2)               |                                submit_bio_noacct_nocheck() {
   11.911212 |   2)   0.157 us    |                                  blk_cgroup_bio_start();
   11.911212 |   2)               |                                  __submit_bio() {
   11.911212 |   2)               |                                    blk_mq_submit_bio() {
   11.911212 |   2)   0.126 us    |                                      blk_attempt_plug_merge();
   11.911213 |   2)   0.161 us    |                                      blk_mq_sched_bio_merge();
   11.911213 |   2)               |                                      __blk_mq_alloc_requests() {
   11.911213 |   2)               |                                        blk_mq_get_tag() {
   11.911213 |   2)   0.282 us    |                                          __blk_mq_get_tag();
   11.911214 |   2)   0.584 us    |                                        }
   11.911214 |   2)   0.137 us    |                                        blk_mq_rq_ctx_init.isra.0();
   11.911214 |   2)   1.302 us    |                                      }
   11.911215 |   2)   0.128 us    |                                      preempt_count_add();
   11.911215 |   2)   0.124 us    |                                      update_io_ticks();
   11.911215 |   2)   0.127 us    |                                      preempt_count_sub();
   11.911216 |   2)   0.155 us    |                                      blk_add_rq_to_plug();
   11.911216 |   2)   3.995 us    |                                    }
   11.911216 |   2)   4.265 us    |                                  }
   11.911216 |   2)   4.893 us    |                                }
   11.911216 |   2)   5.208 us    |                              }
   11.911217 |   2)   5.827 us    |                            }
   11.911217 |   2)   0.131 us    |                            z_erofs_decompress_kickoff();
   11.911217 |   2)   0.195 us    |                            z_erofs_decompress_queue();
   11.911217 |   2) + 18.591 us   |                          }
   11.911218 |   2)   0.145 us    |                          erofs_put_metabuf();
   11.911218 |   2)   0.159 us    |                          erofs_release_pages();
   11.911218 |   2) + 50.304 us   |                        }
   11.911218 |   2)               |                        blk_finish_plug() {
   11.911218 |   2)               |                          __blk_flush_plug() {
   11.911219 |   2)               |                            blk_mq_flush_plug_list() {
   11.911219 |   2)               |                              blk_mq_dispatch_queue_requests() {
   11.911219 |   2)               |                                blk_mq_issue_direct() {
   11.911219 |   2)               |                                  blk_mq_request_issue_directly() {
   11.911219 |   2)   0.127 us    |                                    blk_mq_get_budget_and_tag();
   11.911220 |   2)               |                                    __blk_mq_issue_directly() {
   11.911220 |   2)               |                                      loop_queue_rq() {
   11.911220 |   2)               |                                        blk_mq_start_request() {
   11.911220 |   2)   0.128 us    |                                          blk_add_timer();
   11.911220 |   2)   0.414 us    |                                        }
   11.911221 |   2)   0.122 us    |                                        bio_blkcg_css();
   11.911221 |   2)               |                                        _raw_spin_lock_irq() {
   11.911221 |   2)   0.125 us    |                                          preempt_count_add();
   11.911221 |   2)   0.402 us    |                                        }
   11.911222 |   2)               |                                        queue_work_on() {
   11.911222 |   2)   0.141 us    |                                          clear_pending_if_disabled();
   11.911222 |   2)               |                                          __queue_work() {
   11.911222 |   2)               |                                            _raw_spin_lock() {
   11.911222 |   2)   0.134 us    |                                              preempt_count_add();
   11.911223 |   2)   0.400 us    |                                            }
   11.911223 |   2)   0.271 us    |                                            pwq_tryinc_nr_active();
   11.911223 |   2)   0.373 us    |                                            kick_pool_pick();
   11.911224 |   2)               |                                            _raw_spin_unlock() {
   11.911224 |   2)   0.125 us    |                                              preempt_count_sub();
   11.911224 |   2)   0.387 us    |                                            }
   11.911224 |   2)               |                                            wake_up_process() {
   11.911225 |   2)               |                                              try_to_wake_up() {
   11.911225 |   2)               |                                                _raw_spin_lock_irqsave() {
   11.911225 |   2)   0.133 us    |                                                  preempt_count_add();
   11.911225 |   2)   0.420 us    |                                                }
   11.911226 |   2)               |                                                select_task_rq_fair() {
   11.911226 |   2)   0.250 us    |                                                  choose_idle_cpu();
   11.911226 |   2)   0.602 us    |                                                }
   11.911226 |   2)   0.212 us    |                                                kthread_is_per_cpu();
   11.911227 |   2)               |                                                ttwu_queue_wakelist() {
   11.911227 |   2)               |                                                  __smp_call_single_queue() {
   11.911227 |   2)   0.267 us    |                                                    call_function_single_prep_ipi();
   11.911228 |   2)               |                                                    native_send_call_func_single_ipi() {
   11.911228 |   2)   0.449 us    |                                                      x2apic_send_IPI();
   11.911228 |   2)   0.711 us    |                                                    }
   11.911229 |   2)   1.521 us    |                                                  }
   11.911229 |   2)   1.962 us    |                                                }
   11.911229 |   2)               |                                                _raw_spin_unlock_irqrestore() {
   11.911229 |   2)   0.137 us    |                                                  preempt_count_sub();
   11.911229 |   2)   0.433 us    |                                                }
   11.911229 |   2)   4.811 us    |                                              }
   11.911230 |   2)   5.084 us    |                                            }
   11.911230 |   2)   7.850 us    |                                          }
   11.911230 |   2)   8.463 us    |                                        }
   11.911230 |   2)               |                                        _raw_spin_unlock_irq() {
   11.911230 |   2)   0.130 us    |                                          preempt_count_sub();
   11.911231 |   2)   0.401 us    |                                        }
   11.911231 |   2) + 10.803 us   |                                      }
   11.911231 |   2) + 11.108 us   |                                    }
   11.911231 |   2) + 11.689 us   |                                  }
   11.911231 |   2) + 12.066 us   |                                }
   11.911231 |   2) + 12.595 us   |                              }
   11.911231 |   2) + 12.866 us   |                            }
   11.911232 |   2) + 13.165 us   |                          }
   11.911232 |   2) + 13.459 us   |                        }
   11.911232 |   2) + 64.553 us   |                      }
   11.911232 |   2) + 95.162 us   |                    }
   11.911232 |   2) + 95.849 us   |                  }
   11.911233 |   2) + 96.147 us   |                }
   11.911233 |   2) + 96.776 us   |              }
   11.911233 |   2)   0.383 us    |              filemap_get_read_batch();
   11.911234 |   2)               |              _raw_spin_lock_irq() {
   11.911234 |   2)   0.125 us    |                preempt_count_add();
   11.911234 |   2)   0.417 us    |              }
   11.911234 |   2)               |              _raw_spin_unlock_irq() {
   11.911235 |   2)   0.126 us    |                preempt_count_sub();
   11.911235 |   2)   0.401 us    |              }
   11.911297 |   2)   0.447 us    |              filemap_get_read_batch();
   11.911297 |   2) ! 162.080 us  |            }
   11.911297 |   2)   0.155 us    |            folio_mark_accessed();
   11.911298 |   2) ! 163.682 us  |          }
   11.911299 |   2) ! 163.984 us  |        }
   11.911299 |   2) ! 164.851 us  |      }
   11.911299 |   2) ! 165.520 us  |    }
   11.911299 |   2) ! 165.946 us  |  }
   11.911302 |   2)               |  __x64_sys_read() {
   11.911302 |   2)               |    ksys_read() {
   11.911302 |   2)   0.182 us    |      fdget_pos();
   11.911303 |   2)               |      vfs_read() {
   11.911303 |   2)   0.274 us    |        rw_verify_area();
   11.911303 |   2)               |        erofs_file_read_iter() {
   11.911303 |   2)               |          filemap_read() {
   11.911304 |   2)               |            filemap_get_pages() {
   11.911304 |   2)   0.451 us    |              filemap_get_read_batch();
   11.911304 |   2)               |              filemap_readahead.isra.0() {
   11.911305 |   2)               |                page_cache_async_ra() {
   11.911305 |   2)   0.129 us    |                  inode_to_bdi();
   11.911305 |   2)               |                  page_cache_ra_order() {
   11.911305 |   2)               |                    do_page_cache_ra() {
   11.911306 |   2)               |                      page_cache_ra_unbounded() {
   11.911306 |   2)               |                        filemap_alloc_folio_noprof() {
   11.911306 |   2)               |                          folio_alloc_noprof() {
   11.911306 |   2)               |                            alloc_pages_mpol() {
   11.911306 |   2)   0.123 us    |                              policy_nodemask();
   11.911307 |   2)               |                              __alloc_frozen_pages_noprof() {
   11.911307 |   2)               |                                get_page_from_freelist() {
   11.911307 |   2)   0.124 us    |                                  preempt_count_add();
   11.911307 |   2)               |                                  _raw_spin_trylock() {
   11.911307 |   2)   0.134 us    |                                    preempt_count_add();
   11.911308 |   2)   0.402 us    |                                  }
   11.911308 |   2)               |                                  _raw_spin_unlock() {
   11.911308 |   2)   0.123 us    |                                    preempt_count_sub();
   11.911308 |   2)   0.389 us    |                                  }
   11.911308 |   2)   0.126 us    |                                  preempt_count_sub();
   11.911309 |   2)   1.854 us    |                                }
   11.911309 |   2)   2.177 us    |                              }
   11.911309 |   2)   2.729 us    |                            }
   11.911309 |   2)   2.996 us    |                          }
   11.911309 |   2)   3.247 us    |                        }
   11.911309 |   2)               |                        filemap_add_folio() {
   11.911309 |   2)               |                          __filemap_add_folio() {
   11.911310 |   2)   0.122 us    |                            shmem_mapping();
   11.911310 |   2)               |                            _raw_spin_lock_irq() {
   11.911310 |   2)   0.125 us    |                              preempt_count_add();
   11.911310 |   2)   0.396 us    |                            }
   11.911310 |   2)   0.124 us    |                            workingset_update_node();
   11.911311 |   2)   0.129 us    |                            mod_node_page_state();
   11.911311 |   2)               |                            _raw_spin_unlock_irq() {
   11.911311 |   2)   0.127 us    |                              preempt_count_sub();
   11.911311 |   2)   0.402 us    |                            }
   11.911311 |   2)   2.077 us    |                          }
   11.911312 |   2)               |                          folio_add_lru() {
   11.911312 |   2)               |                            __folio_batch_add_and_move() {
   11.911312 |   2)   0.124 us    |                              preempt_count_add();
   11.911312 |   2)   0.125 us    |                              preempt_count_sub();
   11.911312 |   2)   0.663 us    |                            }
   11.911313 |   2)   0.913 us    |                          }
   11.911313 |   2)   3.401 us    |                        }
   11.911313 |   2)               |                        filemap_alloc_folio_noprof() {
   11.911313 |   2)               |                          folio_alloc_noprof() {
   11.911313 |   2)               |                            alloc_pages_mpol() {
   11.911313 |   2)   0.127 us    |                              policy_nodemask();
   11.911314 |   2)               |                              __alloc_frozen_pages_noprof() {
   11.911314 |   2)               |                                get_page_from_freelist() {
   11.911314 |   2)   0.124 us    |                                  preempt_count_add();
   11.911314 |   2)               |                                  _raw_spin_trylock() {
   11.911314 |   2)   0.134 us    |                                    preempt_count_add();
   11.911315 |   2)   0.398 us    |                                  }
   11.911315 |   2)               |                                  _raw_spin_unlock() {
   11.911315 |   2)   0.123 us    |                                    preempt_count_sub();
   11.911315 |   2)   0.459 us    |                                  }
   11.911315 |   2)   0.126 us    |                                  preempt_count_sub();
   11.911316 |   2)   1.806 us    |                                }
   11.911316 |   2)   2.088 us    |                              }
   11.911316 |   2)   2.614 us    |                            }
   11.911316 |   2)   2.865 us    |                          }
   11.911316 |   2)   3.113 us    |                        }
   11.911316 |   2)               |                        filemap_add_folio() {
   11.911316 |   2)               |                          __filemap_add_folio() {
   11.911317 |   2)   0.135 us    |                            shmem_mapping();
   11.911317 |   2)               |                            _raw_spin_lock_irq() {
   11.911317 |   2)   0.129 us    |                              preempt_count_add();
   11.911317 |   2)   0.401 us    |                            }
   11.911317 |   2)   0.123 us    |                            workingset_update_node();
   11.911318 |   2)   0.124 us    |                            mod_node_page_state();
   11.911318 |   2)               |                            _raw_spin_unlock_irq() {
   11.911318 |   2)   0.127 us    |                              preempt_count_sub();
   11.911318 |   2)   0.392 us    |                            }
   11.911318 |   2)   2.075 us    |                          }
   11.911319 |   2)               |                          folio_add_lru() {
   11.911319 |   2)               |                            __folio_batch_add_and_move() {
   11.911319 |   2)   0.124 us    |                              preempt_count_add();
   11.911319 |   2)   0.124 us    |                              preempt_count_sub();
   11.911319 |   2)   0.660 us    |                            }
   11.911320 |   2)   0.909 us    |                          }
   11.911320 |   2)   3.397 us    |                        }
   11.911320 |   2)               |                        filemap_alloc_folio_noprof() {
   11.911320 |   2)               |                          folio_alloc_noprof() {
   11.911320 |   2)               |                            alloc_pages_mpol() {
   11.911320 |   2)   0.125 us    |                              policy_nodemask();
   11.911321 |   2)               |                              __alloc_frozen_pages_noprof() {
   11.911321 |   2)               |                                get_page_from_freelist() {
   11.911321 |   2)   0.125 us    |                                  preempt_count_add();
   11.911321 |   2)               |                                  _raw_spin_trylock() {
   11.911321 |   2)   0.123 us    |                                    preempt_count_add();
   11.911322 |   2)   0.386 us    |                                  }
   11.911322 |   2)               |                                  _raw_spin_unlock() {
   11.911322 |   2)   0.124 us    |                                    preempt_count_sub();
   11.911322 |   2)   0.402 us    |                                  }
   11.911322 |   2)   0.124 us    |                                  preempt_count_sub();
   11.911323 |   2)   1.798 us    |                                }
   11.911323 |   2)   2.068 us    |                              }
   11.911323 |   2)   2.590 us    |                            }
   11.911323 |   2)   2.839 us    |                          }
   11.911323 |   2)   3.087 us    |                        }
   11.911323 |   2)               |                        filemap_add_folio() {
   11.911323 |   2)               |                          __filemap_add_folio() {
   11.911323 |   2)   0.124 us    |                            shmem_mapping();
   11.911324 |   2)               |                            _raw_spin_lock_irq() {
   11.911324 |   2)   0.127 us    |                              preempt_count_add();
   11.911324 |   2)   0.400 us    |                            }
   11.911324 |   2)   0.124 us    |                            workingset_update_node();
   11.911325 |   2)   0.126 us    |                            mod_node_page_state();
   11.911325 |   2)               |                            _raw_spin_unlock_irq() {
   11.911325 |   2)   0.125 us    |                              preempt_count_sub();
   11.911325 |   2)   0.398 us    |                            }
   11.911325 |   2)   2.066 us    |                          }
   11.911326 |   2)               |                          folio_add_lru() {
   11.911326 |   2)               |                            __folio_batch_add_and_move() {
   11.911326 |   2)   0.124 us    |                              preempt_count_add();
   11.911326 |   2)   0.127 us    |                              preempt_count_sub();
   11.911326 |   2)   0.663 us    |                            }
   11.911326 |   2)   0.912 us    |                          }
   11.911327 |   2)   3.403 us    |                        }
   11.911327 |   2)               |                        filemap_alloc_folio_noprof() {
   11.911327 |   2)               |                          folio_alloc_noprof() {
   11.911327 |   2)               |                            alloc_pages_mpol() {
   11.911327 |   2)   0.125 us    |                              policy_nodemask();
   11.911328 |   2)               |                              __alloc_frozen_pages_noprof() {
   11.911328 |   2)               |                                get_page_from_freelist() {
   11.911328 |   2)   0.125 us    |                                  preempt_count_add();
   11.911328 |   2)               |                                  _raw_spin_trylock() {
   11.911328 |   2)   0.123 us    |                                    preempt_count_add();
   11.911329 |   2)   0.389 us    |                                  }
   11.911329 |   2)               |                                  _raw_spin_unlock() {
   11.911329 |   2)   0.123 us    |                                    preempt_count_sub();
   11.911329 |   2)   0.386 us    |                                  }
   11.911329 |   2)   0.125 us    |                                  preempt_count_sub();
   11.911330 |   2)   1.825 us    |                                }
   11.911330 |   2)   2.095 us    |                              }
   11.911330 |   2)   2.619 us    |                            }
   11.911330 |   2)   2.870 us    |                          }
   11.911330 |   2)   3.121 us    |                        }
   11.911330 |   2)               |                        filemap_add_folio() {
   11.911330 |   2)               |                          __filemap_add_folio() {
   11.911331 |   2)   0.161 us    |                            shmem_mapping();
   11.911331 |   2)               |                            _raw_spin_lock_irq() {
   11.911331 |   2)   0.126 us    |                              preempt_count_add();
   11.911331 |   2)   0.396 us    |                            }
   11.911331 |   2)   0.123 us    |                            workingset_update_node();
   11.911332 |   2)   0.126 us    |                            mod_node_page_state();
   11.911332 |   2)               |                            _raw_spin_unlock_irq() {
   11.911332 |   2)   0.126 us    |                              preempt_count_sub();
   11.911332 |   2)   0.396 us    |                            }
   11.911332 |   2)   2.098 us    |                          }
   11.911333 |   2)               |                          folio_add_lru() {
   11.911333 |   2)               |                            __folio_batch_add_and_move() {
   11.911333 |   2)   0.124 us    |                              preempt_count_add();
   11.911333 |   2)   0.124 us    |                              preempt_count_sub();
   11.911333 |   2)   0.664 us    |                            }
   11.911334 |   2)   0.916 us    |                          }
   11.911334 |   2)   3.416 us    |                        }
   11.911334 |   2)               |                        filemap_alloc_folio_noprof() {
   11.911334 |   2)               |                          folio_alloc_noprof() {
   11.911334 |   2)               |                            alloc_pages_mpol() {
   11.911334 |   2)   0.125 us    |                              policy_nodemask();
   11.911335 |   2)               |                              __alloc_frozen_pages_noprof() {
   11.911335 |   2)               |                                get_page_from_freelist() {
   11.911335 |   2)   0.123 us    |                                  preempt_count_add();
   11.911335 |   2)               |                                  _raw_spin_trylock() {
   11.911335 |   2)   0.122 us    |                                    preempt_count_add();
   11.911336 |   2)   0.388 us    |                                  }
   11.911336 |   2)               |                                  _raw_spin_unlock() {
   11.911336 |   2)   0.124 us    |                                    preempt_count_sub();
   11.911336 |   2)   0.387 us    |                                  }
   11.911336 |   2)   0.129 us    |                                  preempt_count_sub();
   11.911337 |   2)   1.777 us    |                                }
   11.911337 |   2)   2.047 us    |                              }
   11.911337 |   2)   2.571 us    |                            }
   11.911337 |   2)   2.822 us    |                          }
   11.911337 |   2)   3.073 us    |                        }
   11.911337 |   2)               |                        filemap_add_folio() {
   11.911337 |   2)               |                          __filemap_add_folio() {
   11.911337 |   2)   0.122 us    |                            shmem_mapping();
   11.911338 |   2)               |                            _raw_spin_lock_irq() {
   11.911338 |   2)   0.126 us    |                              preempt_count_add();
   11.911338 |   2)   0.398 us    |                            }
   11.911338 |   2)   0.124 us    |                            workingset_update_node();
   11.911339 |   2)   0.125 us    |                            mod_node_page_state();
   11.911339 |   2)               |                            _raw_spin_unlock_irq() {
   11.911339 |   2)   0.126 us    |                              preempt_count_sub();
   11.911339 |   2)   0.393 us    |                            }
   11.911339 |   2)   2.066 us    |                          }
   11.911340 |   2)               |                          folio_add_lru() {
   11.911340 |   2)               |                            __folio_batch_add_and_move() {
   11.911340 |   2)   0.125 us    |                              preempt_count_add();
   11.911340 |   2)   0.126 us    |                              preempt_count_sub();
   11.911340 |   2)   0.661 us    |                            }
   11.911340 |   2)   0.911 us    |                          }
   11.911341 |   2)   3.377 us    |                        }
   11.911341 |   2)               |                        filemap_alloc_folio_noprof() {
   11.911341 |   2)               |                          folio_alloc_noprof() {
   11.911341 |   2)               |                            alloc_pages_mpol() {
   11.911341 |   2)   0.124 us    |                              policy_nodemask();
   11.911342 |   2)               |                              __alloc_frozen_pages_noprof() {
   11.911342 |   2)               |                                get_page_from_freelist() {
   11.911342 |   2)   0.123 us    |                                  preempt_count_add();
   11.911342 |   2)               |                                  _raw_spin_trylock() {
   11.911342 |   2)   0.123 us    |                                    preempt_count_add();
   11.911342 |   2)   0.386 us    |                                  }
   11.911343 |   2)               |                                  _raw_spin_unlock() {
   11.911343 |   2)   0.124 us    |                                    preempt_count_sub();
   11.911343 |   2)   0.387 us    |                                  }
   11.911343 |   2)   0.126 us    |                                  preempt_count_sub();
   11.911344 |   2)   1.849 us    |                                }
   11.911344 |   2)   2.123 us    |                              }
   11.911344 |   2)   2.646 us    |                            }
   11.911344 |   2)   2.896 us    |                          }
   11.911344 |   2)   3.146 us    |                        }
   11.911344 |   2)               |                        filemap_add_folio() {
   11.911344 |   2)               |                          __filemap_add_folio() {
   11.911344 |   2)   0.122 us    |                            shmem_mapping();
   11.911345 |   2)               |                            _raw_spin_lock_irq() {
   11.911345 |   2)   0.126 us    |                              preempt_count_add();
   11.911345 |   2)   0.398 us    |                            }
   11.911345 |   2)   0.124 us    |                            workingset_update_node();
   11.911346 |   2)   0.124 us    |                            mod_node_page_state();
   11.911346 |   2)               |                            _raw_spin_unlock_irq() {
   11.911346 |   2)   0.127 us    |                              preempt_count_sub();
   11.911346 |   2)   0.395 us    |                            }
   11.911346 |   2)   2.069 us    |                          }
   11.911347 |   2)               |                          folio_add_lru() {
   11.911347 |   2)               |                            __folio_batch_add_and_move() {
   11.911347 |   2)   0.125 us    |                              preempt_count_add();
   11.911347 |   2)   0.125 us    |                              preempt_count_sub();
   11.911347 |   2)   0.675 us    |                            }
   11.911347 |   2)   0.925 us    |                          }
   11.911348 |   2)   3.391 us    |                        }
   11.911348 |   2)               |                        filemap_alloc_folio_noprof() {
   11.911348 |   2)               |                          folio_alloc_noprof() {
   11.911348 |   2)               |                            alloc_pages_mpol() {
   11.911348 |   2)   0.124 us    |                              policy_nodemask();
   11.911349 |   2)               |                              __alloc_frozen_pages_noprof() {
   11.911349 |   2)               |                                get_page_from_freelist() {
   11.911349 |   2)   0.126 us    |                                  preempt_count_add();
   11.911349 |   2)               |                                  _raw_spin_trylock() {
   11.911349 |   2)   0.125 us    |                                    preempt_count_add();
   11.911350 |   2)   0.417 us    |                                  }
   11.911350 |   2)               |                                  _raw_spin_unlock() {
   11.911350 |   2)   0.143 us    |                                    preempt_count_sub();
   11.911350 |   2)   0.409 us    |                                  }
   11.911350 |   2)   0.125 us    |                                  preempt_count_sub();
   11.911351 |   2)   1.806 us    |                                }
   11.911351 |   2)   2.079 us    |                              }
   11.911351 |   2)   2.635 us    |                            }
   11.911351 |   2)   2.885 us    |                          }
   11.911351 |   2)   3.135 us    |                        }
   11.911351 |   2)               |                        filemap_add_folio() {
   11.911351 |   2)               |                          __filemap_add_folio() {
   11.911351 |   2)   0.123 us    |                            shmem_mapping();
   11.911352 |   2)               |                            _raw_spin_lock_irq() {
   11.911352 |   2)   0.124 us    |                              preempt_count_add();
   11.911352 |   2)   0.398 us    |                            }
   11.911352 |   2)   0.126 us    |                            workingset_update_node();
   11.911353 |   2)   0.125 us    |                            mod_node_page_state();
   11.911353 |   2)               |                            _raw_spin_unlock_irq() {
   11.911353 |   2)   0.126 us    |                              preempt_count_sub();
   11.911353 |   2)   0.394 us    |                            }
   11.911353 |   2)   2.100 us    |                          }
   11.911354 |   2)               |                          folio_add_lru() {
   11.911354 |   2)               |                            __folio_batch_add_and_move() {
   11.911354 |   2)   0.125 us    |                              preempt_count_add();
   11.911354 |   2)   0.127 us    |                              preempt_count_sub();
   11.911354 |   2)   0.660 us    |                            }
   11.911355 |   2)   0.911 us    |                          }
   11.911355 |   2)   3.438 us    |                        }
   11.911355 |   2)               |                        filemap_alloc_folio_noprof() {
   11.911355 |   2)               |                          folio_alloc_noprof() {
   11.911355 |   2)               |                            alloc_pages_mpol() {
   11.911355 |   2)   0.125 us    |                              policy_nodemask();
   11.911356 |   2)               |                              __alloc_frozen_pages_noprof() {
   11.911356 |   2)               |                                get_page_from_freelist() {
   11.911356 |   2)   0.126 us    |                                  preempt_count_add();
   11.911356 |   2)               |                                  _raw_spin_trylock() {
   11.911356 |   2)   0.125 us    |                                    preempt_count_add();
   11.911357 |   2)   0.388 us    |                                  }
   11.911357 |   2)               |                                  _raw_spin_unlock() {
   11.911357 |   2)   0.126 us    |                                    preempt_count_sub();
   11.911357 |   2)   0.413 us    |                                  }
   11.911357 |   2)   0.127 us    |                                  preempt_count_sub();
   11.911358 |   2)   1.759 us    |                                }
   11.911358 |   2)   2.108 us    |                              }
   11.911358 |   2)   2.663 us    |                            }
   11.911358 |   2)   2.914 us    |                          }
   11.911358 |   2)   3.164 us    |                        }
   11.911358 |   2)               |                        filemap_add_folio() {
   11.911358 |   2)               |                          __filemap_add_folio() {
   11.911359 |   2)   0.165 us    |                            shmem_mapping();
   11.911359 |   2)               |                            _raw_spin_lock_irq() {
   11.911359 |   2)   0.126 us    |                              preempt_count_add();
   11.911359 |   2)   0.465 us    |                            }
   11.911359 |   2)   0.126 us    |                            workingset_update_node();
   11.911360 |   2)   0.128 us    |                            mod_node_page_state();
   11.911360 |   2)               |                            _raw_spin_unlock_irq() {
   11.911360 |   2)   0.128 us    |                              preempt_count_sub();
   11.911360 |   2)   0.397 us    |                            }
   11.911361 |   2)   2.162 us    |                          }
   11.911361 |   2)               |                          folio_add_lru() {
   11.911361 |   2)               |                            __folio_batch_add_and_move() {
   11.911361 |   2)   0.124 us    |                              preempt_count_add();
   11.911361 |   2)   0.127 us    |                              preempt_count_sub();
   11.911362 |   2)   0.662 us    |                            }
   11.911362 |   2)   0.914 us    |                          }
   11.911362 |   2)   3.504 us    |                        }
   11.911362 |   2)               |                        filemap_alloc_folio_noprof() {
   11.911362 |   2)               |                          folio_alloc_noprof() {
   11.911362 |   2)               |                            alloc_pages_mpol() {
   11.911362 |   2)   0.127 us    |                              policy_nodemask();
   11.911363 |   2)               |                              __alloc_frozen_pages_noprof() {
   11.911363 |   2)               |                                get_page_from_freelist() {
   11.911363 |   2)   0.125 us    |                                  preempt_count_add();
   11.911363 |   2)               |                                  _raw_spin_trylock() {
   11.911363 |   2)   0.129 us    |                                    preempt_count_add();
   11.911364 |   2)   0.397 us    |                                  }
   11.911364 |   2)               |                                  _raw_spin_unlock() {
   11.911364 |   2)   0.124 us    |                                    preempt_count_sub();
   11.911364 |   2)   0.389 us    |                                  }
   11.911364 |   2)   0.127 us    |                                  preempt_count_sub();
   11.911365 |   2)   1.740 us    |                                }
   11.911365 |   2)   2.024 us    |                              }
   11.911365 |   2)   2.554 us    |                            }
   11.911365 |   2)   2.806 us    |                          }
   11.911365 |   2)   3.058 us    |                        }
   11.911365 |   2)               |                        filemap_add_folio() {
   11.911365 |   2)               |                          __filemap_add_folio() {
   11.911366 |   2)   0.124 us    |                            shmem_mapping();
   11.911366 |   2)               |                            _raw_spin_lock_irq() {
   11.911366 |   2)   0.126 us    |                              preempt_count_add();
   11.911366 |   2)   0.401 us    |                            }
   11.911366 |   2)   0.127 us    |                            workingset_update_node();
   11.911367 |   2)   0.126 us    |                            mod_node_page_state();
   11.911367 |   2)               |                            _raw_spin_unlock_irq() {
   11.911367 |   2)   0.127 us    |                              preempt_count_sub();
   11.911367 |   2)   0.395 us    |                            }
   11.911368 |   2)   2.084 us    |                          }
   11.911368 |   2)               |                          folio_add_lru() {
   11.911368 |   2)               |                            __folio_batch_add_and_move() {
   11.911368 |   2)   0.127 us    |                              preempt_count_add();
   11.911368 |   2)   0.125 us    |                              preempt_count_sub();
   11.911368 |   2)   0.663 us    |                            }
   11.911369 |   2)   0.913 us    |                          }
   11.911369 |   2)   3.421 us    |                        }
   11.911369 |   2)               |                        filemap_alloc_folio_noprof() {
   11.911369 |   2)               |                          folio_alloc_noprof() {
   11.911369 |   2)               |                            alloc_pages_mpol() {
   11.911369 |   2)   0.126 us    |                              policy_nodemask();
   11.911370 |   2)               |                              __alloc_frozen_pages_noprof() {
   11.911370 |   2)               |                                get_page_from_freelist() {
   11.911370 |   2)   0.125 us    |                                  preempt_count_add();
   11.911370 |   2)               |                                  _raw_spin_trylock() {
   11.911370 |   2)   0.125 us    |                                    preempt_count_add();
   11.911371 |   2)   0.389 us    |                                  }
   11.911371 |   2)               |                                  _raw_spin_unlock() {
   11.911371 |   2)   0.124 us    |                                    preempt_count_sub();
   11.911371 |   2)   0.389 us    |                                  }
   11.911371 |   2)   0.126 us    |                                  preempt_count_sub();
   11.911372 |   2)   1.755 us    |                                }
   11.911372 |   2)   2.024 us    |                              }
   11.911372 |   2)   2.623 us    |                            }
   11.911372 |   2)   2.876 us    |                          }
   11.911372 |   2)   3.125 us    |                        }
   11.911372 |   2)               |                        filemap_add_folio() {
   11.911372 |   2)               |                          __filemap_add_folio() {
   11.911373 |   2)   0.126 us    |                            shmem_mapping();
   11.911373 |   2)               |                            _raw_spin_lock_irq() {
   11.911373 |   2)   0.128 us    |                              preempt_count_add();
   11.911373 |   2)   0.465 us    |                            }
   11.911374 |   2)   0.125 us    |                            workingset_update_node();
   11.911374 |   2)   0.126 us    |                            mod_node_page_state();
   11.911374 |   2)               |                            _raw_spin_unlock_irq() {
   11.911374 |   2)   0.127 us    |                              preempt_count_sub();
   11.911375 |   2)   0.397 us    |                            }
   11.911375 |   2)   2.210 us    |                          }
   11.911375 |   2)               |                          folio_add_lru() {
   11.911375 |   2)               |                            __folio_batch_add_and_move() {
   11.911375 |   2)   0.126 us    |                              preempt_count_add();
   11.911375 |   2)               |                              folio_batch_move_lru() {
   11.911376 |   2)               |                                _raw_spin_lock_irqsave() {
   11.911376 |   2)   0.134 us    |                                  preempt_count_add();
   11.911376 |   2)   0.441 us    |                                }
   11.911376 |   2)               |                                lru_add() {
   11.911377 |   2)   0.129 us    |                                  folio_mapping();
   11.911377 |   2)   0.125 us    |                                  mod_node_page_state();
   11.911377 |   2)   0.127 us    |                                  __mod_zone_page_state();
   11.911378 |   2)   1.251 us    |                                }
   11.911378 |   2)               |                                lru_add() {
   11.911378 |   2)   0.126 us    |                                  folio_mapping();
   11.911378 |   2)   0.125 us    |                                  mod_node_page_state();
   11.911379 |   2)   0.124 us    |                                  __mod_zone_page_state();
   11.911379 |   2)   1.102 us    |                                }
   11.911379 |   2)               |                                lru_add() {
   11.911379 |   2)   0.125 us    |                                  folio_mapping();
   11.911380 |   2)   0.126 us    |                                  mod_node_page_state();
   11.911380 |   2)   0.125 us    |                                  __mod_zone_page_state();
   11.911380 |   2)   1.121 us    |                                }
   11.911380 |   2)               |                                lru_add() {
   11.911381 |   2)   0.126 us    |                                  folio_mapping();
   11.911381 |   2)   0.126 us    |                                  mod_node_page_state();
   11.911381 |   2)   0.124 us    |                                  __mod_zone_page_state();
   11.911381 |   2)   1.122 us    |                                }
   11.911382 |   2)               |                                lru_add() {
   11.911382 |   2)   0.149 us    |                                  folio_mapping();
   11.911382 |   2)   0.126 us    |                                  mod_node_page_state();
   11.911382 |   2)   0.126 us    |                                  __mod_zone_page_state();
   11.911383 |   2)   1.166 us    |                                }
   11.911383 |   2)               |                                lru_add() {
   11.911383 |   2)   0.126 us    |                                  folio_mapping();
   11.911383 |   2)   0.125 us    |                                  mod_node_page_state();
   11.911384 |   2)   0.124 us    |                                  __mod_zone_page_state();
   11.911384 |   2)   1.101 us    |                                }
   11.911384 |   2)               |                                lru_add() {
   11.911384 |   2)   0.126 us    |                                  folio_mapping();
   11.911385 |   2)   0.124 us    |                                  mod_node_page_state();
   11.911385 |   2)   0.125 us    |                                  __mod_zone_page_state();
   11.911385 |   2)   1.102 us    |                                }
   11.911385 |   2)               |                                lru_add() {
   11.911386 |   2)   0.125 us    |                                  folio_mapping();
   11.911386 |   2)   0.125 us    |                                  mod_node_page_state();
   11.911386 |   2)   0.125 us    |                                  __mod_zone_page_state();
   11.911387 |   2)   1.101 us    |                                }
   11.911387 |   2)               |                                lru_add() {
   11.911387 |   2)   0.126 us    |                                  folio_mapping();
   11.911387 |   2)   0.126 us    |                                  mod_node_page_state();
   11.911388 |   2)   0.125 us    |                                  __mod_zone_page_state();
   11.911388 |   2)   1.102 us    |                                }
   11.911388 |   2)               |                                lru_add() {
   11.911388 |   2)   0.127 us    |                                  folio_mapping();
   11.911389 |   2)   0.126 us    |                                  mod_node_page_state();
   11.911389 |   2)   0.125 us    |                                  __mod_zone_page_state();
   11.911389 |   2)   1.184 us    |                                }
   11.911389 |   2)               |                                lru_add() {
   11.911390 |   2)   0.129 us    |                                  folio_mapping();
   11.911390 |   2)   0.125 us    |                                  mod_node_page_state();
   11.911390 |   2)   0.134 us    |                                  __mod_zone_page_state();
   11.911391 |   2)   1.129 us    |                                }
   11.911391 |   2)               |                                lru_add() {
   11.911391 |   2)   0.128 us    |                                  folio_mapping();
   11.911391 |   2)   0.126 us    |                                  mod_node_page_state();
   11.911392 |   2)   0.126 us    |                                  __mod_zone_page_state();
   11.911392 |   2)   1.105 us    |                                }
   11.911392 |   2)               |                                lru_add() {
   11.911392 |   2)   0.127 us    |                                  folio_mapping();
   11.911393 |   2)   0.126 us    |                                  mod_node_page_state();
   11.911393 |   2)   0.126 us    |                                  __mod_zone_page_state();
   11.911393 |   2)   1.104 us    |                                }
   11.911393 |   2)               |                                lru_add() {
   11.911394 |   2)   0.136 us    |                                  folio_mapping();
   11.911394 |   2)   0.126 us    |                                  mod_node_page_state();
   11.911394 |   2)   0.125 us    |                                  __mod_zone_page_state();
   11.911394 |   2)   1.120 us    |                                }
   11.911395 |   2)               |                                lru_add() {
   11.911395 |   2)   0.127 us    |                                  folio_mapping();
   11.911395 |   2)   0.127 us    |                                  mod_node_page_state();
   11.911395 |   2)   0.125 us    |                                  __mod_zone_page_state();
   11.911396 |   2)   1.107 us    |                                }
   11.911396 |   2)               |                                lru_add() {
   11.911396 |   2)   0.124 us    |                                  folio_mapping();
   11.911397 |   2)   0.126 us    |                                  mod_node_page_state();
   11.911397 |   2)   0.125 us    |                                  __mod_zone_page_state();
   11.911397 |   2)   1.144 us    |                                }
   11.911397 |   2)               |                                lru_add() {
   11.911397 |   2)   0.125 us    |                                  folio_mapping();
   11.911403 |   2)   0.145 us    |                                  mod_node_page_state();
   11.911403 |   2)   0.134 us    |                                  __mod_zone_page_state();
   11.911404 |   2)   6.403 us    |                                }
   11.911404 |   2)               |                                lru_add() {
   11.911404 |   2)   0.128 us    |                                  folio_mapping();
   11.911404 |   2)   0.129 us    |                                  mod_node_page_state();
   11.911405 |   2)   0.125 us    |                                  __mod_zone_page_state();
   11.911405 |   2)   1.168 us    |                                }
   11.911405 |   2)               |                                lru_add() {
   11.911405 |   2)   0.124 us    |                                  folio_mapping();
   11.911406 |   2)   0.210 us    |                                  mod_node_page_state();
   11.911406 |   2)   0.217 us    |                                  __mod_zone_page_state();
   11.911407 |   2)   1.293 us    |                                }
   11.911407 |   2)               |                                lru_add() {
   11.911407 |   2)   0.126 us    |                                  folio_mapping();
   11.911407 |   2)   0.142 us    |                                  mod_node_page_state();
   11.911408 |   2)   0.135 us    |                                  __mod_zone_page_state();
   11.911408 |   2)   1.132 us    |                                }
   11.911408 |   2)               |                                lru_add() {
   11.911408 |   2)   0.125 us    |                                  folio_mapping();
   11.911409 |   2)   0.125 us    |                                  mod_node_page_state();
   11.911409 |   2)   0.125 us    |                                  __mod_zone_page_state();
   11.911409 |   2)   1.109 us    |                                }
   11.911409 |   2)               |                                lru_add() {
   11.911410 |   2)   0.126 us    |                                  folio_mapping();
   11.911410 |   2)   0.127 us    |                                  mod_node_page_state();
   11.911410 |   2)   0.126 us    |                                  __mod_zone_page_state();
   11.911411 |   2)   1.189 us    |                                }
   11.911411 |   2)               |                                lru_add() {
   11.911411 |   2)   0.125 us    |                                  folio_mapping();
   11.911411 |   2)   0.127 us    |                                  mod_node_page_state();
   11.911412 |   2)   0.125 us    |                                  __mod_zone_page_state();
   11.911412 |   2)   1.143 us    |                                }
   11.911412 |   2)               |                                lru_add() {
   11.911412 |   2)   0.125 us    |                                  folio_mapping();
   11.911413 |   2)   0.127 us    |                                  mod_node_page_state();
   11.911413 |   2)   0.124 us    |                                  __mod_zone_page_state();
   11.911413 |   2)   1.194 us    |                                }
   11.911413 |   2)               |                                lru_add() {
   11.911414 |   2)   0.124 us    |                                  folio_mapping();
   11.911414 |   2)   0.129 us    |                                  mod_node_page_state();
   11.911414 |   2)   0.125 us    |                                  __mod_zone_page_state();
   11.911415 |   2)   1.206 us    |                                }
   11.911415 |   2)               |                                lru_add() {
   11.911415 |   2)   0.125 us    |                                  folio_mapping();
   11.911415 |   2)   0.125 us    |                                  mod_node_page_state();
   11.911416 |   2)   0.131 us    |                                  __mod_zone_page_state();
   11.911416 |   2)   1.177 us    |                                }
   11.911416 |   2)               |                                lru_add() {
   11.911416 |   2)   0.127 us    |                                  folio_mapping();
   11.911417 |   2)   0.126 us    |                                  mod_node_page_state();
   11.911417 |   2)   0.125 us    |                                  __mod_zone_page_state();
   11.911417 |   2)   1.126 us    |                                }
   11.911417 |   2)               |                                lru_add() {
   11.911418 |   2)   0.125 us    |                                  folio_mapping();
   11.911418 |   2)   0.128 us    |                                  mod_node_page_state();
   11.911418 |   2)   0.126 us    |                                  __mod_zone_page_state();
   11.911419 |   2)   1.128 us    |                                }
   11.911419 |   2)               |                                lru_add() {
   11.911419 |   2)   0.128 us    |                                  folio_mapping();
   11.911419 |   2)   0.126 us    |                                  mod_node_page_state();
   11.911420 |   2)   0.126 us    |                                  __mod_zone_page_state();
   11.911420 |   2)   1.109 us    |                                }
   11.911420 |   2)               |                                lru_add() {
   11.911420 |   2)   0.129 us    |                                  folio_mapping();
   11.911421 |   2)   0.128 us    |                                  mod_node_page_state();
   11.911421 |   2)   0.126 us    |                                  __mod_zone_page_state();
   11.911421 |   2)   1.133 us    |                                }
   11.911421 |   2)               |                                lru_add() {
   11.911422 |   2)   0.127 us    |                                  folio_mapping();
   11.911422 |   2)   0.127 us    |                                  mod_node_page_state();
   11.911422 |   2)   0.125 us    |                                  __mod_zone_page_state();
   11.911422 |   2)   1.132 us    |                                }
   11.911423 |   2)               |                                _raw_spin_unlock_irqrestore() {
   11.911423 |   2)   0.134 us    |                                  preempt_count_sub();
   11.911423 |   2)   0.426 us    |                                }
   11.911423 |   2)   0.145 us    |                                free_unref_folios();
   11.911424 |   2)   0.336 us    |                                folios_put_refs();
   11.911424 |   2) + 48.764 us   |                              }
   11.911424 |   2)   0.126 us    |                              preempt_count_sub();
   11.911425 |   2) + 49.622 us   |                            }
   11.911425 |   2) + 49.875 us   |                          }
   11.911425 |   2) + 52.481 us   |                        }
   11.911425 |   2)               |                        filemap_alloc_folio_noprof() {
   11.911425 |   2)               |                          folio_alloc_noprof() {
   11.911425 |   2)               |                            alloc_pages_mpol() {
   11.911426 |   2)   0.125 us    |                              policy_nodemask();
   11.911426 |   2)               |                              __alloc_frozen_pages_noprof() {
   11.911426 |   2)               |                                get_page_from_freelist() {
   11.911426 |   2)   0.134 us    |                                  preempt_count_add();
   11.911426 |   2)               |                                  _raw_spin_trylock() {
   11.911427 |   2)   0.123 us    |                                    preempt_count_add();
   11.911427 |   2)   0.390 us    |                                  }
   11.911427 |   2)               |                                  _raw_spin_unlock() {
   11.911427 |   2)   0.209 us    |                                    preempt_count_sub();
   11.911427 |   2)   0.476 us    |                                  }
   11.911428 |   2)   0.142 us    |                                  preempt_count_sub();
   11.911428 |   2)   1.900 us    |                                }
   11.911428 |   2)   2.182 us    |                              }
   11.911428 |   2)   2.761 us    |                            }
   11.911429 |   2)   3.317 us    |                          }
   11.911429 |   2)   3.585 us    |                        }
   11.911429 |   2)               |                        filemap_add_folio() {
   11.911429 |   2)               |                          __filemap_add_folio() {
   11.911429 |   2)   0.123 us    |                            shmem_mapping();
   11.911429 |   2)               |                            _raw_spin_lock_irq() {
   11.911430 |   2)   0.128 us    |                              preempt_count_add();
   11.911430 |   2)   0.409 us    |                            }
   11.911430 |   2)   0.125 us    |                            workingset_update_node();
   11.911430 |   2)   0.126 us    |                            mod_node_page_state();
   11.911431 |   2)               |                            _raw_spin_unlock_irq() {
   11.911431 |   2)   0.126 us    |                              preempt_count_sub();
   11.911431 |   2)   0.400 us    |                            }
   11.911431 |   2)   2.139 us    |                          }
   11.911431 |   2)               |                          folio_add_lru() {
   11.911431 |   2)               |                            __folio_batch_add_and_move() {
   11.911432 |   2)   0.126 us    |                              preempt_count_add();
   11.911432 |   2)   0.126 us    |                              preempt_count_sub();
   11.911432 |   2)   0.677 us    |                            }
   11.911432 |   2)   0.929 us    |                          }
   11.911432 |   2)   3.485 us    |                        }
   11.911433 |   2)               |                        filemap_alloc_folio_noprof() {
   11.911433 |   2)               |                          folio_alloc_noprof() {
   11.911433 |   2)               |                            alloc_pages_mpol() {
   11.911433 |   2)   0.128 us    |                              policy_nodemask();
   11.911433 |   2)               |                              __alloc_frozen_pages_noprof() {
   11.911433 |   2)               |                                get_page_from_freelist() {
   11.911434 |   2)   0.126 us    |                                  preempt_count_add();
   11.911434 |   2)               |                                  _raw_spin_trylock() {
   11.911434 |   2)   0.124 us    |                                    preempt_count_add();
   11.911434 |   2)   0.412 us    |                                  }
   11.911434 |   2)               |                                  _raw_spin_unlock() {
   11.911435 |   2)   0.125 us    |                                    preempt_count_sub();
   11.911435 |   2)   0.389 us    |                                  }
   11.911435 |   2)   0.127 us    |                                  preempt_count_sub();
   11.911435 |   2)   1.782 us    |                                }
   11.911435 |   2)   2.057 us    |                              }
   11.911436 |   2)   2.589 us    |                            }
   11.911436 |   2)   2.858 us    |                          }
   11.911436 |   2)   3.116 us    |                        }
   11.911436 |   2)               |                        filemap_add_folio() {
   11.911436 |   2)               |                          __filemap_add_folio() {
   11.911436 |   2)   0.124 us    |                            shmem_mapping();
   11.911436 |   2)               |                            _raw_spin_lock_irq() {
   11.911437 |   2)   0.126 us    |                              preempt_count_add();
   11.911437 |   2)   0.398 us    |                            }
   11.911437 |   2)   0.123 us    |                            workingset_update_node();
   11.911437 |   2)   0.126 us    |                            mod_node_page_state();
   11.911438 |   2)               |                            _raw_spin_unlock_irq() {
   11.911438 |   2)   0.127 us    |                              preempt_count_sub();
   11.911438 |   2)   0.399 us    |                            }
   11.911438 |   2)   2.063 us    |                          }
   11.911438 |   2)               |                          folio_add_lru() {
   11.911438 |   2)               |                            __folio_batch_add_and_move() {
   11.911439 |   2)   0.124 us    |                              preempt_count_add();
   11.911439 |   2)   0.125 us    |                              preempt_count_sub();
   11.911439 |   2)   0.703 us    |                            }
   11.911439 |   2)   0.957 us    |                          }
   11.911439 |   2)   3.419 us    |                        }
   11.911440 |   2)               |                        filemap_alloc_folio_noprof() {
   11.911440 |   2)               |                          folio_alloc_noprof() {
   11.911440 |   2)               |                            alloc_pages_mpol() {
   11.911440 |   2)   0.126 us    |                              policy_nodemask();
   11.911440 |   2)               |                              __alloc_frozen_pages_noprof() {
   11.911441 |   2)               |                                get_page_from_freelist() {
   11.911441 |   2)   0.124 us    |                                  preempt_count_add();
   11.911441 |   2)               |                                  _raw_spin_trylock() {
   11.911441 |   2)   0.125 us    |                                    preempt_count_add();
   11.911441 |   2)   0.410 us    |                                  }
   11.911441 |   2)               |                                  _raw_spin_unlock() {
   11.911442 |   2)   0.123 us    |                                    preempt_count_sub();
   11.911442 |   2)   0.388 us    |                                  }
   11.911442 |   2)   0.135 us    |                                  preempt_count_sub();
   11.911442 |   2)   1.848 us    |                                }
   11.911443 |   2)   2.122 us    |                              }
   11.911443 |   2)   2.672 us    |                            }
   11.911443 |   2)   2.924 us    |                          }
   11.911443 |   2)   3.172 us    |                        }
   11.911443 |   2)               |                        filemap_add_folio() {
   11.911443 |   2)               |                          __filemap_add_folio() {
   11.911443 |   2)   0.138 us    |                            shmem_mapping();
   11.911444 |   2)               |                            _raw_spin_lock_irq() {
   11.911444 |   2)   0.133 us    |                              preempt_count_add();
   11.911444 |   2)   0.485 us    |                            }
   11.911444 |   2)   0.124 us    |                            workingset_update_node();
   11.911445 |   2)   0.125 us    |                            mod_node_page_state();
   11.911445 |   2)               |                            _raw_spin_unlock_irq() {
   11.911445 |   2)   0.126 us    |                              preempt_count_sub();
   11.911445 |   2)   0.401 us    |                            }
   11.911445 |   2)   2.201 us    |                          }
   11.911446 |   2)               |                          folio_add_lru() {
   11.911446 |   2)               |                            __folio_batch_add_and_move() {
   11.911446 |   2)   0.127 us    |                              preempt_count_add();
   11.911446 |   2)   0.128 us    |                              preempt_count_sub();
   11.911446 |   2)   0.665 us    |                            }
   11.911446 |   2)   0.916 us    |                          }
   11.911447 |   2)   3.524 us    |                        }
   11.911447 |   2)               |                        filemap_alloc_folio_noprof() {
   11.911447 |   2)               |                          folio_alloc_noprof() {
   11.911447 |   2)               |                            alloc_pages_mpol() {
   11.911447 |   2)   0.135 us    |                              policy_nodemask();
   11.911448 |   2)               |                              __alloc_frozen_pages_noprof() {
   11.911448 |   2)               |                                get_page_from_freelist() {
   11.911448 |   2)   0.127 us    |                                  preempt_count_add();
   11.911448 |   2)               |                                  _raw_spin_trylock() {
   11.911448 |   2)   0.126 us    |                                    preempt_count_add();
   11.911449 |   2)   0.392 us    |                                  }
   11.911449 |   2)               |                                  _raw_spin_unlock() {
   11.911449 |   2)   0.126 us    |                                    preempt_count_sub();
   11.911449 |   2)   0.418 us    |                                  }
   11.911449 |   2)   0.129 us    |                                  preempt_count_sub();
   11.911449 |   2)   1.811 us    |                                }
   11.911450 |   2)   2.082 us    |                              }
   11.911450 |   2)   2.617 us    |                            }
   11.911450 |   2)   2.867 us    |                          }
   11.911450 |   2)   3.117 us    |                        }
   11.911450 |   2)               |                        filemap_add_folio() {
   11.911450 |   2)               |                          __filemap_add_folio() {
   11.911450 |   2)   0.125 us    |                            shmem_mapping();
   11.911451 |   2)               |                            _raw_spin_lock_irq() {
   11.911451 |   2)   0.126 us    |                              preempt_count_add();
   11.911451 |   2)   0.400 us    |                            }
   11.911451 |   2)   0.128 us    |                            workingset_update_node();
   11.911452 |   2)   0.127 us    |                            mod_node_page_state();
   11.911452 |   2)               |                            _raw_spin_unlock_irq() {
   11.911452 |   2)   0.129 us    |                              preempt_count_sub();
   11.911452 |   2)   0.405 us    |                            }
   11.911452 |   2)   2.111 us    |                          }
   11.911453 |   2)               |                          folio_add_lru() {
   11.911453 |   2)               |                            __folio_batch_add_and_move() {
   11.911453 |   2)   0.126 us    |                              preempt_count_add();
   11.911453 |   2)   0.127 us    |                              preempt_count_sub();
   11.911453 |   2)   0.663 us    |                            }
   11.911453 |   2)   0.915 us    |                          }
   11.911454 |   2)   3.429 us    |                        }
   11.911454 |   2)               |                        filemap_alloc_folio_noprof() {
   11.911454 |   2)               |                          folio_alloc_noprof() {
   11.911454 |   2)               |                            alloc_pages_mpol() {
   11.911454 |   2)   0.127 us    |                              policy_nodemask();
   11.911455 |   2)               |                              __alloc_frozen_pages_noprof() {
   11.911455 |   2)               |                                get_page_from_freelist() {
   11.911455 |   2)   0.125 us    |                                  preempt_count_add();
   11.911455 |   2)               |                                  _raw_spin_trylock() {
   11.911455 |   2)   0.125 us    |                                    preempt_count_add();
   11.911456 |   2)   0.390 us    |                                  }
   11.911456 |   2)               |                                  _raw_spin_unlock() {
   11.911456 |   2)   0.125 us    |                                    preempt_count_sub();
   11.911456 |   2)   0.414 us    |                                  }
   11.911456 |   2)   0.128 us    |                                  preempt_count_sub();
   11.911457 |   2)   1.842 us    |                                }
   11.911457 |   2)   2.117 us    |                              }
   11.911457 |   2)   2.673 us    |                            }
   11.911457 |   2)   2.926 us    |                          }
   11.911457 |   2)   3.179 us    |                        }
   11.911457 |   2)               |                        filemap_add_folio() {
   11.911457 |   2)               |                          __filemap_add_folio() {
   11.911458 |   2)   0.124 us    |                            shmem_mapping();
   11.911458 |   2)               |                            _raw_spin_lock_irq() {
   11.911458 |   2)   0.128 us    |                              preempt_count_add();
   11.911458 |   2)   0.416 us    |                            }
   11.911458 |   2)   0.125 us    |                            workingset_update_node();
   11.911459 |   2)   0.126 us    |                            mod_node_page_state();
   11.911459 |   2)               |                            _raw_spin_unlock_irq() {
   11.911459 |   2)   0.127 us    |                              preempt_count_sub();
   11.911459 |   2)   0.401 us    |                            }
   11.911460 |   2)   2.151 us    |                          }
   11.911460 |   2)               |                          folio_add_lru() {
   11.911460 |   2)               |                            __folio_batch_add_and_move() {
   11.911460 |   2)   0.127 us    |                              preempt_count_add();
   11.911460 |   2)   0.130 us    |                              preempt_count_sub();
   11.911461 |   2)   0.752 us    |                            }
   11.911461 |   2)   1.014 us    |                          }
   11.911461 |   2)   3.578 us    |                        }
   11.911461 |   2)               |                        filemap_alloc_folio_noprof() {
   11.911461 |   2)               |                          folio_alloc_noprof() {
   11.911461 |   2)               |                            alloc_pages_mpol() {
   11.911462 |   2)   0.126 us    |                              policy_nodemask();
   11.911462 |   2)               |                              __alloc_frozen_pages_noprof() {
   11.911462 |   2)               |                                get_page_from_freelist() {
   11.911462 |   2)   0.125 us    |                                  preempt_count_add();
   11.911462 |   2)               |                                  _raw_spin_trylock() {
   11.911463 |   2)   0.126 us    |                                    preempt_count_add();
   11.911463 |   2)   0.417 us    |                                  }
   11.911463 |   2)               |                                  _raw_spin_unlock() {
   11.911463 |   2)   0.124 us    |                                    preempt_count_sub();
   11.911463 |   2)   0.413 us    |                                  }
   11.911464 |   2)   0.129 us    |                                  preempt_count_sub();
   11.911464 |   2)   1.813 us    |                                }
   11.911464 |   2)   2.084 us    |                              }
   11.911464 |   2)   2.643 us    |                            }
   11.911464 |   2)   2.892 us    |                          }
   11.911464 |   2)   3.144 us    |                        }
   11.911464 |   2)               |                        filemap_add_folio() {
   11.911465 |   2)               |                          __filemap_add_folio() {
   11.911465 |   2)   0.123 us    |                            shmem_mapping();
   11.911465 |   2)               |                            _raw_spin_lock_irq() {
   11.911465 |   2)   0.126 us    |                              preempt_count_add();
   11.911465 |   2)   0.396 us    |                            }
   11.911466 |   2)   0.125 us    |                            workingset_update_node();
   11.911466 |   2)   0.127 us    |                            mod_node_page_state();
   11.911466 |   2)               |                            _raw_spin_unlock_irq() {
   11.911466 |   2)   0.129 us    |                              preempt_count_sub();
   11.911467 |   2)   0.400 us    |                            }
   11.911467 |   2)   2.059 us    |                          }
   11.911467 |   2)               |                          folio_add_lru() {
   11.911467 |   2)               |                            __folio_batch_add_and_move() {
   11.911467 |   2)   0.129 us    |                              preempt_count_add();
   11.911467 |   2)   0.125 us    |                              preempt_count_sub();
   11.911468 |   2)   0.668 us    |                            }
   11.911468 |   2)   0.920 us    |                          }
   11.911468 |   2)   3.403 us    |                        }
   11.911468 |   2)               |                        read_pages() {
   11.911468 |   2)   0.124 us    |                          blk_start_plug();
   11.911468 |   2)               |                          z_erofs_readahead() {
   11.911469 |   2)   0.237 us    |                            erofs_real_inode();
   11.911469 |   2)               |                            z_erofs_pcluster_readmore() {
   11.911469 |   2)               |                              z_erofs_map_blocks_iter() {
   11.911469 |   2)               |                                z_erofs_map_blocks_fo() {
   11.911470 |   2)               |                                  z_erofs_load_lcluster_from_disk() {
   11.911470 |   2)               |                                    erofs_read_metabuf() {
   11.911470 |   2)               |                                      erofs_bread() {
   11.911470 |   2)               |                                        read_cache_folio() {
   11.911470 |   2)               |                                          do_read_cache_folio() {
   11.911470 |   2)               |                                            __filemap_get_folio_mpol() {
   11.911470 |   2)   0.341 us    |                                              filemap_get_entry();
   11.911471 |   2)   0.624 us    |                                            }
   11.911471 |   2)   0.146 us    |                                            folio_mark_accessed();
   11.911471 |   2)   1.185 us    |                                          }
   11.911471 |   2)   1.510 us    |                                        }
   11.911472 |   2)   1.783 us    |                                      }
   11.911472 |   2)   2.065 us    |                                    }
   11.911472 |   2)   2.494 us    |                                  }
   11.911472 |   2)               |                                  z_erofs_load_lcluster_from_disk() {
   11.911472 |   2)               |                                    erofs_read_metabuf() {
   11.911472 |   2)   0.178 us    |                                      erofs_bread();
   11.911473 |   2)   0.427 us    |                                    }
   11.911473 |   2)   0.719 us    |                                  }
   11.911473 |   2)   0.124 us    |                                  erofs_unmap_metabuf();
   11.911473 |   2)   3.985 us    |                                }
   11.911474 |   2)   4.343 us    |                              }
   11.911474 |   2)   0.137 us    |                              readahead_expand();
   11.911474 |   2)   4.901 us    |                            }
   11.911477 |   2)               |                            z_erofs_scan_folio() {
   11.911477 |   2)   0.126 us    |                              erofs_onlinefolio_init();
   11.911478 |   2)               |                              _raw_spin_lock() {
   11.911478 |   2)   0.141 us    |                                preempt_count_add();
   11.911479 |   2)   0.464 us    |                              }
   11.911479 |   2)               |                              _raw_spin_unlock() {
   11.911479 |   2)   0.139 us    |                                preempt_count_sub();
   11.911479 |   2)   0.427 us    |                              }
   11.911480 |   2)               |                              _raw_spin_lock() {
   11.911480 |   2)   0.124 us    |                                preempt_count_add();
   11.911480 |   2)   0.389 us    |                              }
   11.911480 |   2)               |                              _raw_spin_unlock() {
   11.911480 |   2)   0.143 us    |                                preempt_count_sub();
   11.911481 |   2)   0.406 us    |                              }
   11.911481 |   2)   0.129 us    |                              erofs_onlinefolio_split();
   11.911481 |   2)   0.132 us    |                              erofs_onlinefolio_end();
   11.911481 |   2)   4.346 us    |                            }
   11.911482 |   2)               |                            z_erofs_scan_folio() {
   11.911482 |   2)   0.126 us    |                              erofs_onlinefolio_init();
   11.911482 |   2)               |                              _raw_spin_lock() {
   11.911482 |   2)   0.129 us    |                                preempt_count_add();
   11.911482 |   2)   0.392 us    |                              }
   11.911483 |   2)               |                              _raw_spin_unlock() {
   11.911483 |   2)   0.142 us    |                                preempt_count_sub();
   11.911483 |   2)   0.406 us    |                              }
   11.911483 |   2)   0.130 us    |                              erofs_onlinefolio_split();
   11.911483 |   2)   0.129 us    |                              erofs_onlinefolio_end();
   11.911484 |   2)   2.062 us    |                            }
   11.911484 |   2)               |                            z_erofs_scan_folio() {
   11.911484 |   2)   0.126 us    |                              erofs_onlinefolio_init();
   11.911484 |   2)               |                              _raw_spin_lock() {
   11.911484 |   2)   0.127 us    |                                preempt_count_add();
   11.911485 |   2)   0.391 us    |                              }
   11.911485 |   2)               |                              _raw_spin_unlock() {
   11.911485 |   2)   0.141 us    |                                preempt_count_sub();
   11.911485 |   2)   0.405 us    |                              }
   11.911485 |   2)               |                              __erofs_allocpage() {
   11.911486 |   2)               |                                alloc_pages_noprof() {
   11.911486 |   2)               |                                  alloc_pages_mpol() {
   11.911486 |   2)   0.125 us    |                                    policy_nodemask();
   11.911486 |   2)               |                                    __alloc_frozen_pages_noprof() {
   11.911486 |   2)               |                                      get_page_from_freelist() {
   11.911486 |   2)   0.125 us    |                                        preempt_count_add();
   11.911487 |   2)               |                                        _raw_spin_trylock() {
   11.911487 |   2)   0.124 us    |                                          preempt_count_add();
   11.911487 |   2)   0.388 us    |                                        }
   11.911487 |   2)               |                                        _raw_spin_unlock() {
   11.911487 |   2)   0.132 us    |                                          preempt_count_sub();
   11.911488 |   2)   0.395 us    |                                        }
   11.911488 |   2)   0.126 us    |                                        preempt_count_sub();
   11.911488 |   2)   1.772 us    |                                      }
   11.911488 |   2)   2.076 us    |                                    }
   11.911488 |   2)   2.600 us    |                                  }
   11.911488 |   2)   2.900 us    |                                }
   11.911489 |   2)   3.208 us    |                              }
   11.911489 |   2)   0.126 us    |                              z_erofs_bvset_flip();
   11.911489 |   2)   0.131 us    |                              erofs_onlinefolio_split();
   11.911489 |   2)   0.131 us    |                              erofs_onlinefolio_end();
   11.911490 |   2)   5.797 us    |                            }
   11.911490 |   2)               |                            z_erofs_scan_folio() {
   11.911490 |   2)   0.126 us    |                              erofs_onlinefolio_init();
   11.911490 |   2)               |                              _raw_spin_lock() {
   11.911490 |   2)   0.140 us    |                                preempt_count_add();
   11.911491 |   2)   0.403 us    |                              }
   11.911491 |   2)               |                              _raw_spin_unlock() {
   11.911491 |   2)   0.137 us    |                                preempt_count_sub();
   11.911491 |   2)   0.402 us    |                              }
   11.911491 |   2)   0.131 us    |                              erofs_onlinefolio_split();
   11.911492 |   2)   0.132 us    |                              erofs_onlinefolio_end();
   11.911492 |   2)   2.055 us    |                            }
   11.911492 |   2)               |                            z_erofs_scan_folio() {
   11.911492 |   2)   0.126 us    |                              erofs_onlinefolio_init();
   11.911492 |   2)               |                              _raw_spin_lock() {
   11.911493 |   2)   0.145 us    |                                preempt_count_add();
   11.911493 |   2)   0.477 us    |                              }
   11.911493 |   2)               |                              _raw_spin_unlock() {
   11.911493 |   2)   0.127 us    |                                preempt_count_sub();
   11.911493 |   2)   0.400 us    |                              }
   11.911494 |   2)   0.195 us    |                              erofs_onlinefolio_split();
   11.911494 |   2)   0.199 us    |                              erofs_onlinefolio_end();
   11.911494 |   2)   2.289 us    |                            }
   11.911494 |   2)               |                            z_erofs_scan_folio() {
   11.911495 |   2)   0.125 us    |                              erofs_onlinefolio_init();
   11.911495 |   2)               |                              _raw_spin_lock() {
   11.911495 |   2)   0.128 us    |                                preempt_count_add();
   11.911495 |   2)   0.395 us    |                              }
   11.911495 |   2)               |                              _raw_spin_unlock() {
   11.911496 |   2)   0.127 us    |                                preempt_count_sub();
   11.911496 |   2)   0.393 us    |                              }
   11.911496 |   2)   0.132 us    |                              erofs_onlinefolio_split();
   11.911496 |   2)   0.132 us    |                              erofs_onlinefolio_end();
   11.911497 |   2)   2.081 us    |                            }
   11.911497 |   2)               |                            z_erofs_scan_folio() {
   11.911497 |   2)   0.125 us    |                              erofs_onlinefolio_init();
   11.911497 |   2)               |                              _raw_spin_lock() {
   11.911497 |   2)   0.127 us    |                                preempt_count_add();
   11.911497 |   2)   0.394 us    |                              }
   11.911498 |   2)               |                              _raw_spin_unlock() {
   11.911498 |   2)   0.126 us    |                                preempt_count_sub();
   11.911498 |   2)   0.388 us    |                              }
   11.911498 |   2)   0.133 us    |                              erofs_onlinefolio_split();
   11.911498 |   2)   0.131 us    |                              erofs_onlinefolio_end();
   11.911499 |   2)   2.040 us    |                            }
   11.911499 |   2)               |                            z_erofs_scan_folio() {
   11.911499 |   2)   0.125 us    |                              erofs_onlinefolio_init();
   11.911499 |   2)               |                              _raw_spin_lock() {
   11.911499 |   2)   0.126 us    |                                preempt_count_add();
   11.911500 |   2)   0.393 us    |                              }
   11.911500 |   2)               |                              _raw_spin_unlock() {
   11.911500 |   2)   0.126 us    |                                preempt_count_sub();
   11.911500 |   2)   0.393 us    |                              }
   11.911500 |   2)   0.132 us    |                              erofs_onlinefolio_split();
   11.911501 |   2)   0.131 us    |                              erofs_onlinefolio_end();
   11.911501 |   2)   2.040 us    |                            }
   11.911501 |   2)               |                            z_erofs_scan_folio() {
   11.911501 |   2)   0.125 us    |                              erofs_onlinefolio_init();
   11.911501 |   2)               |                              _raw_spin_lock() {
   11.911502 |   2)   0.126 us    |                                preempt_count_add();
   11.911502 |   2)   0.390 us    |                              }
   11.911502 |   2)               |                              _raw_spin_unlock() {
   11.911502 |   2)   0.127 us    |                                preempt_count_sub();
   11.911502 |   2)   0.391 us    |                              }
   11.911503 |   2)   0.130 us    |                              erofs_onlinefolio_split();
   11.911503 |   2)   0.133 us    |                              erofs_onlinefolio_end();
   11.911503 |   2)   2.052 us    |                            }
   11.911503 |   2)               |                            z_erofs_scan_folio() {
   11.911503 |   2)   0.125 us    |                              erofs_onlinefolio_init();
   11.911504 |   2)               |                              _raw_spin_lock() {
   11.911504 |   2)   0.127 us    |                                preempt_count_add();
   11.911504 |   2)   0.459 us    |                              }
   11.911504 |   2)               |                              _raw_spin_unlock() {
   11.911504 |   2)   0.146 us    |                                preempt_count_sub();
   11.911505 |   2)   0.409 us    |                              }
   11.911505 |   2)   0.129 us    |                              erofs_onlinefolio_split();
   11.911505 |   2)   0.207 us    |                              erofs_onlinefolio_end();
   11.911505 |   2)   2.215 us    |                            }
   11.911506 |   2)               |                            z_erofs_scan_folio() {
   11.911506 |   2)   0.142 us    |                              erofs_onlinefolio_init();
   11.911506 |   2)               |                              _raw_spin_lock() {
   11.911506 |   2)   0.126 us    |                                preempt_count_add();
   11.911507 |   2)   0.477 us    |                              }
   11.911507 |   2)               |                              _raw_spin_unlock() {
   11.911507 |   2)   0.131 us    |                                preempt_count_sub();
   11.911507 |   2)   0.392 us    |                              }
   11.911507 |   2)   0.133 us    |                              erofs_onlinefolio_split();
   11.911507 |   2)   0.199 us    |                              erofs_onlinefolio_end();
   11.911508 |   2)   2.227 us    |                            }
   11.911508 |   2)               |                            z_erofs_scan_folio() {
   11.911508 |   2)   0.123 us    |                              erofs_onlinefolio_init();
   11.911508 |   2)               |                              _raw_spin_lock() {
   11.911508 |   2)   0.126 us    |                                preempt_count_add();
   11.911509 |   2)   0.462 us    |                              }
   11.911509 |   2)               |                              _raw_spin_unlock() {
   11.911509 |   2)   0.139 us    |                                preempt_count_sub();
   11.911509 |   2)   0.405 us    |                              }
   11.911510 |   2)   0.146 us    |                              erofs_onlinefolio_split();
   11.911510 |   2)   0.198 us    |                              erofs_onlinefolio_end();
   11.911510 |   2)   2.217 us    |                            }
   11.911510 |   2)               |                            z_erofs_scan_folio() {
   11.911510 |   2)   0.125 us    |                              erofs_onlinefolio_init();
   11.911511 |   2)               |                              _raw_spin_lock() {
   11.911511 |   2)   0.126 us    |                                preempt_count_add();
   11.911511 |   2)   0.393 us    |                              }
   11.911511 |   2)               |                              _raw_spin_unlock() {
   11.911511 |   2)   0.127 us    |                                preempt_count_sub();
   11.911512 |   2)   0.389 us    |                              }
   11.911512 |   2)   0.131 us    |                              erofs_onlinefolio_split();
   11.911512 |   2)   0.131 us    |                              erofs_onlinefolio_end();
   11.911512 |   2)   2.061 us    |                            }
   11.911513 |   2)               |                            z_erofs_scan_folio() {
   11.911513 |   2)   0.128 us    |                              erofs_onlinefolio_init();
   11.911513 |   2)               |                              _raw_spin_lock() {
   11.911513 |   2)   0.127 us    |                                preempt_count_add();
   11.911513 |   2)   0.394 us    |                              }
   11.911513 |   2)               |                              _raw_spin_unlock() {
   11.911514 |   2)   0.126 us    |                                preempt_count_sub();
   11.911514 |   2)   0.391 us    |                              }
   11.911514 |   2)   0.130 us    |                              erofs_onlinefolio_split();
   11.911514 |   2)   0.132 us    |                              erofs_onlinefolio_end();
   11.911515 |   2)   2.049 us    |                            }
   11.911515 |   2)               |                            z_erofs_scan_folio() {
   11.911515 |   2)   0.126 us    |                              erofs_onlinefolio_init();
   11.911515 |   2)               |                              _raw_spin_lock() {
   11.911515 |   2)   0.127 us    |                                preempt_count_add();
   11.911516 |   2)   0.395 us    |                              }
   11.911516 |   2)               |                              _raw_spin_unlock() {
   11.911516 |   2)   0.127 us    |                                preempt_count_sub();
   11.911516 |   2)   0.390 us    |                              }
   11.911516 |   2)   0.130 us    |                              erofs_onlinefolio_split();
   11.911516 |   2)   0.131 us    |                              erofs_onlinefolio_end();
   11.911517 |   2)   2.040 us    |                            }
   11.911517 |   2)               |                            z_erofs_scan_folio() {
   11.911517 |   2)   0.125 us    |                              erofs_onlinefolio_init();
   11.911517 |   2)               |                              _raw_spin_lock() {
   11.911517 |   2)   0.125 us    |                                preempt_count_add();
   11.911518 |   2)   0.420 us    |                              }
   11.911518 |   2)               |                              _raw_spin_unlock() {
   11.911518 |   2)   0.128 us    |                                preempt_count_sub();
   11.911518 |   2)   0.392 us    |                              }
   11.911518 |   2)   0.131 us    |                              erofs_onlinefolio_split();
   11.911519 |   2)   0.132 us    |                              erofs_onlinefolio_end();
   11.911519 |   2)   2.137 us    |                            }
   11.911519 |   2)               |                            z_erofs_pcluster_readmore() {
   11.911519 |   2)               |                              __filemap_get_folio_mpol() {
   11.911519 |   2)   0.322 us    |                                filemap_get_entry();
   11.911520 |   2)   0.661 us    |                              }
   11.911520 |   2)   0.131 us    |                              folio_unlock();
   11.911521 |   2)               |                              __filemap_get_folio_mpol() {
   11.911521 |   2)   0.358 us    |                                filemap_get_entry();
   11.911521 |   2)   0.696 us    |                              }
   11.911521 |   2)   0.131 us    |                              folio_unlock();
   11.911522 |   2)               |                              __filemap_get_folio_mpol() {
   11.911522 |   2)   0.359 us    |                                filemap_get_entry();
   11.911522 |   2)   0.665 us    |                              }
   11.911523 |   2)   0.202 us    |                              folio_unlock();
   11.911523 |   2)               |                              __filemap_get_folio_mpol() {
   11.911523 |   2)   0.319 us    |                                filemap_get_entry();
   11.911524 |   2)   0.653 us    |                              }
   11.911524 |   2)   0.134 us    |                              folio_unlock();
   11.911524 |   2)   4.967 us    |                            }
   11.911524 |   2)   0.296 us    |                            z_erofs_pcluster_end();
   11.911525 |   2)               |                            z_erofs_runqueue() {
   11.911525 |   2)   0.125 us    |                              __init_swait_queue_head();
   11.911525 |   2)               |                              __kvmalloc_node_noprof() {
   11.911525 |   2)   0.128 us    |                                preempt_count_add();
   11.911526 |   2)   0.131 us    |                                preempt_count_sub();
   11.911526 |   2)   0.741 us    |                              }
   11.911526 |   2)   0.146 us    |                              erofs_map_dev();
   11.911526 |   2)               |                              _raw_spin_lock() {
   11.911526 |   2)   0.128 us    |                                preempt_count_add();
   11.911527 |   2)   0.395 us    |                              }
   11.911527 |   2)               |                              _raw_spin_unlock() {
   11.911527 |   2)   0.131 us    |                                preempt_count_sub();
   11.911527 |   2)   0.398 us    |                              }
   11.911528 |   2)   0.132 us    |                              folio_unlock();
   11.911528 |   2)               |                              kvfree() {
   11.911528 |   2)   0.131 us    |                                is_vmalloc_addr();
   11.911528 |   2)               |                                kfree() {
   11.911528 |   2)   0.127 us    |                                  preempt_count_add();
   11.911529 |   2)   0.127 us    |                                  preempt_count_sub();
   11.911529 |   2)   0.668 us    |                                }
   11.911529 |   2)   1.238 us    |                              }
   11.911529 |   2)               |                              z_erofs_decompress_queue() {
   11.911530 |   2)   0.141 us    |                                z_erofs_do_decompressed_bvec();
   11.911530 |   2)   0.128 us    |                                z_erofs_do_decompressed_bvec();
   11.911530 |   2)   0.129 us    |                                z_erofs_do_decompressed_bvec();
   11.911531 |   2)   0.127 us    |                                z_erofs_do_decompressed_bvec();
   11.911531 |   2)   0.126 us    |                                z_erofs_do_decompressed_bvec();
   11.911531 |   2)   0.127 us    |                                z_erofs_do_decompressed_bvec();
   11.911531 |   2)   0.127 us    |                                z_erofs_do_decompressed_bvec();
   11.911532 |   2)   0.125 us    |                                z_erofs_do_decompressed_bvec();
   11.911532 |   2)   0.125 us    |                                z_erofs_do_decompressed_bvec();
   11.911532 |   2)   0.126 us    |                                z_erofs_do_decompressed_bvec();
   11.911532 |   2)   0.127 us    |                                z_erofs_do_decompressed_bvec();
   11.911533 |   2)   0.127 us    |                                z_erofs_do_decompressed_bvec();
   11.911533 |   2)   0.125 us    |                                z_erofs_do_decompressed_bvec();
   11.911533 |   2)   0.128 us    |                                z_erofs_do_decompressed_bvec();
   11.911534 |   2)   0.126 us    |                                z_erofs_do_decompressed_bvec();
   11.911534 |   2)   0.127 us    |                                z_erofs_do_decompressed_bvec();
   11.911534 |   2)               |                                z_erofs_lz4_decompress() {
   11.911535 |   2)   0.139 us    |                                  __erofs_allocpage();
   11.911535 |   2)               |                                  __erofs_allocpage() {
   11.911535 |   2)               |                                    alloc_pages_noprof() {
   11.911535 |   2)               |                                      alloc_pages_mpol() {
   11.911535 |   2)   0.135 us    |                                        policy_nodemask();
   11.911536 |   2)               |                                        __alloc_frozen_pages_noprof() {
   11.911536 |   2)               |                                          get_page_from_freelist() {
   11.911536 |   2)   0.146 us    |                                            preempt_count_add();
   11.911536 |   2)               |                                            _raw_spin_trylock() {
   11.911536 |   2)   0.125 us    |                                              preempt_count_add();
   11.911537 |   2)   0.463 us    |                                            }
   11.911537 |   2)               |                                            _raw_spin_unlock() {
   11.911537 |   2)   0.133 us    |                                              preempt_count_sub();
   11.911537 |   2)   0.421 us    |                                            }
   11.911537 |   2)   0.127 us    |                                            preempt_count_sub();
   11.911538 |   2)   1.868 us    |                                          }
   11.911538 |   2)   2.167 us    |                                        }
   11.911538 |   2)   2.700 us    |                                      }
   11.911538 |   2)   3.043 us    |                                    }
   11.911538 |   2)   3.314 us    |                                  }
   11.911538 |   2)               |                                  __erofs_allocpage() {
   11.911538 |   2)               |                                    alloc_pages_noprof() {
   11.911539 |   2)               |                                      alloc_pages_mpol() {
   11.911539 |   2)   0.125 us    |                                        policy_nodemask();
   11.911539 |   2)               |                                        __alloc_frozen_pages_noprof() {
   11.911539 |   2)               |                                          get_page_from_freelist() {
   11.911539 |   2)   0.125 us    |                                            preempt_count_add();
   11.911539 |   2)               |                                            _raw_spin_trylock() {
   11.911540 |   2)   0.124 us    |                                              preempt_count_add();
   11.911540 |   2)   0.468 us    |                                            }
   11.911540 |   2)               |                                            _raw_spin_unlock() {
   11.911540 |   2)   0.130 us    |                                              preempt_count_sub();
   11.911540 |   2)   0.393 us    |                                            }
   11.911541 |   2)   0.128 us    |                                            preempt_count_sub();
   11.911541 |   2)   1.840 us    |                                          }
   11.911541 |   2)   2.128 us    |                                        }
   11.911541 |   2)   2.657 us    |                                      }
   11.911541 |   2)   2.925 us    |                                    }
   11.911541 |   2)   3.180 us    |                                  }
   11.911542 |   2)               |                                  __erofs_allocpage() {
   11.911542 |   2)               |                                    alloc_pages_noprof() {
   11.911542 |   2)               |                                      alloc_pages_mpol() {
   11.911542 |   2)   0.126 us    |                                        policy_nodemask();
   11.911542 |   2)               |                                        __alloc_frozen_pages_noprof() {
   11.911542 |   2)               |                                          get_page_from_freelist() {
   11.911543 |   2)   0.127 us    |                                            preempt_count_add();
   11.911543 |   2)               |                                            _raw_spin_trylock() {
   11.911543 |   2)   0.124 us    |                                              preempt_count_add();
   11.911543 |   2)   0.387 us    |                                            }
   11.911543 |   2)               |                                            _raw_spin_unlock() {
   11.911543 |   2)   0.135 us    |                                              preempt_count_sub();
   11.911544 |   2)   0.398 us    |                                            }
   11.911544 |   2)   0.128 us    |                                            preempt_count_sub();
   11.911544 |   2)   1.762 us    |                                          }
   11.911544 |   2)   2.046 us    |                                        }
   11.911544 |   2)   2.571 us    |                                      }
   11.911545 |   2)   2.822 us    |                                    }
   11.911545 |   2)   3.074 us    |                                  }
   11.911545 |   2)               |                                  vm_map_ram() {
   11.911545 |   2)               |                                    _raw_spin_lock() {
   11.911545 |   2)   0.126 us    |                                      preempt_count_add();
   11.911546 |   2)   0.392 us    |                                    }
   11.911546 |   2)               |                                    _raw_spin_unlock() {
   11.911546 |   2)   0.123 us    |                                      preempt_count_sub();
   11.911546 |   2)   0.391 us    |                                    }
   11.911547 |   2)               |                                    vmap_small_pages_range_noflush() {
   11.911547 |   2)   0.128 us    |                                      preempt_count_add();
   11.911547 |   2)   0.127 us    |                                      preempt_count_sub();
   11.911548 |   2)   0.127 us    |                                      preempt_count_add();
   11.911548 |   2)   0.127 us    |                                      preempt_count_sub();
   11.911548 |   2)   0.126 us    |                                      preempt_count_add();
   11.911548 |   2)   0.126 us    |                                      preempt_count_sub();
   11.911549 |   2)   0.126 us    |                                      preempt_count_add();
   11.911549 |   2)   0.127 us    |                                      preempt_count_sub();
   11.911549 |   2)   0.125 us    |                                      preempt_count_add();
   11.911549 |   2)   0.128 us    |                                      preempt_count_sub();
   11.911550 |   2)   0.127 us    |                                      preempt_count_add();
   11.911550 |   2)   0.138 us    |                                      preempt_count_sub();
   11.911550 |   2)   0.126 us    |                                      preempt_count_add();
   11.911551 |   2)   0.126 us    |                                      preempt_count_sub();
   11.911551 |   2)   0.127 us    |                                      preempt_count_add();
   11.911551 |   2)   0.129 us    |                                      preempt_count_sub();
   11.911552 |   2)   0.126 us    |                                      preempt_count_add();
   11.911552 |   2)   0.127 us    |                                      preempt_count_sub();
   11.911552 |   2)   0.128 us    |                                      preempt_count_add();
   11.911552 |   2)   0.128 us    |                                      preempt_count_sub();
   11.911553 |   2)   0.125 us    |                                      preempt_count_add();
   11.911553 |   2)   0.128 us    |                                      preempt_count_sub();
   11.911553 |   2)   0.127 us    |                                      preempt_count_add();
   11.911554 |   2)   0.128 us    |                                      preempt_count_sub();
   11.911554 |   2)   0.126 us    |                                      preempt_count_add();
   11.911554 |   2)   0.129 us    |                                      preempt_count_sub();
   11.911554 |   2)   0.129 us    |                                      preempt_count_add();
   11.911555 |   2)   0.130 us    |                                      preempt_count_sub();
   11.911555 |   2)   0.126 us    |                                      preempt_count_add();
   11.911555 |   2)   0.128 us    |                                      preempt_count_sub();
   11.911555 |   2)   0.127 us    |                                      preempt_count_add();
   11.911556 |   2)   0.125 us    |                                      preempt_count_sub();
   11.911556 |   2)   0.127 us    |                                      preempt_count_add();
   11.911556 |   2)   0.126 us    |                                      preempt_count_sub();
   11.911557 |   2)   0.126 us    |                                      preempt_count_add();
   11.911557 |   2)   0.128 us    |                                      preempt_count_sub();
   11.911557 |   2)   0.127 us    |                                      preempt_count_add();
   11.911557 |   2)   0.127 us    |                                      preempt_count_sub();
   11.911558 |   2)   0.127 us    |                                      preempt_count_add();
   11.911558 |   2)   0.129 us    |                                      preempt_count_sub();
   11.911558 |   2) + 11.622 us   |                                    }
   11.911558 |   2) + 13.408 us   |                                  }
   11.911559 |   2) + 14.332 us   |                                  LZ4_decompress_safe_partial();
   11.911573 |   2)               |                                  vm_unmap_ram() {
   11.911574 |   2)   0.152 us    |                                    addr_to_vb_xa();
   11.911574 |   2)               |                                    _raw_spin_lock() {
   11.911574 |   2)   0.126 us    |                                      preempt_count_add();
   11.911575 |   2)   0.412 us    |                                    }
   11.911575 |   2)               |                                    _raw_spin_unlock() {
   11.911575 |   2)   0.129 us    |                                      preempt_count_sub();
   11.911575 |   2)   0.407 us    |                                    }
   11.911576 |   2)               |                                    __vunmap_range_noflush() {
   11.911576 |   2)   0.126 us    |                                      p4d_clear_huge();
   11.911576 |   2)   0.125 us    |                                      pud_clear_huge();
   11.911576 |   2)   0.145 us    |                                      pmd_clear_huge();
   11.911577 |   2)   1.329 us    |                                    }
   11.911577 |   2)               |                                    _raw_spin_lock() {
   11.911577 |   2)   0.126 us    |                                      preempt_count_add();
   11.911577 |   2)   0.394 us    |                                    }
   11.911578 |   2)               |                                    _raw_spin_unlock() {
   11.911578 |   2)   0.127 us    |                                      preempt_count_sub();
   11.911578 |   2)   0.395 us    |                                    }
   11.911578 |   2)   4.640 us    |                                  }
   11.911578 |   2) + 43.957 us   |                                }
   11.911579 |   2)               |                                erofs_onlinefolio_end() {
   11.911579 |   2)   0.131 us    |                                  folio_end_read();
   11.911579 |   2)   0.452 us    |                                }
   11.911579 |   2)               |                                erofs_onlinefolio_end() {
   11.911579 |   2)   0.132 us    |                                  folio_end_read();
   11.911580 |   2)   0.387 us    |                                }
   11.911580 |   2)               |                                erofs_onlinefolio_end() {
   11.911580 |   2)   0.211 us    |                                  folio_end_read();
   11.911580 |   2)   0.464 us    |                                }
   11.911580 |   2)               |                                erofs_onlinefolio_end() {
   11.911580 |   2)   0.143 us    |                                  folio_end_read();
   11.911581 |   2)   0.400 us    |                                }
   11.911581 |   2)               |                                erofs_onlinefolio_end() {
   11.911581 |   2)   0.133 us    |                                  folio_end_read();
   11.911581 |   2)   0.456 us    |                                }
   11.911581 |   2)               |                                erofs_onlinefolio_end() {
   11.911582 |   2)   0.208 us    |                                  folio_end_read();
   11.911582 |   2)   0.466 us    |                                }
   11.911582 |   2)               |                                erofs_onlinefolio_end() {
   11.911582 |   2)   0.130 us    |                                  folio_end_read();
   11.911583 |   2)   0.474 us    |                                }
   11.911583 |   2)               |                                erofs_onlinefolio_end() {
   11.911583 |   2)   0.199 us    |                                  folio_end_read();
   11.911583 |   2)   0.468 us    |                                }
   11.911583 |   2)               |                                erofs_onlinefolio_end() {
   11.911584 |   2)   0.130 us    |                                  folio_end_read();
   11.911584 |   2)   0.459 us    |                                }
   11.911584 |   2)               |                                erofs_onlinefolio_end() {
   11.911584 |   2)   0.203 us    |                                  folio_end_read();
   11.911584 |   2)   0.456 us    |                                }
   11.911585 |   2)               |                                erofs_onlinefolio_end() {
   11.911585 |   2)   0.130 us    |                                  folio_end_read();
   11.911585 |   2)   0.454 us    |                                }
   11.911585 |   2)               |                                erofs_onlinefolio_end() {
   11.911585 |   2)   0.204 us    |                                  folio_end_read();
   11.911586 |   2)   0.461 us    |                                }
   11.911586 |   2)               |                                erofs_onlinefolio_end() {
   11.911586 |   2)   0.129 us    |                                  folio_end_read();
   11.911586 |   2)   0.474 us    |                                }
   11.911586 |   2)               |                                erofs_onlinefolio_end() {
   11.911587 |   2)   0.194 us    |                                  folio_end_read();
   11.911587 |   2)   0.467 us    |                                }
   11.911587 |   2)               |                                erofs_onlinefolio_end() {
   11.911587 |   2)   0.131 us    |                                  folio_end_read();
   11.911587 |   2)   0.458 us    |                                }
   11.911588 |   2)               |                                erofs_onlinefolio_end() {
   11.911588 |   2)   0.130 us    |                                  folio_end_read();
   11.911588 |   2)   0.388 us    |                                }
   11.911588 |   2)               |                                z_erofs_put_pcluster() {
   11.911589 |   2)               |                                  _raw_spin_lock() {
   11.911589 |   2)   0.126 us    |                                    preempt_count_add();
   11.911589 |   2)   0.413 us    |                                  }
   11.911589 |   2)               |                                  _raw_spin_unlock() {
   11.911589 |   2)   0.127 us    |                                    preempt_count_sub();
   11.911590 |   2)   0.396 us    |                                  }
   11.911590 |   2)   1.295 us    |                                }
   11.911590 |   2) + 60.573 us   |                              }
   11.911590 |   2) + 65.220 us   |                            }
   11.911590 |   2)   0.150 us    |                            erofs_put_metabuf();
   11.911590 |   2)               |                            erofs_release_pages() {
   11.911591 |   2)               |                              __folio_put() {
   11.911591 |   2)               |                                free_frozen_pages() {
   11.911591 |   2)               |                                  __free_frozen_pages() {
   11.911591 |   2)   0.131 us    |                                    preempt_count_add();
   11.911591 |   2)               |                                    _raw_spin_trylock() {
   11.911591 |   2)   0.124 us    |                                      preempt_count_add();
   11.911592 |   2)   0.391 us    |                                    }
   11.911592 |   2)   0.152 us    |                                    free_frozen_page_commit();
   11.911592 |   2)               |                                    _raw_spin_unlock() {
   11.911592 |   2)   0.138 us    |                                      preempt_count_sub();
   11.911593 |   2)   0.400 us    |                                    }
   11.911593 |   2)   0.128 us    |                                    preempt_count_sub();
   11.911593 |   2)   2.237 us    |                                  }
   11.911593 |   2)   2.501 us    |                                }
   11.911593 |   2)   2.774 us    |                              }
   11.911594 |   2)               |                              __folio_put() {
   11.911594 |   2)               |                                free_frozen_pages() {
   11.911594 |   2)               |                                  __free_frozen_pages() {
   11.911594 |   2)   0.125 us    |                                    preempt_count_add();
   11.911594 |   2)               |                                    _raw_spin_trylock() {
   11.911594 |   2)   0.123 us    |                                      preempt_count_add();
   11.911595 |   2)   0.391 us    |                                    }
   11.911595 |   2)   0.128 us    |                                    free_frozen_page_commit();
   11.911595 |   2)               |                                    _raw_spin_unlock() {
   11.911595 |   2)   0.221 us    |                                      preempt_count_sub();
   11.911595 |   2)   0.487 us    |                                    }
   11.911596 |   2)   0.134 us    |                                    preempt_count_sub();
   11.911596 |   2)   2.146 us    |                                  }
   11.911596 |   2)   2.396 us    |                                }
   11.911596 |   2)   2.647 us    |                              }
   11.911596 |   2)               |                              __folio_put() {
   11.911596 |   2)               |                                free_frozen_pages() {
   11.911597 |   2)               |                                  __free_frozen_pages() {
   11.911597 |   2)   0.127 us    |                                    preempt_count_add();
   11.911597 |   2)               |                                    _raw_spin_trylock() {
   11.911597 |   2)   0.123 us    |                                      preempt_count_add();
   11.911597 |   2)   0.454 us    |                                    }
   11.911598 |   2)   0.134 us    |                                    free_frozen_page_commit();
   11.911598 |   2)               |                                    _raw_spin_unlock() {
   11.911598 |   2)   0.143 us    |                                      preempt_count_sub();
   11.911598 |   2)   0.408 us    |                                    }
   11.911598 |   2)   0.125 us    |                                    preempt_count_sub();
   11.911599 |   2)   2.100 us    |                                  }
   11.911599 |   2)   2.352 us    |                                }
   11.911599 |   2)   2.602 us    |                              }
   11.911599 |   2)               |                              __folio_put() {
   11.911599 |   2)               |                                free_frozen_pages() {
   11.911599 |   2)               |                                  __free_frozen_pages() {
   11.911600 |   2)   0.125 us    |                                    preempt_count_add();
   11.911600 |   2)               |                                    _raw_spin_trylock() {
   11.911600 |   2)   0.121 us    |                                      preempt_count_add();
   11.911600 |   2)   0.455 us    |                                    }
   11.911600 |   2)   0.126 us    |                                    free_frozen_page_commit();
   11.911601 |   2)               |                                    _raw_spin_unlock() {
   11.911601 |   2)   0.123 us    |                                      preempt_count_sub();
   11.911601 |   2)   0.389 us    |                                    }
   11.911601 |   2)   0.126 us    |                                    preempt_count_sub();
   11.911601 |   2)   2.095 us    |                                  }
   11.911602 |   2)   2.343 us    |                                }
   11.911602 |   2)   2.596 us    |                              }
   11.911602 |   2) + 11.492 us   |                            }
   11.911602 |   2) ! 133.520 us  |                          }
   11.911602 |   2)               |                          blk_finish_plug() {
   11.911602 |   2)               |                            __blk_flush_plug() {
   11.911602 |   2)   0.135 us    |                              blk_mq_flush_plug_list();
   11.911603 |   2)   0.435 us    |                            }
   11.911603 |   2)   0.718 us    |                          }
   11.911603 |   2) ! 134.952 us  |                        }
   11.911603 |   2) ! 297.626 us  |                      }
   11.911603 |   2) ! 298.194 us  |                    }
   11.911604 |   2) ! 298.461 us  |                  }
   11.911604 |   2) ! 299.125 us  |                }
   11.911604 |   2) ! 299.436 us  |              }
   11.911604 |   2) ! 300.444 us  |            }
   11.911604 |   2)   0.131 us    |            folio_mark_accessed();
   11.911606 |   2) ! 302.514 us  |          }
   11.911606 |   2) ! 302.791 us  |        }
   11.911606 |   2) ! 303.523 us  |      }
   11.911606 |   2) ! 304.181 us  |    }
   11.911606 |   2) ! 304.554 us  |  }
   11.911609 |   2)               |  __x64_sys_read() {
   11.911609 |   2)               |    ksys_read() {
   11.911609 |   2)   0.160 us    |      fdget_pos();
   11.911609 |   2)               |      vfs_read() {
   11.911609 |   2)   0.295 us    |        rw_verify_area();
   11.911610 |   2)               |        erofs_file_read_iter() {
   11.911610 |   2)               |          filemap_read() {
   11.911610 |   2)               |            filemap_get_pages() {
   11.911610 |   2)   0.404 us    |              filemap_get_read_batch();
   11.911611 |   2)   0.713 us    |            }
   11.911611 |   2)   0.133 us    |            folio_mark_accessed();
   11.911613 |   2)   2.612 us    |          }
   11.911613 |   2)   2.894 us    |        }
   11.911613 |   2)   3.644 us    |      }
   11.911613 |   2)   4.237 us    |    }
   11.911613 |   2)   4.578 us    |  }
   11.911615 |   2)               |  __x64_sys_read() {
   11.911615 |   2)               |    ksys_read() {
   11.911615 |   2)   0.152 us    |      fdget_pos();
   11.911615 |   2)               |      vfs_read() {
   11.911616 |   2)   0.260 us    |        rw_verify_area();
   11.911616 |   2)               |        erofs_file_read_iter() {
   11.911616 |   2)               |          filemap_read() {
   11.911616 |   2)               |            filemap_get_pages() {
   11.911616 |   2)   0.386 us    |              filemap_get_read_batch();
   11.911617 |   2)   0.686 us    |            }
   11.911617 |   2)   0.204 us    |            folio_mark_accessed();
   11.911619 |   2)   2.673 us    |          }
   11.911619 |   2)   3.035 us    |        }
   11.911619 |   2)   3.746 us    |      }
   11.911619 |   2)   4.331 us    |    }
   11.911619 |   2)   4.642 us    |  }
   11.911621 |   2)               |  __x64_sys_read() {
   11.911621 |   2)               |    ksys_read() {
   11.911621 |   2)   0.155 us    |      fdget_pos();
   11.911622 |   2)               |      vfs_read() {
   11.911622 |   2)   0.256 us    |        rw_verify_area();
   11.911622 |   2)               |        erofs_file_read_iter() {
   11.911622 |   2)               |          filemap_read() {
   11.911623 |   2)               |            filemap_get_pages() {
   11.911623 |   2)   0.392 us    |              filemap_get_read_batch();
   11.911623 |   2)               |              filemap_readahead.isra.0() {
   11.911623 |   2)               |                page_cache_async_ra() {
   11.911624 |   2)   0.128 us    |                  inode_to_bdi();
   11.911624 |   2)               |                  page_cache_ra_order() {
   11.911624 |   2)               |                    do_page_cache_ra() {
   11.911624 |   2)               |                      page_cache_ra_unbounded() {
   11.911625 |   2)               |                        filemap_alloc_folio_noprof() {
   11.911625 |   2)               |                          folio_alloc_noprof() {
   11.911625 |   2)               |                            alloc_pages_mpol() {
   11.911625 |   2)   0.147 us    |                              policy_nodemask();
   11.911625 |   2)               |                              __alloc_frozen_pages_noprof() {
   11.911625 |   2)               |                                get_page_from_freelist() {
   11.911626 |   2)   0.140 us    |                                  preempt_count_add();
   11.911626 |   2)               |                                  _raw_spin_trylock() {
   11.911626 |   2)   0.127 us    |                                    preempt_count_add();
   11.911626 |   2)   0.467 us    |                                  }
   11.911627 |   2)               |                                  _raw_spin_unlock() {
   11.911627 |   2)   0.139 us    |                                    preempt_count_sub();
   11.911627 |   2)   0.402 us    |                                  }
   11.911627 |   2)   0.128 us    |                                  preempt_count_sub();
   11.911627 |   2)   1.949 us    |                                }
   11.911628 |   2)   2.255 us    |                              }
   11.911628 |   2)   2.816 us    |                            }
   11.911628 |   2)   3.095 us    |                          }
   11.911628 |   2)   3.349 us    |                        }
   11.911628 |   2)               |                        filemap_add_folio() {
   11.911628 |   2)               |                          __filemap_add_folio() {
   11.911628 |   2)   0.125 us    |                            shmem_mapping();
   11.911629 |   2)               |                            _raw_spin_lock_irq() {
   11.911629 |   2)   0.127 us    |                              preempt_count_add();
   11.911629 |   2)   0.402 us    |                            }
   11.911629 |   2)   0.127 us    |                            workingset_update_node();
   11.911630 |   2)   0.133 us    |                            mod_node_page_state();
   11.911630 |   2)               |                            _raw_spin_unlock_irq() {
   11.911630 |   2)   0.127 us    |                              preempt_count_sub();
   11.911630 |   2)   0.401 us    |                            }
   11.911630 |   2)   2.140 us    |                          }
   11.911631 |   2)               |                          folio_add_lru() {
   11.911631 |   2)               |                            __folio_batch_add_and_move() {
   11.911631 |   2)   0.126 us    |                              preempt_count_add();
   11.911631 |   2)   0.128 us    |                              preempt_count_sub();
   11.911631 |   2)   0.672 us    |                            }
   11.911631 |   2)   0.922 us    |                          }
   11.911632 |   2)   3.481 us    |                        }
   11.911632 |   2)               |                        filemap_alloc_folio_noprof() {
   11.911632 |   2)               |                          folio_alloc_noprof() {
   11.911632 |   2)               |                            alloc_pages_mpol() {
   11.911632 |   2)   0.126 us    |                              policy_nodemask();
   11.911633 |   2)               |                              __alloc_frozen_pages_noprof() {
   11.911633 |   2)               |                                get_page_from_freelist() {
   11.911633 |   2)   0.125 us    |                                  preempt_count_add();
   11.911633 |   2)               |                                  _raw_spin_trylock() {
   11.911633 |   2)   0.125 us    |                                    preempt_count_add();
   11.911633 |   2)   0.389 us    |                                  }
   11.911634 |   2)               |                                  _raw_spin_unlock() {
   11.911634 |   2)   0.125 us    |                                    preempt_count_sub();
   11.911634 |   2)   0.414 us    |                                  }
   11.911634 |   2)   0.127 us    |                                  preempt_count_sub();
   11.911634 |   2)   1.764 us    |                                }
   11.911635 |   2)   2.040 us    |                              }
   11.911635 |   2)   2.567 us    |                            }
   11.911635 |   2)   2.818 us    |                          }
   11.911635 |   2)   3.142 us    |                        }
   11.911635 |   2)               |                        filemap_add_folio() {
   11.911635 |   2)               |                          __filemap_add_folio() {
   11.911635 |   2)   0.125 us    |                            shmem_mapping();
   11.911636 |   2)               |                            _raw_spin_lock_irq() {
   11.911636 |   2)   0.148 us    |                              preempt_count_add();
   11.911636 |   2)   0.482 us    |                            }
   11.911636 |   2)   0.124 us    |                            workingset_update_node();
   11.911637 |   2)   0.127 us    |                            mod_node_page_state();
   11.911637 |   2)               |                            _raw_spin_unlock_irq() {
   11.911637 |   2)   0.126 us    |                              preempt_count_sub();
   11.911637 |   2)   0.398 us    |                            }
   11.911637 |   2)   2.141 us    |                          }
   11.911638 |   2)               |                          folio_add_lru() {
   11.911638 |   2)               |                            __folio_batch_add_and_move() {
   11.911638 |   2)   0.126 us    |                              preempt_count_add();
   11.911638 |   2)   0.128 us    |                              preempt_count_sub();
   11.911638 |   2)   0.666 us    |                            }
   11.911639 |   2)   0.915 us    |                          }
   11.911639 |   2)   3.483 us    |                        }
   11.911639 |   2)               |                        filemap_alloc_folio_noprof() {
   11.911639 |   2)               |                          folio_alloc_noprof() {
   11.911639 |   2)               |                            alloc_pages_mpol() {
   11.911639 |   2)   0.125 us    |                              policy_nodemask();
   11.911640 |   2)               |                              __alloc_frozen_pages_noprof() {
   11.911640 |   2)               |                                get_page_from_freelist() {
   11.911640 |   2)   0.125 us    |                                  preempt_count_add();
   11.911640 |   2)               |                                  _raw_spin_trylock() {
   11.911640 |   2)   0.124 us    |                                    preempt_count_add();
   11.911641 |   2)   0.388 us    |                                  }
   11.911641 |   2)               |                                  _raw_spin_unlock() {
   11.911641 |   2)   0.124 us    |                                    preempt_count_sub();
   11.911641 |   2)   0.390 us    |                                  }
   11.911641 |   2)   0.126 us    |                                  preempt_count_sub();
   11.911642 |   2)   1.776 us    |                                }
   11.911642 |   2)   2.048 us    |                              }
   11.911642 |   2)   2.601 us    |                            }
   11.911642 |   2)   2.851 us    |                          }
   11.911642 |   2)   3.120 us    |                        }
   11.911642 |   2)               |                        filemap_add_folio() {
   11.911642 |   2)               |                          __filemap_add_folio() {
   11.911643 |   2)   0.123 us    |                            shmem_mapping();
   11.911643 |   2)               |                            _raw_spin_lock_irq() {
   11.911643 |   2)   0.126 us    |                              preempt_count_add();
   11.911643 |   2)   0.400 us    |                            }
   11.911643 |   2)   0.127 us    |                            workingset_update_node();
   11.911644 |   2)   0.127 us    |                            mod_node_page_state();
   11.911644 |   2)               |                            _raw_spin_unlock_irq() {
   11.911644 |   2)   0.127 us    |                              preempt_count_sub();
   11.911644 |   2)   0.401 us    |                            }
   11.911645 |   2)   2.077 us    |                          }
   11.911645 |   2)               |                          folio_add_lru() {
   11.911645 |   2)               |                            __folio_batch_add_and_move() {
   11.911645 |   2)   0.126 us    |                              preempt_count_add();
   11.911645 |   2)   0.127 us    |                              preempt_count_sub();
   11.911645 |   2)   0.658 us    |                            }
   11.911646 |   2)   0.910 us    |                          }
   11.911646 |   2)   3.412 us    |                        }
   11.911646 |   2)               |                        filemap_alloc_folio_noprof() {
   11.911646 |   2)               |                          folio_alloc_noprof() {
   11.911646 |   2)               |                            alloc_pages_mpol() {
   11.911646 |   2)   0.126 us    |                              policy_nodemask();
   11.911647 |   2)               |                              __alloc_frozen_pages_noprof() {
   11.911647 |   2)               |                                get_page_from_freelist() {
   11.911647 |   2)   0.126 us    |                                  preempt_count_add();
   11.911647 |   2)               |                                  _raw_spin_trylock() {
   11.911647 |   2)   0.123 us    |                                    preempt_count_add();
   11.911648 |   2)   0.389 us    |                                  }
   11.911648 |   2)               |                                  _raw_spin_unlock() {
   11.911648 |   2)   0.123 us    |                                    preempt_count_sub();
   11.911648 |   2)   0.388 us    |                                  }
   11.911648 |   2)   0.127 us    |                                  preempt_count_sub();
   11.911649 |   2)   1.759 us    |                                }
   11.911649 |   2)   2.037 us    |                              }
   11.911649 |   2)   2.567 us    |                            }
   11.911649 |   2)   2.821 us    |                          }
   11.911649 |   2)   3.074 us    |                        }
   11.911649 |   2)               |                        filemap_add_folio() {
   11.911649 |   2)               |                          __filemap_add_folio() {
   11.911650 |   2)   0.123 us    |                            shmem_mapping();
   11.911650 |   2)               |                            _raw_spin_lock_irq() {
   11.911650 |   2)   0.126 us    |                              preempt_count_add();
   11.911650 |   2)   0.399 us    |                            }
   11.911651 |   2)   0.127 us    |                            workingset_update_node();
   11.911651 |   2)   0.125 us    |                            mod_node_page_state();
   11.911651 |   2)               |                            _raw_spin_unlock_irq() {
   11.911651 |   2)   0.128 us    |                              preempt_count_sub();
   11.911651 |   2)   0.402 us    |                            }
   11.911652 |   2)   2.152 us    |                          }
   11.911652 |   2)               |                          folio_add_lru() {
   11.911652 |   2)               |                            __folio_batch_add_and_move() {
   11.911652 |   2)   0.125 us    |                              preempt_count_add();
   11.911652 |   2)   0.131 us    |                              preempt_count_sub();
   11.911653 |   2)   0.744 us    |                            }
   11.911653 |   2)   0.993 us    |                          }
   11.911653 |   2)   3.558 us    |                        }
   11.911653 |   2)               |                        filemap_alloc_folio_noprof() {
   11.911653 |   2)               |                          folio_alloc_noprof() {
   11.911654 |   2)               |                            alloc_pages_mpol() {
   11.911654 |   2)   0.127 us    |                              policy_nodemask();
   11.911654 |   2)               |                              __alloc_frozen_pages_noprof() {
   11.911654 |   2)               |                                get_page_from_freelist() {
   11.911654 |   2)   0.125 us    |                                  preempt_count_add();
   11.911654 |   2)               |                                  _raw_spin_trylock() {
   11.911655 |   2)   0.123 us    |                                    preempt_count_add();
   11.911655 |   2)   0.386 us    |                                  }
   11.911655 |   2)               |                                  _raw_spin_unlock() {
   11.911655 |   2)   0.123 us    |                                    preempt_count_sub();
   11.911655 |   2)   0.391 us    |                                  }
   11.911656 |   2)   0.127 us    |                                  preempt_count_sub();
   11.911656 |   2)   1.757 us    |                                }
   11.911656 |   2)   2.034 us    |                              }
   11.911656 |   2)   2.583 us    |                            }
   11.911656 |   2)   2.837 us    |                          }
   11.911656 |   2)   3.089 us    |                        }
   11.911656 |   2)               |                        filemap_add_folio() {
   11.911657 |   2)               |                          __filemap_add_folio() {
   11.911657 |   2)   0.126 us    |                            shmem_mapping();
   11.911657 |   2)               |                            _raw_spin_lock_irq() {
   11.911657 |   2)   0.127 us    |                              preempt_count_add();
   11.911657 |   2)   0.402 us    |                            }
   11.911658 |   2)   0.127 us    |                            workingset_update_node();
   11.911658 |   2)   0.126 us    |                            mod_node_page_state();
   11.911658 |   2)               |                            _raw_spin_unlock_irq() {
   11.911658 |   2)   0.133 us    |                              preempt_count_sub();
   11.911659 |   2)   0.404 us    |                            }
   11.911659 |   2)   2.051 us    |                          }
   11.911659 |   2)               |                          folio_add_lru() {
   11.911659 |   2)               |                            __folio_batch_add_and_move() {
   11.911659 |   2)   0.126 us    |                              preempt_count_add();
   11.911659 |   2)   0.128 us    |                              preempt_count_sub();
   11.911660 |   2)   0.663 us    |                            }
   11.911660 |   2)   0.912 us    |                          }
   11.911660 |   2)   3.386 us    |                        }
   11.911660 |   2)               |                        filemap_alloc_folio_noprof() {
   11.911660 |   2)               |                          folio_alloc_noprof() {
   11.911660 |   2)               |                            alloc_pages_mpol() {
   11.911661 |   2)   0.126 us    |                              policy_nodemask();
   11.911661 |   2)               |                              __alloc_frozen_pages_noprof() {
   11.911661 |   2)               |                                get_page_from_freelist() {
   11.911661 |   2)   0.128 us    |                                  preempt_count_add();
   11.911661 |   2)               |                                  _raw_spin_trylock() {
   11.911662 |   2)   0.124 us    |                                    preempt_count_add();
   11.911662 |   2)   0.390 us    |                                  }
   11.911662 |   2)               |                                  _raw_spin_unlock() {
   11.911662 |   2)   0.127 us    |                                    preempt_count_sub();
   11.911662 |   2)   0.416 us    |                                  }
   11.911662 |   2)   0.128 us    |                                  preempt_count_sub();
   11.911663 |   2)   1.763 us    |                                }
   11.911663 |   2)   2.033 us    |                              }
   11.911663 |   2)   2.589 us    |                            }
   11.911663 |   2)   2.840 us    |                          }
   11.911663 |   2)   3.089 us    |                        }
   11.911663 |   2)               |                        filemap_add_folio() {
   11.911664 |   2)               |                          __filemap_add_folio() {
   11.911664 |   2)   0.124 us    |                            shmem_mapping();
   11.911664 |   2)               |                            _raw_spin_lock_irq() {
   11.911664 |   2)   0.136 us    |                              preempt_count_add();
   11.911665 |   2)   0.468 us    |                            }
   11.911665 |   2)   0.125 us    |                            workingset_update_node();
   11.911665 |   2)   0.130 us    |                            mod_node_page_state();
   11.911665 |   2)               |                            _raw_spin_unlock_irq() {
   11.911665 |   2)   0.138 us    |                              preempt_count_sub();
   11.911666 |   2)   0.413 us    |                            }
   11.911666 |   2)   2.242 us    |                          }
   11.911666 |   2)               |                          folio_add_lru() {
   11.911666 |   2)               |                            __folio_batch_add_and_move() {
   11.911666 |   2)   0.126 us    |                              preempt_count_add();
   11.911667 |   2)   0.126 us    |                              preempt_count_sub();
   11.911667 |   2)   0.736 us    |                            }
   11.911667 |   2)   0.989 us    |                          }
   11.911667 |   2)   3.633 us    |                        }
   11.911667 |   2)               |                        filemap_alloc_folio_noprof() {
   11.911668 |   2)               |                          folio_alloc_noprof() {
   11.911668 |   2)               |                            alloc_pages_mpol() {
   11.911668 |   2)   0.134 us    |                              policy_nodemask();
   11.911668 |   2)               |                              __alloc_frozen_pages_noprof() {
   11.911668 |   2)               |                                get_page_from_freelist() {
   11.911668 |   2)   0.126 us    |                                  preempt_count_add();
   11.911669 |   2)               |                                  _raw_spin_trylock() {
   11.911669 |   2)   0.143 us    |                                    preempt_count_add();
   11.911669 |   2)   0.496 us    |                                  }
   11.911669 |   2)               |                                  _raw_spin_unlock() {
   11.911669 |   2)   0.125 us    |                                    preempt_count_sub();
   11.911670 |   2)   0.413 us    |                                  }
   11.911670 |   2)   0.129 us    |                                  preempt_count_sub();
   11.911670 |   2)   1.884 us    |                                }
   11.911670 |   2)   2.156 us    |                              }
   11.911670 |   2)   2.689 us    |                            }
   11.911671 |   2)   2.971 us    |                          }
   11.911671 |   2)   3.220 us    |                        }
   11.911671 |   2)               |                        filemap_add_folio() {
   11.911671 |   2)               |                          __filemap_add_folio() {
   11.911671 |   2)   0.124 us    |                            shmem_mapping();
   11.911671 |   2)               |                            _raw_spin_lock_irq() {
   11.911671 |   2)   0.126 us    |                              preempt_count_add();
   11.911672 |   2)   0.396 us    |                            }
   11.911672 |   2)   0.127 us    |                            workingset_update_node();
   11.911672 |   2)   0.126 us    |                            mod_node_page_state();
   11.911672 |   2)               |                            _raw_spin_unlock_irq() {
   11.911673 |   2)   0.127 us    |                              preempt_count_sub();
   11.911673 |   2)   0.396 us    |                            }
   11.911673 |   2)   2.092 us    |                          }
   11.911673 |   2)               |                          folio_add_lru() {
   11.911673 |   2)               |                            __folio_batch_add_and_move() {
   11.911673 |   2)   0.127 us    |                              preempt_count_add();
   11.911674 |   2)   0.127 us    |                              preempt_count_sub();
   11.911674 |   2)   0.695 us    |                            }
   11.911674 |   2)   0.945 us    |                          }
   11.911674 |   2)   3.439 us    |                        }
   11.911675 |   2)               |                        filemap_alloc_folio_noprof() {
   11.911675 |   2)               |                          folio_alloc_noprof() {
   11.911675 |   2)               |                            alloc_pages_mpol() {
   11.911675 |   2)   0.126 us    |                              policy_nodemask();
   11.911675 |   2)               |                              __alloc_frozen_pages_noprof() {
   11.911675 |   2)               |                                get_page_from_freelist() {
   11.911675 |   2)   0.127 us    |                                  preempt_count_add();
   11.911676 |   2)               |                                  _raw_spin_trylock() {
   11.911676 |   2)   0.125 us    |                                    preempt_count_add();
   11.911676 |   2)   0.388 us    |                                  }
   11.911676 |   2)               |                                  _raw_spin_unlock() {
   11.911676 |   2)   0.127 us    |                                    preempt_count_sub();
   11.911677 |   2)   0.394 us    |                                  }
   11.911677 |   2)   0.128 us    |                                  preempt_count_sub();
   11.911677 |   2)   1.767 us    |                                }
   11.911677 |   2)   2.040 us    |                              }
   11.911677 |   2)   2.566 us    |                            }
   11.911677 |   2)   2.817 us    |                          }
   11.911678 |   2)   3.064 us    |                        }
   11.911678 |   2)               |                        filemap_add_folio() {
   11.911678 |   2)               |                          __filemap_add_folio() {
   11.911678 |   2)   0.125 us    |                            shmem_mapping();
   11.911678 |   2)               |                            _raw_spin_lock_irq() {
   11.911679 |   2)   0.127 us    |                              preempt_count_add();
   11.911679 |   2)   0.457 us    |                            }
   11.911679 |   2)   0.126 us    |                            workingset_update_node();
   11.911679 |   2)   0.129 us    |                            mod_node_page_state();
   11.911680 |   2)               |                            _raw_spin_unlock_irq() {
   11.911680 |   2)   0.128 us    |                              preempt_count_sub();
   11.911680 |   2)   0.400 us    |                            }
   11.911680 |   2)   2.270 us    |                          }
   11.911680 |   2)               |                          folio_add_lru() {
   11.911680 |   2)               |                            __folio_batch_add_and_move() {
   11.911681 |   2)   0.128 us    |                              preempt_count_add();
   11.911681 |   2)   0.126 us    |                              preempt_count_sub();
   11.911681 |   2)   0.732 us    |                            }
   11.911681 |   2)   0.987 us    |                          }
   11.911681 |   2)   3.657 us    |                        }
   11.911682 |   2)               |                        filemap_alloc_folio_noprof() {
   11.911682 |   2)               |                          folio_alloc_noprof() {
   11.911682 |   2)               |                            alloc_pages_mpol() {
   11.911682 |   2)   0.125 us    |                              policy_nodemask();
   11.911682 |   2)               |                              __alloc_frozen_pages_noprof() {
   11.911683 |   2)               |                                get_page_from_freelist() {
   11.911683 |   2)   0.126 us    |                                  preempt_count_add();
   11.911683 |   2)               |                                  _raw_spin_trylock() {
   11.911683 |   2)   0.130 us    |                                    preempt_count_add();
   11.911683 |   2)   0.468 us    |                                  }
   11.911684 |   2)               |                                  _raw_spin_unlock() {
   11.911684 |   2)   0.125 us    |                                    preempt_count_sub();
   11.911684 |   2)   0.408 us    |                                  }
   11.911684 |   2)   0.127 us    |                                  preempt_count_sub();
   11.911684 |   2)   1.868 us    |                                }
   11.911685 |   2)   2.148 us    |                              }
   11.911685 |   2)   2.682 us    |                            }
   11.911685 |   2)   2.933 us    |                          }
   11.911685 |   2)   3.183 us    |                        }
   11.911685 |   2)               |                        filemap_add_folio() {
   11.911685 |   2)               |                          __filemap_add_folio() {
   11.911685 |   2)   0.126 us    |                            shmem_mapping();
   11.911686 |   2)               |                            _raw_spin_lock_irq() {
   11.911686 |   2)   0.129 us    |                              preempt_count_add();
   11.911686 |   2)   0.401 us    |                            }
   11.911686 |   2)   0.124 us    |                            workingset_update_node();
   11.911686 |   2)   0.125 us    |                            mod_node_page_state();
   11.911687 |   2)               |                            _raw_spin_unlock_irq() {
   11.911687 |   2)   0.129 us    |                              preempt_count_sub();
   11.911687 |   2)   0.398 us    |                            }
   11.911687 |   2)   2.053 us    |                          }
   11.911687 |   2)               |                          folio_add_lru() {
   11.911688 |   2)               |                            __folio_batch_add_and_move() {
   11.911688 |   2)   0.129 us    |                              preempt_count_add();
   11.911688 |   2)   0.126 us    |                              preempt_count_sub();
   11.911688 |   2)   0.664 us    |                            }
   11.911688 |   2)   0.914 us    |                          }
   11.911688 |   2)   3.365 us    |                        }
   11.911689 |   2)               |                        filemap_alloc_folio_noprof() {
   11.911689 |   2)               |                          folio_alloc_noprof() {
   11.911689 |   2)               |                            alloc_pages_mpol() {
   11.911689 |   2)   0.127 us    |                              policy_nodemask();
   11.911689 |   2)               |                              __alloc_frozen_pages_noprof() {
   11.911690 |   2)               |                                get_page_from_freelist() {
   11.911690 |   2)   0.126 us    |                                  preempt_count_add();
   11.911690 |   2)               |                                  _raw_spin_trylock() {
   11.911690 |   2)   0.125 us    |                                    preempt_count_add();
   11.911690 |   2)   0.388 us    |                                  }
   11.911690 |   2)               |                                  _raw_spin_unlock() {
   11.911691 |   2)   0.122 us    |                                    preempt_count_sub();
   11.911691 |   2)   0.390 us    |                                  }
   11.911691 |   2)   0.124 us    |                                  preempt_count_sub();
   11.911691 |   2)   1.736 us    |                                }
   11.911691 |   2)   2.011 us    |                              }
   11.911692 |   2)   2.536 us    |                            }
   11.911692 |   2)   2.787 us    |                          }
   11.911692 |   2)   3.038 us    |                        }
   11.911692 |   2)               |                        filemap_add_folio() {
   11.911692 |   2)               |                          __filemap_add_folio() {
   11.911692 |   2)   0.124 us    |                            shmem_mapping();
   11.911692 |   2)               |                            _raw_spin_lock_irq() {
   11.911693 |   2)   0.202 us    |                              preempt_count_add();
   11.911693 |   2)   0.550 us    |                            }
   11.911693 |   2)   0.124 us    |                            workingset_update_node();
   11.911693 |   2)   0.124 us    |                            mod_node_page_state();
   11.911694 |   2)               |                            _raw_spin_unlock_irq() {
   11.911694 |   2)   0.140 us    |                              preempt_count_sub();
   11.911694 |   2)   0.408 us    |                            }
   11.911694 |   2)   2.237 us    |                          }
   11.911694 |   2)               |                          folio_add_lru() {
   11.911695 |   2)               |                            __folio_batch_add_and_move() {
   11.911695 |   2)   0.138 us    |                              preempt_count_add();
   11.911695 |   2)   0.127 us    |                              preempt_count_sub();
   11.911695 |   2)   0.674 us    |                            }
   11.911695 |   2)   0.922 us    |                          }
   11.911696 |   2)   3.561 us    |                        }
   11.911696 |   2)               |                        filemap_alloc_folio_noprof() {
   11.911696 |   2)               |                          folio_alloc_noprof() {
   11.911696 |   2)               |                            alloc_pages_mpol() {
   11.911696 |   2)   0.138 us    |                              policy_nodemask();
   11.911697 |   2)               |                              __alloc_frozen_pages_noprof() {
   11.911697 |   2)               |                                get_page_from_freelist() {
   11.911697 |   2)   0.130 us    |                                  preempt_count_add();
   11.911697 |   2)               |                                  _raw_spin_trylock() {
   11.911697 |   2)   0.145 us    |                                    preempt_count_add();
   11.911698 |   2)   0.476 us    |                                  }
   11.911698 |   2)               |                                  _raw_spin_unlock() {
   11.911698 |   2)   0.124 us    |                                    preempt_count_sub();
   11.911698 |   2)   0.397 us    |                                  }
   11.911698 |   2)   0.125 us    |                                  preempt_count_sub();
   11.911698 |   2)   1.835 us    |                                }
   11.911699 |   2)   2.104 us    |                              }
   11.911699 |   2)   2.642 us    |                            }
   11.911699 |   2)   2.908 us    |                          }
   11.911699 |   2)   3.158 us    |                        }
   11.911699 |   2)               |                        filemap_add_folio() {
   11.911699 |   2)               |                          __filemap_add_folio() {
   11.911699 |   2)   0.128 us    |                            shmem_mapping();
   11.911700 |   2)               |                            _raw_spin_lock_irq() {
   11.911700 |   2)   0.126 us    |                              preempt_count_add();
   11.911700 |   2)   0.396 us    |                            }
   11.911700 |   2)   0.123 us    |                            workingset_update_node();
   11.911700 |   2)   0.125 us    |                            mod_node_page_state();
   11.911701 |   2)               |                            _raw_spin_unlock_irq() {
   11.911701 |   2)   0.124 us    |                              preempt_count_sub();
   11.911701 |   2)   0.391 us    |                            }
   11.911701 |   2)   2.048 us    |                          }
   11.911701 |   2)               |                          folio_add_lru() {
   11.911702 |   2)               |                            __folio_batch_add_and_move() {
   11.911702 |   2)   0.123 us    |                              preempt_count_add();
   11.911702 |   2)   0.124 us    |                              preempt_count_sub();
   11.911702 |   2)   0.659 us    |                            }
   11.911702 |   2)   0.908 us    |                          }
   11.911703 |   2)   3.355 us    |                        }
   11.911703 |   2)               |                        filemap_alloc_folio_noprof() {
   11.911703 |   2)               |                          folio_alloc_noprof() {
   11.911703 |   2)               |                            alloc_pages_mpol() {
   11.911703 |   2)   0.124 us    |                              policy_nodemask();
   11.911703 |   2)               |                              __alloc_frozen_pages_noprof() {
   11.911704 |   2)               |                                get_page_from_freelist() {
   11.911704 |   2)   0.125 us    |                                  preempt_count_add();
   11.911704 |   2)               |                                  _raw_spin_trylock() {
   11.911704 |   2)   0.123 us    |                                    preempt_count_add();
   11.911704 |   2)   0.387 us    |                                  }
   11.911705 |   2)               |                                  _raw_spin_unlock() {
   11.911705 |   2)   0.122 us    |                                    preempt_count_sub();
   11.911705 |   2)   0.387 us    |                                  }
   11.911705 |   2)   0.125 us    |                                  preempt_count_sub();
   11.911705 |   2)   1.728 us    |                                }
   11.911705 |   2)   1.993 us    |                              }
   11.911706 |   2)   2.516 us    |                            }
   11.911706 |   2)   2.765 us    |                          }
   11.911706 |   2)   3.015 us    |                        }
   11.911706 |   2)               |                        filemap_add_folio() {
   11.911706 |   2)               |                          __filemap_add_folio() {
   11.911706 |   2)   0.124 us    |                            shmem_mapping();
   11.911706 |   2)               |                            _raw_spin_lock_irq() {
   11.911707 |   2)   0.127 us    |                              preempt_count_add();
   11.911707 |   2)   0.398 us    |                            }
   11.911707 |   2)   0.123 us    |                            workingset_update_node();
   11.911707 |   2)   0.129 us    |                            mod_node_page_state();
   11.911708 |   2)               |                            _raw_spin_unlock_irq() {
   11.911708 |   2)   0.125 us    |                              preempt_count_sub();
   11.911708 |   2)   0.395 us    |                            }
   11.911708 |   2)   2.105 us    |                          }
   11.911708 |   2)               |                          folio_add_lru() {
   11.911708 |   2)               |                            __folio_batch_add_and_move() {
   11.911709 |   2)   0.125 us    |                              preempt_count_add();
   11.911709 |   2)   0.125 us    |                              preempt_count_sub();
   11.911709 |   2)   0.683 us    |                            }
   11.911709 |   2)   0.932 us    |                          }
   11.911709 |   2)   3.436 us    |                        }
   11.911710 |   2)               |                        filemap_alloc_folio_noprof() {
   11.911710 |   2)               |                          folio_alloc_noprof() {
   11.911710 |   2)               |                            alloc_pages_mpol() {
   11.911710 |   2)   0.128 us    |                              policy_nodemask();
   11.911710 |   2)               |                              __alloc_frozen_pages_noprof() {
   11.911711 |   2)               |                                get_page_from_freelist() {
   11.911711 |   2)   0.131 us    |                                  preempt_count_add();
   11.911711 |   2)               |                                  _raw_spin_trylock() {
   11.911711 |   2)   0.123 us    |                                    preempt_count_add();
   11.911711 |   2)   0.485 us    |                                  }
   11.911712 |   2)               |                                  _raw_spin_unlock() {
   11.911712 |   2)   0.137 us    |                                    preempt_count_sub();
   11.911712 |   2)   0.399 us    |                                  }
   11.911712 |   2)   0.126 us    |                                  preempt_count_sub();
   11.911712 |   2)   1.878 us    |                                }
   11.911713 |   2)   2.155 us    |                              }
   11.911713 |   2)   2.685 us    |                            }
   11.911713 |   2)   2.958 us    |                          }
   11.911713 |   2)   3.207 us    |                        }
   11.911713 |   2)               |                        filemap_add_folio() {
   11.911713 |   2)               |                          __filemap_add_folio() {
   11.911713 |   2)   0.123 us    |                            shmem_mapping();
   11.911714 |   2)               |                            _raw_spin_lock_irq() {
   11.911714 |   2)   0.126 us    |                              preempt_count_add();
   11.911714 |   2)   0.400 us    |                            }
   11.911714 |   2)   0.125 us    |                            workingset_update_node();
   11.911714 |   2)   0.124 us    |                            mod_node_page_state();
   11.911715 |   2)               |                            _raw_spin_unlock_irq() {
   11.911715 |   2)   0.126 us    |                              preempt_count_sub();
   11.911715 |   2)   0.396 us    |                            }
   11.911715 |   2)   2.056 us    |                          }
   11.911715 |   2)               |                          folio_add_lru() {
   11.911716 |   2)               |                            __folio_batch_add_and_move() {
   11.911716 |   2)   0.125 us    |                              preempt_count_add();
   11.911716 |   2)   0.125 us    |                              preempt_count_sub();
   11.911716 |   2)   0.658 us    |                            }
   11.911716 |   2)   0.907 us    |                          }
   11.911717 |   2)   3.367 us    |                        }
   11.911717 |   2)               |                        filemap_alloc_folio_noprof() {
   11.911717 |   2)               |                          folio_alloc_noprof() {
   11.911717 |   2)               |                            alloc_pages_mpol() {
   11.911717 |   2)   0.124 us    |                              policy_nodemask();
   11.911717 |   2)               |                              __alloc_frozen_pages_noprof() {
   11.911718 |   2)               |                                get_page_from_freelist() {
   11.911718 |   2)   0.123 us    |                                  preempt_count_add();
   11.911718 |   2)               |                                  _raw_spin_trylock() {
   11.911718 |   2)   0.124 us    |                                    preempt_count_add();
   11.911718 |   2)   0.388 us    |                                  }
   11.911719 |   2)               |                                  _raw_spin_unlock() {
   11.911719 |   2)   0.123 us    |                                    preempt_count_sub();
   11.911719 |   2)   0.386 us    |                                  }
   11.911719 |   2)   0.126 us    |                                  preempt_count_sub();
   11.911719 |   2)   1.749 us    |                                }
   11.911719 |   2)   2.018 us    |                              }
   11.911720 |   2)   2.540 us    |                            }
   11.911720 |   2)   2.790 us    |                          }
   11.911720 |   2)   3.039 us    |                        }
   11.911720 |   2)               |                        filemap_add_folio() {
   11.911720 |   2)               |                          __filemap_add_folio() {
   11.911720 |   2)   0.125 us    |                            shmem_mapping();
   11.911721 |   2)               |                            _raw_spin_lock_irq() {
   11.911721 |   2)   0.126 us    |                              preempt_count_add();
   11.911721 |   2)   0.413 us    |                            }
   11.911721 |   2)   0.125 us    |                            workingset_update_node();
   11.911721 |   2)   0.130 us    |                            mod_node_page_state();
   11.911722 |   2)               |                            _raw_spin_unlock_irq() {
   11.911722 |   2)   0.125 us    |                              preempt_count_sub();
   11.911722 |   2)   0.393 us    |                            }
   11.911722 |   2)   2.126 us    |                          }
   11.911722 |   2)               |                          folio_add_lru() {
   11.911723 |   2)               |                            __folio_batch_add_and_move() {
   11.911723 |   2)   0.124 us    |                              preempt_count_add();
   11.911723 |   2)   0.130 us    |                              preempt_count_sub();
   11.911723 |   2)   0.690 us    |                            }
   11.911723 |   2)   0.936 us    |                          }
   11.911724 |   2)   3.482 us    |                        }
   11.911724 |   2)               |                        filemap_alloc_folio_noprof() {
   11.911724 |   2)               |                          folio_alloc_noprof() {
   11.911724 |   2)               |                            alloc_pages_mpol() {
   11.911724 |   2)   0.123 us    |                              policy_nodemask();
   11.911724 |   2)               |                              __alloc_frozen_pages_noprof() {
   11.911725 |   2)               |                                get_page_from_freelist() {
   11.911725 |   2)   0.125 us    |                                  preempt_count_add();
   11.911725 |   2)               |                                  _raw_spin_trylock() {
   11.911725 |   2)   0.127 us    |                                    preempt_count_add();
   11.911725 |   2)   0.446 us    |                                  }
   11.911726 |   2)               |                                  _raw_spin_unlock() {
   11.911726 |   2)   0.142 us    |                                    preempt_count_sub();
   11.911726 |   2)   0.412 us    |                                  }
   11.911726 |   2)   0.126 us    |                                  preempt_count_sub();
   11.911726 |   2)   1.823 us    |                                }
   11.911727 |   2)   2.089 us    |                              }
   11.911727 |   2)   2.630 us    |                            }
   11.911727 |   2)   2.878 us    |                          }
   11.911727 |   2)   3.127 us    |                        }
   11.911727 |   2)               |                        filemap_add_folio() {
   11.911727 |   2)               |                          __filemap_add_folio() {
   11.911727 |   2)   0.123 us    |                            shmem_mapping();
   11.911728 |   2)               |                            _raw_spin_lock_irq() {
   11.911728 |   2)   0.126 us    |                              preempt_count_add();
   11.911728 |   2)   0.396 us    |                            }
   11.911728 |   2)   0.124 us    |                            workingset_update_node();
   11.911728 |   2)   0.124 us    |                            mod_node_page_state();
   11.911729 |   2)               |                            _raw_spin_unlock_irq() {
   11.911729 |   2)   0.126 us    |                              preempt_count_sub();
   11.911729 |   2)   0.394 us    |                            }
   11.911729 |   2)   2.047 us    |                          }
   11.911729 |   2)               |                          folio_add_lru() {
   11.911730 |   2)               |                            __folio_batch_add_and_move() {
   11.911730 |   2)   0.123 us    |                              preempt_count_add();
   11.911730 |   2)   0.126 us    |                              preempt_count_sub();
   11.911730 |   2)   0.660 us    |                            }
   11.911730 |   2)   0.905 us    |                          }
   11.911730 |   2)   3.353 us    |                        }
   11.911731 |   2)               |                        filemap_alloc_folio_noprof() {
   11.911731 |   2)               |                          folio_alloc_noprof() {
   11.911731 |   2)               |                            alloc_pages_mpol() {
   11.911731 |   2)   0.125 us    |                              policy_nodemask();
   11.911731 |   2)               |                              __alloc_frozen_pages_noprof() {
   11.911732 |   2)               |                                get_page_from_freelist() {
   11.911732 |   2)   0.127 us    |                                  preempt_count_add();
   11.911732 |   2)               |                                  _raw_spin_trylock() {
   11.911732 |   2)   0.123 us    |                                    preempt_count_add();
   11.911732 |   2)   0.386 us    |                                  }
   11.911733 |   2)               |                                  _raw_spin_unlock() {
   11.911733 |   2)   0.123 us    |                                    preempt_count_sub();
   11.911733 |   2)   0.386 us    |                                  }
   11.911733 |   2)   0.126 us    |                                  preempt_count_sub();
   11.911733 |   2)   1.748 us    |                                }
   11.911733 |   2)   2.017 us    |                              }
   11.911734 |   2)   2.564 us    |                            }
   11.911734 |   2)   2.816 us    |                          }
   11.911734 |   2)   3.067 us    |                        }
   11.911734 |   2)               |                        filemap_add_folio() {
   11.911734 |   2)               |                          __filemap_add_folio() {
   11.911734 |   2)   0.124 us    |                            shmem_mapping();
   11.911735 |   2)               |                            _raw_spin_lock_irq() {
   11.911735 |   2)   0.126 us    |                              preempt_count_add();
   11.911735 |   2)   0.396 us    |                            }
   11.911735 |   2)   0.124 us    |                            workingset_update_node();
   11.911735 |   2)   0.124 us    |                            mod_node_page_state();
   11.911736 |   2)               |                            _raw_spin_unlock_irq() {
   11.911736 |   2)   0.130 us    |                              preempt_count_sub();
   11.911736 |   2)   0.403 us    |                            }
   11.911736 |   2)   2.156 us    |                          }
   11.911736 |   2)               |                          folio_add_lru() {
   11.911737 |   2)               |                            __folio_batch_add_and_move() {
   11.911737 |   2)   0.127 us    |                              preempt_count_add();
   11.911737 |   2)   0.128 us    |                              preempt_count_sub();
   11.911737 |   2)   0.733 us    |                            }
   11.911737 |   2)   0.980 us    |                          }
   11.911738 |   2)   3.538 us    |                        }
   11.911738 |   2)               |                        filemap_alloc_folio_noprof() {
   11.911738 |   2)               |                          folio_alloc_noprof() {
   11.911738 |   2)               |                            alloc_pages_mpol() {
   11.911738 |   2)   0.124 us    |                              policy_nodemask();
   11.911739 |   2)               |                              __alloc_frozen_pages_noprof() {
   11.911739 |   2)               |                                get_page_from_freelist() {
   11.911739 |   2)   0.124 us    |                                  preempt_count_add();
   11.911739 |   2)               |                                  _raw_spin_trylock() {
   11.911739 |   2)   0.139 us    |                                    preempt_count_add();
   11.911740 |   2)   0.469 us    |                                  }
   11.911740 |   2)               |                                  _raw_spin_unlock() {
   11.911740 |   2)   0.123 us    |                                    preempt_count_sub();
   11.911740 |   2)   0.394 us    |                                  }
   11.911740 |   2)   0.125 us    |                                  preempt_count_sub();
   11.911741 |   2)   1.851 us    |                                }
   11.911741 |   2)   2.125 us    |                              }
   11.911741 |   2)   2.661 us    |                            }
   11.911741 |   2)   2.913 us    |                          }
   11.911741 |   2)   3.164 us    |                        }
   11.911741 |   2)               |                        filemap_add_folio() {
   11.911741 |   2)               |                          __filemap_add_folio() {
   11.911741 |   2)   0.125 us    |                            shmem_mapping();
   11.911742 |   2)               |                            _raw_spin_lock_irq() {
   11.911742 |   2)   0.127 us    |                              preempt_count_add();
   11.911742 |   2)   0.398 us    |                            }
   11.911742 |   2)   0.123 us    |                            workingset_update_node();
   11.911743 |   2)   0.125 us    |                            mod_node_page_state();
   11.911743 |   2)               |                            _raw_spin_unlock_irq() {
   11.911743 |   2)   0.127 us    |                              preempt_count_sub();
   11.911743 |   2)   0.406 us    |                            }
   11.911743 |   2)   2.047 us    |                          }
   11.911744 |   2)               |                          folio_add_lru() {
   11.911744 |   2)               |                            __folio_batch_add_and_move() {
   11.911744 |   2)   0.123 us    |                              preempt_count_add();
   11.911744 |   2)   0.125 us    |                              preempt_count_sub();
   11.911744 |   2)   0.658 us    |                            }
   11.911744 |   2)   0.903 us    |                          }
   11.911745 |   2)   3.373 us    |                        }
   11.911745 |   2)               |                        filemap_alloc_folio_noprof() {
   11.911745 |   2)               |                          folio_alloc_noprof() {
   11.911745 |   2)               |                            alloc_pages_mpol() {
   11.911745 |   2)   0.122 us    |                              policy_nodemask();
   11.911746 |   2)               |                              __alloc_frozen_pages_noprof() {
   11.911746 |   2)               |                                get_page_from_freelist() {
   11.911746 |   2)   0.124 us    |                                  preempt_count_add();
   11.911746 |   2)               |                                  _raw_spin_trylock() {
   11.911746 |   2)   0.128 us    |                                    preempt_count_add();
   11.911746 |   2)   0.393 us    |                                  }
   11.911747 |   2)               |                                  _raw_spin_unlock() {
   11.911747 |   2)   0.122 us    |                                    preempt_count_sub();
   11.911747 |   2)   0.386 us    |                                  }
   11.911747 |   2)   0.125 us    |                                  preempt_count_sub();
   11.911747 |   2)   1.730 us    |                                }
   11.911748 |   2)   1.999 us    |                              }
   11.911748 |   2)   2.522 us    |                            }
   11.911748 |   2)   2.769 us    |                          }
   11.911748 |   2)   3.019 us    |                        }
   11.911748 |   2)               |                        filemap_add_folio() {
   11.911748 |   2)               |                          __filemap_add_folio() {
   11.911748 |   2)   0.123 us    |                            shmem_mapping();
   11.911749 |   2)               |                            _raw_spin_lock_irq() {
   11.911749 |   2)   0.125 us    |                              preempt_count_add();
   11.911749 |   2)   0.398 us    |                            }
   11.911749 |   2)   0.126 us    |                            workingset_update_node();
   11.911749 |   2)   0.123 us    |                            mod_node_page_state();
   11.911750 |   2)               |                            _raw_spin_unlock_irq() {
   11.911750 |   2)   0.212 us    |                              preempt_count_sub();
   11.911750 |   2)   0.480 us    |                            }
   11.911750 |   2)   2.131 us    |                          }
   11.911750 |   2)               |                          folio_add_lru() {
   11.911751 |   2)               |                            __folio_batch_add_and_move() {
   11.911751 |   2)   0.123 us    |                              preempt_count_add();
   11.911751 |   2)   0.125 us    |                              preempt_count_sub();
   11.911751 |   2)   0.658 us    |                            }
   11.911751 |   2)   0.914 us    |                          }
   11.911752 |   2)   3.466 us    |                        }
   11.911752 |   2)               |                        filemap_alloc_folio_noprof() {
   11.911752 |   2)               |                          folio_alloc_noprof() {
   11.911752 |   2)               |                            alloc_pages_mpol() {
   11.911752 |   2)   0.136 us    |                              policy_nodemask();
   11.911753 |   2)               |                              __alloc_frozen_pages_noprof() {
   11.911753 |   2)               |                                get_page_from_freelist() {
   11.911753 |   2)   0.135 us    |                                  preempt_count_add();
   11.911753 |   2)               |                                  _raw_spin_trylock() {
   11.911753 |   2)   0.144 us    |                                    preempt_count_add();
   11.911754 |   2)   0.469 us    |                                  }
   11.911754 |   2)               |                                  _raw_spin_unlock() {
   11.911754 |   2)   0.125 us    |                                    preempt_count_sub();
   11.911754 |   2)   0.394 us    |                                  }
   11.911754 |   2)   0.125 us    |                                  preempt_count_sub();
   11.911755 |   2)   1.847 us    |                                }
   11.911755 |   2)   2.117 us    |                              }
   11.911755 |   2)   2.650 us    |                            }
   11.911755 |   2)   2.918 us    |                          }
   11.911755 |   2)   3.165 us    |                        }
   11.911755 |   2)               |                        filemap_add_folio() {
   11.911755 |   2)               |                          __filemap_add_folio() {
   11.911755 |   2)   0.124 us    |                            shmem_mapping();
   11.911756 |   2)               |                            _raw_spin_lock_irq() {
   11.911756 |   2)   0.127 us    |                              preempt_count_add();
   11.911756 |   2)   0.398 us    |                            }
   11.911756 |   2)   0.123 us    |                            workingset_update_node();
   11.911757 |   2)   0.126 us    |                            mod_node_page_state();
   11.911757 |   2)               |                            _raw_spin_unlock_irq() {
   11.911757 |   2)   0.141 us    |                              preempt_count_sub();
   11.911757 |   2)   0.408 us    |                            }
   11.911757 |   2)   2.073 us    |                          }
   11.911758 |   2)               |                          folio_add_lru() {
   11.911758 |   2)               |                            __folio_batch_add_and_move() {
   11.911758 |   2)   0.124 us    |                              preempt_count_add();
   11.911758 |   2)   0.124 us    |                              preempt_count_sub();
   11.911758 |   2)   0.655 us    |                            }
   11.911758 |   2)   0.902 us    |                          }
   11.911759 |   2)   3.393 us    |                        }
   11.911759 |   2)               |                        filemap_alloc_folio_noprof() {
   11.911759 |   2)               |                          folio_alloc_noprof() {
   11.911759 |   2)               |                            alloc_pages_mpol() {
   11.911759 |   2)   0.124 us    |                              policy_nodemask();
   11.911760 |   2)               |                              __alloc_frozen_pages_noprof() {
   11.911760 |   2)               |                                get_page_from_freelist() {
   11.911760 |   2)   0.122 us    |                                  preempt_count_add();
   11.911760 |   2)               |                                  _raw_spin_trylock() {
   11.911760 |   2)   0.121 us    |                                    preempt_count_add();
   11.911760 |   2)   0.385 us    |                                  }
   11.911761 |   2)               |                                  _raw_spin_unlock() {
   11.911761 |   2)   0.124 us    |                                    preempt_count_sub();
   11.911761 |   2)   0.386 us    |                                  }
   11.911761 |   2)   0.125 us    |                                  preempt_count_sub();
   11.911761 |   2)   1.741 us    |                                }
   11.911762 |   2)   2.007 us    |                              }
   11.911762 |   2)   2.554 us    |                            }
   11.911762 |   2)   2.805 us    |                          }
   11.911762 |   2)   3.057 us    |                        }
   11.911762 |   2)               |                        filemap_add_folio() {
   11.911762 |   2)               |                          __filemap_add_folio() {
   11.911762 |   2)   0.121 us    |                            shmem_mapping();
   11.911763 |   2)               |                            _raw_spin_lock_irq() {
   11.911763 |   2)   0.124 us    |                              preempt_count_add();
   11.911763 |   2)   0.395 us    |                            }
   11.911763 |   2)   0.124 us    |                            workingset_update_node();
   11.911763 |   2)   0.125 us    |                            mod_node_page_state();
   11.911764 |   2)               |                            _raw_spin_unlock_irq() {
   11.911764 |   2)   0.126 us    |                              preempt_count_sub();
   11.911764 |   2)   0.397 us    |                            }
   11.911764 |   2)   2.263 us    |                          }
   11.911765 |   2)               |                          folio_add_lru() {
   11.911765 |   2)               |                            __folio_batch_add_and_move() {
   11.911765 |   2)   0.124 us    |                              preempt_count_add();
   11.911765 |   2)   0.127 us    |                              preempt_count_sub();
   11.911765 |   2)   0.708 us    |                            }
   11.911766 |   2)   0.956 us    |                          }
   11.911766 |   2)   3.640 us    |                        }
   11.911766 |   2)               |                        filemap_alloc_folio_noprof() {
   11.911766 |   2)               |                          folio_alloc_noprof() {
   11.911766 |   2)               |                            alloc_pages_mpol() {
   11.911766 |   2)   0.124 us    |                              policy_nodemask();
   11.911767 |   2)               |                              __alloc_frozen_pages_noprof() {
   11.911767 |   2)               |                                get_page_from_freelist() {
   11.911767 |   2)   0.143 us    |                                  preempt_count_add();
   11.911767 |   2)               |                                  _raw_spin_trylock() {
   11.911767 |   2)   0.122 us    |                                    preempt_count_add();
   11.911768 |   2)   0.469 us    |                                  }
   11.911768 |   2)               |                                  _raw_spin_unlock() {
   11.911768 |   2)   0.141 us    |                                    preempt_count_sub();
   11.911768 |   2)   0.405 us    |                                  }
   11.911768 |   2)   0.130 us    |                                  preempt_count_sub();
   11.911769 |   2)   1.871 us    |                                }
   11.911769 |   2)   2.142 us    |                              }
   11.911769 |   2)   2.666 us    |                            }
   11.911769 |   2)   2.931 us    |                          }
   11.911769 |   2)   3.180 us    |                        }
   11.911769 |   2)               |                        filemap_add_folio() {
   11.911770 |   2)               |                          __filemap_add_folio() {
   11.911770 |   2)   0.122 us    |                            shmem_mapping();
   11.911770 |   2)               |                            _raw_spin_lock_irq() {
   11.911770 |   2)   0.123 us    |                              preempt_count_add();
   11.911770 |   2)   0.397 us    |                            }
   11.911771 |   2)   0.125 us    |                            workingset_update_node();
   11.911771 |   2)   0.124 us    |                            mod_node_page_state();
   11.911771 |   2)               |                            _raw_spin_unlock_irq() {
   11.911771 |   2)   0.125 us    |                              preempt_count_sub();
   11.911771 |   2)   0.396 us    |                            }
   11.911772 |   2)   2.083 us    |                          }
   11.911772 |   2)               |                          folio_add_lru() {
   11.911772 |   2)               |                            __folio_batch_add_and_move() {
   11.911772 |   2)   0.124 us    |                              preempt_count_add();
   11.911772 |   2)   0.124 us    |                              preempt_count_sub();
   11.911773 |   2)   0.684 us    |                            }
   11.911773 |   2)   0.931 us    |                          }
   11.911773 |   2)   3.444 us    |                        }
   11.911773 |   2)               |                        filemap_alloc_folio_noprof() {
   11.911773 |   2)               |                          folio_alloc_noprof() {
   11.911773 |   2)               |                            alloc_pages_mpol() {
   11.911774 |   2)   0.124 us    |                              policy_nodemask();
   11.911774 |   2)               |                              __alloc_frozen_pages_noprof() {
   11.911774 |   2)               |                                get_page_from_freelist() {
   11.911774 |   2)   0.124 us    |                                  preempt_count_add();
   11.911774 |   2)               |                                  _raw_spin_trylock() {
   11.911774 |   2)   0.123 us    |                                    preempt_count_add();
   11.911775 |   2)   0.388 us    |                                  }
   11.911775 |   2)               |                                  _raw_spin_unlock() {
   11.911775 |   2)   0.124 us    |                                    preempt_count_sub();
   11.911775 |   2)   0.387 us    |                                  }
   11.911775 |   2)   0.126 us    |                                  preempt_count_sub();
   11.911776 |   2)   1.777 us    |                                }
   11.911776 |   2)   2.039 us    |                              }
   11.911776 |   2)   2.564 us    |                            }
   11.911776 |   2)   2.816 us    |                          }
   11.911776 |   2)   3.069 us    |                        }
   11.911776 |   2)               |                        filemap_add_folio() {
   11.911777 |   2)               |                          __filemap_add_folio() {
   11.911777 |   2)   0.123 us    |                            shmem_mapping();
   11.911777 |   2)               |                            _raw_spin_lock_irq() {
   11.911777 |   2)   0.125 us    |                              preempt_count_add();
   11.911777 |   2)   0.401 us    |                            }
   11.911778 |   2)   0.125 us    |                            workingset_update_node();
   11.911778 |   2)   0.161 us    |                            mod_node_page_state();
   11.911778 |   2)               |                            _raw_spin_unlock_irq() {
   11.911778 |   2)   0.126 us    |                              preempt_count_sub();
   11.911778 |   2)   0.393 us    |                            }
   11.911779 |   2)   2.086 us    |                          }
   11.911779 |   2)               |                          folio_add_lru() {
   11.911779 |   2)               |                            __folio_batch_add_and_move() {
   11.911779 |   2)   0.126 us    |                              preempt_count_add();
   11.911779 |   2)   0.131 us    |                              preempt_count_sub();
   11.911780 |   2)   0.663 us    |                            }
   11.911780 |   2)   0.915 us    |                          }
   11.911780 |   2)   3.507 us    |                        }
   11.911780 |   2)               |                        filemap_alloc_folio_noprof() {
   11.911780 |   2)               |                          folio_alloc_noprof() {
   11.911780 |   2)               |                            alloc_pages_mpol() {
   11.911781 |   2)   0.136 us    |                              policy_nodemask();
   11.911781 |   2)               |                              __alloc_frozen_pages_noprof() {
   11.911781 |   2)               |                                get_page_from_freelist() {
   11.911781 |   2)   0.149 us    |                                  preempt_count_add();
   11.911781 |   2)               |                                  _raw_spin_trylock() {
   11.911782 |   2)   0.129 us    |                                    preempt_count_add();
   11.911782 |   2)   0.462 us    |                                  }
   11.911782 |   2)               |                                  _raw_spin_unlock() {
   11.911782 |   2)   0.122 us    |                                    preempt_count_sub();
   11.911782 |   2)   0.394 us    |                                  }
   11.911783 |   2)   0.127 us    |                                  preempt_count_sub();
   11.911783 |   2)   1.850 us    |                                }
   11.911783 |   2)   2.119 us    |                              }
   11.911783 |   2)   2.655 us    |                            }
   11.911783 |   2)   2.924 us    |                          }
   11.911783 |   2)   3.173 us    |                        }
   11.911784 |   2)               |                        filemap_add_folio() {
   11.911784 |   2)               |                          __filemap_add_folio() {
   11.911784 |   2)   0.125 us    |                            shmem_mapping();
   11.911784 |   2)               |                            _raw_spin_lock_irq() {
   11.911784 |   2)   0.126 us    |                              preempt_count_add();
   11.911784 |   2)   0.398 us    |                            }
   11.911785 |   2)   0.124 us    |                            workingset_update_node();
   11.911785 |   2)   0.142 us    |                            mod_node_page_state();
   11.911785 |   2)               |                            _raw_spin_unlock_irq() {
   11.911785 |   2)   0.124 us    |                              preempt_count_sub();
   11.911786 |   2)   0.391 us    |                            }
   11.911786 |   2)   2.035 us    |                          }
   11.911786 |   2)               |                          folio_add_lru() {
   11.911786 |   2)               |                            __folio_batch_add_and_move() {
   11.911786 |   2)   0.123 us    |                              preempt_count_add();
   11.911786 |   2)   0.126 us    |                              preempt_count_sub();
   11.911787 |   2)   0.680 us    |                            }
   11.911787 |   2)   0.927 us    |                          }
   11.911787 |   2)   3.397 us    |                        }
   11.911787 |   2)               |                        filemap_alloc_folio_noprof() {
   11.911787 |   2)               |                          folio_alloc_noprof() {
   11.911788 |   2)               |                            alloc_pages_mpol() {
   11.911788 |   2)   0.124 us    |                              policy_nodemask();
   11.911788 |   2)               |                              __alloc_frozen_pages_noprof() {
   11.911788 |   2)               |                                get_page_from_freelist() {
   11.911788 |   2)   0.126 us    |                                  preempt_count_add();
   11.911788 |   2)               |                                  _raw_spin_trylock() {
   11.911789 |   2)   0.123 us    |                                    preempt_count_add();
   11.911789 |   2)   0.387 us    |                                  }
   11.911789 |   2)               |                                  _raw_spin_unlock() {
   11.911789 |   2)   0.124 us    |                                    preempt_count_sub();
   11.911789 |   2)   0.386 us    |                                  }
   11.911790 |   2)   0.126 us    |                                  preempt_count_sub();
   11.911790 |   2)   1.772 us    |                                }
   11.911790 |   2)   2.040 us    |                              }
   11.911790 |   2)   2.562 us    |                            }
   11.911790 |   2)   2.812 us    |                          }
   11.911790 |   2)   3.061 us    |                        }
   11.911790 |   2)               |                        filemap_add_folio() {
   11.911791 |   2)               |                          __filemap_add_folio() {
   11.911791 |   2)   0.122 us    |                            shmem_mapping();
   11.911791 |   2)               |                            _raw_spin_lock_irq() {
   11.911791 |   2)   0.124 us    |                              preempt_count_add();
   11.911791 |   2)   0.398 us    |                            }
   11.911792 |   2)   0.123 us    |                            workingset_update_node();
   11.911792 |   2)   0.125 us    |                            mod_node_page_state();
   11.911792 |   2)               |                            _raw_spin_unlock_irq() {
   11.911792 |   2)   0.125 us    |                              preempt_count_sub();
   11.911793 |   2)   0.392 us    |                            }
   11.911793 |   2)   2.077 us    |                          }
   11.911793 |   2)               |                          folio_add_lru() {
   11.911793 |   2)               |                            __folio_batch_add_and_move() {
   11.911793 |   2)   0.127 us    |                              preempt_count_add();
   11.911793 |   2)   0.125 us    |                              preempt_count_sub();
   11.911794 |   2)   0.752 us    |                            }
   11.911794 |   2)   1.002 us    |                          }
   11.911794 |   2)   3.504 us    |                        }
   11.911794 |   2)               |                        filemap_alloc_folio_noprof() {
   11.911795 |   2)               |                          folio_alloc_noprof() {
   11.911795 |   2)               |                            alloc_pages_mpol() {
   11.911795 |   2)   0.124 us    |                              policy_nodemask();
   11.911795 |   2)               |                              __alloc_frozen_pages_noprof() {
   11.911795 |   2)               |                                get_page_from_freelist() {
   11.911795 |   2)   0.137 us    |                                  preempt_count_add();
   11.911796 |   2)               |                                  _raw_spin_trylock() {
   11.911796 |   2)   0.124 us    |                                    preempt_count_add();
   11.911796 |   2)   0.394 us    |                                  }
   11.911796 |   2)               |                                  _raw_spin_unlock() {
   11.911796 |   2)   0.137 us    |                                    preempt_count_sub();
   11.911797 |   2)   0.400 us    |                                  }
   11.911797 |   2)   0.128 us    |                                  preempt_count_sub();
   11.911797 |   2)   1.814 us    |                                }
   11.911797 |   2)   2.093 us    |                              }
   11.911797 |   2)   2.615 us    |                            }
   11.911797 |   2)   2.892 us    |                          }
   11.911798 |   2)   3.142 us    |                        }
   11.911798 |   2)               |                        filemap_add_folio() {
   11.911798 |   2)               |                          __filemap_add_folio() {
   11.911798 |   2)   0.124 us    |                            shmem_mapping();
   11.911798 |   2)               |                            _raw_spin_lock_irq() {
   11.911798 |   2)   0.150 us    |                              preempt_count_add();
   11.911799 |   2)   0.478 us    |                            }
   11.911799 |   2)   0.121 us    |                            workingset_update_node();
   11.911799 |   2)   0.125 us    |                            mod_node_page_state();
   11.911799 |   2)               |                            _raw_spin_unlock_irq() {
   11.911799 |   2)   0.126 us    |                              preempt_count_sub();
   11.911800 |   2)   0.396 us    |                            }
   11.911800 |   2)   2.100 us    |                          }
   11.911800 |   2)               |                          folio_add_lru() {
   11.911800 |   2)               |                            __folio_batch_add_and_move() {
   11.911800 |   2)   0.124 us    |                              preempt_count_add();
   11.911801 |   2)               |                              folio_batch_move_lru() {
   11.911801 |   2)               |                                _raw_spin_lock_irqsave() {
   11.911801 |   2)   0.131 us    |                                  preempt_count_add();
   11.911801 |   2)   0.407 us    |                                }
   11.911801 |   2)               |                                lru_add() {
   11.911802 |   2)   0.123 us    |                                  folio_mapping();
   11.911802 |   2)   0.127 us    |                                  mod_node_page_state();
   11.911802 |   2)   0.123 us    |                                  __mod_zone_page_state();
   11.911803 |   2)   1.143 us    |                                }
   11.911803 |   2)               |                                lru_add() {
   11.911803 |   2)   0.124 us    |                                  folio_mapping();
   11.911803 |   2)   0.125 us    |                                  mod_node_page_state();
   11.911804 |   2)   0.125 us    |                                  __mod_zone_page_state();
   11.911804 |   2)   1.108 us    |                                }
   11.911804 |   2)               |                                lru_add() {
   11.911804 |   2)   0.126 us    |                                  folio_mapping();
   11.911805 |   2)   0.127 us    |                                  mod_node_page_state();
   11.911805 |   2)   0.125 us    |                                  __mod_zone_page_state();
   11.911805 |   2)   1.124 us    |                                }
   11.911805 |   2)               |                                lru_add() {
   11.911806 |   2)   0.126 us    |                                  folio_mapping();
   11.911806 |   2)   0.127 us    |                                  mod_node_page_state();
   11.911806 |   2)   0.124 us    |                                  __mod_zone_page_state();
   11.911806 |   2)   1.124 us    |                                }
   11.911807 |   2)               |                                lru_add() {
   11.911807 |   2)   0.125 us    |                                  folio_mapping();
   11.911807 |   2)   0.125 us    |                                  mod_node_page_state();
   11.911807 |   2)   0.124 us    |                                  __mod_zone_page_state();
   11.911808 |   2)   1.102 us    |                                }
   11.911808 |   2)               |                                lru_add() {
   11.911808 |   2)   0.125 us    |                                  folio_mapping();
   11.911808 |   2)   0.124 us    |                                  mod_node_page_state();
   11.911809 |   2)   0.139 us    |                                  __mod_zone_page_state();
   11.911809 |   2)   1.194 us    |                                }
   11.911809 |   2)               |                                lru_add() {
   11.911809 |   2)   0.125 us    |                                  folio_mapping();
   11.911810 |   2)   0.123 us    |                                  mod_node_page_state();
   11.911810 |   2)   0.126 us    |                                  __mod_zone_page_state();
   11.911810 |   2)   1.135 us    |                                }
   11.911811 |   2)               |                                lru_add() {
   11.911811 |   2)   0.126 us    |                                  folio_mapping();
   11.911811 |   2)   0.125 us    |                                  mod_node_page_state();
   11.911812 |   2)   0.127 us    |                                  __mod_zone_page_state();
   11.911812 |   2)   1.127 us    |                                }
   11.911812 |   2)               |                                lru_add() {
   11.911812 |   2)   0.123 us    |                                  folio_mapping();
   11.911813 |   2)   0.124 us    |                                  mod_node_page_state();
   11.911813 |   2)   0.123 us    |                                  __mod_zone_page_state();
   11.911813 |   2)   1.113 us    |                                }
   11.911813 |   2)               |                                lru_add() {
   11.911814 |   2)   0.124 us    |                                  folio_mapping();
   11.911814 |   2)   0.124 us    |                                  mod_node_page_state();
   11.911814 |   2)   0.123 us    |                                  __mod_zone_page_state();
   11.911814 |   2)   1.122 us    |                                }
   11.911815 |   2)               |                                lru_add() {
   11.911815 |   2)   0.126 us    |                                  folio_mapping();
   11.911815 |   2)   0.123 us    |                                  mod_node_page_state();
   11.911815 |   2)   0.123 us    |                                  __mod_zone_page_state();
   11.911816 |   2)   1.096 us    |                                }
   11.911816 |   2)               |                                lru_add() {
   11.911816 |   2)   0.126 us    |                                  folio_mapping();
   11.911816 |   2)   0.125 us    |                                  mod_node_page_state();
   11.911817 |   2)   0.124 us    |                                  __mod_zone_page_state();
   11.911817 |   2)   1.125 us    |                                }
   11.911817 |   2)               |                                lru_add() {
   11.911817 |   2)   0.123 us    |                                  folio_mapping();
   11.911818 |   2)   0.125 us    |                                  mod_node_page_state();
   11.911818 |   2)   0.125 us    |                                  __mod_zone_page_state();
   11.911818 |   2)   1.098 us    |                                }
   11.911818 |   2)               |                                lru_add() {
   11.911819 |   2)   0.125 us    |                                  folio_mapping();
   11.911819 |   2)   0.123 us    |                                  mod_node_page_state();
   11.911819 |   2)   0.121 us    |                                  __mod_zone_page_state();
   11.911820 |   2)   1.097 us    |                                }
   11.911820 |   2)               |                                lru_add() {
   11.911820 |   2)   0.125 us    |                                  folio_mapping();
   11.911820 |   2)   0.123 us    |                                  mod_node_page_state();
   11.911821 |   2)   0.125 us    |                                  __mod_zone_page_state();
   11.911821 |   2)   1.096 us    |                                }
   11.911821 |   2)               |                                lru_add() {
   11.911821 |   2)   0.124 us    |                                  folio_mapping();
   11.911822 |   2)   0.123 us    |                                  mod_node_page_state();
   11.911822 |   2)   0.124 us    |                                  __mod_zone_page_state();
   11.911822 |   2)   1.095 us    |                                }
   11.911822 |   2)               |                                lru_add() {
   11.911822 |   2)   0.125 us    |                                  folio_mapping();
   11.911823 |   2)   0.124 us    |                                  mod_node_page_state();
   11.911823 |   2)   0.122 us    |                                  __mod_zone_page_state();
   11.911823 |   2)   1.093 us    |                                }
   11.911824 |   2)               |                                lru_add() {
   11.911824 |   2)   0.124 us    |                                  folio_mapping();
   11.911824 |   2)   0.127 us    |                                  mod_node_page_state();
   11.911824 |   2)   0.124 us    |                                  __mod_zone_page_state();
   11.911825 |   2)   1.118 us    |                                }
   11.911825 |   2)               |                                lru_add() {
   11.911825 |   2)   0.125 us    |                                  folio_mapping();
   11.911825 |   2)   0.125 us    |                                  mod_node_page_state();
   11.911826 |   2)   0.125 us    |                                  __mod_zone_page_state();
   11.911826 |   2)   1.186 us    |                                }
   11.911826 |   2)               |                                lru_add() {
   11.911826 |   2)   0.123 us    |                                  folio_mapping();
   11.911827 |   2)   0.126 us    |                                  mod_node_page_state();
   11.911827 |   2)   0.131 us    |                                  __mod_zone_page_state();
   11.911827 |   2)   1.123 us    |                                }
   11.911828 |   2)               |                                lru_add() {
   11.911828 |   2)   0.123 us    |                                  folio_mapping();
   11.911828 |   2)   0.126 us    |                                  mod_node_page_state();
   11.911828 |   2)   0.125 us    |                                  __mod_zone_page_state();
   11.911829 |   2)   1.099 us    |                                }
   11.911829 |   2)               |                                lru_add() {
   11.911829 |   2)   0.125 us    |                                  folio_mapping();
   11.911830 |   2)   0.124 us    |                                  mod_node_page_state();
   11.911830 |   2)   0.131 us    |                                  __mod_zone_page_state();
   11.911830 |   2)   1.102 us    |                                }
   11.911830 |   2)               |                                lru_add() {
   11.911830 |   2)   0.125 us    |                                  folio_mapping();
   11.911831 |   2)   0.124 us    |                                  mod_node_page_state();
   11.911831 |   2)   0.126 us    |                                  __mod_zone_page_state();
   11.911831 |   2)   1.108 us    |                                }
   11.911832 |   2)               |                                lru_add() {
   11.911832 |   2)   0.124 us    |                                  folio_mapping();
   11.911832 |   2)   0.127 us    |                                  mod_node_page_state();
   11.911832 |   2)   0.122 us    |                                  __mod_zone_page_state();
   11.911833 |   2)   1.119 us    |                                }
   11.911833 |   2)               |                                lru_add() {
   11.911833 |   2)   0.123 us    |                                  folio_mapping();
   11.911833 |   2)   0.125 us    |                                  mod_node_page_state();
   11.911834 |   2)   0.123 us    |                                  __mod_zone_page_state();
   11.911834 |   2)   1.092 us    |                                }
   11.911834 |   2)               |                                lru_add() {
   11.911834 |   2)   0.124 us    |                                  folio_mapping();
   11.911835 |   2)   0.124 us    |                                  mod_node_page_state();
   11.911835 |   2)   0.124 us    |                                  __mod_zone_page_state();
   11.911835 |   2)   1.096 us    |                                }
   11.911835 |   2)               |                                lru_add() {
   11.911836 |   2)   0.123 us    |                                  folio_mapping();
   11.911836 |   2)   0.127 us    |                                  mod_node_page_state();
   11.911836 |   2)   0.126 us    |                                  __mod_zone_page_state();
   11.911836 |   2)   1.119 us    |                                }
   11.911837 |   2)               |                                lru_add() {
   11.911837 |   2)   0.124 us    |                                  folio_mapping();
   11.911837 |   2)   0.126 us    |                                  mod_node_page_state();
   11.911837 |   2)   0.123 us    |                                  __mod_zone_page_state();
   11.911838 |   2)   1.101 us    |                                }
   11.911838 |   2)               |                                lru_add() {
   11.911838 |   2)   0.126 us    |                                  folio_mapping();
   11.911839 |   2)   0.125 us    |                                  mod_node_page_state();
   11.911839 |   2)   0.124 us    |                                  __mod_zone_page_state();
   11.911839 |   2)   1.121 us    |                                }
   11.911839 |   2)               |                                lru_add() {
   11.911839 |   2)   0.125 us    |                                  folio_mapping();
   11.911840 |   2)   0.126 us    |                                  mod_node_page_state();
   11.911840 |   2)   0.125 us    |                                  __mod_zone_page_state();
   11.911840 |   2)   1.126 us    |                                }
   11.911840 |   2)               |                                lru_add() {
   11.911841 |   2)   0.125 us    |                                  folio_mapping();
   11.911841 |   2)   0.155 us    |                                  mod_node_page_state();
   11.911841 |   2)   0.156 us    |                                  __mod_zone_page_state();
   11.911842 |   2)   1.161 us    |                                }
   11.911842 |   2)               |                                _raw_spin_unlock_irqrestore() {
   11.911842 |   2)   0.123 us    |                                  preempt_count_sub();
   11.911842 |   2)   0.403 us    |                                }
   11.911843 |   2)   0.142 us    |                                free_unref_folios();
   11.911843 |   2)   0.411 us    |                                folios_put_refs();
   11.911843 |   2) + 42.887 us   |                              }
   11.911844 |   2)   0.126 us    |                              preempt_count_sub();
   11.911844 |   2) + 43.737 us   |                            }
   11.911844 |   2) + 43.985 us   |                          }
   11.911844 |   2) + 46.492 us   |                        }
   11.911844 |   2)               |                        filemap_alloc_folio_noprof() {
   11.911845 |   2)               |                          folio_alloc_noprof() {
   11.911845 |   2)               |                            alloc_pages_mpol() {
   11.911845 |   2)   0.123 us    |                              policy_nodemask();
   11.911845 |   2)               |                              __alloc_frozen_pages_noprof() {
   11.911845 |   2)               |                                get_page_from_freelist() {
   11.911845 |   2)   0.123 us    |                                  preempt_count_add();
   11.911846 |   2)               |                                  _raw_spin_trylock() {
   11.911846 |   2)   0.123 us    |                                    preempt_count_add();
   11.911846 |   2)   0.400 us    |                                  }
   11.911846 |   2)               |                                  _raw_spin_unlock() {
   11.911846 |   2)   0.124 us    |                                    preempt_count_sub();
   11.911847 |   2)   0.392 us    |                                  }
   11.911847 |   2)   0.126 us    |                                  preempt_count_sub();
   11.911847 |   2)   1.772 us    |                                }
   11.911847 |   2)   2.048 us    |                              }
   11.911847 |   2)   2.586 us    |                            }
   11.911847 |   2)   2.861 us    |                          }
   11.911848 |   2)   3.123 us    |                        }
   11.911848 |   2)               |                        filemap_add_folio() {
   11.911848 |   2)               |                          __filemap_add_folio() {
   11.911848 |   2)   0.124 us    |                            shmem_mapping();
   11.911848 |   2)               |                            _raw_spin_lock_irq() {
   11.911848 |   2)   0.126 us    |                              preempt_count_add();
   11.911849 |   2)   0.397 us    |                            }
   11.911849 |   2)   0.123 us    |                            workingset_update_node();
   11.911849 |   2)   0.147 us    |                            mod_node_page_state();
   11.911849 |   2)               |                            _raw_spin_unlock_irq() {
   11.911850 |   2)   0.126 us    |                              preempt_count_sub();
   11.911850 |   2)   0.393 us    |                            }
   11.911850 |   2)   2.055 us    |                          }
   11.911850 |   2)               |                          folio_add_lru() {
   11.911850 |   2)               |                            __folio_batch_add_and_move() {
   11.911850 |   2)   0.123 us    |                              preempt_count_add();
   11.911851 |   2)   0.124 us    |                              preempt_count_sub();
   11.911851 |   2)   0.656 us    |                            }
   11.911851 |   2)   0.905 us    |                          }
   11.911851 |   2)   3.362 us    |                        }
   11.911851 |   2)               |                        filemap_alloc_folio_noprof() {
   11.911852 |   2)               |                          folio_alloc_noprof() {
   11.911852 |   2)               |                            alloc_pages_mpol() {
   11.911852 |   2)   0.123 us    |                              policy_nodemask();
   11.911852 |   2)               |                              __alloc_frozen_pages_noprof() {
   11.911852 |   2)               |                                get_page_from_freelist() {
   11.911852 |   2)   0.125 us    |                                  preempt_count_add();
   11.911853 |   2)               |                                  _raw_spin_trylock() {
   11.911853 |   2)   0.122 us    |                                    preempt_count_add();
   11.911853 |   2)   0.388 us    |                                  }
   11.911853 |   2)               |                                  _raw_spin_unlock() {
   11.911853 |   2)   0.123 us    |                                    preempt_count_sub();
   11.911853 |   2)   0.383 us    |                                  }
   11.911854 |   2)   0.126 us    |                                  preempt_count_sub();
   11.911854 |   2)   1.723 us    |                                }
   11.911854 |   2)   1.990 us    |                              }
   11.911854 |   2)   2.512 us    |                            }
   11.911854 |   2)   2.761 us    |                          }
   11.911854 |   2)   3.011 us    |                        }
   11.911855 |   2)               |                        filemap_add_folio() {
   11.911855 |   2)               |                          __filemap_add_folio() {
   11.911855 |   2)   0.123 us    |                            shmem_mapping();
   11.911855 |   2)               |                            _raw_spin_lock_irq() {
   11.911855 |   2)   0.125 us    |                              preempt_count_add();
   11.911856 |   2)   0.393 us    |                            }
   11.911856 |   2)   0.121 us    |                            workingset_update_node();
   11.911856 |   2)   0.124 us    |                            mod_node_page_state();
   11.911856 |   2)               |                            _raw_spin_unlock_irq() {
   11.911856 |   2)   0.127 us    |                              preempt_count_sub();
   11.911857 |   2)   0.481 us    |                            }
   11.911857 |   2)   2.120 us    |                          }
   11.911857 |   2)               |                          folio_add_lru() {
   11.911857 |   2)               |                            __folio_batch_add_and_move() {
   11.911857 |   2)   0.124 us    |                              preempt_count_add();
   11.911858 |   2)   0.124 us    |                              preempt_count_sub();
   11.911858 |   2)   0.726 us    |                            }
   11.911858 |   2)   0.976 us    |                          }
   11.911858 |   2)   3.517 us    |                        }
   11.911858 |   2)               |                        filemap_alloc_folio_noprof() {
   11.911859 |   2)               |                          folio_alloc_noprof() {
   11.911859 |   2)               |                            alloc_pages_mpol() {
   11.911859 |   2)   0.122 us    |                              policy_nodemask();
   11.911859 |   2)               |                              __alloc_frozen_pages_noprof() {
   11.911859 |   2)               |                                get_page_from_freelist() {
   11.911859 |   2)   0.124 us    |                                  preempt_count_add();
   11.911860 |   2)               |                                  _raw_spin_trylock() {
   11.911860 |   2)   0.128 us    |                                    preempt_count_add();
   11.911860 |   2)   0.470 us    |                                  }
   11.911860 |   2)               |                                  _raw_spin_unlock() {
   11.911860 |   2)   0.124 us    |                                    preempt_count_sub();
   11.911861 |   2)   0.391 us    |                                  }
   11.911861 |   2)   0.126 us    |                                  preempt_count_sub();
   11.911861 |   2)   1.851 us    |                                }
   11.911861 |   2)   2.121 us    |                              }
   11.911861 |   2)   2.647 us    |                            }
   11.911861 |   2)   2.899 us    |                          }
   11.911862 |   2)   3.150 us    |                        }
   11.911862 |   2)               |                        filemap_add_folio() {
   11.911862 |   2)               |                          __filemap_add_folio() {
   11.911862 |   2)   0.122 us    |                            shmem_mapping();
   11.911862 |   2)               |                            _raw_spin_lock_irq() {
   11.911862 |   2)   0.126 us    |                              preempt_count_add();
   11.911863 |   2)   0.396 us    |                            }
   11.911863 |   2)   0.125 us    |                            workingset_update_node();
   11.911863 |   2)   0.148 us    |                            mod_node_page_state();
   11.911863 |   2)               |                            _raw_spin_unlock_irq() {
   11.911864 |   2)   0.126 us    |                              preempt_count_sub();
   11.911864 |   2)   0.411 us    |                            }
   11.911864 |   2)   2.063 us    |                          }
   11.911864 |   2)               |                          folio_add_lru() {
   11.911864 |   2)               |                            __folio_batch_add_and_move() {
   11.911864 |   2)   0.125 us    |                              preempt_count_add();
   11.911865 |   2)   0.124 us    |                              preempt_count_sub();
   11.911865 |   2)   0.682 us    |                            }
   11.911865 |   2)   0.929 us    |                          }
   11.911865 |   2)   3.416 us    |                        }
   11.911865 |   2)               |                        filemap_alloc_folio_noprof() {
   11.911866 |   2)               |                          folio_alloc_noprof() {
   11.911866 |   2)               |                            alloc_pages_mpol() {
   11.911866 |   2)   0.127 us    |                              policy_nodemask();
   11.911866 |   2)               |                              __alloc_frozen_pages_noprof() {
   11.911866 |   2)               |                                get_page_from_freelist() {
   11.911866 |   2)   0.126 us    |                                  preempt_count_add();
   11.911867 |   2)               |                                  _raw_spin_trylock() {
   11.911867 |   2)   0.127 us    |                                    preempt_count_add();
   11.911867 |   2)   0.394 us    |                                  }
   11.911867 |   2)               |                                  _raw_spin_unlock() {
   11.911867 |   2)   0.126 us    |                                    preempt_count_sub();
   11.911868 |   2)   0.419 us    |                                  }
   11.911868 |   2)   0.127 us    |                                  preempt_count_sub();
   11.911868 |   2)   1.796 us    |                                }
   11.911868 |   2)   2.066 us    |                              }
   11.911868 |   2)   2.623 us    |                            }
   11.911868 |   2)   2.872 us    |                          }
   11.911869 |   2)   3.121 us    |                        }
   11.911869 |   2)               |                        filemap_add_folio() {
   11.911869 |   2)               |                          __filemap_add_folio() {
   11.911869 |   2)   0.125 us    |                            shmem_mapping();
   11.911869 |   2)               |                            _raw_spin_lock_irq() {
   11.911869 |   2)   0.128 us    |                              preempt_count_add();
   11.911870 |   2)   0.402 us    |                            }
   11.911870 |   2)   0.125 us    |                            workingset_update_node();
   11.911870 |   2)   0.126 us    |                            mod_node_page_state();
   11.911870 |   2)               |                            _raw_spin_unlock_irq() {
   11.911871 |   2)   0.127 us    |                              preempt_count_sub();
   11.911871 |   2)   0.475 us    |                            }
   11.911871 |   2)   2.174 us    |                          }
   11.911871 |   2)               |                          folio_add_lru() {
   11.911871 |   2)               |                            __folio_batch_add_and_move() {
   11.911871 |   2)   0.125 us    |                              preempt_count_add();
   11.911872 |   2)   0.127 us    |                              preempt_count_sub();
   11.911872 |   2)   0.698 us    |                            }
   11.911872 |   2)   0.970 us    |                          }
   11.911872 |   2)   3.545 us    |                        }
   11.911873 |   2)               |                        filemap_alloc_folio_noprof() {
   11.911873 |   2)               |                          folio_alloc_noprof() {
   11.911873 |   2)               |                            alloc_pages_mpol() {
   11.911873 |   2)   0.126 us    |                              policy_nodemask();
   11.911873 |   2)               |                              __alloc_frozen_pages_noprof() {
   11.911873 |   2)               |                                get_page_from_freelist() {
   11.911874 |   2)   0.127 us    |                                  preempt_count_add();
   11.911874 |   2)               |                                  _raw_spin_trylock() {
   11.911874 |   2)   0.125 us    |                                    preempt_count_add();
   11.911874 |   2)   0.389 us    |                                  }
   11.911874 |   2)               |                                  _raw_spin_unlock() {
   11.911874 |   2)   0.125 us    |                                    preempt_count_sub();
   11.911875 |   2)   0.391 us    |                                  }
   11.911875 |   2)   0.127 us    |                                  preempt_count_sub();
   11.911875 |   2)   1.737 us    |                                }
   11.911875 |   2)   2.006 us    |                              }
   11.911875 |   2)   2.543 us    |                            }
   11.911876 |   2)   2.795 us    |                          }
   11.911876 |   2)   3.044 us    |                        }
   11.911876 |   2)               |                        filemap_add_folio() {
   11.911876 |   2)               |                          __filemap_add_folio() {
   11.911876 |   2)   0.124 us    |                            shmem_mapping();
   11.911876 |   2)               |                            _raw_spin_lock_irq() {
   11.911876 |   2)   0.128 us    |                              preempt_count_add();
   11.911877 |   2)   0.397 us    |                            }
   11.911877 |   2)   0.126 us    |                            workingset_update_node();
   11.911877 |   2)   0.149 us    |                            mod_node_page_state();
   11.911877 |   2)               |                            _raw_spin_unlock_irq() {
   11.911878 |   2)   0.128 us    |                              preempt_count_sub();
   11.911878 |   2)   0.396 us    |                            }
   11.911878 |   2)   2.051 us    |                          }
   11.911878 |   2)               |                          folio_add_lru() {
   11.911878 |   2)               |                            __folio_batch_add_and_move() {
   11.911878 |   2)   0.125 us    |                              preempt_count_add();
   11.911879 |   2)   0.127 us    |                              preempt_count_sub();
   11.911879 |   2)   0.662 us    |                            }
   11.911879 |   2)   0.911 us    |                          }
   11.911879 |   2)   3.366 us    |                        }
   11.911880 |   2)               |                        filemap_alloc_folio_noprof() {
   11.911880 |   2)               |                          folio_alloc_noprof() {
   11.911880 |   2)               |                            alloc_pages_mpol() {
   11.911880 |   2)   0.126 us    |                              policy_nodemask();
   11.911880 |   2)               |                              __alloc_frozen_pages_noprof() {
   11.911880 |   2)               |                                get_page_from_freelist() {
   11.911880 |   2)   0.126 us    |                                  preempt_count_add();
   11.911881 |   2)               |                                  _raw_spin_trylock() {
   11.911881 |   2)   0.123 us    |                                    preempt_count_add();
   11.911881 |   2)   0.390 us    |                                  }
   11.911881 |   2)               |                                  _raw_spin_unlock() {
   11.911881 |   2)   0.125 us    |                                    preempt_count_sub();
   11.911882 |   2)   0.415 us    |                                  }
   11.911882 |   2)   0.127 us    |                                  preempt_count_sub();
   11.911882 |   2)   1.764 us    |                                }
   11.911882 |   2)   2.033 us    |                              }
   11.911882 |   2)   2.592 us    |                            }
   11.911883 |   2)   2.842 us    |                          }
   11.911883 |   2)   3.091 us    |                        }
   11.911883 |   2)               |                        filemap_add_folio() {
   11.911883 |   2)               |                          __filemap_add_folio() {
   11.911883 |   2)   0.124 us    |                            shmem_mapping();
   11.911883 |   2)               |                            _raw_spin_lock_irq() {
   11.911883 |   2)   0.127 us    |                              preempt_count_add();
   11.911884 |   2)   0.400 us    |                            }
   11.911884 |   2)   0.126 us    |                            workingset_update_node();
   11.911884 |   2)   0.126 us    |                            mod_node_page_state();
   11.911884 |   2)               |                            _raw_spin_unlock_irq() {
   11.911885 |   2)   0.129 us    |                              preempt_count_sub();
   11.911885 |   2)   0.397 us    |                            }
   11.911885 |   2)   2.140 us    |                          }
   11.911885 |   2)               |                          folio_add_lru() {
   11.911885 |   2)               |                            __folio_batch_add_and_move() {
   11.911885 |   2)   0.125 us    |                              preempt_count_add();
   11.911886 |   2)   0.128 us    |                              preempt_count_sub();
   11.911886 |   2)   0.668 us    |                            }
   11.911886 |   2)   0.914 us    |                          }
   11.911886 |   2)   3.457 us    |                        }
   11.911887 |   2)               |                        filemap_alloc_folio_noprof() {
   11.911887 |   2)               |                          folio_alloc_noprof() {
   11.911887 |   2)               |                            alloc_pages_mpol() {
   11.911887 |   2)   0.129 us    |                              policy_nodemask();
   11.911887 |   2)               |                              __alloc_frozen_pages_noprof() {
   11.911887 |   2)               |                                get_page_from_freelist() {
   11.911888 |   2)   0.143 us    |                                  preempt_count_add();
   11.911888 |   2)               |                                  _raw_spin_trylock() {
   11.911888 |   2)   0.128 us    |                                    preempt_count_add();
   11.911888 |   2)   0.460 us    |                                  }
   11.911888 |   2)               |                                  _raw_spin_unlock() {
   11.911889 |   2)   0.125 us    |                                    preempt_count_sub();
   11.911889 |   2)   0.413 us    |                                  }
   11.911889 |   2)   0.126 us    |                                  preempt_count_sub();
   11.911889 |   2)   1.845 us    |                                }
   11.911889 |   2)   2.115 us    |                              }
   11.911890 |   2)   2.668 us    |                            }
   11.911890 |   2)   2.930 us    |                          }
   11.911890 |   2)   3.181 us    |                        }
   11.911890 |   2)               |                        filemap_add_folio() {
   11.911890 |   2)               |                          __filemap_add_folio() {
   11.911890 |   2)   0.123 us    |                            shmem_mapping();
   11.911890 |   2)               |                            _raw_spin_lock_irq() {
   11.911891 |   2)   0.128 us    |                              preempt_count_add();
   11.911891 |   2)   0.399 us    |                            }
   11.911891 |   2)   0.125 us    |                            workingset_update_node();
   11.911891 |   2)   0.126 us    |                            mod_node_page_state();
   11.911892 |   2)               |                            _raw_spin_unlock_irq() {
   11.911892 |   2)   0.127 us    |                              preempt_count_sub();
   11.911892 |   2)   0.396 us    |                            }
   11.911892 |   2)   2.074 us    |                          }
   11.911892 |   2)               |                          folio_add_lru() {
   11.911892 |   2)               |                            __folio_batch_add_and_move() {
   11.911893 |   2)   0.125 us    |                              preempt_count_add();
   11.911893 |   2)   0.126 us    |                              preempt_count_sub();
   11.911893 |   2)   0.702 us    |                            }
   11.911893 |   2)   0.949 us    |                          }
   11.911893 |   2)   3.425 us    |                        }
   11.911894 |   2)               |                        filemap_alloc_folio_noprof() {
   11.911894 |   2)               |                          folio_alloc_noprof() {
   11.911894 |   2)               |                            alloc_pages_mpol() {
   11.911894 |   2)   0.127 us    |                              policy_nodemask();
   11.911894 |   2)               |                              __alloc_frozen_pages_noprof() {
   11.911894 |   2)               |                                get_page_from_freelist() {
   11.911895 |   2)   0.128 us    |                                  preempt_count_add();
   11.911895 |   2)               |                                  _raw_spin_trylock() {
   11.911895 |   2)   0.126 us    |                                    preempt_count_add();
   11.911895 |   2)   0.414 us    |                                  }
   11.911895 |   2)               |                                  _raw_spin_unlock() {
   11.911896 |   2)   0.147 us    |                                    preempt_count_sub();
   11.911896 |   2)   0.414 us    |                                  }
   11.911896 |   2)   0.127 us    |                                  preempt_count_sub();
   11.911896 |   2)   1.812 us    |                                }
   11.911896 |   2)   2.077 us    |                              }
   11.911897 |   2)   2.630 us    |                            }
   11.911897 |   2)   2.881 us    |                          }
   11.911897 |   2)   3.133 us    |                        }
   11.911897 |   2)               |                        filemap_add_folio() {
   11.911897 |   2)               |                          __filemap_add_folio() {
   11.911897 |   2)   0.126 us    |                            shmem_mapping();
   11.911897 |   2)               |                            _raw_spin_lock_irq() {
   11.911898 |   2)   0.126 us    |                              preempt_count_add();
   11.911898 |   2)   0.398 us    |                            }
   11.911898 |   2)   0.124 us    |                            workingset_update_node();
   11.911898 |   2)   0.127 us    |                            mod_node_page_state();
   11.911899 |   2)               |                            _raw_spin_unlock_irq() {
   11.911899 |   2)   0.126 us    |                              preempt_count_sub();
   11.911899 |   2)   0.395 us    |                            }
   11.911899 |   2)   2.068 us    |                          }
   11.911899 |   2)               |                          folio_add_lru() {
   11.911900 |   2)               |                            __folio_batch_add_and_move() {
   11.911900 |   2)   0.126 us    |                              preempt_count_add();
   11.911900 |   2)   0.129 us    |                              preempt_count_sub();
   11.911900 |   2)   0.670 us    |                            }
   11.911900 |   2)   0.987 us    |                          }
   11.911900 |   2)   3.533 us    |                        }
   11.911901 |   2)               |                        filemap_alloc_folio_noprof() {
   11.911901 |   2)               |                          folio_alloc_noprof() {
   11.911901 |   2)               |                            alloc_pages_mpol() {
   11.911901 |   2)   0.147 us    |                              policy_nodemask();
   11.911901 |   2)               |                              __alloc_frozen_pages_noprof() {
   11.911902 |   2)               |                                get_page_from_freelist() {
   11.911902 |   2)   0.141 us    |                                  preempt_count_add();
   11.911902 |   2)               |                                  _raw_spin_trylock() {
   11.911902 |   2)   0.126 us    |                                    preempt_count_add();
   11.911903 |   2)   0.464 us    |                                  }
   11.911903 |   2)               |                                  _raw_spin_unlock() {
   11.911903 |   2)   0.124 us    |                                    preempt_count_sub();
   11.911903 |   2)   0.404 us    |                                  }
   11.911903 |   2)   0.128 us    |                                  preempt_count_sub();
   11.911903 |   2)   1.865 us    |                                }
   11.911904 |   2)   2.132 us    |                              }
   11.911904 |   2)   2.681 us    |                            }
   11.911904 |   2)   2.977 us    |                          }
   11.911904 |   2)   3.228 us    |                        }
   11.911904 |   2)               |                        filemap_add_folio() {
   11.911904 |   2)               |                          __filemap_add_folio() {
   11.911904 |   2)   0.126 us    |                            shmem_mapping();
   11.911905 |   2)               |                            _raw_spin_lock_irq() {
   11.911905 |   2)   0.127 us    |                              preempt_count_add();
   11.911905 |   2)   0.423 us    |                            }
   11.911905 |   2)   0.126 us    |                            workingset_update_node();
   11.911906 |   2)   0.129 us    |                            mod_node_page_state();
   11.911906 |   2)               |                            _raw_spin_unlock_irq() {
   11.911906 |   2)   0.127 us    |                              preempt_count_sub();
   11.911906 |   2)   0.396 us    |                            }
   11.911906 |   2)   2.103 us    |                          }
   11.911907 |   2)               |                          folio_add_lru() {
   11.911907 |   2)               |                            __folio_batch_add_and_move() {
   11.911907 |   2)   0.126 us    |                              preempt_count_add();
   11.911907 |   2)   0.128 us    |                              preempt_count_sub();
   11.911907 |   2)   0.665 us    |                            }
   11.911907 |   2)   0.939 us    |                          }
   11.911908 |   2)   3.446 us    |                        }
   11.911908 |   2)               |                        filemap_alloc_folio_noprof() {
   11.911908 |   2)               |                          folio_alloc_noprof() {
   11.911908 |   2)               |                            alloc_pages_mpol() {
   11.911908 |   2)   0.131 us    |                              policy_nodemask();
   11.911909 |   2)               |                              __alloc_frozen_pages_noprof() {
   11.911909 |   2)               |                                get_page_from_freelist() {
   11.911909 |   2)   0.127 us    |                                  preempt_count_add();
   11.911909 |   2)               |                                  _raw_spin_trylock() {
   11.911909 |   2)   0.123 us    |                                    preempt_count_add();
   11.911910 |   2)   0.390 us    |                                  }
   11.911910 |   2)               |                                  _raw_spin_unlock() {
   11.911910 |   2)   0.125 us    |                                    preempt_count_sub();
   11.911910 |   2)   0.392 us    |                                  }
   11.911910 |   2)   0.128 us    |                                  preempt_count_sub();
   11.911911 |   2)   1.784 us    |                                }
   11.911911 |   2)   2.056 us    |                              }
   11.911911 |   2)   2.589 us    |                            }
   11.911911 |   2)   2.844 us    |                          }
   11.911911 |   2)   3.096 us    |                        }
   11.911911 |   2)               |                        filemap_add_folio() {
   11.911911 |   2)               |                          __filemap_add_folio() {
   11.911911 |   2)   0.124 us    |                            shmem_mapping();
   11.911912 |   2)               |                            _raw_spin_lock_irq() {
   11.911912 |   2)   0.129 us    |                              preempt_count_add();
   11.911912 |   2)   0.397 us    |                            }
   11.911912 |   2)   0.124 us    |                            workingset_update_node();
   11.911913 |   2)   0.127 us    |                            mod_node_page_state();
   11.911913 |   2)               |                            _raw_spin_unlock_irq() {
   11.911913 |   2)   0.128 us    |                              preempt_count_sub();
   11.911913 |   2)   0.396 us    |                            }
   11.911913 |   2)   2.061 us    |                          }
   11.911914 |   2)               |                          folio_add_lru() {
   11.911914 |   2)               |                            __folio_batch_add_and_move() {
   11.911914 |   2)   0.128 us    |                              preempt_count_add();
   11.911914 |   2)   0.127 us    |                              preempt_count_sub();
   11.911914 |   2)   0.735 us    |                            }
   11.911915 |   2)   0.984 us    |                          }
   11.911915 |   2)   3.464 us    |                        }
   11.911915 |   2)               |                        filemap_alloc_folio_noprof() {
   11.911915 |   2)               |                          folio_alloc_noprof() {
   11.911915 |   2)               |                            alloc_pages_mpol() {
   11.911915 |   2)   0.129 us    |                              policy_nodemask();
   11.911916 |   2)               |                              __alloc_frozen_pages_noprof() {
   11.911916 |   2)               |                                get_page_from_freelist() {
   11.911916 |   2)   0.145 us    |                                  preempt_count_add();
   11.911916 |   2)               |                                  _raw_spin_trylock() {
   11.911916 |   2)   0.124 us    |                                    preempt_count_add();
   11.911917 |   2)   0.395 us    |                                  }
   11.911917 |   2)               |                                  _raw_spin_unlock() {
   11.911917 |   2)   0.137 us    |                                    preempt_count_sub();
   11.911917 |   2)   0.401 us    |                                  }
   11.911917 |   2)   0.128 us    |                                  preempt_count_sub();
   11.911918 |   2)   1.846 us    |                                }
   11.911918 |   2)   2.127 us    |                              }
   11.911918 |   2)   2.687 us    |                            }
   11.911918 |   2)   2.963 us    |                          }
   11.911918 |   2)   3.214 us    |                        }
   11.911918 |   2)               |                        filemap_add_folio() {
   11.911919 |   2)               |                          __filemap_add_folio() {
   11.911919 |   2)   0.124 us    |                            shmem_mapping();
   11.911919 |   2)               |                            _raw_spin_lock_irq() {
   11.911919 |   2)   0.128 us    |                              preempt_count_add();
   11.911919 |   2)   0.399 us    |                            }
   11.911920 |   2)   0.126 us    |                            workingset_update_node();
   11.911920 |   2)   0.125 us    |                            mod_node_page_state();
   11.911920 |   2)               |                            _raw_spin_unlock_irq() {
   11.911920 |   2)   0.128 us    |                              preempt_count_sub();
   11.911921 |   2)   0.396 us    |                            }
   11.911921 |   2)   2.164 us    |                          }
   11.911921 |   2)               |                          folio_add_lru() {
   11.911921 |   2)               |                            __folio_batch_add_and_move() {
   11.911921 |   2)   0.126 us    |                              preempt_count_add();
   11.911921 |   2)   0.126 us    |                              preempt_count_sub();
   11.911922 |   2)   0.661 us    |                            }
   11.911922 |   2)   0.910 us    |                          }
   11.911922 |   2)   3.485 us    |                        }
   11.911922 |   2)               |                        filemap_alloc_folio_noprof() {
   11.911922 |   2)               |                          folio_alloc_noprof() {
   11.911922 |   2)               |                            alloc_pages_mpol() {
   11.911923 |   2)   0.126 us    |                              policy_nodemask();
   11.911923 |   2)               |                              __alloc_frozen_pages_noprof() {
   11.911923 |   2)               |                                get_page_from_freelist() {
   11.911923 |   2)   0.126 us    |                                  preempt_count_add();
   11.911923 |   2)               |                                  _raw_spin_trylock() {
   11.911923 |   2)   0.124 us    |                                    preempt_count_add();
   11.911924 |   2)   0.390 us    |                                  }
   11.911924 |   2)               |                                  _raw_spin_unlock() {
   11.911924 |   2)   0.125 us    |                                    preempt_count_sub();
   11.911924 |   2)   0.390 us    |                                  }
   11.911924 |   2)   0.127 us    |                                  preempt_count_sub();
   11.911925 |   2)   1.763 us    |                                }
   11.911925 |   2)   2.030 us    |                              }
   11.911925 |   2)   2.558 us    |                            }
   11.911925 |   2)   2.808 us    |                          }
   11.911925 |   2)   3.060 us    |                        }
   11.911925 |   2)               |                        filemap_add_folio() {
   11.911926 |   2)               |                          __filemap_add_folio() {
   11.911926 |   2)   0.125 us    |                            shmem_mapping();
   11.911926 |   2)               |                            _raw_spin_lock_irq() {
   11.911926 |   2)   0.128 us    |                              preempt_count_add();
   11.911926 |   2)   0.398 us    |                            }
   11.911926 |   2)   0.124 us    |                            workingset_update_node();
   11.911927 |   2)   0.126 us    |                            mod_node_page_state();
   11.911927 |   2)               |                            _raw_spin_unlock_irq() {
   11.911927 |   2)   0.128 us    |                              preempt_count_sub();
   11.911927 |   2)   0.400 us    |                            }
   11.911928 |   2)   2.077 us    |                          }
   11.911928 |   2)               |                          folio_add_lru() {
   11.911928 |   2)               |                            __folio_batch_add_and_move() {
   11.911928 |   2)   0.125 us    |                              preempt_count_add();
   11.911928 |   2)   0.162 us    |                              preempt_count_sub();
   11.911929 |   2)   0.788 us    |                            }
   11.911929 |   2)   1.038 us    |                          }
   11.911929 |   2)   3.514 us    |                        }
   11.911929 |   2)               |                        filemap_alloc_folio_noprof() {
   11.911929 |   2)               |                          folio_alloc_noprof() {
   11.911930 |   2)               |                            alloc_pages_mpol() {
   11.911930 |   2)   0.141 us    |                              policy_nodemask();
   11.911930 |   2)               |                              __alloc_frozen_pages_noprof() {
   11.911930 |   2)               |                                get_page_from_freelist() {
   11.911930 |   2)   0.145 us    |                                  preempt_count_add();
   11.911930 |   2)               |                                  _raw_spin_trylock() {
   11.911931 |   2)   0.152 us    |                                    preempt_count_add();
   11.911931 |   2)   0.486 us    |                                  }
   11.911931 |   2)               |                                  _raw_spin_unlock() {
   11.911931 |   2)   0.136 us    |                                    preempt_count_sub();
   11.911932 |   2)   0.402 us    |                                  }
   11.911932 |   2)   0.127 us    |                                  preempt_count_sub();
   11.911932 |   2)   1.865 us    |                                }
   11.911932 |   2)   2.135 us    |                              }
   11.911932 |   2)   2.699 us    |                            }
   11.911932 |   2)   2.984 us    |                          }
   11.911933 |   2)   3.235 us    |                        }
   11.911933 |   2)               |                        filemap_add_folio() {
   11.911933 |   2)               |                          __filemap_add_folio() {
   11.911933 |   2)   0.124 us    |                            shmem_mapping();
   11.911933 |   2)               |                            _raw_spin_lock_irq() {
   11.911933 |   2)   0.143 us    |                              preempt_count_add();
   11.911934 |   2)   0.437 us    |                            }
   11.911934 |   2)   0.127 us    |                            workingset_update_node();
   11.911934 |   2)   0.127 us    |                            mod_node_page_state();
   11.911934 |   2)               |                            _raw_spin_unlock_irq() {
   11.911934 |   2)   0.127 us    |                              preempt_count_sub();
   11.911935 |   2)   0.395 us    |                            }
   11.911935 |   2)   2.116 us    |                          }
   11.911935 |   2)               |                          folio_add_lru() {
   11.911935 |   2)               |                            __folio_batch_add_and_move() {
   11.911935 |   2)   0.127 us    |                              preempt_count_add();
   11.911936 |   2)   0.128 us    |                              preempt_count_sub();
   11.911936 |   2)   0.678 us    |                            }
   11.911936 |   2)   0.926 us    |                          }
   11.911936 |   2)   3.447 us    |                        }
   11.911936 |   2)               |                        filemap_alloc_folio_noprof() {
   11.911937 |   2)               |                          folio_alloc_noprof() {
   11.911937 |   2)               |                            alloc_pages_mpol() {
   11.911937 |   2)   0.129 us    |                              policy_nodemask();
   11.911937 |   2)               |                              __alloc_frozen_pages_noprof() {
   11.911937 |   2)               |                                get_page_from_freelist() {
   11.911937 |   2)   0.127 us    |                                  preempt_count_add();
   11.911938 |   2)               |                                  _raw_spin_trylock() {
   11.911938 |   2)   0.125 us    |                                    preempt_count_add();
   11.911938 |   2)   0.389 us    |                                  }
   11.911938 |   2)               |                                  _raw_spin_unlock() {
   11.911938 |   2)   0.124 us    |                                    preempt_count_sub();
   11.911939 |   2)   0.389 us    |                                  }
   11.911939 |   2)   0.126 us    |                                  preempt_count_sub();
   11.911939 |   2)   1.783 us    |                                }
   11.911939 |   2)   2.050 us    |                              }
   11.911939 |   2)   2.579 us    |                            }
   11.911939 |   2)   2.831 us    |                          }
   11.911940 |   2)   3.083 us    |                        }
   11.911940 |   2)               |                        filemap_add_folio() {
   11.911940 |   2)               |                          __filemap_add_folio() {
   11.911940 |   2)   0.122 us    |                            shmem_mapping();
   11.911940 |   2)               |                            _raw_spin_lock_irq() {
   11.911940 |   2)   0.127 us    |                              preempt_count_add();
   11.911941 |   2)   0.421 us    |                            }
   11.911941 |   2)   0.125 us    |                            workingset_update_node();
   11.911941 |   2)   0.128 us    |                            mod_node_page_state();
   11.911941 |   2)               |                            _raw_spin_unlock_irq() {
   11.911941 |   2)   0.127 us    |                              preempt_count_sub();
   11.911942 |   2)   0.397 us    |                            }
   11.911942 |   2)   2.087 us    |                          }
   11.911942 |   2)               |                          folio_add_lru() {
   11.911942 |   2)               |                            __folio_batch_add_and_move() {
   11.911942 |   2)   0.127 us    |                              preempt_count_add();
   11.911943 |   2)   0.126 us    |                              preempt_count_sub();
   11.911943 |   2)   0.739 us    |                            }
   11.911943 |   2)   1.012 us    |                          }
   11.911943 |   2)   3.500 us    |                        }
   11.911943 |   2)               |                        filemap_alloc_folio_noprof() {
   11.911944 |   2)               |                          folio_alloc_noprof() {
   11.911944 |   2)               |                            alloc_pages_mpol() {
   11.911944 |   2)   0.125 us    |                              policy_nodemask();
   11.911944 |   2)               |                              __alloc_frozen_pages_noprof() {
   11.911944 |   2)               |                                get_page_from_freelist() {
   11.911944 |   2)   0.127 us    |                                  preempt_count_add();
   11.911945 |   2)               |                                  _raw_spin_trylock() {
   11.911945 |   2)   0.126 us    |                                    preempt_count_add();
   11.911945 |   2)   0.415 us    |                                  }
   11.911945 |   2)               |                                  _raw_spin_unlock() {
   11.911945 |   2)   0.143 us    |                                    preempt_count_sub();
   11.911946 |   2)   0.414 us    |                                  }
   11.911946 |   2)   0.137 us    |                                  preempt_count_sub();
   11.911946 |   2)   1.800 us    |                                }
   11.911946 |   2)   2.069 us    |                              }
   11.911946 |   2)   2.606 us    |                            }
   11.911946 |   2)   2.858 us    |                          }
   11.911947 |   2)   3.107 us    |                        }
   11.911947 |   2)               |                        filemap_add_folio() {
   11.911947 |   2)               |                          __filemap_add_folio() {
   11.911947 |   2)   0.125 us    |                            shmem_mapping();
   11.911947 |   2)               |                            _raw_spin_lock_irq() {
   11.911947 |   2)   0.128 us    |                              preempt_count_add();
   11.911948 |   2)   0.421 us    |                            }
   11.911948 |   2)   0.127 us    |                            workingset_update_node();
   11.911948 |   2)   0.128 us    |                            mod_node_page_state();
   11.911948 |   2)               |                            _raw_spin_unlock_irq() {
   11.911949 |   2)   0.128 us    |                              preempt_count_sub();
   11.911949 |   2)   0.396 us    |                            }
   11.911949 |   2)   2.084 us    |                          }
   11.911949 |   2)               |                          folio_add_lru() {
   11.911949 |   2)               |                            __folio_batch_add_and_move() {
   11.911949 |   2)   0.127 us    |                              preempt_count_add();
   11.911950 |   2)   0.126 us    |                              preempt_count_sub();
   11.911950 |   2)   0.661 us    |                            }
   11.911950 |   2)   0.910 us    |                          }
   11.911950 |   2)   3.394 us    |                        }
   11.911950 |   2)               |                        filemap_alloc_folio_noprof() {
   11.911951 |   2)               |                          folio_alloc_noprof() {
   11.911951 |   2)               |                            alloc_pages_mpol() {
   11.911951 |   2)   0.126 us    |                              policy_nodemask();
   11.911951 |   2)               |                              __alloc_frozen_pages_noprof() {
   11.911951 |   2)               |                                get_page_from_freelist() {
   11.911951 |   2)   0.125 us    |                                  preempt_count_add();
   11.911952 |   2)               |                                  _raw_spin_trylock() {
   11.911952 |   2)   0.125 us    |                                    preempt_count_add();
   11.911952 |   2)   0.414 us    |                                  }
   11.911952 |   2)               |                                  _raw_spin_unlock() {
   11.911952 |   2)   0.125 us    |                                    preempt_count_sub();
   11.911953 |   2)   0.389 us    |                                  }
   11.911953 |   2)   0.126 us    |                                  preempt_count_sub();
   11.911953 |   2)   1.759 us    |                                }
   11.911953 |   2)   2.025 us    |                              }
   11.911953 |   2)   2.575 us    |                            }
   11.911953 |   2)   2.825 us    |                          }
   11.911954 |   2)   3.074 us    |                        }
   11.911954 |   2)               |                        filemap_add_folio() {
   11.911954 |   2)               |                          __filemap_add_folio() {
   11.911954 |   2)   0.124 us    |                            shmem_mapping();
   11.911954 |   2)               |                            _raw_spin_lock_irq() {
   11.911954 |   2)   0.126 us    |                              preempt_count_add();
   11.911955 |   2)   0.402 us    |                            }
   11.911955 |   2)   0.127 us    |                            workingset_update_node();
   11.911955 |   2)   0.126 us    |                            mod_node_page_state();
   11.911955 |   2)               |                            _raw_spin_unlock_irq() {
   11.911955 |   2)   0.133 us    |                              preempt_count_sub();
   11.911956 |   2)   0.404 us    |                            }
   11.911956 |   2)   2.044 us    |                          }
   11.911956 |   2)               |                          folio_add_lru() {
   11.911956 |   2)               |                            __folio_batch_add_and_move() {
   11.911956 |   2)   0.126 us    |                              preempt_count_add();
   11.911956 |   2)   0.128 us    |                              preempt_count_sub();
   11.911957 |   2)   0.666 us    |                            }
   11.911957 |   2)   0.988 us    |                          }
   11.911957 |   2)   3.432 us    |                        }
   11.911957 |   2)               |                        filemap_alloc_folio_noprof() {
   11.911958 |   2)               |                          folio_alloc_noprof() {
   11.911958 |   2)               |                            alloc_pages_mpol() {
   11.911958 |   2)   0.124 us    |                              policy_nodemask();
   11.911958 |   2)               |                              __alloc_frozen_pages_noprof() {
   11.911958 |   2)               |                                get_page_from_freelist() {
   11.911958 |   2)   0.152 us    |                                  preempt_count_add();
   11.911959 |   2)               |                                  _raw_spin_trylock() {
   11.911959 |   2)   0.126 us    |                                    preempt_count_add();
   11.911959 |   2)   0.493 us    |                                  }
   11.911959 |   2)               |                                  _raw_spin_unlock() {
   11.911959 |   2)   0.134 us    |                                    preempt_count_sub();
   11.911960 |   2)   0.395 us    |                                  }
   11.911960 |   2)   0.125 us    |                                  preempt_count_sub();
   11.911960 |   2)   1.872 us    |                                }
   11.911960 |   2)   2.148 us    |                              }
   11.911960 |   2)   2.702 us    |                            }
   11.911961 |   2)   2.959 us    |                          }
   11.911961 |   2)   3.211 us    |                        }
   11.911961 |   2)               |                        filemap_add_folio() {
   11.911961 |   2)               |                          __filemap_add_folio() {
   11.911961 |   2)   0.125 us    |                            shmem_mapping();
   11.911961 |   2)               |                            _raw_spin_lock_irq() {
   11.911962 |   2)   0.142 us    |                              preempt_count_add();
   11.911962 |   2)   0.474 us    |                            }
   11.911962 |   2)   0.125 us    |                            workingset_update_node();
   11.911962 |   2)   0.127 us    |                            mod_node_page_state();
   11.911963 |   2)               |                            _raw_spin_unlock_irq() {
   11.911963 |   2)   0.124 us    |                              preempt_count_sub();
   11.911963 |   2)   0.396 us    |                            }
   11.911963 |   2)   2.171 us    |                          }
   11.911963 |   2)               |                          folio_add_lru() {
   11.911963 |   2)               |                            __folio_batch_add_and_move() {
   11.911963 |   2)   0.127 us    |                              preempt_count_add();
   11.911964 |   2)   0.131 us    |                              preempt_count_sub();
   11.911964 |   2)   0.667 us    |                            }
   11.911964 |   2)   0.934 us    |                          }
   11.911964 |   2)   3.507 us    |                        }
   11.911965 |   2)               |                        filemap_alloc_folio_noprof() {
   11.911965 |   2)               |                          folio_alloc_noprof() {
   11.911965 |   2)               |                            alloc_pages_mpol() {
   11.911965 |   2)   0.126 us    |                              policy_nodemask();
   11.911965 |   2)               |                              __alloc_frozen_pages_noprof() {
   11.911965 |   2)               |                                get_page_from_freelist() {
   11.911966 |   2)   0.127 us    |                                  preempt_count_add();
   11.911966 |   2)               |                                  _raw_spin_trylock() {
   11.911966 |   2)   0.126 us    |                                    preempt_count_add();
   11.911966 |   2)   0.419 us    |                                  }
   11.911966 |   2)               |                                  _raw_spin_unlock() {
   11.911967 |   2)   0.127 us    |                                    preempt_count_sub();
   11.911967 |   2)   0.393 us    |                                  }
   11.911967 |   2)   0.130 us    |                                  preempt_count_sub();
   11.911967 |   2)   1.793 us    |                                }
   11.911967 |   2)   2.063 us    |                              }
   11.911968 |   2)   2.592 us    |                            }
   11.911968 |   2)   2.843 us    |                          }
   11.911968 |   2)   3.123 us    |                        }
   11.911968 |   2)               |                        filemap_add_folio() {
   11.911968 |   2)               |                          __filemap_add_folio() {
   11.911968 |   2)   0.126 us    |                            shmem_mapping();
   11.911968 |   2)               |                            _raw_spin_lock_irq() {
   11.911969 |   2)   0.126 us    |                              preempt_count_add();
   11.911969 |   2)   0.402 us    |                            }
   11.911969 |   2)   0.125 us    |                            workingset_update_node();
   11.911969 |   2)   0.126 us    |                            mod_node_page_state();
   11.911970 |   2)               |                            _raw_spin_unlock_irq() {
   11.911970 |   2)   0.128 us    |                              preempt_count_sub();
   11.911970 |   2)   0.395 us    |                            }
   11.911970 |   2)   2.090 us    |                          }
   11.911970 |   2)               |                          folio_add_lru() {
   11.911970 |   2)               |                            __folio_batch_add_and_move() {
   11.911971 |   2)   0.129 us    |                              preempt_count_add();
   11.911971 |   2)   0.126 us    |                              preempt_count_sub();
   11.911971 |   2)   0.662 us    |                            }
   11.911971 |   2)   0.912 us    |                          }
   11.911971 |   2)   3.494 us    |                        }
   11.911972 |   2)               |                        filemap_alloc_folio_noprof() {
   11.911972 |   2)               |                          folio_alloc_noprof() {
   11.911972 |   2)               |                            alloc_pages_mpol() {
   11.911972 |   2)   0.144 us    |                              policy_nodemask();
   11.911972 |   2)               |                              __alloc_frozen_pages_noprof() {
   11.911973 |   2)               |                                get_page_from_freelist() {
   11.911973 |   2)   0.141 us    |                                  preempt_count_add();
   11.911973 |   2)               |                                  _raw_spin_trylock() {
   11.911973 |   2)   0.127 us    |                                    preempt_count_add();
   11.911973 |   2)   0.498 us    |                                  }
   11.911974 |   2)               |                                  _raw_spin_unlock() {
   11.911974 |   2)   0.126 us    |                                    preempt_count_sub();
   11.911974 |   2)   0.410 us    |                                  }
   11.911974 |   2)   0.128 us    |                                  preempt_count_sub();
   11.911974 |   2)   1.908 us    |                                }
   11.911975 |   2)   2.181 us    |                              }
   11.911975 |   2)   2.728 us    |                            }
   11.911975 |   2)   2.986 us    |                          }
   11.911975 |   2)   3.239 us    |                        }
   11.911975 |   2)               |                        filemap_add_folio() {
   11.911975 |   2)               |                          __filemap_add_folio() {
   11.911975 |   2)   0.125 us    |                            shmem_mapping();
   11.911976 |   2)               |                            _raw_spin_lock_irq() {
   11.911976 |   2)   0.129 us    |                              preempt_count_add();
   11.911976 |   2)   0.462 us    |                            }
   11.911976 |   2)   0.127 us    |                            workingset_update_node();
   11.911977 |   2)   0.139 us    |                            mod_node_page_state();
   11.911977 |   2)               |                            _raw_spin_unlock_irq() {
   11.911977 |   2)   0.128 us    |                              preempt_count_sub();
   11.911977 |   2)   0.397 us    |                            }
   11.911977 |   2)   2.129 us    |                          }
   11.911978 |   2)               |                          folio_add_lru() {
   11.911978 |   2)               |                            __folio_batch_add_and_move() {
   11.911978 |   2)   0.126 us    |                              preempt_count_add();
   11.911978 |   2)   0.126 us    |                              preempt_count_sub();
   11.911978 |   2)   0.666 us    |                            }
   11.911978 |   2)   0.942 us    |                          }
   11.911979 |   2)   3.486 us    |                        }
   11.911979 |   2)               |                        filemap_alloc_folio_noprof() {
   11.911979 |   2)               |                          folio_alloc_noprof() {
   11.911979 |   2)               |                            alloc_pages_mpol() {
   11.911979 |   2)   0.124 us    |                              policy_nodemask();
   11.911980 |   2)               |                              __alloc_frozen_pages_noprof() {
   11.911980 |   2)               |                                get_page_from_freelist() {
   11.911980 |   2)   0.126 us    |                                  preempt_count_add();
   11.911980 |   2)               |                                  _raw_spin_trylock() {
   11.911980 |   2)   0.125 us    |                                    preempt_count_add();
   11.911981 |   2)   0.417 us    |                                  }
   11.911981 |   2)               |                                  _raw_spin_unlock() {
   11.911981 |   2)   0.125 us    |                                    preempt_count_sub();
   11.911981 |   2)   0.389 us    |                                  }
   11.911981 |   2)   0.126 us    |                                  preempt_count_sub();
   11.911982 |   2)   1.759 us    |                                }
   11.911982 |   2)   2.026 us    |                              }
   11.911982 |   2)   2.580 us    |                            }
   11.911982 |   2)   2.830 us    |                          }
   11.911982 |   2)   3.082 us    |                        }
   11.911982 |   2)               |                        filemap_add_folio() {
   11.911982 |   2)               |                          __filemap_add_folio() {
   11.911982 |   2)   0.124 us    |                            shmem_mapping();
   11.911983 |   2)               |                            _raw_spin_lock_irq() {
   11.911983 |   2)   0.126 us    |                              preempt_count_add();
   11.911983 |   2)   0.397 us    |                            }
   11.911983 |   2)               |                            kmem_cache_alloc_lru_noprof() {
   11.911983 |   2)   0.129 us    |                              preempt_count_add();
   11.911984 |   2)   0.126 us    |                              preempt_count_sub();
   11.911984 |   2)   0.670 us    |                            }
   11.911984 |   2)   0.124 us    |                            workingset_update_node();
   11.911985 |   2)               |                            kmem_cache_alloc_lru_noprof() {
   11.911985 |   2)   0.124 us    |                              preempt_count_add();
   11.911985 |   2)   0.126 us    |                              preempt_count_sub();
   11.911985 |   2)   0.662 us    |                            }
   11.911985 |   2)   0.127 us    |                            workingset_update_node();
   11.911986 |   2)   0.126 us    |                            workingset_update_node();
   11.911986 |   2)   0.205 us    |                            mod_node_page_state();
   11.911986 |   2)               |                            _raw_spin_unlock_irq() {
   11.911986 |   2)   0.132 us    |                              preempt_count_sub();
   11.911987 |   2)   0.412 us    |                            }
   11.911987 |   2)   4.492 us    |                          }
   11.911987 |   2)               |                          folio_add_lru() {
   11.911987 |   2)               |                            __folio_batch_add_and_move() {
   11.911987 |   2)   0.125 us    |                              preempt_count_add();
   11.911987 |   2)   0.124 us    |                              preempt_count_sub();
   11.911988 |   2)   0.678 us    |                            }
   11.911988 |   2)   0.926 us    |                          }
   11.911988 |   2)   5.855 us    |                        }
   11.911988 |   2)               |                        filemap_alloc_folio_noprof() {
   11.911989 |   2)               |                          folio_alloc_noprof() {
   11.911989 |   2)               |                            alloc_pages_mpol() {
   11.911989 |   2)   0.124 us    |                              policy_nodemask();
   11.911989 |   2)               |                              __alloc_frozen_pages_noprof() {
   11.911989 |   2)               |                                get_page_from_freelist() {
   11.911989 |   2)   0.150 us    |                                  preempt_count_add();
   11.911990 |   2)               |                                  _raw_spin_trylock() {
   11.911990 |   2)   0.125 us    |                                    preempt_count_add();
   11.911990 |   2)   0.405 us    |                                  }
   11.911990 |   2)               |                                  _raw_spin_unlock() {
   11.911990 |   2)   0.134 us    |                                    preempt_count_sub();
   11.911991 |   2)   0.399 us    |                                  }
   11.911991 |   2)   0.127 us    |                                  preempt_count_sub();
   11.911991 |   2)   1.815 us    |                                }
   11.911991 |   2)   2.094 us    |                              }
   11.911991 |   2)   2.616 us    |                            }
   11.911991 |   2)   2.887 us    |                          }
   11.911992 |   2)   3.136 us    |                        }
   11.911992 |   2)               |                        filemap_add_folio() {
   11.911992 |   2)               |                          __filemap_add_folio() {
   11.911992 |   2)   0.122 us    |                            shmem_mapping();
   11.911992 |   2)               |                            _raw_spin_lock_irq() {
   11.911992 |   2)   0.124 us    |                              preempt_count_add();
   11.911993 |   2)   0.402 us    |                            }
   11.911993 |   2)   0.125 us    |                            workingset_update_node();
   11.911993 |   2)   0.142 us    |                            mod_node_page_state();
   11.911993 |   2)               |                            _raw_spin_unlock_irq() {
   11.911994 |   2)   0.126 us    |                              preempt_count_sub();
   11.911994 |   2)   0.393 us    |                            }
   11.911994 |   2)   2.098 us    |                          }
   11.911994 |   2)               |                          folio_add_lru() {
   11.911994 |   2)               |                            __folio_batch_add_and_move() {
   11.911994 |   2)   0.125 us    |                              preempt_count_add();
   11.911995 |   2)   0.127 us    |                              preempt_count_sub();
   11.911995 |   2)   0.660 us    |                            }
   11.911995 |   2)   0.908 us    |                          }
   11.911995 |   2)   3.405 us    |                        }
   11.911995 |   2)               |                        filemap_alloc_folio_noprof() {
   11.911996 |   2)               |                          folio_alloc_noprof() {
   11.911996 |   2)               |                            alloc_pages_mpol() {
   11.911996 |   2)   0.124 us    |                              policy_nodemask();
   11.911996 |   2)               |                              __alloc_frozen_pages_noprof() {
   11.911996 |   2)               |                                get_page_from_freelist() {
   11.911996 |   2)   0.125 us    |                                  preempt_count_add();
   11.911997 |   2)               |                                  _raw_spin_trylock() {
   11.911997 |   2)   0.123 us    |                                    preempt_count_add();
   11.911997 |   2)   0.389 us    |                                  }
   11.911997 |   2)               |                                  _raw_spin_unlock() {
   11.911997 |   2)   0.123 us    |                                    preempt_count_sub();
   11.911998 |   2)   0.388 us    |                                  }
   11.911998 |   2)   0.126 us    |                                  preempt_count_sub();
   11.911998 |   2)   1.755 us    |                                }
   11.911998 |   2)   2.029 us    |                              }
   11.911998 |   2)   2.554 us    |                            }
   11.911998 |   2)   2.809 us    |                          }
   11.911999 |   2)   3.062 us    |                        }
   11.911999 |   2)               |                        filemap_add_folio() {
   11.911999 |   2)               |                          __filemap_add_folio() {
   11.911999 |   2)   0.124 us    |                            shmem_mapping();
   11.911999 |   2)               |                            _raw_spin_lock_irq() {
   11.911999 |   2)   0.126 us    |                              preempt_count_add();
   11.912000 |   2)   0.398 us    |                            }
   11.912000 |   2)   0.124 us    |                            workingset_update_node();
   11.912000 |   2)   0.124 us    |                            mod_node_page_state();
   11.912000 |   2)               |                            _raw_spin_unlock_irq() {
   11.912001 |   2)   0.130 us    |                              preempt_count_sub();
   11.912001 |   2)   0.480 us    |                            }
   11.912001 |   2)   2.148 us    |                          }
   11.912001 |   2)               |                          folio_add_lru() {
   11.912001 |   2)               |                            __folio_batch_add_and_move() {
   11.912001 |   2)   0.126 us    |                              preempt_count_add();
   11.912002 |   2)   0.126 us    |                              preempt_count_sub();
   11.912002 |   2)   0.744 us    |                            }
   11.912002 |   2)   0.992 us    |                          }
   11.912002 |   2)   3.562 us    |                        }
   11.912003 |   2)               |                        filemap_alloc_folio_noprof() {
   11.912003 |   2)               |                          folio_alloc_noprof() {
   11.912003 |   2)               |                            alloc_pages_mpol() {
   11.912003 |   2)   0.125 us    |                              policy_nodemask();
   11.912003 |   2)               |                              __alloc_frozen_pages_noprof() {
   11.912003 |   2)               |                                get_page_from_freelist() {
   11.912004 |   2)   0.125 us    |                                  preempt_count_add();
   11.912004 |   2)               |                                  _raw_spin_trylock() {
   11.912004 |   2)   0.124 us    |                                    preempt_count_add();
   11.912004 |   2)   0.458 us    |                                  }
   11.912004 |   2)               |                                  _raw_spin_unlock() {
   11.912005 |   2)   0.123 us    |                                    preempt_count_sub();
   11.912005 |   2)   0.395 us    |                                  }
   11.912005 |   2)   0.127 us    |                                  preempt_count_sub();
   11.912005 |   2)   1.832 us    |                                }
   11.912005 |   2)   2.100 us    |                              }
   11.912005 |   2)   2.636 us    |                            }
   11.912006 |   2)   2.889 us    |                          }
   11.912006 |   2)   3.141 us    |                        }
   11.912006 |   2)               |                        filemap_add_folio() {
   11.912006 |   2)               |                          __filemap_add_folio() {
   11.912006 |   2)   0.122 us    |                            shmem_mapping();
   11.912006 |   2)               |                            _raw_spin_lock_irq() {
   11.912007 |   2)   0.125 us    |                              preempt_count_add();
   11.912007 |   2)   0.398 us    |                            }
   11.912007 |   2)   0.122 us    |                            workingset_update_node();
   11.912007 |   2)   0.125 us    |                            mod_node_page_state();
   11.912008 |   2)               |                            _raw_spin_unlock_irq() {
   11.912008 |   2)   0.126 us    |                              preempt_count_sub();
   11.912008 |   2)   0.396 us    |                            }
   11.912008 |   2)   2.053 us    |                          }
   11.912008 |   2)               |                          folio_add_lru() {
   11.912008 |   2)               |                            __folio_batch_add_and_move() {
   11.912008 |   2)   0.123 us    |                              preempt_count_add();
   11.912009 |   2)   0.125 us    |                              preempt_count_sub();
   11.912009 |   2)   0.659 us    |                            }
   11.912009 |   2)   0.906 us    |                          }
   11.912009 |   2)   3.379 us    |                        }
   11.912010 |   2)               |                        filemap_alloc_folio_noprof() {
   11.912010 |   2)               |                          folio_alloc_noprof() {
   11.912010 |   2)               |                            alloc_pages_mpol() {
   11.912010 |   2)   0.125 us    |                              policy_nodemask();
   11.912010 |   2)               |                              __alloc_frozen_pages_noprof() {
   11.912010 |   2)               |                                get_page_from_freelist() {
   11.912011 |   2)   0.125 us    |                                  preempt_count_add();
   11.912011 |   2)               |                                  _raw_spin_trylock() {
   11.912011 |   2)   0.123 us    |                                    preempt_count_add();
   11.912011 |   2)   0.386 us    |                                  }
   11.912011 |   2)               |                                  _raw_spin_unlock() {
   11.912011 |   2)   0.123 us    |                                    preempt_count_sub();
   11.912012 |   2)   0.385 us    |                                  }
   11.912012 |   2)   0.126 us    |                                  preempt_count_sub();
   11.912012 |   2)   1.746 us    |                                }
   11.912012 |   2)   2.015 us    |                              }
   11.912012 |   2)   2.537 us    |                            }
   11.912013 |   2)   2.788 us    |                          }
   11.912013 |   2)   3.037 us    |                        }
   11.912013 |   2)               |                        filemap_add_folio() {
   11.912013 |   2)               |                          __filemap_add_folio() {
   11.912013 |   2)   0.123 us    |                            shmem_mapping();
   11.912013 |   2)               |                            _raw_spin_lock_irq() {
   11.912013 |   2)   0.124 us    |                              preempt_count_add();
   11.912014 |   2)   0.394 us    |                            }
   11.912014 |   2)   0.124 us    |                            workingset_update_node();
   11.912014 |   2)   0.125 us    |                            mod_node_page_state();
   11.912014 |   2)               |                            _raw_spin_unlock_irq() {
   11.912015 |   2)   0.126 us    |                              preempt_count_sub();
   11.912015 |   2)   0.461 us    |                            }
   11.912015 |   2)   2.119 us    |                          }
   11.912015 |   2)               |                          folio_add_lru() {
   11.912015 |   2)               |                            __folio_batch_add_and_move() {
   11.912015 |   2)   0.125 us    |                              preempt_count_add();
   11.912016 |   2)   0.130 us    |                              preempt_count_sub();
   11.912016 |   2)   0.672 us    |                            }
   11.912016 |   2)   0.918 us    |                          }
   11.912016 |   2)   3.456 us    |                        }
   11.912017 |   2)               |                        filemap_alloc_folio_noprof() {
   11.912017 |   2)               |                          folio_alloc_noprof() {
   11.912017 |   2)               |                            alloc_pages_mpol() {
   11.912017 |   2)   0.123 us    |                              policy_nodemask();
   11.912017 |   2)               |                              __alloc_frozen_pages_noprof() {
   11.912017 |   2)               |                                get_page_from_freelist() {
   11.912017 |   2)   0.124 us    |                                  preempt_count_add();
   11.912018 |   2)               |                                  _raw_spin_trylock() {
   11.912018 |   2)   0.123 us    |                                    preempt_count_add();
   11.912018 |   2)   0.395 us    |                                  }
   11.912018 |   2)               |                                  _raw_spin_unlock() {
   11.912018 |   2)   0.134 us    |                                    preempt_count_sub();
   11.912019 |   2)   0.408 us    |                                  }
   11.912019 |   2)   0.127 us    |                                  preempt_count_sub();
   11.912019 |   2)   1.780 us    |                                }
   11.912019 |   2)   2.053 us    |                              }
   11.912019 |   2)   2.581 us    |                            }
   11.912020 |   2)   2.832 us    |                          }
   11.912020 |   2)   3.083 us    |                        }
   11.912020 |   2)               |                        filemap_add_folio() {
   11.912020 |   2)               |                          __filemap_add_folio() {
   11.912020 |   2)   0.135 us    |                            shmem_mapping();
   11.912020 |   2)               |                            _raw_spin_lock_irq() {
   11.912021 |   2)   0.127 us    |                              preempt_count_add();
   11.912021 |   2)   0.425 us    |                            }
   11.912021 |   2)   0.125 us    |                            workingset_update_node();
   11.912021 |   2)   0.128 us    |                            mod_node_page_state();
   11.912022 |   2)               |                            _raw_spin_unlock_irq() {
   11.912022 |   2)   0.127 us    |                              preempt_count_sub();
   11.912022 |   2)   0.396 us    |                            }
   11.912022 |   2)   2.082 us    |                          }
   11.912022 |   2)               |                          folio_add_lru() {
   11.912022 |   2)               |                            __folio_batch_add_and_move() {
   11.912022 |   2)   0.125 us    |                              preempt_count_add();
   11.912023 |   2)   0.127 us    |                              preempt_count_sub();
   11.912023 |   2)   0.660 us    |                            }
   11.912023 |   2)   0.910 us    |                          }
   11.912023 |   2)   3.429 us    |                        }
   11.912024 |   2)               |                        filemap_alloc_folio_noprof() {
   11.912024 |   2)               |                          folio_alloc_noprof() {
   11.912024 |   2)               |                            alloc_pages_mpol() {
   11.912024 |   2)   0.126 us    |                              policy_nodemask();
   11.912024 |   2)               |                              __alloc_frozen_pages_noprof() {
   11.912024 |   2)               |                                get_page_from_freelist() {
   11.912024 |   2)   0.125 us    |                                  preempt_count_add();
   11.912025 |   2)               |                                  _raw_spin_trylock() {
   11.912025 |   2)   0.123 us    |                                    preempt_count_add();
   11.912025 |   2)   0.386 us    |                                  }
   11.912025 |   2)               |                                  _raw_spin_unlock() {
   11.912025 |   2)   0.124 us    |                                    preempt_count_sub();
   11.912026 |   2)   0.389 us    |                                  }
   11.912026 |   2)   0.125 us    |                                  preempt_count_sub();
   11.912026 |   2)   1.754 us    |                                }
   11.912026 |   2)   2.023 us    |                              }
   11.912026 |   2)   2.553 us    |                            }
   11.912027 |   2)   2.805 us    |                          }
   11.912027 |   2)   3.057 us    |                        }
   11.912027 |   2)               |                        filemap_add_folio() {
   11.912027 |   2)               |                          __filemap_add_folio() {
   11.912027 |   2)   0.122 us    |                            shmem_mapping();
   11.912027 |   2)               |                            _raw_spin_lock_irq() {
   11.912027 |   2)   0.126 us    |                              preempt_count_add();
   11.912028 |   2)   0.398 us    |                            }
   11.912028 |   2)   0.125 us    |                            workingset_update_node();
   11.912028 |   2)   0.149 us    |                            mod_node_page_state();
   11.912028 |   2)               |                            _raw_spin_unlock_irq() {
   11.912029 |   2)   0.126 us    |                              preempt_count_sub();
   11.912029 |   2)   0.393 us    |                            }
   11.912029 |   2)   2.124 us    |                          }
   11.912029 |   2)               |                          folio_add_lru() {
   11.912029 |   2)               |                            __folio_batch_add_and_move() {
   11.912029 |   2)   0.126 us    |                              preempt_count_add();
   11.912030 |   2)   0.125 us    |                              preempt_count_sub();
   11.912030 |   2)   0.692 us    |                            }
   11.912030 |   2)   0.942 us    |                          }
   11.912030 |   2)   3.469 us    |                        }
   11.912031 |   2)               |                        filemap_alloc_folio_noprof() {
   11.912031 |   2)               |                          folio_alloc_noprof() {
   11.912031 |   2)               |                            alloc_pages_mpol() {
   11.912031 |   2)   0.124 us    |                              policy_nodemask();
   11.912031 |   2)               |                              __alloc_frozen_pages_noprof() {
   11.912031 |   2)               |                                get_page_from_freelist() {
   11.912032 |   2)   0.147 us    |                                  preempt_count_add();
   11.912032 |   2)               |                                  _raw_spin_trylock() {
   11.912032 |   2)   0.126 us    |                                    preempt_count_add();
   11.912032 |   2)   0.487 us    |                                  }
   11.912032 |   2)               |                                  _raw_spin_unlock() {
   11.912033 |   2)   0.142 us    |                                    preempt_count_sub();
   11.912033 |   2)   0.411 us    |                                  }
   11.912033 |   2)   0.127 us    |                                  preempt_count_sub();
   11.912033 |   2)   1.910 us    |                                }
   11.912033 |   2)   2.188 us    |                              }
   11.912034 |   2)   2.710 us    |                            }
   11.912034 |   2)   2.971 us    |                          }
   11.912034 |   2)   3.222 us    |                        }
   11.912034 |   2)               |                        filemap_add_folio() {
   11.912034 |   2)               |                          __filemap_add_folio() {
   11.912034 |   2)   0.125 us    |                            shmem_mapping();
   11.912035 |   2)               |                            _raw_spin_lock_irq() {
   11.912035 |   2)   0.125 us    |                              preempt_count_add();
   11.912035 |   2)   0.396 us    |                            }
   11.912035 |   2)   0.125 us    |                            workingset_update_node();
   11.912035 |   2)   0.127 us    |                            mod_node_page_state();
   11.912036 |   2)               |                            _raw_spin_unlock_irq() {
   11.912036 |   2)   0.129 us    |                              preempt_count_sub();
   11.912036 |   2)   0.397 us    |                            }
   11.912036 |   2)   2.144 us    |                          }
   11.912036 |   2)               |                          folio_add_lru() {
   11.912037 |   2)               |                            __folio_batch_add_and_move() {
   11.912037 |   2)   0.126 us    |                              preempt_count_add();
   11.912037 |   2)   0.152 us    |                              preempt_count_sub();
   11.912037 |   2)   0.684 us    |                            }
   11.912037 |   2)   0.930 us    |                          }
   11.912037 |   2)   3.483 us    |                        }
   11.912038 |   2)               |                        filemap_alloc_folio_noprof() {
   11.912038 |   2)               |                          folio_alloc_noprof() {
   11.912038 |   2)               |                            alloc_pages_mpol() {
   11.912038 |   2)   0.126 us    |                              policy_nodemask();
   11.912038 |   2)               |                              __alloc_frozen_pages_noprof() {
   11.912039 |   2)               |                                get_page_from_freelist() {
   11.912039 |   2)   0.126 us    |                                  preempt_count_add();
   11.912039 |   2)               |                                  _raw_spin_trylock() {
   11.912039 |   2)   0.125 us    |                                    preempt_count_add();
   11.912039 |   2)   0.390 us    |                                  }
   11.912039 |   2)               |                                  _raw_spin_unlock() {
   11.912040 |   2)   0.124 us    |                                    preempt_count_sub();
   11.912040 |   2)   0.388 us    |                                  }
   11.912040 |   2)   0.127 us    |                                  preempt_count_sub();
   11.912040 |   2)   1.733 us    |                                }
   11.912040 |   2)   2.002 us    |                              }
   11.912041 |   2)   2.526 us    |                            }
   11.912041 |   2)   2.777 us    |                          }
   11.912041 |   2)   3.028 us    |                        }
   11.912041 |   2)               |                        filemap_add_folio() {
   11.912041 |   2)               |                          __filemap_add_folio() {
   11.912041 |   2)   0.125 us    |                            shmem_mapping();
   11.912041 |   2)               |                            _raw_spin_lock_irq() {
   11.912042 |   2)   0.127 us    |                              preempt_count_add();
   11.912042 |   2)   0.398 us    |                            }
   11.912042 |   2)   0.125 us    |                            workingset_update_node();
   11.912042 |   2)   0.127 us    |                            mod_node_page_state();
   11.912043 |   2)               |                            _raw_spin_unlock_irq() {
   11.912043 |   2)   0.126 us    |                              preempt_count_sub();
   11.912043 |   2)   0.395 us    |                            }
   11.912043 |   2)   2.033 us    |                          }
   11.912043 |   2)               |                          folio_add_lru() {
   11.912044 |   2)               |                            __folio_batch_add_and_move() {
   11.912044 |   2)   0.126 us    |                              preempt_count_add();
   11.912044 |   2)   0.132 us    |                              preempt_count_sub();
   11.912044 |   2)   0.675 us    |                            }
   11.912044 |   2)   0.921 us    |                          }
   11.912045 |   2)   3.580 us    |                        }
   11.912045 |   2)               |                        filemap_alloc_folio_noprof() {
   11.912045 |   2)               |                          folio_alloc_noprof() {
   11.912045 |   2)               |                            alloc_pages_mpol() {
   11.912045 |   2)   0.125 us    |                              policy_nodemask();
   11.912046 |   2)               |                              __alloc_frozen_pages_noprof() {
   11.912046 |   2)               |                                get_page_from_freelist() {
   11.912046 |   2)   0.126 us    |                                  preempt_count_add();
   11.912046 |   2)               |                                  _raw_spin_trylock() {
   11.912046 |   2)   0.124 us    |                                    preempt_count_add();
   11.912046 |   2)   0.414 us    |                                  }
   11.912047 |   2)               |                                  _raw_spin_unlock() {
   11.912047 |   2)   0.124 us    |                                    preempt_count_sub();
   11.912047 |   2)   0.386 us    |                                  }
   11.912047 |   2)   0.126 us    |                                  preempt_count_sub();
   11.912047 |   2)   1.752 us    |                                }
   11.912048 |   2)   2.020 us    |                              }
   11.912048 |   2)   2.568 us    |                            }
   11.912048 |   2)   2.839 us    |                          }
   11.912048 |   2)   3.087 us    |                        }
   11.912048 |   2)               |                        filemap_add_folio() {
   11.912048 |   2)               |                          __filemap_add_folio() {
   11.912048 |   2)   0.125 us    |                            shmem_mapping();
   11.912049 |   2)               |                            _raw_spin_lock_irq() {
   11.912049 |   2)   0.125 us    |                              preempt_count_add();
   11.912049 |   2)   0.395 us    |                            }
   11.912049 |   2)   0.126 us    |                            workingset_update_node();
   11.912049 |   2)   0.126 us    |                            mod_node_page_state();
   11.912050 |   2)               |                            _raw_spin_unlock_irq() {
   11.912050 |   2)   0.128 us    |                              preempt_count_sub();
   11.912050 |   2)   0.395 us    |                            }
   11.912050 |   2)   2.037 us    |                          }
   11.912050 |   2)               |                          folio_add_lru() {
   11.912051 |   2)               |                            __folio_batch_add_and_move() {
   11.912051 |   2)   0.127 us    |                              preempt_count_add();
   11.912051 |   2)   0.127 us    |                              preempt_count_sub();
   11.912051 |   2)   0.661 us    |                            }
   11.912051 |   2)   0.909 us    |                          }
   11.912051 |   2)   3.344 us    |                        }
   11.912052 |   2)               |                        filemap_alloc_folio_noprof() {
   11.912052 |   2)               |                          folio_alloc_noprof() {
   11.912052 |   2)               |                            alloc_pages_mpol() {
   11.912052 |   2)   0.124 us    |                              policy_nodemask();
   11.912052 |   2)               |                              __alloc_frozen_pages_noprof() {
   11.912053 |   2)               |                                get_page_from_freelist() {
   11.912053 |   2)   0.126 us    |                                  preempt_count_add();
   11.912053 |   2)               |                                  _raw_spin_trylock() {
   11.912053 |   2)   0.126 us    |                                    preempt_count_add();
   11.912053 |   2)   0.415 us    |                                  }
   11.912053 |   2)               |                                  _raw_spin_unlock() {
   11.912054 |   2)   0.127 us    |                                    preempt_count_sub();
   11.912054 |   2)   0.389 us    |                                  }
   11.912054 |   2)   0.126 us    |                                  preempt_count_sub();
   11.912054 |   2)   1.779 us    |                                }
   11.912054 |   2)   2.051 us    |                              }
   11.912055 |   2)   2.576 us    |                            }
   11.912055 |   2)   2.826 us    |                          }
   11.912055 |   2)   3.075 us    |                        }
   11.912055 |   2)               |                        filemap_add_folio() {
   11.912055 |   2)               |                          __filemap_add_folio() {
   11.912055 |   2)   0.123 us    |                            shmem_mapping();
   11.912056 |   2)               |                            _raw_spin_lock_irq() {
   11.912056 |   2)   0.126 us    |                              preempt_count_add();
   11.912056 |   2)   0.398 us    |                            }
   11.912056 |   2)   0.126 us    |                            workingset_update_node();
   11.912056 |   2)   0.126 us    |                            mod_node_page_state();
   11.912057 |   2)               |                            _raw_spin_unlock_irq() {
   11.912057 |   2)   0.128 us    |                              preempt_count_sub();
   11.912057 |   2)   0.393 us    |                            }
   11.912057 |   2)   2.059 us    |                          }
   11.912057 |   2)               |                          folio_add_lru() {
   11.912057 |   2)               |                            __folio_batch_add_and_move() {
   11.912058 |   2)   0.126 us    |                              preempt_count_add();
   11.912058 |   2)   0.126 us    |                              preempt_count_sub();
   11.912058 |   2)   0.732 us    |                            }
   11.912058 |   2)   0.981 us    |                          }
   11.912058 |   2)   3.439 us    |                        }
   11.912059 |   2)               |                        filemap_alloc_folio_noprof() {
   11.912059 |   2)               |                          folio_alloc_noprof() {
   11.912059 |   2)               |                            alloc_pages_mpol() {
   11.912059 |   2)   0.126 us    |                              policy_nodemask();
   11.912059 |   2)               |                              __alloc_frozen_pages_noprof() {
   11.912060 |   2)               |                                get_page_from_freelist() {
   11.912060 |   2)   0.139 us    |                                  preempt_count_add();
   11.912060 |   2)               |                                  _raw_spin_trylock() {
   11.912060 |   2)   0.125 us    |                                    preempt_count_add();
   11.912060 |   2)   0.394 us    |                                  }
   11.912061 |   2)               |                                  _raw_spin_unlock() {
   11.912061 |   2)   0.134 us    |                                    preempt_count_sub();
   11.912061 |   2)   0.400 us    |                                  }
   11.912061 |   2)   0.127 us    |                                  preempt_count_sub();
   11.912061 |   2)   1.822 us    |                                }
   11.912062 |   2)   2.105 us    |                              }
   11.912062 |   2)   2.637 us    |                            }
   11.912062 |   2)   2.910 us    |                          }
   11.912062 |   2)   3.161 us    |                        }
   11.912062 |   2)               |                        filemap_add_folio() {
   11.912062 |   2)               |                          __filemap_add_folio() {
   11.912062 |   2)   0.125 us    |                            shmem_mapping();
   11.912063 |   2)               |                            _raw_spin_lock_irq() {
   11.912063 |   2)   0.127 us    |                              preempt_count_add();
   11.912063 |   2)   0.400 us    |                            }
   11.912063 |   2)   0.128 us    |                            workingset_update_node();
   11.912064 |   2)   0.128 us    |                            mod_node_page_state();
   11.912064 |   2)               |                            _raw_spin_unlock_irq() {
   11.912064 |   2)   0.128 us    |                              preempt_count_sub();
   11.912064 |   2)   0.400 us    |                            }
   11.912064 |   2)   2.134 us    |                          }
   11.912065 |   2)               |                          folio_add_lru() {
   11.912065 |   2)               |                            __folio_batch_add_and_move() {
   11.912065 |   2)   0.125 us    |                              preempt_count_add();
   11.912065 |   2)               |                              folio_batch_move_lru() {
   11.912065 |   2)               |                                _raw_spin_lock_irqsave() {
   11.912065 |   2)   0.136 us    |                                  preempt_count_add();
   11.912066 |   2)   0.406 us    |                                }
   11.912066 |   2)               |                                lru_add() {
   11.912066 |   2)   0.125 us    |                                  folio_mapping();
   11.912066 |   2)   0.126 us    |                                  mod_node_page_state();
   11.912067 |   2)   0.127 us    |                                  __mod_zone_page_state();
   11.912067 |   2)   1.148 us    |                                }
   11.912067 |   2)               |                                lru_add() {
   11.912067 |   2)   0.126 us    |                                  folio_mapping();
   11.912068 |   2)   0.128 us    |                                  mod_node_page_state();
   11.912068 |   2)   0.125 us    |                                  __mod_zone_page_state();
   11.912068 |   2)   1.105 us    |                                }
   11.912068 |   2)               |                                lru_add() {
   11.912069 |   2)   0.126 us    |                                  folio_mapping();
   11.912069 |   2)   0.126 us    |                                  mod_node_page_state();
   11.912069 |   2)   0.125 us    |                                  __mod_zone_page_state();
   11.912070 |   2)   1.110 us    |                                }
   11.912070 |   2)               |                                lru_add() {
   11.912070 |   2)   0.126 us    |                                  folio_mapping();
   11.912070 |   2)   0.128 us    |                                  mod_node_page_state();
   11.912071 |   2)   0.126 us    |                                  __mod_zone_page_state();
   11.912071 |   2)   1.133 us    |                                }
   11.912071 |   2)               |                                lru_add() {
   11.912071 |   2)   0.125 us    |                                  folio_mapping();
   11.912072 |   2)   0.129 us    |                                  mod_node_page_state();
   11.912072 |   2)   0.126 us    |                                  __mod_zone_page_state();
   11.912072 |   2)   1.129 us    |                                }
   11.912072 |   2)               |                                lru_add() {
   11.912073 |   2)   0.126 us    |                                  folio_mapping();
   11.912073 |   2)   0.126 us    |                                  mod_node_page_state();
   11.912073 |   2)   0.179 us    |                                  __mod_zone_page_state();
   11.912074 |   2)   1.252 us    |                                }
   11.912074 |   2)               |                                lru_add() {
   11.912074 |   2)   0.125 us    |                                  folio_mapping();
   11.912074 |   2)   0.127 us    |                                  mod_node_page_state();
   11.912075 |   2)   0.126 us    |                                  __mod_zone_page_state();
   11.912075 |   2)   1.133 us    |                                }
   11.912075 |   2)               |                                lru_add() {
   11.912075 |   2)   0.126 us    |                                  folio_mapping();
   11.912076 |   2)   0.125 us    |                                  mod_node_page_state();
   11.912076 |   2)   0.126 us    |                                  __mod_zone_page_state();
   11.912076 |   2)   1.103 us    |                                }
   11.912076 |   2)               |                                lru_add() {
   11.912077 |   2)   0.125 us    |                                  folio_mapping();
   11.912077 |   2)   0.127 us    |                                  mod_node_page_state();
   11.912077 |   2)   0.125 us    |                                  __mod_zone_page_state();
   11.912078 |   2)   1.129 us    |                                }
   11.912078 |   2)               |                                lru_add() {
   11.912078 |   2)   2.822 us    |                                  folio_mapping();
   11.912081 |   2)   0.153 us    |                                  mod_node_page_state();
   11.912081 |   2)   0.152 us    |                                  __mod_zone_page_state();
   11.912082 |   2)   3.983 us    |                                }
   11.912082 |   2)               |                                lru_add() {
   11.912082 |   2)   0.149 us    |                                  folio_mapping();
   11.912083 |   2)   0.155 us    |                                  mod_node_page_state();
   11.912083 |   2)   0.151 us    |                                  __mod_zone_page_state();
   11.912083 |   2)   1.338 us    |                                }
   11.912083 |   2)               |                                lru_add() {
   11.912084 |   2)   0.151 us    |                                  folio_mapping();
   11.912084 |   2)   0.153 us    |                                  mod_node_page_state();
   11.912085 |   2)   0.149 us    |                                  __mod_zone_page_state();
   11.912085 |   2)   1.349 us    |                                }
   11.912085 |   2)               |                                lru_add() {
   11.912085 |   2)   0.150 us    |                                  folio_mapping();
   11.912086 |   2)   0.153 us    |                                  mod_node_page_state();
   11.912086 |   2)   0.150 us    |                                  __mod_zone_page_state();
   11.912086 |   2)   1.352 us    |                                }
   11.912087 |   2)               |                                lru_add() {
   11.912087 |   2)   0.151 us    |                                  folio_mapping();
   11.912087 |   2)   0.153 us    |                                  mod_node_page_state();
   11.912088 |   2)   0.152 us    |                                  __mod_zone_page_state();
   11.912088 |   2)   1.350 us    |                                }
   11.912088 |   2)               |                                lru_add() {
   11.912088 |   2)   0.152 us    |                                  folio_mapping();
   11.912089 |   2)   0.154 us    |                                  mod_node_page_state();
   11.912089 |   2)   0.152 us    |                                  __mod_zone_page_state();
   11.912089 |   2)   1.348 us    |                                }
   11.912090 |   2)               |                                lru_add() {
   11.912090 |   2)   0.150 us    |                                  folio_mapping();
   11.912090 |   2)   0.152 us    |                                  mod_node_page_state();
   11.912091 |   2)   0.151 us    |                                  __mod_zone_page_state();
   11.912091 |   2)   1.350 us    |                                }
   11.912091 |   2)               |                                lru_add() {
   11.912091 |   2)   0.151 us    |                                  folio_mapping();
   11.912092 |   2)   0.152 us    |                                  mod_node_page_state();
   11.912092 |   2)   0.150 us    |                                  __mod_zone_page_state();
   11.912093 |   2)   1.351 us    |                                }
   11.912093 |   2)               |                                lru_add() {
   11.912093 |   2)   0.151 us    |                                  folio_mapping();
   11.912093 |   2)   0.154 us    |                                  mod_node_page_state();
   11.912094 |   2)   0.152 us    |                                  __mod_zone_page_state();
   11.912094 |   2)   1.350 us    |                                }
   11.912094 |   2)               |                                lru_add() {
   11.912095 |   2)   0.153 us    |                                  folio_mapping();
   11.912095 |   2)   0.191 us    |                                  mod_node_page_state();
   11.912095 |   2)   0.213 us    |                                  __mod_zone_page_state();
   11.912096 |   2)   1.523 us    |                                }
   11.912096 |   2)               |                                lru_add() {
   11.912096 |   2)   0.151 us    |                                  folio_mapping();
   11.912097 |   2)   0.196 us    |                                  mod_node_page_state();
   11.912097 |   2)   0.151 us    |                                  __mod_zone_page_state();
   11.912097 |   2)   1.393 us    |                                }
   11.912098 |   2)               |                                lru_add() {
   11.912098 |   2)   0.151 us    |                                  folio_mapping();
   11.912098 |   2)   0.152 us    |                                  mod_node_page_state();
   11.912099 |   2)   0.151 us    |                                  __mod_zone_page_state();
   11.912099 |   2)   1.343 us    |                                }
   11.912099 |   2)               |                                lru_add() {
   11.912100 |   2)   0.151 us    |                                  folio_mapping();
   11.912100 |   2)   0.153 us    |                                  mod_node_page_state();
   11.912100 |   2)   0.152 us    |                                  __mod_zone_page_state();
   11.912101 |   2)   1.349 us    |                                }
   11.912101 |   2)               |                                lru_add() {
   11.912101 |   2)   0.150 us    |                                  folio_mapping();
   11.912102 |   2)   0.152 us    |                                  mod_node_page_state();
   11.912102 |   2)   0.151 us    |                                  __mod_zone_page_state();
   11.912102 |   2)   1.347 us    |                                }
   11.912102 |   2)               |                                lru_add() {
   11.912103 |   2)   0.152 us    |                                  folio_mapping();
   11.912103 |   2)   0.152 us    |                                  mod_node_page_state();
   11.912103 |   2)   0.151 us    |                                  __mod_zone_page_state();
   11.912104 |   2)   1.346 us    |                                }
   11.912104 |   2)               |                                lru_add() {
   11.912104 |   2)   0.151 us    |                                  folio_mapping();
   11.912105 |   2)   0.152 us    |                                  mod_node_page_state();
   11.912105 |   2)   0.150 us    |                                  __mod_zone_page_state();
   11.912105 |   2)   1.346 us    |                                }
   11.912105 |   2)               |                                lru_add() {
   11.912106 |   2)   0.151 us    |                                  folio_mapping();
   11.912106 |   2)   0.152 us    |                                  mod_node_page_state();
   11.912107 |   2)   0.153 us    |                                  __mod_zone_page_state();
   11.912107 |   2)   1.348 us    |                                }
   11.912107 |   2)               |                                lru_add() {
   11.912107 |   2)   0.151 us    |                                  folio_mapping();
   11.912108 |   2)   0.153 us    |                                  mod_node_page_state();
   11.912108 |   2)   0.150 us    |                                  __mod_zone_page_state();
   11.912108 |   2)   1.343 us    |                                }
   11.912109 |   2)               |                                lru_add() {
   11.912109 |   2)   0.151 us    |                                  folio_mapping();
   11.912109 |   2)   0.151 us    |                                  mod_node_page_state();
   11.912110 |   2)   0.151 us    |                                  __mod_zone_page_state();
   11.912110 |   2)   1.345 us    |                                }
   11.912110 |   2)               |                                lru_add() {
   11.912110 |   2)   0.151 us    |                                  folio_mapping();
   11.912111 |   2)   0.151 us    |                                  mod_node_page_state();
   11.912111 |   2)   0.151 us    |                                  __mod_zone_page_state();
   11.912111 |   2)   1.345 us    |                                }
   11.912112 |   2)               |                                lru_add() {
   11.912112 |   2)   0.151 us    |                                  folio_mapping();
   11.912112 |   2)   0.152 us    |                                  mod_node_page_state();
   11.912113 |   2)   0.151 us    |                                  __mod_zone_page_state();
   11.912113 |   2)   1.344 us    |                                }
   11.912113 |   2)               |                                lru_add() {
   11.912113 |   2)   0.151 us    |                                  folio_mapping();
   11.912114 |   2)   0.153 us    |                                  mod_node_page_state();
   11.912114 |   2)   0.151 us    |                                  __mod_zone_page_state();
   11.912115 |   2)   1.347 us    |                                }
   11.912115 |   2)               |                                _raw_spin_unlock_irqrestore() {
   11.912115 |   2)               |                                  irq_enter_rcu() {
   11.912115 |   2)   0.121 us    |                                    preempt_count_add();
   11.912116 |   2)   0.405 us    |                                  }
   11.912120 |   2)               |                                  __hrtimer_rearm_deferred() {
   11.912121 |   2)               |                                    _raw_spin_lock() {
   11.912121 |   2)   0.134 us    |                                      preempt_count_add();
   11.912121 |   2)   0.447 us    |                                    }
   11.912121 |   2)               |                                    tick_program_event() {
   11.912121 |   2)               |                                      clockevents_program_event() {
   11.912122 |   2)   1.759 us    |                                        lapic_next_event();
   11.912124 |   2)   2.255 us    |                                      }
   11.912124 |   2)   2.540 us    |                                    }
   11.912124 |   2)               |                                    _raw_spin_unlock() {
   11.912124 |   2)   0.133 us    |                                      preempt_count_sub();
   11.912124 |   2)   0.436 us    |                                    }
   11.912125 |   2)   4.041 us    |                                  }
   11.912125 |   2)               |                                  handle_softirqs() {
   11.912125 |   2)   0.147 us    |                                    __local_bh_disable_ip();
   11.912125 |   2)               |                                    rcu_core_si() {
   11.912125 |   2)               |                                      rcu_core() {
   11.912126 |   2)   0.163 us    |                                        note_gp_changes();
   11.912126 |   2)               |                                        rcu_report_qs_rdp() {
   11.912126 |   2)               |                                          _raw_spin_lock_irqsave() {
   11.912126 |   2)   0.126 us    |                                            preempt_count_add();
   11.912126 |   2)   0.431 us    |                                          }
   11.912127 |   2)               |                                          rcu_accelerate_cbs() {
   11.912127 |   2)   0.145 us    |                                            rcu_segcblist_pend_cbs();
   11.912127 |   2)               |                                            rcu_segcblist_accelerate() {
   11.912127 |   2)   0.152 us    |                                              rcu_segcblist_accelerate.part.0();
   11.912128 |   2)   0.420 us    |                                            }
   11.912128 |   2)               |                                            rcu_start_this_gp() {
   11.912128 |   2)   0.124 us    |                                              trace_rcu_this_gp();
   11.912128 |   2)   0.125 us    |                                              trace_rcu_this_gp();
   11.912128 |   2)   0.728 us    |                                            }
   11.912129 |   2)   2.030 us    |                                          }
   11.912129 |   2)               |                                          rcu_report_qs_rnp() {
   11.912129 |   2)               |                                            rcu_report_qs_rsp() {
   11.912129 |   2)               |                                              _raw_spin_unlock_irqrestore() {
   11.912129 |   2)   0.125 us    |                                                preempt_count_sub();
   11.912130 |   2)   0.400 us    |                                              }
   11.912130 |   2)               |                                              rcu_gp_kthread_wake() {
   11.912130 |   2)               |                                                swake_up_one() {
   11.912130 |   2)               |                                                  _raw_spin_lock_irqsave() {
   11.912130 |   2)   0.126 us    |                                                    preempt_count_add();
   11.912131 |   2)   0.405 us    |                                                  }
   11.912131 |   2)               |                                                  try_to_wake_up() {
   11.912131 |   2)               |                                                    _raw_spin_lock_irqsave() {
   11.912131 |   2)   0.125 us    |                                                      preempt_count_add();
   11.912132 |   2)   0.576 us    |                                                    }
   11.912132 |   2)               |                                                    select_task_rq_fair() {
   11.912132 |   2)   0.124 us    |                                                      choose_idle_cpu();
   11.912133 |   2)   0.571 us    |                                                    }
   11.912133 |   2)   0.202 us    |                                                    kthread_is_per_cpu();
   11.912133 |   2)               |                                                    ttwu_queue_wakelist() {
   11.912133 |   2)               |                                                      __smp_call_single_queue() {
   11.912133 |   2)   0.248 us    |                                                        call_function_single_prep_ipi();
   11.912134 |   2)               |                                                        native_send_call_func_single_ipi() {
   11.912134 |   2)   0.460 us    |                                                          x2apic_send_IPI();
   11.912135 |   2)   0.719 us    |                                                        }
   11.912135 |   2)   1.524 us    |                                                      }
   11.912135 |   2)   1.879 us    |                                                    }
   11.912135 |   2)               |                                                    _raw_spin_unlock_irqrestore() {
   11.912135 |   2)   0.129 us    |                                                      preempt_count_sub();
   11.912135 |   2)   0.413 us    |                                                    }
   11.912136 |   2)   4.747 us    |                                                  }
   11.912136 |   2)               |                                                  _raw_spin_unlock_irqrestore() {
   11.912136 |   2)   0.125 us    |                                                    preempt_count_sub();
   11.912136 |   2)   0.411 us    |                                                  }
   11.912136 |   2)   6.324 us    |                                                }
   11.912136 |   2)   6.605 us    |                                              }
   11.912137 |   2)   7.466 us    |                                            }
   11.912137 |   2)   7.888 us    |                                          }
   11.912137 |   2) + 10.991 us   |                                        }
   11.912137 |   2)   0.120 us    |                                        rcu_segcblist_nextgp();
   11.912137 |   2)   0.138 us    |                                        poll_state_synchronize_rcu_full();
   11.912138 |   2)   0.128 us    |                                        rcu_segcblist_ready_cbs();
   11.912138 |   2) + 12.555 us   |                                      }
   11.912138 |   2) + 12.822 us   |                                    }
   11.912138 |   2) + 13.541 us   |                                  }
   11.912138 |   2)   0.134 us    |                                  idle_cpu();
   11.912139 |   2)   0.137 us    |                                  raw_irqentry_exit_cond_resched();
   11.912139 |   2)   0.131 us    |                                  preempt_count_sub();
   11.912139 |   2) + 24.628 us   |                                }
   11.912140 |   2)   0.124 us    |                                free_unref_folios();
   11.912140 |   2)   0.367 us    |                                folios_put_refs();
   11.912140 |   2) + 75.420 us   |                              }
   11.912141 |   2)   0.125 us    |                              preempt_count_sub();
   11.912141 |   2) + 76.240 us   |                            }
   11.912141 |   2) + 76.491 us   |                          }
   11.912141 |   2) + 79.034 us   |                        }
   11.912141 |   2)               |                        filemap_alloc_folio_noprof() {
   11.912142 |   2)               |                          folio_alloc_noprof() {
   11.912142 |   2)               |                            alloc_pages_mpol() {
   11.912142 |   2)   0.127 us    |                              policy_nodemask();
   11.912142 |   2)               |                              __alloc_frozen_pages_noprof() {
   11.912142 |   2)               |                                get_page_from_freelist() {
   11.912143 |   2)   0.127 us    |                                  preempt_count_add();
   11.912143 |   2)               |                                  _raw_spin_trylock() {
   11.912143 |   2)   0.123 us    |                                    preempt_count_add();
   11.912143 |   2)   0.424 us    |                                  }
   11.912143 |   2)               |                                  _raw_spin_unlock() {
   11.912144 |   2)   0.124 us    |                                    preempt_count_sub();
   11.912144 |   2)   0.388 us    |                                  }
   11.912144 |   2)   0.128 us    |                                  preempt_count_sub();
   11.912144 |   2)   1.950 us    |                                }
   11.912144 |   2)   2.231 us    |                              }
   11.912145 |   2)   2.760 us    |                            }
   11.912145 |   2)   3.014 us    |                          }
   11.912145 |   2)   3.275 us    |                        }
   11.912145 |   2)               |                        filemap_add_folio() {
   11.912145 |   2)               |                          __filemap_add_folio() {
   11.912145 |   2)   0.124 us    |                            shmem_mapping();
   11.912145 |   2)               |                            _raw_spin_lock_irq() {
   11.912146 |   2)   0.143 us    |                              preempt_count_add();
   11.912146 |   2)   0.414 us    |                            }
   11.912146 |   2)   0.125 us    |                            workingset_update_node();
   11.912146 |   2)   0.126 us    |                            mod_node_page_state();
   11.912147 |   2)               |                            _raw_spin_unlock_irq() {
   11.912147 |   2)   0.130 us    |                              preempt_count_sub();
   11.912147 |   2)   0.404 us    |                            }
   11.912147 |   2)   2.123 us    |                          }
   11.912147 |   2)               |                          folio_add_lru() {
   11.912147 |   2)               |                            __folio_batch_add_and_move() {
   11.912148 |   2)   0.140 us    |                              preempt_count_add();
   11.912148 |   2)   0.125 us    |                              preempt_count_sub();
   11.912148 |   2)   0.673 us    |                            }
   11.912148 |   2)   0.923 us    |                          }
   11.912148 |   2)   3.465 us    |                        }
   11.912149 |   2)               |                        filemap_alloc_folio_noprof() {
   11.912149 |   2)               |                          folio_alloc_noprof() {
   11.912149 |   2)               |                            alloc_pages_mpol() {
   11.912149 |   2)   0.129 us    |                              policy_nodemask();
   11.912149 |   2)               |                              __alloc_frozen_pages_noprof() {
   11.912149 |   2)               |                                get_page_from_freelist() {
   11.912150 |   2)   0.126 us    |                                  preempt_count_add();
   11.912150 |   2)               |                                  _raw_spin_trylock() {
   11.912150 |   2)   0.129 us    |                                    preempt_count_add();
   11.912150 |   2)   0.394 us    |                                  }
   11.912150 |   2)               |                                  _raw_spin_unlock() {
   11.912151 |   2)   0.124 us    |                                    preempt_count_sub();
   11.912151 |   2)   0.389 us    |                                  }
   11.912151 |   2)   0.128 us    |                                  preempt_count_sub();
   11.912151 |   2)   1.763 us    |                                }
   11.912151 |   2)   2.035 us    |                              }
   11.912152 |   2)   2.564 us    |                            }
   11.912152 |   2)   2.814 us    |                          }
   11.912152 |   2)   3.064 us    |                        }
   11.912152 |   2)               |                        filemap_add_folio() {
   11.912152 |   2)               |                          __filemap_add_folio() {
   11.912152 |   2)   0.125 us    |                            shmem_mapping();
   11.912152 |   2)               |                            _raw_spin_lock_irq() {
   11.912153 |   2)   0.126 us    |                              preempt_count_add();
   11.912153 |   2)   0.406 us    |                            }
   11.912153 |   2)   0.125 us    |                            workingset_update_node();
   11.912153 |   2)   0.127 us    |                            mod_node_page_state();
   11.912154 |   2)               |                            _raw_spin_unlock_irq() {
   11.912154 |   2)   0.127 us    |                              preempt_count_sub();
   11.912154 |   2)   0.397 us    |                            }
   11.912154 |   2)   2.145 us    |                          }
   11.912154 |   2)               |                          folio_add_lru() {
   11.912154 |   2)               |                            __folio_batch_add_and_move() {
   11.912155 |   2)   0.126 us    |                              preempt_count_add();
   11.912155 |   2)   0.125 us    |                              preempt_count_sub();
   11.912155 |   2)   0.660 us    |                            }
   11.912155 |   2)   0.909 us    |                          }
   11.912155 |   2)   3.480 us    |                        }
   11.912156 |   2)               |                        filemap_alloc_folio_noprof() {
   11.912156 |   2)               |                          folio_alloc_noprof() {
   11.912156 |   2)               |                            alloc_pages_mpol() {
   11.912156 |   2)   0.130 us    |                              policy_nodemask();
   11.912156 |   2)               |                              __alloc_frozen_pages_noprof() {
   11.912156 |   2)               |                                get_page_from_freelist() {
   11.912157 |   2)   0.124 us    |                                  preempt_count_add();
   11.912157 |   2)               |                                  _raw_spin_trylock() {
   11.912157 |   2)   0.124 us    |                                    preempt_count_add();
   11.912157 |   2)   0.429 us    |                                  }
   11.912157 |   2)               |                                  _raw_spin_unlock() {
   11.912158 |   2)   0.125 us    |                                    preempt_count_sub();
   11.912158 |   2)   0.388 us    |                                  }
   11.912158 |   2)   0.125 us    |                                  preempt_count_sub();
   11.912158 |   2)   1.795 us    |                                }
   11.912158 |   2)   2.070 us    |                              }
   11.912159 |   2)   2.596 us    |                            }
   11.912159 |   2)   2.848 us    |                          }
   11.912159 |   2)   3.097 us    |                        }
   11.912159 |   2)               |                        filemap_add_folio() {
   11.912159 |   2)               |                          __filemap_add_folio() {
   11.912159 |   2)   0.124 us    |                            shmem_mapping();
   11.912159 |   2)               |                            _raw_spin_lock_irq() {
   11.912160 |   2)   0.127 us    |                              preempt_count_add();
   11.912160 |   2)   0.397 us    |                            }
   11.912160 |   2)   0.123 us    |                            workingset_update_node();
   11.912160 |   2)   0.126 us    |                            mod_node_page_state();
   11.912161 |   2)               |                            _raw_spin_unlock_irq() {
   11.912161 |   2)   0.128 us    |                              preempt_count_sub();
   11.912161 |   2)   0.402 us    |                            }
   11.912161 |   2)   2.046 us    |                          }
   11.912161 |   2)               |                          folio_add_lru() {
   11.912161 |   2)               |                            __folio_batch_add_and_move() {
   11.912162 |   2)   0.126 us    |                              preempt_count_add();
   11.912162 |   2)   0.127 us    |                              preempt_count_sub();
   11.912162 |   2)   0.660 us    |                            }
   11.912162 |   2)   0.908 us    |                          }
   11.912162 |   2)   3.354 us    |                        }
   11.912163 |   2)               |                        filemap_alloc_folio_noprof() {
   11.912163 |   2)               |                          folio_alloc_noprof() {
   11.912163 |   2)               |                            alloc_pages_mpol() {
   11.912163 |   2)   0.128 us    |                              policy_nodemask();
   11.912163 |   2)               |                              __alloc_frozen_pages_noprof() {
   11.912163 |   2)               |                                get_page_from_freelist() {
   11.912164 |   2)   0.127 us    |                                  preempt_count_add();
   11.912164 |   2)               |                                  _raw_spin_trylock() {
   11.912164 |   2)   0.123 us    |                                    preempt_count_add();
   11.912164 |   2)   0.389 us    |                                  }
   11.912164 |   2)               |                                  _raw_spin_unlock() {
   11.912164 |   2)   0.124 us    |                                    preempt_count_sub();
   11.912165 |   2)   0.387 us    |                                  }
   11.912165 |   2)   0.127 us    |                                  preempt_count_sub();
   11.912165 |   2)   1.786 us    |                                }
   11.912165 |   2)   2.060 us    |                              }
   11.912166 |   2)   2.616 us    |                            }
   11.912166 |   2)   2.868 us    |                          }
   11.912166 |   2)   3.118 us    |                        }
   11.912166 |   2)               |                        filemap_add_folio() {
   11.912166 |   2)               |                          __filemap_add_folio() {
   11.912166 |   2)   0.125 us    |                            shmem_mapping();
   11.912166 |   2)               |                            _raw_spin_lock_irq() {
   11.912167 |   2)   0.128 us    |                              preempt_count_add();
   11.912167 |   2)   0.398 us    |                            }
   11.912167 |   2)   0.124 us    |                            workingset_update_node();
   11.912167 |   2)   0.177 us    |                            mod_node_page_state();
   11.912168 |   2)               |                            _raw_spin_unlock_irq() {
   11.912168 |   2)   0.129 us    |                              preempt_count_sub();
   11.912168 |   2)   0.401 us    |                            }
   11.912168 |   2)   2.203 us    |                          }
   11.912168 |   2)               |                          folio_add_lru() {
   11.912169 |   2)               |                            __folio_batch_add_and_move() {
   11.912169 |   2)   0.126 us    |                              preempt_count_add();
   11.912169 |   2)   0.126 us    |                              preempt_count_sub();
   11.912169 |   2)   0.675 us    |                            }
   11.912169 |   2)   0.925 us    |                          }
   11.912169 |   2)   3.552 us    |                        }
   11.912170 |   2)               |                        filemap_alloc_folio_noprof() {
   11.912170 |   2)               |                          folio_alloc_noprof() {
   11.912170 |   2)               |                            alloc_pages_mpol() {
   11.912170 |   2)   0.128 us    |                              policy_nodemask();
   11.912170 |   2)               |                              __alloc_frozen_pages_noprof() {
   11.912171 |   2)               |                                get_page_from_freelist() {
   11.912171 |   2)   0.127 us    |                                  preempt_count_add();
   11.912171 |   2)               |                                  _raw_spin_trylock() {
   11.912171 |   2)   0.125 us    |                                    preempt_count_add();
   11.912171 |   2)   0.451 us    |                                  }
   11.912172 |   2)               |                                  _raw_spin_unlock() {
   11.912172 |   2)   0.126 us    |                                    preempt_count_sub();
   11.912172 |   2)   0.428 us    |                                  }
   11.912172 |   2)   0.127 us    |                                  preempt_count_sub();
   11.912172 |   2)   1.880 us    |                                }
   11.912173 |   2)   2.151 us    |                              }
   11.912173 |   2)   2.688 us    |                            }
   11.912173 |   2)   2.938 us    |                          }
   11.912173 |   2)   3.184 us    |                        }
   11.912173 |   2)               |                        filemap_add_folio() {
   11.912173 |   2)               |                          __filemap_add_folio() {
   11.912173 |   2)   0.126 us    |                            shmem_mapping();
   11.912174 |   2)               |                            _raw_spin_lock_irq() {
   11.912174 |   2)   0.124 us    |                              preempt_count_add();
   11.912174 |   2)   0.398 us    |                            }
   11.912174 |   2)   0.126 us    |                            workingset_update_node();
   11.912175 |   2)   0.130 us    |                            mod_node_page_state();
   11.912175 |   2)               |                            _raw_spin_unlock_irq() {
   11.912175 |   2)   0.128 us    |                              preempt_count_sub();
   11.912175 |   2)   0.398 us    |                            }
   11.912175 |   2)   2.083 us    |                          }
   11.912175 |   2)               |                          folio_add_lru() {
   11.912176 |   2)               |                            __folio_batch_add_and_move() {
   11.912176 |   2)   0.126 us    |                              preempt_count_add();
   11.912176 |   2)   0.126 us    |                              preempt_count_sub();
   11.912176 |   2)   0.664 us    |                            }
   11.912176 |   2)   0.917 us    |                          }
   11.912177 |   2)   3.399 us    |                        }
   11.912177 |   2)               |                        filemap_alloc_folio_noprof() {
   11.912177 |   2)               |                          folio_alloc_noprof() {
   11.912177 |   2)               |                            alloc_pages_mpol() {
   11.912177 |   2)   0.131 us    |                              policy_nodemask();
   11.912178 |   2)               |                              __alloc_frozen_pages_noprof() {
   11.912178 |   2)               |                                get_page_from_freelist() {
   11.912178 |   2)   0.128 us    |                                  preempt_count_add();
   11.912178 |   2)               |                                  _raw_spin_trylock() {
   11.912178 |   2)   0.125 us    |                                    preempt_count_add();
   11.912178 |   2)   0.389 us    |                                  }
   11.912179 |   2)               |                                  _raw_spin_unlock() {
   11.912179 |   2)   0.126 us    |                                    preempt_count_sub();
   11.912179 |   2)   0.389 us    |                                  }
   11.912179 |   2)   0.127 us    |                                  preempt_count_sub();
   11.912179 |   2)   1.774 us    |                                }
   11.912180 |   2)   2.043 us    |                              }
   11.912180 |   2)   2.578 us    |                            }
   11.912180 |   2)   2.829 us    |                          }
   11.912180 |   2)   3.080 us    |                        }
   11.912180 |   2)               |                        filemap_add_folio() {
   11.912180 |   2)               |                          __filemap_add_folio() {
   11.912180 |   2)   0.122 us    |                            shmem_mapping();
   11.912181 |   2)               |                            _raw_spin_lock_irq() {
   11.912181 |   2)   0.127 us    |                              preempt_count_add();
   11.912181 |   2)   0.399 us    |                            }
   11.912181 |   2)   0.125 us    |                            workingset_update_node();
   11.912181 |   2)   0.127 us    |                            mod_node_page_state();
   11.912182 |   2)               |                            _raw_spin_unlock_irq() {
   11.912182 |   2)   0.128 us    |                              preempt_count_sub();
   11.912182 |   2)   0.415 us    |                            }
   11.912182 |   2)   2.173 us    |                          }
   11.912183 |   2)               |                          folio_add_lru() {
   11.912183 |   2)               |                            __folio_batch_add_and_move() {
   11.912183 |   2)   0.125 us    |                              preempt_count_add();
   11.912183 |   2)   0.126 us    |                              preempt_count_sub();
   11.912183 |   2)   0.734 us    |                            }
   11.912184 |   2)   0.987 us    |                          }
   11.912184 |   2)   3.559 us    |                        }
   11.912184 |   2)               |                        filemap_alloc_folio_noprof() {
   11.912184 |   2)               |                          folio_alloc_noprof() {
   11.912184 |   2)               |                            alloc_pages_mpol() {
   11.912184 |   2)   0.129 us    |                              policy_nodemask();
   11.912185 |   2)               |                              __alloc_frozen_pages_noprof() {
   11.912185 |   2)               |                                get_page_from_freelist() {
   11.912185 |   2)   0.126 us    |                                  preempt_count_add();
   11.912185 |   2)               |                                  _raw_spin_trylock() {
   11.912185 |   2)   0.129 us    |                                    preempt_count_add();
   11.912186 |   2)   0.461 us    |                                  }
   11.912186 |   2)               |                                  _raw_spin_unlock() {
   11.912186 |   2)   0.125 us    |                                    preempt_count_sub();
   11.912186 |   2)   0.403 us    |                                  }
   11.912186 |   2)   0.127 us    |                                  preempt_count_sub();
   11.912187 |   2)   1.859 us    |                                }
   11.912187 |   2)   2.131 us    |                              }
   11.912187 |   2)   2.677 us    |                            }
   11.912187 |   2)   2.929 us    |                          }
   11.912187 |   2)   3.180 us    |                        }
   11.912187 |   2)               |                        filemap_add_folio() {
   11.912187 |   2)               |                          __filemap_add_folio() {
   11.912188 |   2)   0.124 us    |                            shmem_mapping();
   11.912188 |   2)               |                            _raw_spin_lock_irq() {
   11.912188 |   2)   0.147 us    |                              preempt_count_add();
   11.912188 |   2)   0.421 us    |                            }
   11.912188 |   2)   0.126 us    |                            workingset_update_node();
   11.912189 |   2)   0.126 us    |                            mod_node_page_state();
   11.912189 |   2)               |                            _raw_spin_unlock_irq() {
   11.912189 |   2)   0.129 us    |                              preempt_count_sub();
   11.912189 |   2)   0.402 us    |                            }
   11.912190 |   2)   2.112 us    |                          }
   11.912190 |   2)               |                          folio_add_lru() {
   11.912190 |   2)               |                            __folio_batch_add_and_move() {
   11.912190 |   2)   0.128 us    |                              preempt_count_add();
   11.912190 |   2)   0.127 us    |                              preempt_count_sub();
   11.912191 |   2)   0.674 us    |                            }
   11.912191 |   2)   0.928 us    |                          }
   11.912191 |   2)   3.469 us    |                        }
   11.912191 |   2)               |                        filemap_alloc_folio_noprof() {
   11.912191 |   2)               |                          folio_alloc_noprof() {
   11.912191 |   2)               |                            alloc_pages_mpol() {
   11.912192 |   2)   0.131 us    |                              policy_nodemask();
   11.912192 |   2)               |                              __alloc_frozen_pages_noprof() {
   11.912192 |   2)               |                                get_page_from_freelist() {
   11.912192 |   2)   0.128 us    |                                  preempt_count_add();
   11.912192 |   2)               |                                  _raw_spin_trylock() {
   11.912192 |   2)   0.125 us    |                                    preempt_count_add();
   11.912193 |   2)   0.390 us    |                                  }
   11.912193 |   2)               |                                  _raw_spin_unlock() {
   11.912193 |   2)   0.123 us    |                                    preempt_count_sub();
   11.912193 |   2)   0.390 us    |                                  }
   11.912193 |   2)   0.128 us    |                                  preempt_count_sub();
   11.912194 |   2)   1.770 us    |                                }
   11.912194 |   2)   2.046 us    |                              }
   11.912194 |   2)   2.580 us    |                            }
   11.912194 |   2)   2.833 us    |                          }
   11.912194 |   2)   3.081 us    |                        }
   11.912194 |   2)               |                        filemap_add_folio() {
   11.912195 |   2)               |                          __filemap_add_folio() {
   11.912195 |   2)   0.125 us    |                            shmem_mapping();
   11.912195 |   2)               |                            _raw_spin_lock_irq() {
   11.912195 |   2)   0.128 us    |                              preempt_count_add();
   11.912195 |   2)   0.400 us    |                            }
   11.912195 |   2)   0.125 us    |                            workingset_update_node();
   11.912196 |   2)   0.124 us    |                            mod_node_page_state();
   11.912196 |   2)               |                            _raw_spin_unlock_irq() {
   11.912196 |   2)   0.203 us    |                              preempt_count_sub();
   11.912196 |   2)   0.472 us    |                            }
   11.912197 |   2)   2.116 us    |                          }
   11.912197 |   2)               |                          folio_add_lru() {
   11.912197 |   2)               |                            __folio_batch_add_and_move() {
   11.912197 |   2)   0.126 us    |                              preempt_count_add();
   11.912197 |   2)   0.127 us    |                              preempt_count_sub();
   11.912198 |   2)   0.663 us    |                            }
   11.912198 |   2)   0.927 us    |                          }
   11.912198 |   2)   3.461 us    |                        }
   11.912198 |   2)               |                        read_pages() {
   11.912198 |   2)   0.123 us    |                          blk_start_plug();
   11.912198 |   2)               |                          z_erofs_readahead() {
   11.912199 |   2)   0.188 us    |                            erofs_real_inode();
   11.912199 |   2)               |                            z_erofs_pcluster_readmore() {
   11.912199 |   2)               |                              z_erofs_map_blocks_iter() {
   11.912199 |   2)               |                                z_erofs_map_blocks_fo() {
   11.912199 |   2)               |                                  z_erofs_load_lcluster_from_disk() {
   11.912200 |   2)               |                                    erofs_read_metabuf() {
   11.912200 |   2)               |                                      erofs_bread() {
   11.912200 |   2)               |                                        read_cache_folio() {
   11.912200 |   2)               |                                          do_read_cache_folio() {
   11.912200 |   2)               |                                            __filemap_get_folio_mpol() {
   11.912200 |   2)   0.368 us    |                                              filemap_get_entry();
   11.912201 |   2)   0.710 us    |                                            }
   11.912201 |   2)   0.140 us    |                                            folio_mark_accessed();
   11.912201 |   2)   1.303 us    |                                          }
   11.912201 |   2)   1.572 us    |                                        }
   11.912202 |   2)   1.857 us    |                                      }
   11.912202 |   2)   2.134 us    |                                    }
   11.912202 |   2)   2.545 us    |                                  }
   11.912202 |   2)               |                                  z_erofs_load_lcluster_from_disk() {
   11.912202 |   2)               |                                    erofs_read_metabuf() {
   11.912202 |   2)   0.144 us    |                                      erofs_bread();
   11.912203 |   2)   0.396 us    |                                    }
   11.912203 |   2)   0.673 us    |                                  }
   11.912203 |   2)   0.126 us    |                                  erofs_unmap_metabuf();
   11.912203 |   2)   3.960 us    |                                }
   11.912203 |   2)   4.320 us    |                              }
   11.912204 |   2)   0.134 us    |                              readahead_expand();
   11.912204 |   2)   4.873 us    |                            }
   11.912216 |   2)               |                            z_erofs_scan_folio() {
   11.912216 |   2)   0.127 us    |                              erofs_onlinefolio_init();
   11.912217 |   2)               |                              _raw_spin_lock() {
   11.912217 |   2)   0.128 us    |                                preempt_count_add();
   11.912217 |   2)   0.421 us    |                              }
   11.912217 |   2)               |                              _raw_spin_unlock() {
   11.912218 |   2)   0.146 us    |                                preempt_count_sub();
   11.912218 |   2)   0.415 us    |                              }
   11.912218 |   2)               |                              _raw_spin_lock() {
   11.912218 |   2)   0.126 us    |                                preempt_count_add();
   11.912219 |   2)   0.396 us    |                              }
   11.912219 |   2)               |                              _raw_spin_unlock() {
   11.912219 |   2)   0.140 us    |                                preempt_count_sub();
   11.912219 |   2)   0.434 us    |                              }
   11.912219 |   2)   0.132 us    |                              erofs_onlinefolio_split();
   11.912220 |   2)   0.138 us    |                              erofs_onlinefolio_end();
   11.912220 |   2)   3.839 us    |                            }
   11.912220 |   2)               |                            z_erofs_scan_folio() {
   11.912220 |   2)   0.125 us    |                              erofs_onlinefolio_init();
   11.912220 |   2)               |                              _raw_spin_lock() {
   11.912221 |   2)   0.127 us    |                                preempt_count_add();
   11.912221 |   2)   0.420 us    |                              }
   11.912221 |   2)               |                              _raw_spin_unlock() {
   11.912221 |   2)   0.141 us    |                                preempt_count_sub();
   11.912221 |   2)   0.405 us    |                              }
   11.912222 |   2)   0.131 us    |                              erofs_onlinefolio_split();
   11.912222 |   2)   0.132 us    |                              erofs_onlinefolio_end();
   11.912222 |   2)   2.067 us    |                            }
   11.912222 |   2)               |                            z_erofs_scan_folio() {
   11.912222 |   2)   0.126 us    |                              erofs_onlinefolio_init();
   11.912223 |   2)               |                              _raw_spin_lock() {
   11.912223 |   2)   0.126 us    |                                preempt_count_add();
   11.912223 |   2)   0.418 us    |                              }
   11.912223 |   2)               |                              _raw_spin_unlock() {
   11.912223 |   2)   0.141 us    |                                preempt_count_sub();
   11.912224 |   2)   0.405 us    |                              }
   11.912224 |   2)               |                              __erofs_allocpage() {
   11.912224 |   2)               |                                alloc_pages_noprof() {
   11.912224 |   2)               |                                  alloc_pages_mpol() {
   11.912224 |   2)   0.125 us    |                                    policy_nodemask();
   11.912225 |   2)               |                                    __alloc_frozen_pages_noprof() {
   11.912225 |   2)               |                                      get_page_from_freelist() {
   11.912225 |   2)   0.125 us    |                                        preempt_count_add();
   11.912225 |   2)               |                                        _raw_spin_trylock() {
   11.912225 |   2)   0.125 us    |                                          preempt_count_add();
   11.912226 |   2)   0.489 us    |                                        }
   11.912226 |   2)               |                                        _raw_spin_unlock() {
   11.912226 |   2)   0.132 us    |                                          preempt_count_sub();
   11.912226 |   2)   0.404 us    |                                        }
   11.912226 |   2)   0.126 us    |                                        preempt_count_sub();
   11.912227 |   2)   1.858 us    |                                      }
   11.912227 |   2)   2.161 us    |                                    }
   11.912227 |   2)   2.701 us    |                                  }
   11.912227 |   2)   2.957 us    |                                }
   11.912227 |   2)   3.295 us    |                              }
   11.912227 |   2)   0.130 us    |                              z_erofs_bvset_flip();
   11.912228 |   2)   0.134 us    |                              erofs_onlinefolio_split();
   11.912228 |   2)   0.207 us    |                              erofs_onlinefolio_end();
   11.912228 |   2)   5.853 us    |                            }
   11.912228 |   2)               |                            z_erofs_scan_folio() {
   11.912228 |   2)   0.128 us    |                              erofs_onlinefolio_init();
   11.912229 |   2)               |                              _raw_spin_lock() {
   11.912229 |   2)   0.127 us    |                                preempt_count_add();
   11.912229 |   2)   0.500 us    |                              }
   11.912229 |   2)               |                              _raw_spin_unlock() {
   11.912229 |   2)   0.160 us    |                                preempt_count_sub();
   11.912230 |   2)   0.426 us    |                              }
   11.912230 |   2)   0.131 us    |                              erofs_onlinefolio_split();
   11.912230 |   2)   0.132 us    |                              erofs_onlinefolio_end();
   11.912230 |   2)   2.191 us    |                            }
   11.912231 |   2)               |                            z_erofs_scan_folio() {
   11.912231 |   2)   0.125 us    |                              erofs_onlinefolio_init();
   11.912231 |   2)               |                              _raw_spin_lock() {
   11.912231 |   2)   0.127 us    |                                preempt_count_add();
   11.912231 |   2)   0.393 us    |                              }
   11.912232 |   2)               |                              _raw_spin_unlock() {
   11.912232 |   2)   0.128 us    |                                preempt_count_sub();
   11.912232 |   2)   0.391 us    |                              }
   11.912232 |   2)   0.131 us    |                              erofs_onlinefolio_split();
   11.912232 |   2)   0.133 us    |                              erofs_onlinefolio_end();
   11.912233 |   2)   2.071 us    |                            }
   11.912233 |   2)               |                            z_erofs_scan_folio() {
   11.912233 |   2)   0.126 us    |                              erofs_onlinefolio_init();
   11.912233 |   2)               |                              _raw_spin_lock() {
   11.912233 |   2)   0.128 us    |                                preempt_count_add();
   11.912234 |   2)   0.394 us    |                              }
   11.912234 |   2)               |                              _raw_spin_unlock() {
   11.912234 |   2)   0.129 us    |                                preempt_count_sub();
   11.912234 |   2)   0.393 us    |                              }
   11.912234 |   2)   0.132 us    |                              erofs_onlinefolio_split();
   11.912235 |   2)   0.134 us    |                              erofs_onlinefolio_end();
   11.912235 |   2)   2.061 us    |                            }
   11.912235 |   2)               |                            z_erofs_scan_folio() {
   11.912235 |   2)   0.126 us    |                              erofs_onlinefolio_init();
   11.912235 |   2)               |                              _raw_spin_lock() {
   11.912236 |   2)   0.127 us    |                                preempt_count_add();
   11.912236 |   2)   0.394 us    |                              }
   11.912236 |   2)               |                              _raw_spin_unlock() {
   11.912236 |   2)   0.128 us    |                                preempt_count_sub();
   11.912236 |   2)   0.418 us    |                              }
   11.912237 |   2)   0.130 us    |                              erofs_onlinefolio_split();
   11.912237 |   2)   0.133 us    |                              erofs_onlinefolio_end();
   11.912237 |   2)   2.060 us    |                            }
   11.912237 |   2)               |                            z_erofs_scan_folio() {
   11.912237 |   2)   0.126 us    |                              erofs_onlinefolio_init();
   11.912238 |   2)               |                              _raw_spin_lock() {
   11.912238 |   2)   0.128 us    |                                preempt_count_add();
   11.912238 |   2)   0.395 us    |                              }
   11.912238 |   2)               |                              _raw_spin_unlock() {
   11.912238 |   2)   0.128 us    |                                preempt_count_sub();
   11.912239 |   2)   0.473 us    |                              }
   11.912239 |   2)   0.214 us    |                              erofs_onlinefolio_split();
   11.912239 |   2)   0.207 us    |                              erofs_onlinefolio_end();
   11.912240 |   2)   2.293 us    |                            }
   11.912240 |   2)               |                            z_erofs_scan_folio() {
   11.912240 |   2)   0.124 us    |                              erofs_onlinefolio_init();
   11.912240 |   2)               |                              _raw_spin_lock() {
   11.912240 |   2)   0.137 us    |                                preempt_count_add();
   11.912241 |   2)   0.475 us    |                              }
   11.912241 |   2)               |                              _raw_spin_unlock() {
   11.912241 |   2)   0.129 us    |                                preempt_count_sub();
   11.912241 |   2)   0.416 us    |                              }
   11.912241 |   2)   0.212 us    |                              erofs_onlinefolio_split();
   11.912242 |   2)   0.197 us    |                              erofs_onlinefolio_end();
   11.912242 |   2)   2.312 us    |                            }
   11.912242 |   2)               |                            z_erofs_scan_folio() {
   11.912242 |   2)   0.126 us    |                              erofs_onlinefolio_init();
   11.912243 |   2)               |                              _raw_spin_lock() {
   11.912243 |   2)   0.148 us    |                                preempt_count_add();
   11.912243 |   2)   0.475 us    |                              }
   11.912243 |   2)               |                              _raw_spin_unlock() {
   11.912243 |   2)   0.127 us    |                                preempt_count_sub();
   11.912244 |   2)   0.417 us    |                              }
   11.912244 |   2)   0.205 us    |                              erofs_onlinefolio_split();
   11.912244 |   2)   0.204 us    |                              erofs_onlinefolio_end();
   11.912244 |   2)   2.314 us    |                            }
   11.912245 |   2)               |                            z_erofs_scan_folio() {
   11.912245 |   2)   0.126 us    |                              erofs_onlinefolio_init();
   11.912245 |   2)               |                              _raw_spin_lock() {
   11.912245 |   2)   0.128 us    |                                preempt_count_add();
   11.912245 |   2)   0.396 us    |                              }
   11.912246 |   2)               |                              _raw_spin_unlock() {
   11.912246 |   2)   0.128 us    |                                preempt_count_sub();
   11.912246 |   2)   0.391 us    |                              }
   11.912246 |   2)   0.131 us    |                              erofs_onlinefolio_split();
   11.912246 |   2)   0.132 us    |                              erofs_onlinefolio_end();
   11.912247 |   2)   2.058 us    |                            }
   11.912247 |   2)               |                            z_erofs_scan_folio() {
   11.912247 |   2)   0.125 us    |                              erofs_onlinefolio_init();
   11.912247 |   2)               |                              _raw_spin_lock() {
   11.912247 |   2)   0.128 us    |                                preempt_count_add();
   11.912248 |   2)   0.395 us    |                              }
   11.912248 |   2)               |                              _raw_spin_unlock() {
   11.912248 |   2)   0.128 us    |                                preempt_count_sub();
   11.912248 |   2)   0.392 us    |                              }
   11.912248 |   2)   0.132 us    |                              erofs_onlinefolio_split();
   11.912249 |   2)   0.134 us    |                              erofs_onlinefolio_end();
   11.912249 |   2)   2.085 us    |                            }
   11.912249 |   2)               |                            z_erofs_scan_folio() {
   11.912249 |   2)   0.127 us    |                              erofs_onlinefolio_init();
   11.912249 |   2)               |                              _raw_spin_lock() {
   11.912250 |   2)   0.127 us    |                                preempt_count_add();
   11.912250 |   2)   0.397 us    |                              }
   11.912250 |   2)               |                              _raw_spin_unlock() {
   11.912250 |   2)   0.129 us    |                                preempt_count_sub();
   11.912250 |   2)   0.393 us    |                              }
   11.912250 |   2)   0.132 us    |                              erofs_onlinefolio_split();
   11.912251 |   2)   0.133 us    |                              erofs_onlinefolio_end();
   11.912251 |   2)   2.059 us    |                            }
   11.912251 |   2)               |                            z_erofs_scan_folio() {
   11.912251 |   2)   0.125 us    |                              erofs_onlinefolio_init();
   11.912252 |   2)               |                              _raw_spin_lock() {
   11.912252 |   2)   0.129 us    |                                preempt_count_add();
   11.912252 |   2)   0.395 us    |                              }
   11.912252 |   2)               |                              _raw_spin_unlock() {
   11.912252 |   2)   0.127 us    |                                preempt_count_sub();
   11.912253 |   2)   0.392 us    |                              }
   11.912253 |   2)   0.131 us    |                              erofs_onlinefolio_split();
   11.912253 |   2)   0.199 us    |                              erofs_onlinefolio_end();
   11.912253 |   2)   2.153 us    |                            }
   11.912253 |   2)               |                            z_erofs_scan_folio() {
   11.912254 |   2)   0.126 us    |                              erofs_onlinefolio_init();
   11.912254 |   2)               |                              _raw_spin_lock() {
   11.912254 |   2)   0.141 us    |                                preempt_count_add();
   11.912254 |   2)   0.469 us    |                              }
   11.912255 |   2)               |                              _raw_spin_unlock() {
   11.912255 |   2)   0.127 us    |                                preempt_count_sub();
   11.912255 |   2)   0.393 us    |                              }
   11.912255 |   2)   0.194 us    |                              erofs_onlinefolio_split();
   11.912255 |   2)   0.144 us    |                              erofs_onlinefolio_end();
   11.912256 |   2)   2.225 us    |                            }
   11.912256 |   2)               |                            z_erofs_scan_folio() {
   11.912256 |   2)   0.126 us    |                              erofs_onlinefolio_init();
   11.912256 |   2)               |                              _raw_spin_lock() {
   11.912256 |   2)   0.130 us    |                                preempt_count_add();
   11.912257 |   2)   0.462 us    |                              }
   11.912257 |   2)               |                              _raw_spin_unlock() {
   11.912257 |   2)   0.130 us    |                                preempt_count_sub();
   11.912257 |   2)   0.400 us    |                              }
   11.912257 |   2)   0.205 us    |                              erofs_onlinefolio_split();
   11.912258 |   2)   0.133 us    |                              erofs_onlinefolio_end();
   11.912258 |   2)   2.204 us    |                            }
   11.912258 |   2)               |                            z_erofs_scan_folio() {
   11.912258 |   2)   0.126 us    |                              erofs_onlinefolio_init();
   11.912259 |   2)               |                              _raw_spin_lock() {
   11.912259 |   2)   0.135 us    |                                preempt_count_add();
   11.912259 |   2)   0.400 us    |                              }
   11.912259 |   2)               |                              _raw_spin_unlock() {
   11.912259 |   2)   0.128 us    |                                preempt_count_sub();
   11.912260 |   2)   0.392 us    |                              }
   11.912260 |   2)   0.131 us    |                              erofs_onlinefolio_split();
   11.912260 |   2)   0.133 us    |                              erofs_onlinefolio_end();
   11.912260 |   2)   2.066 us    |                            }
   11.912260 |   2)               |                            z_erofs_scan_folio() {
   11.912261 |   2)   0.125 us    |                              erofs_onlinefolio_init();
   11.912261 |   2)               |                              _raw_spin_lock() {
   11.912261 |   2)   0.126 us    |                                preempt_count_add();
   11.912261 |   2)   0.395 us    |                              }
   11.912261 |   2)               |                              _raw_spin_unlock() {
   11.912261 |   2)   0.128 us    |                                preempt_count_sub();
   11.912262 |   2)   0.392 us    |                              }
   11.912262 |   2)   0.131 us    |                              erofs_onlinefolio_split();
   11.912262 |   2)   0.133 us    |                              erofs_onlinefolio_end();
   11.912262 |   2)   2.057 us    |                            }
   11.912263 |   2)               |                            z_erofs_scan_folio() {
   11.912263 |   2)   0.126 us    |                              erofs_onlinefolio_init();
   11.912263 |   2)               |                              _raw_spin_lock() {
   11.912263 |   2)   0.128 us    |                                preempt_count_add();
   11.912263 |   2)   0.394 us    |                              }
   11.912264 |   2)               |                              _raw_spin_unlock() {
   11.912264 |   2)   0.127 us    |                                preempt_count_sub();
   11.912264 |   2)   0.390 us    |                              }
   11.912264 |   2)   0.132 us    |                              erofs_onlinefolio_split();
   11.912264 |   2)   0.133 us    |                              erofs_onlinefolio_end();
   11.912265 |   2)   2.056 us    |                            }
   11.912265 |   2)               |                            z_erofs_scan_folio() {
   11.912265 |   2)   0.125 us    |                              erofs_onlinefolio_init();
   11.912265 |   2)               |                              _raw_spin_lock() {
   11.912265 |   2)   0.126 us    |                                preempt_count_add();
   11.912266 |   2)   0.393 us    |                              }
   11.912266 |   2)               |                              _raw_spin_unlock() {
   11.912266 |   2)   0.127 us    |                                preempt_count_sub();
   11.912266 |   2)   0.392 us    |                              }
   11.912266 |   2)   0.131 us    |                              erofs_onlinefolio_split();
   11.912267 |   2)   0.131 us    |                              erofs_onlinefolio_end();
   11.912267 |   2)   2.058 us    |                            }
   11.912267 |   2)               |                            z_erofs_scan_folio() {
   11.912267 |   2)   0.125 us    |                              erofs_onlinefolio_init();
   11.912267 |   2)               |                              _raw_spin_lock() {
   11.912268 |   2)   0.142 us    |                                preempt_count_add();
   11.912268 |   2)   0.475 us    |                              }
   11.912268 |   2)               |                              _raw_spin_unlock() {
   11.912268 |   2)   0.149 us    |                                preempt_count_sub();
   11.912268 |   2)   0.417 us    |                              }
   11.912269 |   2)   0.143 us    |                              erofs_onlinefolio_split();
   11.912269 |   2)   0.132 us    |                              erofs_onlinefolio_end();
   11.912269 |   2)   2.196 us    |                            }
   11.912269 |   2)               |                            z_erofs_scan_folio() {
   11.912269 |   2)   0.125 us    |                              erofs_onlinefolio_init();
   11.912270 |   2)               |                              _raw_spin_lock() {
   11.912270 |   2)   0.128 us    |                                preempt_count_add();
   11.912270 |   2)   0.409 us    |                              }
   11.912270 |   2)               |                              _raw_spin_unlock() {
   11.912270 |   2)   0.152 us    |                                preempt_count_sub();
   11.912271 |   2)   0.420 us    |                              }
   11.912271 |   2)   0.133 us    |                              erofs_onlinefolio_split();
   11.912271 |   2)   0.131 us    |                              erofs_onlinefolio_end();
   11.912271 |   2)   2.101 us    |                            }
   11.912272 |   2)               |                            z_erofs_scan_folio() {
   11.912272 |   2)   0.126 us    |                              erofs_onlinefolio_init();
   11.912272 |   2)               |                              _raw_spin_lock() {
   11.912272 |   2)   0.128 us    |                                preempt_count_add();
   11.912272 |   2)   0.395 us    |                              }
   11.912273 |   2)               |                              _raw_spin_unlock() {
   11.912273 |   2)   0.146 us    |                                preempt_count_sub();
   11.912273 |   2)   0.410 us    |                              }
   11.912273 |   2)   0.130 us    |                              erofs_onlinefolio_split();
   11.912273 |   2)   0.133 us    |                              erofs_onlinefolio_end();
   11.912274 |   2)   2.113 us    |                            }
   11.912274 |   2)               |                            z_erofs_scan_folio() {
   11.912274 |   2)   0.123 us    |                              erofs_onlinefolio_init();
   11.912274 |   2)               |                              _raw_spin_lock() {
   11.912274 |   2)   0.127 us    |                                preempt_count_add();
   11.912275 |   2)   0.394 us    |                              }
   11.912275 |   2)               |                              _raw_spin_unlock() {
   11.912275 |   2)   0.128 us    |                                preempt_count_sub();
   11.912275 |   2)   0.417 us    |                              }
   11.912275 |   2)   0.131 us    |                              erofs_onlinefolio_split();
   11.912276 |   2)   0.133 us    |                              erofs_onlinefolio_end();
   11.912276 |   2)   2.081 us    |                            }
   11.912276 |   2)               |                            z_erofs_scan_folio() {
   11.912276 |   2)   0.126 us    |                              erofs_onlinefolio_init();
   11.912276 |   2)               |                              _raw_spin_lock() {
   11.912277 |   2)   0.127 us    |                                preempt_count_add();
   11.912277 |   2)   0.393 us    |                              }
   11.912277 |   2)               |                              _raw_spin_unlock() {
   11.912277 |   2)   0.127 us    |                                preempt_count_sub();
   11.912277 |   2)   0.392 us    |                              }
   11.912278 |   2)   0.131 us    |                              erofs_onlinefolio_split();
   11.912278 |   2)   0.133 us    |                              erofs_onlinefolio_end();
   11.912278 |   2)   2.080 us    |                            }
   11.912278 |   2)               |                            z_erofs_scan_folio() {
   11.912278 |   2)   0.125 us    |                              erofs_onlinefolio_init();
   11.912279 |   2)               |                              _raw_spin_lock() {
   11.912279 |   2)   0.128 us    |                                preempt_count_add();
   11.912279 |   2)   0.397 us    |                              }
   11.912279 |   2)               |                              _raw_spin_unlock() {
   11.912279 |   2)   0.126 us    |                                preempt_count_sub();
   11.912280 |   2)   0.389 us    |                              }
   11.912280 |   2)   0.132 us    |                              erofs_onlinefolio_split();
   11.912280 |   2)   0.135 us    |                              erofs_onlinefolio_end();
   11.912280 |   2)   2.061 us    |                            }
   11.912280 |   2)               |                            z_erofs_scan_folio() {
   11.912281 |   2)   0.126 us    |                              erofs_onlinefolio_init();
   11.912281 |   2)               |                              _raw_spin_lock() {
   11.912281 |   2)   0.128 us    |                                preempt_count_add();
   11.912281 |   2)   0.394 us    |                              }
   11.912281 |   2)               |                              _raw_spin_unlock() {
   11.912282 |   2)   0.127 us    |                                preempt_count_sub();
   11.912282 |   2)   0.469 us    |                              }
   11.912282 |   2)   0.206 us    |                              erofs_onlinefolio_split();
   11.912282 |   2)   0.133 us    |                              erofs_onlinefolio_end();
   11.912283 |   2)   2.221 us    |                            }
   11.912283 |   2)               |                            z_erofs_scan_folio() {
   11.912283 |   2)   0.124 us    |                              erofs_onlinefolio_init();
   11.912283 |   2)               |                              _raw_spin_lock() {
   11.912283 |   2)   0.144 us    |                                preempt_count_add();
   11.912284 |   2)   0.495 us    |                              }
   11.912284 |   2)               |                              _raw_spin_unlock() {
   11.912284 |   2)   0.128 us    |                                preempt_count_sub();
   11.912284 |   2)   0.408 us    |                              }
   11.912284 |   2)   0.197 us    |                              erofs_onlinefolio_split();
   11.912285 |   2)   0.132 us    |                              erofs_onlinefolio_end();
   11.912285 |   2)   2.281 us    |                            }
   11.912285 |   2)               |                            z_erofs_scan_folio() {
   11.912285 |   2)   0.126 us    |                              erofs_onlinefolio_init();
   11.912286 |   2)               |                              _raw_spin_lock() {
   11.912286 |   2)   0.141 us    |                                preempt_count_add();
   11.912286 |   2)   0.473 us    |                              }
   11.912286 |   2)               |                              _raw_spin_unlock() {
   11.912286 |   2)   0.128 us    |                                preempt_count_sub();
   11.912287 |   2)   0.401 us    |                              }
   11.912287 |   2)   0.204 us    |                              erofs_onlinefolio_split();
   11.912287 |   2)   0.132 us    |                              erofs_onlinefolio_end();
   11.912287 |   2)   2.225 us    |                            }
   11.912288 |   2)               |                            z_erofs_scan_folio() {
   11.912288 |   2)   0.124 us    |                              erofs_onlinefolio_init();
   11.912288 |   2)               |                              _raw_spin_lock() {
   11.912288 |   2)   0.128 us    |                                preempt_count_add();
   11.912288 |   2)   0.395 us    |                              }
   11.912289 |   2)               |                              _raw_spin_unlock() {
   11.912289 |   2)   0.128 us    |                                preempt_count_sub();
   11.912289 |   2)   0.392 us    |                              }
   11.912289 |   2)   0.131 us    |                              erofs_onlinefolio_split();
   11.912289 |   2)   0.131 us    |                              erofs_onlinefolio_end();
   11.912290 |   2)   2.058 us    |                            }
   11.912290 |   2)               |                            z_erofs_scan_folio() {
   11.912290 |   2)   0.124 us    |                              erofs_onlinefolio_init();
   11.912290 |   2)               |                              _raw_spin_lock() {
   11.912290 |   2)   0.128 us    |                                preempt_count_add();
   11.912291 |   2)   0.397 us    |                              }
   11.912291 |   2)               |                              _raw_spin_unlock() {
   11.912291 |   2)   0.127 us    |                                preempt_count_sub();
   11.912291 |   2)   0.391 us    |                              }
   11.912291 |   2)   0.130 us    |                              erofs_onlinefolio_split();
   11.912292 |   2)   0.131 us    |                              erofs_onlinefolio_end();
   11.912292 |   2)   2.061 us    |                            }
   11.912292 |   2)               |                            z_erofs_scan_folio() {
   11.912292 |   2)   0.124 us    |                              erofs_onlinefolio_init();
   11.912292 |   2)               |                              _raw_spin_lock() {
   11.912293 |   2)   0.127 us    |                                preempt_count_add();
   11.912293 |   2)   0.395 us    |                              }
   11.912293 |   2)               |                              _raw_spin_unlock() {
   11.912293 |   2)   0.127 us    |                                preempt_count_sub();
   11.912293 |   2)   0.390 us    |                              }
   11.912294 |   2)   0.130 us    |                              erofs_onlinefolio_split();
   11.912294 |   2)   0.132 us    |                              erofs_onlinefolio_end();
   11.912294 |   2)   2.079 us    |                            }
   11.912294 |   2)               |                            z_erofs_scan_folio() {
   11.912294 |   2)   0.125 us    |                              erofs_onlinefolio_init();
   11.912295 |   2)               |                              _raw_spin_lock() {
   11.912295 |   2)   0.127 us    |                                preempt_count_add();
   11.912295 |   2)   0.394 us    |                              }
   11.912295 |   2)               |                              _raw_spin_unlock() {
   11.912295 |   2)   0.127 us    |                                preempt_count_sub();
   11.912296 |   2)   0.390 us    |                              }
   11.912296 |   2)   0.132 us    |                              erofs_onlinefolio_split();
   11.912296 |   2)   0.132 us    |                              erofs_onlinefolio_end();
   11.912296 |   2)   2.119 us    |                            }
   11.912296 |   2)               |                            z_erofs_scan_folio() {
   11.912297 |   2)   0.132 us    |                              erofs_onlinefolio_init();
   11.912297 |   2)               |                              _raw_spin_lock() {
   11.912297 |   2)   0.127 us    |                                preempt_count_add();
   11.912297 |   2)   0.453 us    |                              }
   11.912298 |   2)               |                              _raw_spin_unlock() {
   11.912298 |   2)   0.128 us    |                                preempt_count_sub();
   11.912298 |   2)   0.393 us    |                              }
   11.912298 |   2)   0.138 us    |                              erofs_onlinefolio_split();
   11.912298 |   2)   0.206 us    |                              erofs_onlinefolio_end();
   11.912299 |   2)   2.241 us    |                            }
   11.912299 |   2)               |                            z_erofs_scan_folio() {
   11.912299 |   2)   0.124 us    |                              erofs_onlinefolio_init();
   11.912299 |   2)               |                              _raw_spin_lock() {
   11.912299 |   2)   0.125 us    |                                preempt_count_add();
   11.912300 |   2)   0.459 us    |                              }
   11.912300 |   2)               |                              _raw_spin_unlock() {
   11.912300 |   2)   0.126 us    |                                preempt_count_sub();
   11.912300 |   2)   0.423 us    |                              }
   11.912300 |   2)   0.133 us    |                              erofs_onlinefolio_split();
   11.912301 |   2)   0.199 us    |                              erofs_onlinefolio_end();
   11.912301 |   2)   2.221 us    |                            }
   11.912301 |   2)               |                            z_erofs_scan_folio() {
   11.912301 |   2)   0.132 us    |                              erofs_onlinefolio_init();
   11.912302 |   2)               |                              _raw_spin_lock() {
   11.912302 |   2)   0.127 us    |                                preempt_count_add();
   11.912302 |   2)   0.394 us    |                              }
   11.912302 |   2)               |                              _raw_spin_unlock() {
   11.912302 |   2)   0.127 us    |                                preempt_count_sub();
   11.912303 |   2)   0.415 us    |                              }
   11.912303 |   2)   0.132 us    |                              erofs_onlinefolio_split();
   11.912303 |   2)   0.133 us    |                              erofs_onlinefolio_end();
   11.912303 |   2)   2.085 us    |                            }
   11.912303 |   2)               |                            z_erofs_scan_folio() {
   11.912304 |   2)   0.125 us    |                              erofs_onlinefolio_init();
   11.912304 |   2)               |                              _raw_spin_lock() {
   11.912304 |   2)   0.130 us    |                                preempt_count_add();
   11.912304 |   2)   0.397 us    |                              }
   11.912304 |   2)               |                              _raw_spin_unlock() {
   11.912305 |   2)   0.127 us    |                                preempt_count_sub();
   11.912305 |   2)   0.392 us    |                              }
   11.912305 |   2)   0.130 us    |                              erofs_onlinefolio_split();
   11.912305 |   2)   0.133 us    |                              erofs_onlinefolio_end();
   11.912305 |   2)   2.058 us    |                            }
   11.912306 |   2)               |                            z_erofs_scan_folio() {
   11.912306 |   2)   0.125 us    |                              erofs_onlinefolio_init();
   11.912306 |   2)               |                              _raw_spin_lock() {
   11.912306 |   2)   0.128 us    |                                preempt_count_add();
   11.912306 |   2)   0.398 us    |                              }
   11.912307 |   2)               |                              _raw_spin_unlock() {
   11.912307 |   2)   0.127 us    |                                preempt_count_sub();
   11.912307 |   2)   0.397 us    |                              }
   11.912307 |   2)   0.130 us    |                              erofs_onlinefolio_split();
   11.912307 |   2)   0.132 us    |                              erofs_onlinefolio_end();
   11.912308 |   2)   2.064 us    |                            }
   11.912308 |   2)               |                            z_erofs_scan_folio() {
   11.912308 |   2)   0.125 us    |                              erofs_onlinefolio_init();
   11.912308 |   2)               |                              _raw_spin_lock() {
   11.912308 |   2)   0.128 us    |                                preempt_count_add();
   11.912309 |   2)   0.396 us    |                              }
   11.912309 |   2)               |                              _raw_spin_unlock() {
   11.912309 |   2)   0.127 us    |                                preempt_count_sub();
   11.912309 |   2)   0.418 us    |                              }
   11.912309 |   2)   0.132 us    |                              erofs_onlinefolio_split();
   11.912310 |   2)   0.132 us    |                              erofs_onlinefolio_end();
   11.912310 |   2)   2.085 us    |                            }
   11.912310 |   2)               |                            z_erofs_scan_folio() {
   11.912310 |   2)   0.125 us    |                              erofs_onlinefolio_init();
   11.912310 |   2)               |                              _raw_spin_lock() {
   11.912311 |   2)   0.195 us    |                                preempt_count_add();
   11.912311 |   2)   0.523 us    |                              }
   11.912311 |   2)               |                              _raw_spin_unlock() {
   11.912311 |   2)   0.127 us    |                                preempt_count_sub();
   11.912312 |   2)   0.393 us    |                              }
   11.912312 |   2)   0.202 us    |                              erofs_onlinefolio_split();
   11.912312 |   2)   0.132 us    |                              erofs_onlinefolio_end();
   11.912312 |   2)   2.280 us    |                            }
   11.912312 |   2)               |                            z_erofs_scan_folio() {
   11.912313 |   2)   0.125 us    |                              erofs_onlinefolio_init();
   11.912313 |   2)               |                              _raw_spin_lock() {
   11.912313 |   2)   0.159 us    |                                preempt_count_add();
   11.912313 |   2)   0.492 us    |                              }
   11.912314 |   2)               |                              _raw_spin_unlock() {
   11.912314 |   2)   0.128 us    |                                preempt_count_sub();
   11.912314 |   2)   0.405 us    |                              }
   11.912314 |   2)   0.194 us    |                              erofs_onlinefolio_split();
   11.912314 |   2)   0.133 us    |                              erofs_onlinefolio_end();
   11.912315 |   2)   2.233 us    |                            }
   11.912315 |   2)               |                            z_erofs_scan_folio() {
   11.912315 |   2)   0.126 us    |                              erofs_onlinefolio_init();
   11.912315 |   2)               |                              _raw_spin_lock() {
   11.912315 |   2)   0.136 us    |                                preempt_count_add();
   11.912316 |   2)   0.470 us    |                              }
   11.912316 |   2)               |                              _raw_spin_unlock() {
   11.912316 |   2)   0.129 us    |                                preempt_count_sub();
   11.912316 |   2)   0.399 us    |                              }
   11.912316 |   2)   0.131 us    |                              erofs_onlinefolio_split();
   11.912317 |   2)   0.132 us    |                              erofs_onlinefolio_end();
   11.912317 |   2)   2.147 us    |                            }
   11.912317 |   2)               |                            z_erofs_scan_folio() {
   11.912317 |   2)   0.126 us    |                              erofs_onlinefolio_init();
   11.912318 |   2)               |                              _raw_spin_lock() {
   11.912318 |   2)   0.128 us    |                                preempt_count_add();
   11.912318 |   2)   0.396 us    |                              }
   11.912318 |   2)               |                              _raw_spin_unlock() {
   11.912318 |   2)   0.128 us    |                                preempt_count_sub();
   11.912319 |   2)   0.391 us    |                              }
   11.912319 |   2)   0.131 us    |                              erofs_onlinefolio_split();
   11.912319 |   2)   0.132 us    |                              erofs_onlinefolio_end();
   11.912319 |   2)   2.081 us    |                            }
   11.912319 |   2)               |                            z_erofs_scan_folio() {
   11.912319 |   2)   0.125 us    |                              erofs_onlinefolio_init();
   11.912320 |   2)               |                              _raw_spin_lock() {
   11.912320 |   2)   0.127 us    |                                preempt_count_add();
   11.912320 |   2)   0.395 us    |                              }
   11.912320 |   2)               |                              _raw_spin_unlock() {
   11.912320 |   2)   0.128 us    |                                preempt_count_sub();
   11.912321 |   2)   0.392 us    |                              }
   11.912321 |   2)   0.131 us    |                              erofs_onlinefolio_split();
   11.912321 |   2)   0.131 us    |                              erofs_onlinefolio_end();
   11.912321 |   2)   2.058 us    |                            }
   11.912322 |   2)               |                            z_erofs_scan_folio() {
   11.912322 |   2)   0.125 us    |                              erofs_onlinefolio_init();
   11.912322 |   2)               |                              _raw_spin_lock() {
   11.912322 |   2)   0.128 us    |                                preempt_count_add();
   11.912322 |   2)   0.395 us    |                              }
   11.912323 |   2)               |                              _raw_spin_unlock() {
   11.912323 |   2)   0.126 us    |                                preempt_count_sub();
   11.912323 |   2)   0.393 us    |                              }
   11.912323 |   2)   0.131 us    |                              erofs_onlinefolio_split();
   11.912323 |   2)   0.134 us    |                              erofs_onlinefolio_end();
   11.912324 |   2)   2.034 us    |                            }
   11.912324 |   2)               |                            z_erofs_scan_folio() {
   11.912324 |   2)   0.125 us    |                              erofs_onlinefolio_init();
   11.912324 |   2)               |                              _raw_spin_lock() {
   11.912324 |   2)   0.127 us    |                                preempt_count_add();
   11.912325 |   2)   0.393 us    |                              }
   11.912325 |   2)               |                              _raw_spin_unlock() {
   11.912325 |   2)   0.127 us    |                                preempt_count_sub();
   11.912325 |   2)   0.390 us    |                              }
   11.912325 |   2)   0.144 us    |                              erofs_onlinefolio_split();
   11.912326 |   2)   0.134 us    |                              erofs_onlinefolio_end();
   11.912326 |   2)   2.140 us    |                            }
   11.912326 |   2)               |                            z_erofs_scan_folio() {
   11.912326 |   2)   0.124 us    |                              erofs_onlinefolio_init();
   11.912326 |   2)               |                              _raw_spin_lock() {
   11.912327 |   2)   0.127 us    |                                preempt_count_add();
   11.912327 |   2)   0.452 us    |                              }
   11.912327 |   2)               |                              _raw_spin_unlock() {
   11.912327 |   2)   0.130 us    |                                preempt_count_sub();
   11.912327 |   2)   0.394 us    |                              }
   11.912328 |   2)   0.135 us    |                              erofs_onlinefolio_split();
   11.912328 |   2)   0.131 us    |                              erofs_onlinefolio_end();
   11.912328 |   2)   2.148 us    |                            }
   11.912328 |   2)               |                            z_erofs_scan_folio() {
   11.912328 |   2)   0.125 us    |                              erofs_onlinefolio_init();
   11.912329 |   2)               |                              _raw_spin_lock() {
   11.912329 |   2)   0.126 us    |                                preempt_count_add();
   11.912329 |   2)   0.454 us    |                              }
   11.912329 |   2)               |                              _raw_spin_unlock() {
   11.912329 |   2)   0.126 us    |                                preempt_count_sub();
   11.912330 |   2)   0.391 us    |                              }
   11.912330 |   2)   0.131 us    |                              erofs_onlinefolio_split();
   11.912330 |   2)   0.131 us    |                              erofs_onlinefolio_end();
   11.912330 |   2)   2.121 us    |                            }
   11.912331 |   2)               |                            z_erofs_scan_folio() {
   11.912331 |   2)   0.124 us    |                              erofs_onlinefolio_init();
   11.912331 |   2)               |                              _raw_spin_lock() {
   11.912331 |   2)   0.127 us    |                                preempt_count_add();
   11.912331 |   2)   0.394 us    |                              }
   11.912332 |   2)               |                              _raw_spin_unlock() {
   11.912332 |   2)   0.125 us    |                                preempt_count_sub();
   11.912332 |   2)   0.445 us    |                              }
   11.912332 |   2)   0.139 us    |                              erofs_onlinefolio_split();
   11.912332 |   2)   0.146 us    |                              erofs_onlinefolio_end();
   11.912333 |   2)   2.174 us    |                            }
   11.912333 |   2)               |                            z_erofs_scan_folio() {
   11.912333 |   2)   0.134 us    |                              erofs_onlinefolio_init();
   11.912333 |   2)               |                              _raw_spin_lock() {
   11.912333 |   2)   0.126 us    |                                preempt_count_add();
   11.912334 |   2)   0.390 us    |                              }
   11.912334 |   2)               |                              _raw_spin_unlock() {
   11.912334 |   2)   0.128 us    |                                preempt_count_sub();
   11.912334 |   2)   0.391 us    |                              }
   11.912334 |   2)   0.133 us    |                              erofs_onlinefolio_split();
   11.912335 |   2)   0.132 us    |                              erofs_onlinefolio_end();
   11.912335 |   2)   2.070 us    |                            }
   11.912335 |   2)               |                            z_erofs_scan_folio() {
   11.912335 |   2)   0.125 us    |                              erofs_onlinefolio_init();
   11.912336 |   2)               |                              _raw_spin_lock() {
   11.912336 |   2)   0.126 us    |                                preempt_count_add();
   11.912336 |   2)   0.394 us    |                              }
   11.912336 |   2)               |                              _raw_spin_unlock() {
   11.912336 |   2)   0.126 us    |                                preempt_count_sub();
   11.912336 |   2)   0.392 us    |                              }
   11.912337 |   2)   0.132 us    |                              erofs_onlinefolio_split();
   11.912337 |   2)   0.132 us    |                              erofs_onlinefolio_end();
   11.912337 |   2)   2.060 us    |                            }
   11.912337 |   2)               |                            z_erofs_scan_folio() {
   11.912337 |   2)   0.124 us    |                              erofs_onlinefolio_init();
   11.912338 |   2)               |                              _raw_spin_lock() {
   11.912338 |   2)   0.128 us    |                                preempt_count_add();
   11.912338 |   2)   0.395 us    |                              }
   11.912338 |   2)               |                              _raw_spin_unlock() {
   11.912338 |   2)   0.125 us    |                                preempt_count_sub();
   11.912339 |   2)   0.390 us    |                              }
   11.912339 |   2)   0.132 us    |                              erofs_onlinefolio_split();
   11.912339 |   2)   0.132 us    |                              erofs_onlinefolio_end();
   11.912339 |   2)   2.045 us    |                            }
   11.912340 |   2)               |                            z_erofs_scan_folio() {
   11.912340 |   2)   0.125 us    |                              erofs_onlinefolio_init();
   11.912340 |   2)               |                              _raw_spin_lock() {
   11.912340 |   2)   0.155 us    |                                preempt_count_add();
   11.912340 |   2)   0.495 us    |                              }
   11.912341 |   2)               |                              _raw_spin_unlock() {
   11.912341 |   2)   0.129 us    |                                preempt_count_sub();
   11.912341 |   2)   0.399 us    |                              }
   11.912341 |   2)   0.211 us    |                              erofs_onlinefolio_split();
   11.912342 |   2)   0.195 us    |                              erofs_onlinefolio_end();
   11.912342 |   2)   2.345 us    |                            }
   11.912342 |   2)               |                            z_erofs_scan_folio() {
   11.912342 |   2)   0.124 us    |                              erofs_onlinefolio_init();
   11.912342 |   2)               |                              _raw_spin_lock() {
   11.912343 |   2)   0.128 us    |                                preempt_count_add();
   11.912343 |   2)   0.394 us    |                              }
   11.912343 |   2)               |                              _raw_spin_unlock() {
   11.912343 |   2)   0.129 us    |                                preempt_count_sub();
   11.912343 |   2)   0.419 us    |                              }
   11.912344 |   2)   0.134 us    |                              erofs_onlinefolio_split();
   11.912344 |   2)   0.131 us    |                              erofs_onlinefolio_end();
   11.912344 |   2)   2.088 us    |                            }
   11.912344 |   2)               |                            z_erofs_scan_folio() {
   11.912344 |   2)   0.125 us    |                              erofs_onlinefolio_init();
   11.912345 |   2)               |                              _raw_spin_lock() {
   11.912345 |   2)   0.128 us    |                                preempt_count_add();
   11.912345 |   2)   0.396 us    |                              }
   11.912345 |   2)               |                              _raw_spin_unlock() {
   11.912345 |   2)   0.127 us    |                                preempt_count_sub();
   11.912346 |   2)   0.391 us    |                              }
   11.912346 |   2)   0.131 us    |                              erofs_onlinefolio_split();
   11.912346 |   2)   0.131 us    |                              erofs_onlinefolio_end();
   11.912346 |   2)   2.058 us    |                            }
   11.912346 |   2)               |                            z_erofs_scan_folio() {
   11.912347 |   2)   0.126 us    |                              erofs_onlinefolio_init();
   11.912347 |   2)               |                              _raw_spin_lock() {
   11.912347 |   2)   0.126 us    |                                preempt_count_add();
   11.912347 |   2)   0.394 us    |                              }
   11.912347 |   2)               |                              _raw_spin_unlock() {
   11.912348 |   2)   0.129 us    |                                preempt_count_sub();
   11.912348 |   2)   0.392 us    |                              }
   11.912348 |   2)   0.132 us    |                              erofs_onlinefolio_split();
   11.912348 |   2)   0.132 us    |                              erofs_onlinefolio_end();
   11.912349 |   2)   2.084 us    |                            }
   11.912349 |   2)               |                            z_erofs_scan_folio() {
   11.912349 |   2)   0.126 us    |                              erofs_onlinefolio_init();
   11.912349 |   2)               |                              _raw_spin_lock() {
   11.912349 |   2)   0.125 us    |                                preempt_count_add();
   11.912349 |   2)   0.393 us    |                              }
   11.912350 |   2)               |                              _raw_spin_unlock() {
   11.912350 |   2)   0.127 us    |                                preempt_count_sub();
   11.912350 |   2)   0.392 us    |                              }
   11.912350 |   2)   0.131 us    |                              erofs_onlinefolio_split();
   11.912350 |   2)   0.132 us    |                              erofs_onlinefolio_end();
   11.912351 |   2)   2.059 us    |                            }
   11.912351 |   2)               |                            z_erofs_scan_folio() {
   11.912351 |   2)   0.125 us    |                              erofs_onlinefolio_init();
   11.912351 |   2)               |                              _raw_spin_lock() {
   11.912351 |   2)   0.126 us    |                                preempt_count_add();
   11.912352 |   2)   0.394 us    |                              }
   11.912352 |   2)               |                              _raw_spin_unlock() {
   11.912352 |   2)   0.127 us    |                                preempt_count_sub();
   11.912352 |   2)   0.393 us    |                              }
   11.912352 |   2)   0.137 us    |                              erofs_onlinefolio_split();
   11.912353 |   2)   0.132 us    |                              erofs_onlinefolio_end();
   11.912353 |   2)   2.065 us    |                            }
   11.912353 |   2)               |                            z_erofs_scan_folio() {
   11.912353 |   2)   0.126 us    |                              erofs_onlinefolio_init();
   11.912353 |   2)               |                              _raw_spin_lock() {
   11.912354 |   2)   0.126 us    |                                preempt_count_add();
   11.912354 |   2)   0.530 us    |                              }
   11.912354 |   2)               |                              _raw_spin_unlock() {
   11.912354 |   2)   0.132 us    |                                preempt_count_sub();
   11.912355 |   2)   0.397 us    |                              }
   11.912355 |   2)   0.130 us    |                              erofs_onlinefolio_split();
   11.912355 |   2)   0.217 us    |                              erofs_onlinefolio_end();
   11.912355 |   2)   2.292 us    |                            }
   11.912356 |   2)               |                            z_erofs_scan_folio() {
   11.912356 |   2)   0.142 us    |                              erofs_onlinefolio_init();
   11.912356 |   2)               |                              _raw_spin_lock() {
   11.912356 |   2)   0.127 us    |                                preempt_count_add();
   11.912356 |   2)   0.472 us    |                              }
   11.912357 |   2)               |                              _raw_spin_unlock() {
   11.912357 |   2)   0.134 us    |                                preempt_count_sub();
   11.912357 |   2)   0.399 us    |                              }
   11.912357 |   2)   0.131 us    |                              erofs_onlinefolio_split();
   11.912357 |   2)   0.201 us    |                              erofs_onlinefolio_end();
   11.912358 |   2)   2.251 us    |                            }
   11.912358 |   2)               |                            z_erofs_scan_folio() {
   11.912358 |   2)   0.144 us    |                              erofs_onlinefolio_init();
   11.912358 |   2)               |                              _raw_spin_lock() {
   11.912358 |   2)   0.127 us    |                                preempt_count_add();
   11.912359 |   2)   0.465 us    |                              }
   11.912359 |   2)               |                              _raw_spin_unlock() {
   11.912359 |   2)   0.139 us    |                                preempt_count_sub();
   11.912359 |   2)   0.402 us    |                              }
   11.912359 |   2)   0.130 us    |                              erofs_onlinefolio_split();
   11.912360 |   2)   0.131 us    |                              erofs_onlinefolio_end();
   11.912360 |   2)   2.150 us    |                            }
   11.912360 |   2)               |                            z_erofs_scan_folio() {
   11.912360 |   2)   0.124 us    |                              erofs_onlinefolio_init();
   11.912361 |   2)               |                              _raw_spin_lock() {
   11.912361 |   2)   0.125 us    |                                preempt_count_add();
   11.912361 |   2)   0.389 us    |                              }
   11.912361 |   2)               |                              _raw_spin_unlock() {
   11.912361 |   2)   0.126 us    |                                preempt_count_sub();
   11.912362 |   2)   0.387 us    |                              }
   11.912362 |   2)   0.131 us    |                              erofs_onlinefolio_split();
   11.912362 |   2)   0.133 us    |                              erofs_onlinefolio_end();
   11.912362 |   2)   2.033 us    |                            }
   11.912362 |   2)               |                            z_erofs_scan_folio() {
   11.912362 |   2)   0.125 us    |                              erofs_onlinefolio_init();
   11.912363 |   2)               |                              _raw_spin_lock() {
   11.912363 |   2)   0.126 us    |                                preempt_count_add();
   11.912363 |   2)   0.391 us    |                              }
   11.912363 |   2)               |                              _raw_spin_unlock() {
   11.912363 |   2)   0.126 us    |                                preempt_count_sub();
   11.912364 |   2)   0.390 us    |                              }
   11.912364 |   2)   0.135 us    |                              erofs_onlinefolio_split();
   11.912364 |   2)   0.132 us    |                              erofs_onlinefolio_end();
   11.912364 |   2)   2.056 us    |                            }
   11.912365 |   2)               |                            z_erofs_scan_folio() {
   11.912365 |   2)   0.125 us    |                              erofs_onlinefolio_init();
   11.912365 |   2)               |                              _raw_spin_lock() {
   11.912365 |   2)   0.127 us    |                                preempt_count_add();
   11.912365 |   2)   0.393 us    |                              }
   11.912366 |   2)               |                              _raw_spin_unlock() {
   11.912366 |   2)   0.129 us    |                                preempt_count_sub();
   11.912366 |   2)   0.395 us    |                              }
   11.912366 |   2)   0.130 us    |                              erofs_onlinefolio_split();
   11.912366 |   2)   0.131 us    |                              erofs_onlinefolio_end();
   11.912367 |   2)   2.075 us    |                            }
   11.912367 |   2)               |                            z_erofs_pcluster_readmore() {
   11.912367 |   2)               |                              __filemap_get_folio_mpol() {
   11.912367 |   2)   0.360 us    |                                filemap_get_entry();
   11.912368 |   2)   0.654 us    |                              }
   11.912368 |   2)   0.129 us    |                              folio_unlock();
   11.912368 |   2)               |                              __filemap_get_folio_mpol() {
   11.912368 |   2)   0.316 us    |                                filemap_get_entry();
   11.912369 |   2)   0.617 us    |                              }
   11.912369 |   2)   0.170 us    |                              folio_unlock();
   11.912369 |   2)               |                              __filemap_get_folio_mpol() {
   11.912369 |   2)   0.356 us    |                                filemap_get_entry();
   11.912370 |   2)   0.632 us    |                              }
   11.912370 |   2)   0.131 us    |                              folio_unlock();
   11.912370 |   2)               |                              __filemap_get_folio_mpol() {
   11.912371 |   2)   0.336 us    |                                filemap_get_entry();
   11.912371 |   2)   0.664 us    |                              }
   11.912371 |   2)   0.133 us    |                              folio_unlock();
   11.912372 |   2)               |                              __filemap_get_folio_mpol() {
   11.912372 |   2)   0.333 us    |                                filemap_get_entry();
   11.912372 |   2)   0.667 us    |                              }
   11.912372 |   2)   0.139 us    |                              folio_unlock();
   11.912373 |   2)               |                              __filemap_get_folio_mpol() {
   11.912373 |   2)   0.355 us    |                                filemap_get_entry();
   11.912373 |   2)   0.697 us    |                              }
   11.912374 |   2)   0.141 us    |                              folio_unlock();
   11.912374 |   2)               |                              __filemap_get_folio_mpol() {
   11.912374 |   2)   0.354 us    |                                filemap_get_entry();
   11.912375 |   2)   0.628 us    |                              }
   11.912375 |   2)   0.219 us    |                              folio_unlock();
   11.912375 |   2)               |                              __filemap_get_folio_mpol() {
   11.912375 |   2)   0.315 us    |                                filemap_get_entry();
   11.912376 |   2)   0.588 us    |                              }
   11.912376 |   2)   0.130 us    |                              folio_unlock();
   11.912376 |   2)               |                              __filemap_get_folio_mpol() {
   11.912376 |   2)   0.315 us    |                                filemap_get_entry();
   11.912377 |   2)   0.616 us    |                              }
   11.912377 |   2)   0.131 us    |                              folio_unlock();
   11.912377 |   2)               |                              __filemap_get_folio_mpol() {
   11.912377 |   2)   0.336 us    |                                filemap_get_entry();
   11.912378 |   2)   0.610 us    |                              }
   11.912378 |   2)   0.130 us    |                              folio_unlock();
   11.912378 |   2)               |                              __filemap_get_folio_mpol() {
   11.912378 |   2)   0.323 us    |                                filemap_get_entry();
   11.912379 |   2)   0.629 us    |                              }
   11.912379 |   2)   0.133 us    |                              folio_unlock();
   11.912379 |   2)               |                              __filemap_get_folio_mpol() {
   11.912379 |   2)   0.309 us    |                                filemap_get_entry();
   11.912380 |   2)   0.585 us    |                              }
   11.912380 |   2)   0.130 us    |                              folio_unlock();
   11.912380 |   2)               |                              __filemap_get_folio_mpol() {
   11.912380 |   2)   0.312 us    |                                filemap_get_entry();
   11.912381 |   2)   0.617 us    |                              }
   11.912381 |   2)   0.130 us    |                              folio_unlock();
   11.912381 |   2)               |                              __filemap_get_folio_mpol() {
   11.912381 |   2)   0.316 us    |                                filemap_get_entry();
   11.912382 |   2)   0.591 us    |                              }
   11.912382 |   2)   0.130 us    |                              folio_unlock();
   11.912382 |   2)               |                              __filemap_get_folio_mpol() {
   11.912382 |   2)   0.311 us    |                                filemap_get_entry();
   11.912383 |   2)   0.613 us    |                              }
   11.912383 |   2)   0.130 us    |                              folio_unlock();
   11.912383 |   2)               |                              __filemap_get_folio_mpol() {
   11.912383 |   2)   0.310 us    |                                filemap_get_entry();
   11.912384 |   2)   0.586 us    |                              }
   11.912384 |   2)   0.128 us    |                              folio_unlock();
   11.912384 |   2)               |                              __filemap_get_folio_mpol() {
   11.912384 |   2)   0.313 us    |                                filemap_get_entry();
   11.912385 |   2)   0.616 us    |                              }
   11.912385 |   2)   0.131 us    |                              folio_unlock();
   11.912385 |   2)               |                              __filemap_get_folio_mpol() {
   11.912385 |   2)   0.314 us    |                                filemap_get_entry();
   11.912386 |   2)   0.587 us    |                              }
   11.912386 |   2)   0.130 us    |                              folio_unlock();
   11.912386 |   2)               |                              __filemap_get_folio_mpol() {
   11.912386 |   2)   0.310 us    |                                filemap_get_entry();
   11.912387 |   2)   0.611 us    |                              }
   11.912387 |   2)   0.130 us    |                              folio_unlock();
   11.912387 |   2)               |                              __filemap_get_folio_mpol() {
   11.912388 |   2)   0.370 us    |                                filemap_get_entry();
   11.912388 |   2)   0.644 us    |                              }
   11.912388 |   2)   0.196 us    |                              folio_unlock();
   11.912389 |   2) + 21.812 us   |                            }
   11.912389 |   2)   0.295 us    |                            z_erofs_pcluster_end();
   11.912389 |   2)               |                            z_erofs_runqueue() {
   11.912389 |   2)   0.124 us    |                              __init_swait_queue_head();
   11.912390 |   2)               |                              __kvmalloc_node_noprof() {
   11.912390 |   2)   0.156 us    |                                preempt_count_add();
   11.912390 |   2)   0.128 us    |                                preempt_count_sub();
   11.912390 |   2)   0.729 us    |                              }
   11.912390 |   2)   0.146 us    |                              erofs_map_dev();
   11.912391 |   2)               |                              _raw_spin_lock() {
   11.912391 |   2)   0.126 us    |                                preempt_count_add();
   11.912391 |   2)   0.476 us    |                              }
   11.912391 |   2)               |                              _raw_spin_unlock() {
   11.912392 |   2)   0.129 us    |                                preempt_count_sub();
   11.912392 |   2)   0.425 us    |                              }
   11.912392 |   2)   0.198 us    |                              folio_unlock();
   11.912392 |   2)               |                              kvfree() {
   11.912392 |   2)   0.124 us    |                                is_vmalloc_addr();
   11.912393 |   2)               |                                kfree() {
   11.912393 |   2)   0.125 us    |                                  preempt_count_add();
   11.912393 |   2)   0.125 us    |                                  preempt_count_sub();
   11.912393 |   2)   0.670 us    |                                }
   11.912394 |   2)   1.204 us    |                              }
   11.912394 |   2)               |                              z_erofs_decompress_queue() {
   11.912394 |   2)               |                                __kvmalloc_node_noprof() {
   11.912394 |   2)   0.126 us    |                                  preempt_count_add();
   11.912394 |   2)   0.127 us    |                                  preempt_count_sub();
   11.912395 |   2)   0.802 us    |                                }
   11.912395 |   2)   0.141 us    |                                z_erofs_do_decompressed_bvec();
   11.912395 |   2)   0.125 us    |                                z_erofs_do_decompressed_bvec();
   11.912396 |   2)   0.126 us    |                                z_erofs_do_decompressed_bvec();
   11.912396 |   2)   0.125 us    |                                z_erofs_do_decompressed_bvec();
   11.912396 |   2)   0.125 us    |                                z_erofs_do_decompressed_bvec();
   11.912396 |   2)   0.125 us    |                                z_erofs_do_decompressed_bvec();
   11.912397 |   2)   0.124 us    |                                z_erofs_do_decompressed_bvec();
   11.912397 |   2)   0.125 us    |                                z_erofs_do_decompressed_bvec();
   11.912397 |   2)   0.125 us    |                                z_erofs_do_decompressed_bvec();
   11.912397 |   2)   0.124 us    |                                z_erofs_do_decompressed_bvec();
   11.912398 |   2)   0.125 us    |                                z_erofs_do_decompressed_bvec();
   11.912403 |   2)   0.132 us    |                                z_erofs_do_decompressed_bvec();
   11.912404 |   2)   0.137 us    |                                z_erofs_do_decompressed_bvec();
   11.912404 |   2)   0.134 us    |                                z_erofs_do_decompressed_bvec();
   11.912404 |   2)   0.130 us    |                                z_erofs_do_decompressed_bvec();
   11.912404 |   2)   0.129 us    |                                z_erofs_do_decompressed_bvec();
   11.912405 |   2)   0.128 us    |                                z_erofs_do_decompressed_bvec();
   11.912405 |   2)   0.126 us    |                                z_erofs_do_decompressed_bvec();
   11.912405 |   2)   0.128 us    |                                z_erofs_do_decompressed_bvec();
   11.912406 |   2)   0.127 us    |                                z_erofs_do_decompressed_bvec();
   11.912406 |   2)   0.128 us    |                                z_erofs_do_decompressed_bvec();
   11.912406 |   2)   0.127 us    |                                z_erofs_do_decompressed_bvec();
   11.912406 |   2)   0.126 us    |                                z_erofs_do_decompressed_bvec();
   11.912407 |   2)   0.127 us    |                                z_erofs_do_decompressed_bvec();
   11.912407 |   2)   0.126 us    |                                z_erofs_do_decompressed_bvec();
   11.912407 |   2)   0.128 us    |                                z_erofs_do_decompressed_bvec();
   11.912408 |   2)   0.201 us    |                                z_erofs_do_decompressed_bvec();
   11.912408 |   2)   0.139 us    |                                z_erofs_do_decompressed_bvec();
   11.912408 |   2)   0.128 us    |                                z_erofs_do_decompressed_bvec();
   11.912408 |   2)   0.127 us    |                                z_erofs_do_decompressed_bvec();
   11.912409 |   2)   0.126 us    |                                z_erofs_do_decompressed_bvec();
   11.912409 |   2)   0.123 us    |                                z_erofs_do_decompressed_bvec();
   11.912409 |   2)   0.127 us    |                                z_erofs_do_decompressed_bvec();
   11.912409 |   2)   0.127 us    |                                z_erofs_do_decompressed_bvec();
   11.912410 |   2)   0.135 us    |                                z_erofs_do_decompressed_bvec();
   11.912410 |   2)   0.124 us    |                                z_erofs_do_decompressed_bvec();
   11.912410 |   2)   0.131 us    |                                z_erofs_do_decompressed_bvec();
   11.912410 |   2)   0.125 us    |                                z_erofs_do_decompressed_bvec();
   11.912411 |   2)   0.127 us    |                                z_erofs_do_decompressed_bvec();
   11.912411 |   2)   0.127 us    |                                z_erofs_do_decompressed_bvec();
   11.912411 |   2)   0.131 us    |                                z_erofs_do_decompressed_bvec();
   11.912412 |   2)   0.127 us    |                                z_erofs_do_decompressed_bvec();
   11.912412 |   2)   0.132 us    |                                z_erofs_do_decompressed_bvec();
   11.912412 |   2)   0.126 us    |                                z_erofs_do_decompressed_bvec();
   11.912412 |   2)   0.130 us    |                                z_erofs_do_decompressed_bvec();
   11.912413 |   2)   0.125 us    |                                z_erofs_do_decompressed_bvec();
   11.912413 |   2)   0.129 us    |                                z_erofs_do_decompressed_bvec();
   11.912413 |   2)   0.127 us    |                                z_erofs_do_decompressed_bvec();
   11.912413 |   2)   0.125 us    |                                z_erofs_do_decompressed_bvec();
   11.912414 |   2)   0.126 us    |                                z_erofs_do_decompressed_bvec();
   11.912414 |   2)   0.127 us    |                                z_erofs_do_decompressed_bvec();
   11.912414 |   2)   0.126 us    |                                z_erofs_do_decompressed_bvec();
   11.912414 |   2)   0.130 us    |                                z_erofs_do_decompressed_bvec();
   11.912415 |   2)   0.126 us    |                                z_erofs_do_decompressed_bvec();
   11.912415 |   2)   0.126 us    |                                z_erofs_do_decompressed_bvec();
   11.912415 |   2)   0.124 us    |                                z_erofs_do_decompressed_bvec();
   11.912416 |   2)   0.126 us    |                                z_erofs_do_decompressed_bvec();
   11.912416 |   2)   0.127 us    |                                z_erofs_do_decompressed_bvec();
   11.912416 |   2)   0.127 us    |                                z_erofs_do_decompressed_bvec();
   11.912416 |   2)   0.128 us    |                                z_erofs_do_decompressed_bvec();
   11.912417 |   2)   0.130 us    |                                z_erofs_do_decompressed_bvec();
   11.912417 |   2)   0.125 us    |                                z_erofs_do_decompressed_bvec();
   11.912417 |   2)   0.125 us    |                                z_erofs_do_decompressed_bvec();
   11.912417 |   2)   0.126 us    |                                z_erofs_do_decompressed_bvec();
   11.912418 |   2)               |                                z_erofs_lz4_decompress() {
   11.912418 |   2)   0.128 us    |                                  __erofs_allocpage();
   11.912418 |   2)               |                                  __erofs_allocpage() {
   11.912418 |   2)               |                                    alloc_pages_noprof() {
   11.912418 |   2)               |                                      alloc_pages_mpol() {
   11.912419 |   2)   0.124 us    |                                        policy_nodemask();
   11.912419 |   2)               |                                        __alloc_frozen_pages_noprof() {
   11.912419 |   2)               |                                          get_page_from_freelist() {
   11.912419 |   2)   0.128 us    |                                            preempt_count_add();
   11.912419 |   2)               |                                            _raw_spin_trylock() {
   11.912420 |   2)   0.125 us    |                                              preempt_count_add();
   11.912420 |   2)   0.389 us    |                                            }
   11.912420 |   2)               |                                            _raw_spin_unlock() {
   11.912420 |   2)   0.137 us    |                                              preempt_count_sub();
   11.912420 |   2)   0.410 us    |                                            }
   11.912421 |   2)   0.130 us    |                                            preempt_count_sub();
   11.912421 |   2)   1.790 us    |                                          }
   11.912421 |   2)   2.081 us    |                                        }
   11.912421 |   2)   2.624 us    |                                      }
   11.912421 |   2)   2.887 us    |                                    }
   11.912421 |   2)   3.152 us    |                                  }
   11.912422 |   2)               |                                  __erofs_allocpage() {
   11.912422 |   2)               |                                    alloc_pages_noprof() {
   11.912422 |   2)               |                                      alloc_pages_mpol() {
   11.912422 |   2)   0.138 us    |                                        policy_nodemask();
   11.912422 |   2)               |                                        __alloc_frozen_pages_noprof() {
   11.912422 |   2)               |                                          get_page_from_freelist() {
   11.912423 |   2)   0.126 us    |                                            preempt_count_add();
   11.912423 |   2)               |                                            _raw_spin_trylock() {
   11.912423 |   2)   0.144 us    |                                              preempt_count_add();
   11.912423 |   2)   0.473 us    |                                            }
   11.912423 |   2)               |                                            _raw_spin_unlock() {
   11.912424 |   2)   0.134 us    |                                              preempt_count_sub();
   11.912424 |   2)   0.412 us    |                                            }
   11.912424 |   2)   0.126 us    |                                            preempt_count_sub();
   11.912424 |   2)   1.879 us    |                                          }
   11.912424 |   2)   2.165 us    |                                        }
   11.912425 |   2)   2.707 us    |                                      }
   11.912425 |   2)   2.961 us    |                                    }
   11.912425 |   2)   3.221 us    |                                  }
   11.912425 |   2)               |                                  __erofs_allocpage() {
   11.912425 |   2)               |                                    alloc_pages_noprof() {
   11.912425 |   2)               |                                      alloc_pages_mpol() {
   11.912425 |   2)   0.125 us    |                                        policy_nodemask();
   11.912426 |   2)               |                                        __alloc_frozen_pages_noprof() {
   11.912426 |   2)               |                                          get_page_from_freelist() {
   11.912426 |   2)   0.126 us    |                                            preempt_count_add();
   11.912426 |   2)               |                                            _raw_spin_trylock() {
   11.912426 |   2)   0.122 us    |                                              preempt_count_add();
   11.912426 |   2)   0.391 us    |                                            }
   11.912427 |   2)               |                                            _raw_spin_unlock() {
   11.912427 |   2)   0.131 us    |                                              preempt_count_sub();
   11.912427 |   2)   0.396 us    |                                            }
   11.912427 |   2)   0.127 us    |                                            preempt_count_sub();
   11.912427 |   2)   1.744 us    |                                          }
   11.912428 |   2)   2.035 us    |                                        }
   11.912428 |   2)   2.560 us    |                                      }
   11.912428 |   2)   2.812 us    |                                    }
   11.912428 |   2)   3.063 us    |                                  }
   11.912428 |   2)               |                                  __erofs_allocpage() {
   11.912428 |   2)               |                                    alloc_pages_noprof() {
   11.912428 |   2)               |                                      alloc_pages_mpol() {
   11.912428 |   2)   0.125 us    |                                        policy_nodemask();
   11.912429 |   2)               |                                        __alloc_frozen_pages_noprof() {
   11.912429 |   2)               |                                          get_page_from_freelist() {
   11.912429 |   2)   0.126 us    |                                            preempt_count_add();
   11.912429 |   2)               |                                            _raw_spin_trylock() {
   11.912429 |   2)   0.124 us    |                                              preempt_count_add();
   11.912430 |   2)   0.416 us    |                                            }
   11.912430 |   2)               |                                            _raw_spin_unlock() {
   11.912430 |   2)   0.131 us    |                                              preempt_count_sub();
   11.912430 |   2)   0.396 us    |                                            }
   11.912430 |   2)   0.128 us    |                                            preempt_count_sub();
   11.912431 |   2)   1.789 us    |                                          }
   11.912431 |   2)   2.073 us    |                                        }
   11.912431 |   2)   2.601 us    |                                      }
   11.912431 |   2)   2.854 us    |                                    }
   11.912431 |   2)   3.104 us    |                                  }
   11.912431 |   2)               |                                  __erofs_allocpage() {
   11.912432 |   2)               |                                    alloc_pages_noprof() {
   11.912432 |   2)               |                                      alloc_pages_mpol() {
   11.912432 |   2)   0.124 us    |                                        policy_nodemask();
   11.912432 |   2)               |                                        __alloc_frozen_pages_noprof() {
   11.912432 |   2)               |                                          get_page_from_freelist() {
   11.912432 |   2)   0.127 us    |                                            preempt_count_add();
   11.912433 |   2)               |                                            _raw_spin_trylock() {
   11.912433 |   2)   0.125 us    |                                              preempt_count_add();
   11.912433 |   2)   0.390 us    |                                            }
   11.912433 |   2)               |                                            _raw_spin_unlock() {
   11.912433 |   2)   0.124 us    |                                              preempt_count_sub();
   11.912434 |   2)   0.385 us    |                                            }
   11.912434 |   2)   0.127 us    |                                            preempt_count_sub();
   11.912434 |   2)   1.772 us    |                                          }
   11.912434 |   2)   2.041 us    |                                        }
   11.912434 |   2)   2.567 us    |                                      }
   11.912434 |   2)   2.820 us    |                                    }
   11.912434 |   2)   3.071 us    |                                  }
   11.912435 |   2)               |                                  __erofs_allocpage() {
   11.912435 |   2)               |                                    alloc_pages_noprof() {
   11.912435 |   2)               |                                      alloc_pages_mpol() {
   11.912435 |   2)   0.126 us    |                                        policy_nodemask();
   11.912435 |   2)               |                                        __alloc_frozen_pages_noprof() {
   11.912435 |   2)               |                                          get_page_from_freelist() {
   11.912436 |   2)   0.127 us    |                                            preempt_count_add();
   11.912436 |   2)               |                                            _raw_spin_trylock() {
   11.912436 |   2)   0.125 us    |                                              preempt_count_add();
   11.912436 |   2)   0.485 us    |                                            }
   11.912436 |   2)               |                                            _raw_spin_unlock() {
   11.912437 |   2)   0.128 us    |                                              preempt_count_sub();
   11.912437 |   2)   0.393 us    |                                            }
   11.912437 |   2)   0.130 us    |                                            preempt_count_sub();
   11.912437 |   2)   1.865 us    |                                          }
   11.912437 |   2)   2.223 us    |                                        }
   11.912438 |   2)   2.748 us    |                                      }
   11.912438 |   2)   2.999 us    |                                    }
   11.912438 |   2)   3.250 us    |                                  }
   11.912438 |   2)               |                                  __erofs_allocpage() {
   11.912438 |   2)               |                                    alloc_pages_noprof() {
   11.912438 |   2)               |                                      alloc_pages_mpol() {
   11.912438 |   2)   0.124 us    |                                        policy_nodemask();
   11.912439 |   2)               |                                        __alloc_frozen_pages_noprof() {
   11.912439 |   2)               |                                          get_page_from_freelist() {
   11.912439 |   2)   0.154 us    |                                            preempt_count_add();
   11.912439 |   2)               |                                            _raw_spin_trylock() {
   11.912439 |   2)   0.125 us    |                                              preempt_count_add();
   11.912440 |   2)   0.485 us    |                                            }
   11.912440 |   2)               |                                            _raw_spin_unlock() {
   11.912440 |   2)   0.128 us    |                                              preempt_count_sub();
   11.912440 |   2)   0.394 us    |                                            }
   11.912440 |   2)   0.126 us    |                                            preempt_count_sub();
   11.912441 |   2)   1.864 us    |                                          }
   11.912441 |   2)   2.158 us    |                                        }
   11.912441 |   2)   2.681 us    |                                      }
   11.912441 |   2)   2.953 us    |                                    }
   11.912441 |   2)   3.204 us    |                                  }
   11.912441 |   2)               |                                  __erofs_allocpage() {
   11.912441 |   2)               |                                    alloc_pages_noprof() {
   11.912442 |   2)               |                                      alloc_pages_mpol() {
   11.912442 |   2)   0.126 us    |                                        policy_nodemask();
   11.912442 |   2)               |                                        __alloc_frozen_pages_noprof() {
   11.912442 |   2)               |                                          get_page_from_freelist() {
   11.912442 |   2)   0.127 us    |                                            preempt_count_add();
   11.912443 |   2)               |                                            _raw_spin_trylock() {
   11.912443 |   2)   0.124 us    |                                              preempt_count_add();
   11.912443 |   2)   0.388 us    |                                            }
   11.912443 |   2)               |                                            _raw_spin_unlock() {
   11.912443 |   2)   0.126 us    |                                              preempt_count_sub();
   11.912443 |   2)   0.389 us    |                                            }
   11.912444 |   2)   0.126 us    |                                            preempt_count_sub();
   11.912444 |   2)   1.774 us    |                                          }
   11.912444 |   2)   2.044 us    |                                        }
   11.912444 |   2)   2.571 us    |                                      }
   11.912444 |   2)   2.823 us    |                                    }
   11.912444 |   2)   3.074 us    |                                  }
   11.912445 |   2)               |                                  __erofs_allocpage() {
   11.912445 |   2)               |                                    alloc_pages_noprof() {
   11.912445 |   2)               |                                      alloc_pages_mpol() {
   11.912445 |   2)   0.125 us    |                                        policy_nodemask();
   11.912445 |   2)               |                                        __alloc_frozen_pages_noprof() {
   11.912445 |   2)               |                                          get_page_from_freelist() {
   11.912445 |   2)   0.125 us    |                                            preempt_count_add();
   11.912446 |   2)               |                                            _raw_spin_trylock() {
   11.912446 |   2)   0.124 us    |                                              preempt_count_add();
   11.912446 |   2)   0.386 us    |                                            }
   11.912446 |   2)               |                                            _raw_spin_unlock() {
   11.912446 |   2)   0.125 us    |                                              preempt_count_sub();
   11.912447 |   2)   0.388 us    |                                            }
   11.912447 |   2)   0.126 us    |                                            preempt_count_sub();
   11.912447 |   2)   1.728 us    |                                          }
   11.912447 |   2)   2.022 us    |                                        }
   11.912447 |   2)   2.569 us    |                                      }
   11.912447 |   2)   2.820 us    |                                    }
   11.912448 |   2)   3.071 us    |                                  }
   11.912448 |   2)               |                                  __erofs_allocpage() {
   11.912448 |   2)               |                                    alloc_pages_noprof() {
   11.912448 |   2)               |                                      alloc_pages_mpol() {
   11.912448 |   2)   0.124 us    |                                        policy_nodemask();
   11.912448 |   2)               |                                        __alloc_frozen_pages_noprof() {
   11.912449 |   2)               |                                          get_page_from_freelist() {
   11.912449 |   2)   0.127 us    |                                            preempt_count_add();
   11.912449 |   2)               |                                            _raw_spin_trylock() {
   11.912449 |   2)   0.124 us    |                                              preempt_count_add();
   11.912449 |   2)   0.558 us    |                                            }
   11.912450 |   2)               |                                            _raw_spin_unlock() {
   11.912450 |   2)   0.151 us    |                                              preempt_count_sub();
   11.912450 |   2)   0.418 us    |                                            }
   11.912450 |   2)   0.135 us    |                                            preempt_count_sub();
   11.912450 |   2)   1.959 us    |                                          }
   11.912451 |   2)   2.228 us    |                                        }
   11.912451 |   2)   2.754 us    |                                      }
   11.912451 |   2)   3.007 us    |                                    }
   11.912451 |   2)   3.261 us    |                                  }
   11.912451 |   2)               |                                  __erofs_allocpage() {
   11.912451 |   2)               |                                    alloc_pages_noprof() {
   11.912451 |   2)               |                                      alloc_pages_mpol() {
   11.912452 |   2)   0.126 us    |                                        policy_nodemask();
   11.912452 |   2)               |                                        __alloc_frozen_pages_noprof() {
   11.912452 |   2)               |                                          get_page_from_freelist() {
   11.912452 |   2)   0.137 us    |                                            preempt_count_add();
   11.912452 |   2)               |                                            _raw_spin_trylock() {
   11.912452 |   2)   0.128 us    |                                              preempt_count_add();
   11.912453 |   2)   0.479 us    |                                            }
   11.912453 |   2)               |                                            _raw_spin_unlock() {
   11.912453 |   2)   0.125 us    |                                              preempt_count_sub();
   11.912453 |   2)   0.395 us    |                                            }
   11.912454 |   2)   0.129 us    |                                            preempt_count_sub();
   11.912454 |   2)   1.858 us    |                                          }
   11.912454 |   2)   2.131 us    |                                        }
   11.912454 |   2)   2.663 us    |                                      }
   11.912454 |   2)   2.932 us    |                                    }
   11.912454 |   2)   3.186 us    |                                  }
   11.912455 |   2)               |                                  __erofs_allocpage() {
   11.912455 |   2)               |                                    alloc_pages_noprof() {
   11.912455 |   2)               |                                      alloc_pages_mpol() {
   11.912455 |   2)   0.125 us    |                                        policy_nodemask();
   11.912455 |   2)               |                                        __alloc_frozen_pages_noprof() {
   11.912455 |   2)               |                                          get_page_from_freelist() {
   11.912455 |   2)   0.127 us    |                                            preempt_count_add();
   11.912456 |   2)               |                                            _raw_spin_trylock() {
   11.912456 |   2)   0.124 us    |                                              preempt_count_add();
   11.912456 |   2)   0.395 us    |                                            }
   11.912456 |   2)               |                                            _raw_spin_unlock() {
   11.912456 |   2)   0.126 us    |                                              preempt_count_sub();
   11.912457 |   2)   0.396 us    |                                            }
   11.912457 |   2)   0.129 us    |                                            preempt_count_sub();
   11.912457 |   2)   1.763 us    |                                          }
   11.912457 |   2)   2.035 us    |                                        }
   11.912457 |   2)   2.568 us    |                                      }
   11.912457 |   2)   2.826 us    |                                    }
   11.912458 |   2)   3.079 us    |                                  }
   11.912458 |   2)               |                                  __erofs_allocpage() {
   11.912458 |   2)               |                                    alloc_pages_noprof() {
   11.912458 |   2)               |                                      alloc_pages_mpol() {
   11.912458 |   2)   0.126 us    |                                        policy_nodemask();
   11.912458 |   2)               |                                        __alloc_frozen_pages_noprof() {
   11.912458 |   2)               |                                          get_page_from_freelist() {
   11.912459 |   2)   0.128 us    |                                            preempt_count_add();
   11.912459 |   2)               |                                            _raw_spin_trylock() {
   11.912459 |   2)   0.126 us    |                                              preempt_count_add();
   11.912459 |   2)   0.422 us    |                                            }
   11.912459 |   2)               |                                            _raw_spin_unlock() {
   11.912460 |   2)   0.127 us    |                                              preempt_count_sub();
   11.912460 |   2)   0.395 us    |                                            }
   11.912460 |   2)   0.129 us    |                                            preempt_count_sub();
   11.912460 |   2)   1.791 us    |                                          }
   11.912460 |   2)   2.068 us    |                                        }
   11.912461 |   2)   2.598 us    |                                      }
   11.912461 |   2)   2.854 us    |                                    }
   11.912461 |   2)   3.108 us    |                                  }
   11.912461 |   2)               |                                  __erofs_allocpage() {
   11.912461 |   2)               |                                    alloc_pages_noprof() {
   11.912461 |   2)               |                                      alloc_pages_mpol() {
   11.912461 |   2)   0.127 us    |                                        policy_nodemask();
   11.912462 |   2)               |                                        __alloc_frozen_pages_noprof() {
   11.912462 |   2)               |                                          get_page_from_freelist() {
   11.912462 |   2)   0.128 us    |                                            preempt_count_add();
   11.912462 |   2)               |                                            _raw_spin_trylock() {
   11.912462 |   2)   0.125 us    |                                              preempt_count_add();
   11.912463 |   2)   0.396 us    |                                            }
   11.912463 |   2)               |                                            _raw_spin_unlock() {
   11.912463 |   2)   0.125 us    |                                              preempt_count_sub();
   11.912463 |   2)   0.396 us    |                                            }
   11.912463 |   2)   0.129 us    |                                            preempt_count_sub();
   11.912464 |   2)   1.861 us    |                                          }
   11.912464 |   2)   2.132 us    |                                        }
   11.912464 |   2)   2.690 us    |                                      }
   11.912464 |   2)   2.948 us    |                                    }
   11.912464 |   2)   3.203 us    |                                  }
   11.912464 |   2)               |                                  __erofs_allocpage() {
   11.912464 |   2)               |                                    alloc_pages_noprof() {
   11.912465 |   2)               |                                      alloc_pages_mpol() {
   11.912465 |   2)   0.127 us    |                                        policy_nodemask();
   11.912465 |   2)               |                                        __alloc_frozen_pages_noprof() {
   11.912465 |   2)               |                                          get_page_from_freelist() {
   11.912465 |   2)   0.126 us    |                                            preempt_count_add();
   11.912466 |   2)               |                                            _raw_spin_trylock() {
   11.912466 |   2)   0.126 us    |                                              preempt_count_add();
   11.912466 |   2)   0.457 us    |                                            }
   11.912466 |   2)               |                                            _raw_spin_unlock() {
   11.912466 |   2)   0.127 us    |                                              preempt_count_sub();
   11.912467 |   2)   0.409 us    |                                            }
   11.912467 |   2)   0.129 us    |                                            preempt_count_sub();
   11.912467 |   2)   1.860 us    |                                          }
   11.912467 |   2)   2.132 us    |                                        }
   11.912467 |   2)   2.671 us    |                                      }
   11.912467 |   2)   2.926 us    |                                    }
   11.912468 |   2)   3.181 us    |                                  }
   11.912468 |   2)               |                                  __erofs_allocpage() {
   11.912468 |   2)               |                                    alloc_pages_noprof() {
   11.912468 |   2)               |                                      alloc_pages_mpol() {
   11.912468 |   2)   0.127 us    |                                        policy_nodemask();
   11.912468 |   2)               |                                        __alloc_frozen_pages_noprof() {
   11.912468 |   2)               |                                          get_page_from_freelist() {
   11.912469 |   2)   0.127 us    |                                            preempt_count_add();
   11.912469 |   2)               |                                            _raw_spin_trylock() {
   11.912469 |   2)   0.127 us    |                                              preempt_count_add();
   11.912469 |   2)   0.396 us    |                                            }
   11.912469 |   2)               |                                            _raw_spin_unlock() {
   11.912469 |   2)   0.128 us    |                                              preempt_count_sub();
   11.912470 |   2)   0.393 us    |                                            }
   11.912470 |   2)   0.128 us    |                                            preempt_count_sub();
   11.912470 |   2)   1.755 us    |                                          }
   11.912470 |   2)   2.026 us    |                                        }
   11.912470 |   2)   2.560 us    |                                      }
   11.912471 |   2)   2.816 us    |                                    }
   11.912471 |   2)   3.069 us    |                                  }
   11.912471 |   2)               |                                  __erofs_allocpage() {
   11.912471 |   2)               |                                    alloc_pages_noprof() {
   11.912471 |   2)               |                                      alloc_pages_mpol() {
   11.912471 |   2)   0.128 us    |                                        policy_nodemask();
   11.912472 |   2)               |                                        __alloc_frozen_pages_noprof() {
   11.912472 |   2)               |                                          get_page_from_freelist() {
   11.912472 |   2)   0.127 us    |                                            preempt_count_add();
   11.912472 |   2)               |                                            _raw_spin_trylock() {
   11.912472 |   2)   0.125 us    |                                              preempt_count_add();
   11.912472 |   2)   0.391 us    |                                            }
   11.912473 |   2)               |                                            _raw_spin_unlock() {
   11.912473 |   2)   0.124 us    |                                              preempt_count_sub();
   11.912473 |   2)   0.389 us    |                                            }
   11.912473 |   2)   0.126 us    |                                            preempt_count_sub();
   11.912473 |   2)   1.755 us    |                                          }
   11.912474 |   2)   2.026 us    |                                        }
   11.912474 |   2)   2.559 us    |                                      }
   11.912474 |   2)   2.814 us    |                                    }
   11.912474 |   2)   3.067 us    |                                  }
   11.912474 |   2)               |                                  __erofs_allocpage() {
   11.912474 |   2)               |                                    alloc_pages_noprof() {
   11.912474 |   2)               |                                      alloc_pages_mpol() {
   11.912474 |   2)   0.124 us    |                                        policy_nodemask();
   11.912475 |   2)               |                                        __alloc_frozen_pages_noprof() {
   11.912475 |   2)               |                                          get_page_from_freelist() {
   11.912475 |   2)   0.126 us    |                                            preempt_count_add();
   11.912475 |   2)               |                                            _raw_spin_trylock() {
   11.912475 |   2)   0.124 us    |                                              preempt_count_add();
   11.912476 |   2)   0.388 us    |                                            }
   11.912476 |   2)               |                                            _raw_spin_unlock() {
   11.912476 |   2)   0.124 us    |                                              preempt_count_sub();
   11.912476 |   2)   0.412 us    |                                            }
   11.912476 |   2)   0.126 us    |                                            preempt_count_sub();
   11.912477 |   2)   1.755 us    |                                          }
   11.912477 |   2)   2.024 us    |                                        }
   11.912477 |   2)   2.550 us    |                                      }
   11.912477 |   2)   2.882 us    |                                    }
   11.912477 |   2)   3.133 us    |                                  }
   11.912477 |   2)               |                                  __erofs_allocpage() {
   11.912478 |   2)               |                                    alloc_pages_noprof() {
   11.912478 |   2)               |                                      alloc_pages_mpol() {
   11.912478 |   2)   0.126 us    |                                        policy_nodemask();
   11.912478 |   2)               |                                        __alloc_frozen_pages_noprof() {
   11.912478 |   2)               |                                          get_page_from_freelist() {
   11.912478 |   2)   0.148 us    |                                            preempt_count_add();
   11.912479 |   2)               |                                            _raw_spin_trylock() {
   11.912479 |   2)   0.123 us    |                                              preempt_count_add();
   11.912479 |   2)   0.471 us    |                                            }
   11.912479 |   2)               |                                            _raw_spin_unlock() {
   11.912479 |   2)   0.134 us    |                                              preempt_count_sub();
   11.912480 |   2)   0.395 us    |                                            }
   11.912480 |   2)   0.127 us    |                                            preempt_count_sub();
   11.912480 |   2)   1.845 us    |                                          }
   11.912480 |   2)   2.115 us    |                                        }
   11.912480 |   2)   2.644 us    |                                      }
   11.912480 |   2)   2.937 us    |                                    }
   11.912481 |   2)   3.192 us    |                                  }
   11.912481 |   2)               |                                  vm_map_ram() {
   11.912481 |   2)               |                                    alloc_vmap_area() {
   11.912481 |   2)               |                                      kmem_cache_alloc_node_noprof() {
   11.912481 |   2)   0.128 us    |                                        preempt_count_add();
   11.912482 |   2)   0.132 us    |                                        preempt_count_sub();
   11.912482 |   2)   0.792 us    |                                      }
   11.912482 |   2)               |                                      _raw_spin_lock() {
   11.912482 |   2)   0.124 us    |                                        preempt_count_add();
   11.912483 |   2)   0.391 us    |                                      }
   11.912484 |   2)               |                                      _raw_spin_unlock() {
   11.912484 |   2)   0.139 us    |                                        preempt_count_sub();
   11.912484 |   2)   0.402 us    |                                      }
   11.912484 |   2)               |                                      _raw_spin_lock() {
   11.912485 |   2)   0.128 us    |                                        preempt_count_add();
   11.912485 |   2)   0.397 us    |                                      }
   11.912485 |   2)   0.706 us    |                                      insert_vmap_area();
   11.912486 |   2)               |                                      _raw_spin_unlock() {
   11.912486 |   2)   0.140 us    |                                        preempt_count_sub();
   11.912486 |   2)   0.405 us    |                                      }
   11.912486 |   2)   5.394 us    |                                    }
   11.912487 |   2)               |                                    vmap_small_pages_range_noflush() {
   11.912487 |   2)   0.126 us    |                                      preempt_count_add();
   11.912487 |   2)   0.127 us    |                                      preempt_count_sub();
   11.912487 |   2)   0.125 us    |                                      preempt_count_add();
   11.912488 |   2)   0.128 us    |                                      preempt_count_sub();
   11.912488 |   2)   0.126 us    |                                      preempt_count_add();
   11.912488 |   2)   0.125 us    |                                      preempt_count_sub();
   11.912489 |   2)   0.126 us    |                                      preempt_count_add();
   11.912489 |   2)   0.127 us    |                                      preempt_count_sub();
   11.912489 |   2)   0.126 us    |                                      preempt_count_add();
   11.912489 |   2)   0.126 us    |                                      preempt_count_sub();
   11.912490 |   2)   0.126 us    |                                      preempt_count_add();
   11.912490 |   2)   0.127 us    |                                      preempt_count_sub();
   11.912490 |   2)   0.126 us    |                                      preempt_count_add();
   11.912490 |   2)   0.127 us    |                                      preempt_count_sub();
   11.912491 |   2)   0.125 us    |                                      preempt_count_add();
   11.912491 |   2)   0.126 us    |                                      preempt_count_sub();
   11.912491 |   2)   0.125 us    |                                      preempt_count_add();
   11.912492 |   2)   0.126 us    |                                      preempt_count_sub();
   11.912492 |   2)   0.126 us    |                                      preempt_count_add();
   11.912492 |   2)   0.126 us    |                                      preempt_count_sub();
   11.912492 |   2)   0.126 us    |                                      preempt_count_add();
   11.912493 |   2)   0.126 us    |                                      preempt_count_sub();
   11.912493 |   2)   0.125 us    |                                      preempt_count_add();
   11.912493 |   2)   0.126 us    |                                      preempt_count_sub();
   11.912494 |   2)   0.127 us    |                                      preempt_count_add();
   11.912494 |   2)   0.125 us    |                                      preempt_count_sub();
   11.912494 |   2)   0.126 us    |                                      preempt_count_add();
   11.912494 |   2)   0.128 us    |                                      preempt_count_sub();
   11.912495 |   2)   0.125 us    |                                      preempt_count_add();
   11.912495 |   2)   0.126 us    |                                      preempt_count_sub();
   11.912495 |   2)   0.126 us    |                                      preempt_count_add();
   11.912496 |   2)   0.124 us    |                                      preempt_count_sub();
   11.912496 |   2)   0.128 us    |                                      preempt_count_add();
   11.912496 |   2)   0.127 us    |                                      preempt_count_sub();
   11.912496 |   2)   0.127 us    |                                      preempt_count_add();
   11.912497 |   2)   0.127 us    |                                      preempt_count_sub();
   11.912497 |   2)   0.125 us    |                                      preempt_count_add();
   11.912497 |   2)   0.125 us    |                                      preempt_count_sub();
   11.912497 |   2)   0.126 us    |                                      preempt_count_add();
   11.912498 |   2)   0.126 us    |                                      preempt_count_sub();
   11.912498 |   2)   0.126 us    |                                      preempt_count_add();
   11.912498 |   2)   0.125 us    |                                      preempt_count_sub();
   11.912499 |   2)   0.126 us    |                                      preempt_count_add();
   11.912499 |   2)   0.125 us    |                                      preempt_count_sub();
   11.912499 |   2)   0.125 us    |                                      preempt_count_add();
   11.912499 |   2)   0.126 us    |                                      preempt_count_sub();
   11.912500 |   2)   0.126 us    |                                      preempt_count_add();
   11.912500 |   2)   0.125 us    |                                      preempt_count_sub();
   11.912500 |   2)   0.127 us    |                                      preempt_count_add();
   11.912501 |   2)   0.125 us    |                                      preempt_count_sub();
   11.912501 |   2)   0.127 us    |                                      preempt_count_add();
   11.912501 |   2)   0.127 us    |                                      preempt_count_sub();
   11.912501 |   2)   0.125 us    |                                      preempt_count_add();
   11.912502 |   2)   0.126 us    |                                      preempt_count_sub();
   11.912502 |   2)   0.126 us    |                                      preempt_count_add();
   11.912502 |   2)   0.126 us    |                                      preempt_count_sub();
   11.912502 |   2)   0.126 us    |                                      preempt_count_add();
   11.912503 |   2)   0.127 us    |                                      preempt_count_sub();
   11.912503 |   2)   0.126 us    |                                      preempt_count_add();
   11.912503 |   2)   0.127 us    |                                      preempt_count_sub();
   11.912504 |   2)   0.126 us    |                                      preempt_count_add();
   11.912504 |   2)   0.126 us    |                                      preempt_count_sub();
   11.912504 |   2)   0.127 us    |                                      preempt_count_add();
   11.912504 |   2)   0.126 us    |                                      preempt_count_sub();
   11.912505 |   2)   0.126 us    |                                      preempt_count_add();
   11.912505 |   2)   0.127 us    |                                      preempt_count_sub();
   11.912505 |   2)   0.127 us    |                                      preempt_count_add();
   11.912505 |   2)   0.127 us    |                                      preempt_count_sub();
   11.912506 |   2)   0.127 us    |                                      preempt_count_add();
   11.912506 |   2)   0.128 us    |                                      preempt_count_sub();
   11.912506 |   2)   0.126 us    |                                      preempt_count_add();
   11.912507 |   2)   0.127 us    |                                      preempt_count_sub();
   11.912507 |   2)   0.126 us    |                                      preempt_count_add();
   11.912507 |   2)   0.127 us    |                                      preempt_count_sub();
   11.912507 |   2)   0.126 us    |                                      preempt_count_add();
   11.912508 |   2)   0.136 us    |                                      preempt_count_sub();
   11.912508 |   2)   0.127 us    |                                      preempt_count_add();
   11.912508 |   2)   0.128 us    |                                      preempt_count_sub();
   11.912509 |   2)   0.126 us    |                                      preempt_count_add();
   11.912509 |   2)   0.134 us    |                                      preempt_count_sub();
   11.912509 |   2)   0.126 us    |                                      preempt_count_add();
   11.912509 |   2)   0.125 us    |                                      preempt_count_sub();
   11.912510 |   2)   0.126 us    |                                      preempt_count_add();
   11.912510 |   2)   0.126 us    |                                      preempt_count_sub();
   11.912510 |   2)   0.125 us    |                                      preempt_count_add();
   11.912510 |   2)   0.126 us    |                                      preempt_count_sub();
   11.912511 |   2)   0.126 us    |                                      preempt_count_add();
   11.912511 |   2)   0.126 us    |                                      preempt_count_sub();
   11.912511 |   2)   0.126 us    |                                      preempt_count_add();
   11.912512 |   2)   0.127 us    |                                      preempt_count_sub();
   11.912512 |   2)   0.125 us    |                                      preempt_count_add();
   11.912512 |   2)   0.126 us    |                                      preempt_count_sub();
   11.912512 |   2)   0.126 us    |                                      preempt_count_add();
   11.912513 |   2)   0.129 us    |                                      preempt_count_sub();
   11.912513 |   2)   0.127 us    |                                      preempt_count_add();
   11.912513 |   2)   0.127 us    |                                      preempt_count_sub();
   11.912513 |   2)   0.126 us    |                                      preempt_count_add();
   11.912514 |   2)   0.125 us    |                                      preempt_count_sub();
   11.912514 |   2)   0.126 us    |                                      preempt_count_add();
   11.912514 |   2)   0.126 us    |                                      preempt_count_sub();
   11.912515 |   2)   0.127 us    |                                      preempt_count_add();
   11.912515 |   2)   0.130 us    |                                      preempt_count_sub();
   11.912515 |   2)   0.125 us    |                                      preempt_count_add();
   11.912515 |   2)   0.126 us    |                                      preempt_count_sub();
   11.912516 |   2)   0.125 us    |                                      preempt_count_add();
   11.912516 |   2)   0.127 us    |                                      preempt_count_sub();
   11.912516 |   2)   0.125 us    |                                      preempt_count_add();
   11.912516 |   2)   0.127 us    |                                      preempt_count_sub();
   11.912517 |   2)   0.125 us    |                                      preempt_count_add();
   11.912517 |   2)   0.128 us    |                                      preempt_count_sub();
   11.912517 |   2)   0.126 us    |                                      preempt_count_add();
   11.912518 |   2)   0.126 us    |                                      preempt_count_sub();
   11.912518 |   2)   0.126 us    |                                      preempt_count_add();
   11.912518 |   2)   0.128 us    |                                      preempt_count_sub();
   11.912518 |   2)   0.125 us    |                                      preempt_count_add();
   11.912519 |   2)   0.127 us    |                                      preempt_count_sub();
   11.912519 |   2)   0.127 us    |                                      preempt_count_add();
   11.912519 |   2)   0.125 us    |                                      preempt_count_sub();
   11.912520 |   2)   0.126 us    |                                      preempt_count_add();
   11.912520 |   2)   0.128 us    |                                      preempt_count_sub();
   11.912520 |   2)   0.126 us    |                                      preempt_count_add();
   11.912520 |   2)   0.125 us    |                                      preempt_count_sub();
   11.912521 |   2)   0.129 us    |                                      preempt_count_add();
   11.912521 |   2)   0.127 us    |                                      preempt_count_sub();
   11.912521 |   2)   0.125 us    |                                      preempt_count_add();
   11.912521 |   2)   0.127 us    |                                      preempt_count_sub();
   11.912522 |   2)   0.126 us    |                                      preempt_count_add();
   11.912522 |   2)   0.127 us    |                                      preempt_count_sub();
   11.912522 |   2)   0.127 us    |                                      preempt_count_add();
   11.912523 |   2)   0.126 us    |                                      preempt_count_sub();
   11.912523 |   2)   0.125 us    |                                      preempt_count_add();
   11.912523 |   2)   0.130 us    |                                      preempt_count_sub();
   11.912523 |   2)   0.135 us    |                                      preempt_count_add();
   11.912524 |   2)   0.126 us    |                                      preempt_count_sub();
   11.912524 |   2)   0.126 us    |                                      preempt_count_add();
   11.912524 |   2)   0.126 us    |                                      preempt_count_sub();
   11.912525 |   2)   0.123 us    |                                      preempt_count_add();
   11.912525 |   2)   0.126 us    |                                      preempt_count_sub();
   11.912525 |   2)   0.126 us    |                                      preempt_count_add();
   11.912525 |   2)   0.126 us    |                                      preempt_count_sub();
   11.912526 |   2)   0.125 us    |                                      preempt_count_add();
   11.912526 |   2)   0.126 us    |                                      preempt_count_sub();
   11.912526 |   2)   0.125 us    |                                      preempt_count_add();
   11.912527 |   2)   0.127 us    |                                      preempt_count_sub();
   11.912527 |   2)   0.126 us    |                                      preempt_count_add();
   11.912527 |   2)   0.130 us    |                                      preempt_count_sub();
   11.912527 |   2)   0.127 us    |                                      preempt_count_add();
   11.912528 |   2)   0.125 us    |                                      preempt_count_sub();
   11.912528 |   2)   0.127 us    |                                      preempt_count_add();
   11.912528 |   2)   0.126 us    |                                      preempt_count_sub();
   11.912528 |   2)   0.125 us    |                                      preempt_count_add();
   11.912529 |   2)   0.127 us    |                                      preempt_count_sub();
   11.912529 |   2)   0.125 us    |                                      preempt_count_add();
   11.912529 |   2)   0.126 us    |                                      preempt_count_sub();
   11.912529 |   2)   0.125 us    |                                      preempt_count_add();
   11.912530 |   2)   0.126 us    |                                      preempt_count_sub();
   11.912530 |   2)   0.126 us    |                                      preempt_count_add();
   11.912530 |   2)   0.127 us    |                                      preempt_count_sub();
   11.912531 |   2)   0.124 us    |                                      preempt_count_add();
   11.912531 |   2)   0.126 us    |                                      preempt_count_sub();
   11.912531 |   2)   0.126 us    |                                      preempt_count_add();
   11.912531 |   2)   0.127 us    |                                      preempt_count_sub();
   11.912532 |   2)   0.124 us    |                                      preempt_count_add();
   11.912532 |   2)   0.126 us    |                                      preempt_count_sub();
   11.912532 |   2)   0.127 us    |                                      preempt_count_add();
   11.912532 |   2)   0.127 us    |                                      preempt_count_sub();
   11.912533 |   2)   0.126 us    |                                      preempt_count_add();
   11.912533 |   2)   0.127 us    |                                      preempt_count_sub();
   11.912533 |   2) + 46.714 us   |                                    }
   11.912533 |   2) + 52.594 us   |                                  }
   11.912534 |   2) + 43.715 us   |                                  LZ4_decompress_safe_partial();
   11.912578 |   2)               |                                  vm_unmap_ram() {
   11.912578 |   2)               |                                    find_unlink_vmap_area() {
   11.912578 |   2)               |                                      _raw_spin_lock() {
   11.912578 |   2)   0.125 us    |                                        preempt_count_add();
   11.912578 |   2)   0.417 us    |                                      }
   11.912579 |   2)               |                                      _raw_spin_unlock() {
   11.912579 |   2)   0.138 us    |                                        preempt_count_sub();
   11.912579 |   2)   0.418 us    |                                      }
   11.912579 |   2)   1.392 us    |                                    }
   11.912579 |   2)               |                                    __vunmap_range_noflush() {
   11.912579 |   2)   0.123 us    |                                      p4d_clear_huge();
   11.912580 |   2)   0.128 us    |                                      pud_clear_huge();
   11.912580 |   2)   0.138 us    |                                      pmd_clear_huge();
   11.912581 |   2)   0.126 us    |                                      pmd_clear_huge();
   11.912581 |   2)   1.898 us    |                                    }
   11.912581 |   2)               |                                    free_vmap_area_noflush() {
   11.912582 |   2)               |                                      _raw_spin_lock() {
   11.912582 |   2)   0.128 us    |                                        preempt_count_add();
   11.912582 |   2)   0.393 us    |                                      }
   11.912582 |   2)   0.491 us    |                                      insert_vmap_area();
   11.912583 |   2)               |                                      _raw_spin_unlock() {
   11.912583 |   2)   0.139 us    |                                        preempt_count_sub();
   11.912583 |   2)   0.408 us    |                                      }
   11.912583 |   2)   1.963 us    |                                    }
   11.912583 |   2)   5.925 us    |                                  }
   11.912584 |   2) ! 165.899 us  |                                }
   11.912584 |   2)               |                                erofs_onlinefolio_end() {
   11.912584 |   2)   0.129 us    |                                  folio_end_read();
   11.912584 |   2)   0.427 us    |                                }
   11.912585 |   2)               |                                erofs_onlinefolio_end() {
   11.912585 |   2)   0.127 us    |                                  folio_end_read();
   11.912585 |   2)   0.383 us    |                                }
   11.912585 |   2)               |                                erofs_onlinefolio_end() {
   11.912585 |   2)   0.131 us    |                                  folio_end_read();
   11.912585 |   2)   0.384 us    |                                }
   11.912586 |   2)               |                                erofs_onlinefolio_end() {
   11.912586 |   2)   0.128 us    |                                  folio_end_read();
   11.912586 |   2)   0.382 us    |                                }
   11.912586 |   2)               |                                erofs_onlinefolio_end() {
   11.912586 |   2)   0.130 us    |                                  folio_end_read();
   11.912586 |   2)   0.384 us    |                                }
   11.912587 |   2)               |                                erofs_onlinefolio_end() {
   11.912587 |   2)   0.130 us    |                                  folio_end_read();
   11.912587 |   2)   0.382 us    |                                }
   11.912587 |   2)               |                                erofs_onlinefolio_end() {
   11.912587 |   2)   0.129 us    |                                  folio_end_read();
   11.912588 |   2)   0.383 us    |                                }
   11.912588 |   2)               |                                erofs_onlinefolio_end() {
   11.912588 |   2)   0.129 us    |                                  folio_end_read();
   11.912588 |   2)   0.385 us    |                                }
   11.912588 |   2)               |                                erofs_onlinefolio_end() {
   11.912588 |   2)   0.129 us    |                                  folio_end_read();
   11.912589 |   2)   0.383 us    |                                }
   11.912589 |   2)               |                                erofs_onlinefolio_end() {
   11.912589 |   2)   0.129 us    |                                  folio_end_read();
   11.912589 |   2)   0.383 us    |                                }
   11.912589 |   2)               |                                erofs_onlinefolio_end() {
   11.912589 |   2)   0.130 us    |                                  folio_end_read();
   11.912590 |   2)   0.384 us    |                                }
   11.912590 |   2)               |                                erofs_onlinefolio_end() {
   11.912590 |   2)   0.130 us    |                                  folio_end_read();
   11.912590 |   2)   0.382 us    |                                }
   11.912590 |   2)               |                                erofs_onlinefolio_end() {
   11.912590 |   2)   0.130 us    |                                  folio_end_read();
   11.912591 |   2)   0.382 us    |                                }
   11.912591 |   2)               |                                erofs_onlinefolio_end() {
   11.912591 |   2)   0.130 us    |                                  folio_end_read();
   11.912591 |   2)   0.382 us    |                                }
   11.912591 |   2)               |                                erofs_onlinefolio_end() {
   11.912591 |   2)   0.130 us    |                                  folio_end_read();
   11.912592 |   2)   0.384 us    |                                }
   11.912592 |   2)               |                                erofs_onlinefolio_end() {
   11.912592 |   2)   0.130 us    |                                  folio_end_read();
   11.912592 |   2)   0.383 us    |                                }
   11.912592 |   2)               |                                erofs_onlinefolio_end() {
   11.912592 |   2)   0.131 us    |                                  folio_end_read();
   11.912593 |   2)   0.384 us    |                                }
   11.912593 |   2)               |                                erofs_onlinefolio_end() {
   11.912593 |   2)   0.129 us    |                                  folio_end_read();
   11.912593 |   2)   0.382 us    |                                }
   11.912593 |   2)               |                                erofs_onlinefolio_end() {
   11.912594 |   2)   0.130 us    |                                  folio_end_read();
   11.912594 |   2)   0.384 us    |                                }
   11.912594 |   2)               |                                erofs_onlinefolio_end() {
   11.912594 |   2)   0.129 us    |                                  folio_end_read();
   11.912594 |   2)   0.383 us    |                                }
   11.912595 |   2)               |                                erofs_onlinefolio_end() {
   11.912595 |   2)   0.130 us    |                                  folio_end_read();
   11.912595 |   2)   0.383 us    |                                }
   11.912595 |   2)               |                                erofs_onlinefolio_end() {
   11.912595 |   2)   0.186 us    |                                  folio_end_read();
   11.912596 |   2)   0.452 us    |                                }
   11.912596 |   2)               |                                erofs_onlinefolio_end() {
   11.912596 |   2)   0.131 us    |                                  folio_end_read();
   11.912596 |   2)   0.388 us    |                                }
   11.912596 |   2)               |                                erofs_onlinefolio_end() {
   11.912596 |   2)   0.197 us    |                                  folio_end_read();
   11.912597 |   2)   0.452 us    |                                }
   11.912597 |   2)               |                                erofs_onlinefolio_end() {
   11.912597 |   2)   0.128 us    |                                  folio_end_read();
   11.912597 |   2)   0.392 us    |                                }
   11.912597 |   2)               |                                erofs_onlinefolio_end() {
   11.912597 |   2)   0.195 us    |                                  folio_end_read();
   11.912598 |   2)   0.454 us    |                                }
   11.912598 |   2)               |                                erofs_onlinefolio_end() {
   11.912598 |   2)   0.131 us    |                                  folio_end_read();
   11.912598 |   2)   0.385 us    |                                }
   11.912598 |   2)               |                                erofs_onlinefolio_end() {
   11.912599 |   2)   0.212 us    |                                  folio_end_read();
   11.912599 |   2)   0.475 us    |                                }
   11.912599 |   2)               |                                erofs_onlinefolio_end() {
   11.912599 |   2)   0.132 us    |                                  folio_end_read();
   11.912599 |   2)   0.385 us    |                                }
   11.912600 |   2)               |                                erofs_onlinefolio_end() {
   11.912600 |   2)   0.209 us    |                                  folio_end_read();
   11.912600 |   2)   0.466 us    |                                }
   11.912600 |   2)               |                                erofs_onlinefolio_end() {
   11.912600 |   2)   0.133 us    |                                  folio_end_read();
   11.912601 |   2)   0.392 us    |                                }
   11.912601 |   2)               |                                erofs_onlinefolio_end() {
   11.912601 |   2)   0.203 us    |                                  folio_end_read();
   11.912601 |   2)   0.461 us    |                                }
   11.912601 |   2)               |                                erofs_onlinefolio_end() {
   11.912601 |   2)   0.131 us    |                                  folio_end_read();
   11.912602 |   2)   0.389 us    |                                }
   11.912602 |   2)               |                                erofs_onlinefolio_end() {
   11.912602 |   2)   0.130 us    |                                  folio_end_read();
   11.912602 |   2)   0.383 us    |                                }
   11.912602 |   2)               |                                erofs_onlinefolio_end() {
   11.912602 |   2)   0.134 us    |                                  folio_end_read();
   11.912603 |   2)   0.386 us    |                                }
   11.912603 |   2)               |                                erofs_onlinefolio_end() {
   11.912603 |   2)   0.132 us    |                                  folio_end_read();
   11.912603 |   2)   0.388 us    |                                }
   11.912603 |   2)               |                                erofs_onlinefolio_end() {
   11.912604 |   2)   0.131 us    |                                  folio_end_read();
   11.912604 |   2)   0.385 us    |                                }
   11.912604 |   2)               |                                erofs_onlinefolio_end() {
   11.912604 |   2)   0.132 us    |                                  folio_end_read();
   11.912604 |   2)   0.388 us    |                                }
   11.912604 |   2)               |                                erofs_onlinefolio_end() {
   11.912605 |   2)   0.130 us    |                                  folio_end_read();
   11.912605 |   2)   0.385 us    |                                }
   11.912605 |   2)               |                                erofs_onlinefolio_end() {
   11.912605 |   2)   0.130 us    |                                  folio_end_read();
   11.912605 |   2)   0.386 us    |                                }
   11.912606 |   2)               |                                erofs_onlinefolio_end() {
   11.912606 |   2)   0.131 us    |                                  folio_end_read();
   11.912606 |   2)   0.390 us    |                                }
   11.912606 |   2)               |                                erofs_onlinefolio_end() {
   11.912606 |   2)   0.130 us    |                                  folio_end_read();
   11.912606 |   2)   0.387 us    |                                }
   11.912607 |   2)               |                                erofs_onlinefolio_end() {
   11.912607 |   2)   0.129 us    |                                  folio_end_read();
   11.912607 |   2)   0.383 us    |                                }
   11.912607 |   2)               |                                erofs_onlinefolio_end() {
   11.912607 |   2)   0.129 us    |                                  folio_end_read();
   11.912607 |   2)   0.384 us    |                                }
   11.912608 |   2)               |                                erofs_onlinefolio_end() {
   11.912608 |   2)   0.130 us    |                                  folio_end_read();
   11.912608 |   2)   0.382 us    |                                }
   11.912608 |   2)               |                                erofs_onlinefolio_end() {
   11.912608 |   2)   0.200 us    |                                  folio_end_read();
   11.912609 |   2)   0.455 us    |                                }
   11.912609 |   2)               |                                erofs_onlinefolio_end() {
   11.912609 |   2)   0.209 us    |                                  folio_end_read();
   11.912609 |   2)   0.463 us    |                                }
   11.912609 |   2)               |                                erofs_onlinefolio_end() {
   11.912610 |   2)   0.129 us    |                                  folio_end_read();
   11.912610 |   2)   0.450 us    |                                }
   11.912610 |   2)               |                                erofs_onlinefolio_end() {
   11.912610 |   2)   0.195 us    |                                  folio_end_read();
   11.912610 |   2)   0.462 us    |                                }
   11.912611 |   2)               |                                erofs_onlinefolio_end() {
   11.912611 |   2)   0.130 us    |                                  folio_end_read();
   11.912611 |   2)   0.460 us    |                                }
   11.912611 |   2)               |                                erofs_onlinefolio_end() {
   11.912611 |   2)   0.191 us    |                                  folio_end_read();
   11.912612 |   2)   0.455 us    |                                }
   11.912612 |   2)               |                                erofs_onlinefolio_end() {
   11.912612 |   2)   0.131 us    |                                  folio_end_read();
   11.912612 |   2)   0.457 us    |                                }
   11.912612 |   2)               |                                erofs_onlinefolio_end() {
   11.912612 |   2)   0.207 us    |                                  folio_end_read();
   11.912613 |   2)   0.476 us    |                                }
   11.912613 |   2)               |                                erofs_onlinefolio_end() {
   11.912613 |   2)   0.130 us    |                                  folio_end_read();
   11.912613 |   2)   0.452 us    |                                }
   11.912614 |   2)               |                                erofs_onlinefolio_end() {
   11.912614 |   2)   0.130 us    |                                  folio_end_read();
   11.912614 |   2)   0.387 us    |                                }
   11.912614 |   2)               |                                erofs_onlinefolio_end() {
   11.912614 |   2)   0.132 us    |                                  folio_end_read();
   11.912614 |   2)   0.385 us    |                                }
   11.912615 |   2)               |                                erofs_onlinefolio_end() {
   11.912615 |   2)   0.130 us    |                                  folio_end_read();
   11.912615 |   2)   0.382 us    |                                }
   11.912615 |   2)               |                                erofs_onlinefolio_end() {
   11.912615 |   2)   0.130 us    |                                  folio_end_read();
   11.912616 |   2)   0.385 us    |                                }
   11.912616 |   2)               |                                erofs_onlinefolio_end() {
   11.912616 |   2)   0.130 us    |                                  folio_end_read();
   11.912616 |   2)   0.384 us    |                                }
   11.912616 |   2)               |                                erofs_onlinefolio_end() {
   11.912616 |   2)   0.130 us    |                                  folio_end_read();
   11.912617 |   2)   0.383 us    |                                }
   11.912617 |   2)               |                                erofs_onlinefolio_end() {
   11.912617 |   2)   0.129 us    |                                  folio_end_read();
   11.912617 |   2)   0.383 us    |                                }
   11.912617 |   2)               |                                erofs_onlinefolio_end() {
   11.912617 |   2)   0.131 us    |                                  folio_end_read();
   11.912618 |   2)   0.383 us    |                                }
   11.912618 |   2)               |                                erofs_onlinefolio_end() {
   11.912618 |   2)   0.129 us    |                                  folio_end_read();
   11.912618 |   2)   0.380 us    |                                }
   11.912618 |   2)               |                                erofs_onlinefolio_end() {
   11.912618 |   2)   0.130 us    |                                  folio_end_read();
   11.912619 |   2)   0.383 us    |                                }
   11.912619 |   2)               |                                kvfree() {
   11.912619 |   2)   0.124 us    |                                  is_vmalloc_addr();
   11.912619 |   2)               |                                  kfree() {
   11.912619 |   2)   0.127 us    |                                    preempt_count_add();
   11.912620 |   2)   0.131 us    |                                    preempt_count_sub();
   11.912620 |   2)   0.725 us    |                                  }
   11.912620 |   2)   1.256 us    |                                }
   11.912620 |   2)               |                                z_erofs_put_pcluster() {
   11.912620 |   2)               |                                  _raw_spin_lock() {
   11.912621 |   2)   0.126 us    |                                    preempt_count_add();
   11.912621 |   2)   0.391 us    |                                  }
   11.912621 |   2)               |                                  _raw_spin_unlock() {
   11.912621 |   2)   0.128 us    |                                    preempt_count_sub();
   11.912621 |   2)   0.391 us    |                                  }
   11.912622 |   2)   1.182 us    |                                }
   11.912622 |   2) ! 227.996 us  |                              }
   11.912622 |   2) ! 232.645 us  |                            }
   11.912622 |   2)   0.136 us    |                            erofs_put_metabuf();
   11.912622 |   2)               |                            erofs_release_pages() {
   11.912622 |   2)               |                              __folio_put() {
   11.912623 |   2)               |                                free_frozen_pages() {
   11.912623 |   2)               |                                  __free_frozen_pages() {
   11.912623 |   2)   0.133 us    |                                    preempt_count_add();
   11.912623 |   2)               |                                    _raw_spin_trylock() {
   11.912623 |   2)   0.154 us    |                                      preempt_count_add();
   11.912624 |   2)   0.477 us    |                                    }
   11.912624 |   2)   0.155 us    |                                    free_frozen_page_commit();
   11.912624 |   2)               |                                    _raw_spin_unlock() {
   11.912624 |   2)   0.149 us    |                                      preempt_count_sub();
   11.912624 |   2)   0.415 us    |                                    }
   11.912625 |   2)   0.126 us    |                                    preempt_count_sub();
   11.912625 |   2)   2.251 us    |                                  }
   11.912625 |   2)   2.506 us    |                                }
   11.912625 |   2)   2.761 us    |                              }
   11.912625 |   2)               |                              __folio_put() {
   11.912625 |   2)               |                                free_frozen_pages() {
   11.912626 |   2)               |                                  __free_frozen_pages() {
   11.912626 |   2)   0.136 us    |                                    preempt_count_add();
   11.912626 |   2)               |                                    _raw_spin_trylock() {
   11.912626 |   2)   0.123 us    |                                      preempt_count_add();
   11.912626 |   2)   0.460 us    |                                    }
   11.912627 |   2)   0.128 us    |                                    free_frozen_page_commit();
   11.912627 |   2)               |                                    _raw_spin_unlock() {
   11.912627 |   2)   0.132 us    |                                      preempt_count_sub();
   11.912627 |   2)   0.394 us    |                                    }
   11.912627 |   2)   0.126 us    |                                    preempt_count_sub();
   11.912628 |   2)   2.147 us    |                                  }
   11.912628 |   2)   2.402 us    |                                }
   11.912628 |   2)   2.652 us    |                              }
   11.912628 |   2)               |                              __folio_put() {
   11.912628 |   2)               |                                free_frozen_pages() {
   11.912628 |   2)               |                                  __free_frozen_pages() {
   11.912628 |   2)   0.126 us    |                                    preempt_count_add();
   11.912629 |   2)               |                                    _raw_spin_trylock() {
   11.912629 |   2)   0.124 us    |                                      preempt_count_add();
   11.912629 |   2)   0.390 us    |                                    }
   11.912629 |   2)   0.130 us    |                                    free_frozen_page_commit();
   11.912630 |   2)               |                                    _raw_spin_unlock() {
   11.912630 |   2)   0.125 us    |                                      preempt_count_sub();
   11.912630 |   2)   0.388 us    |                                    }
   11.912630 |   2)   0.126 us    |                                    preempt_count_sub();
   11.912630 |   2)   2.035 us    |                                  }
   11.912631 |   2)   2.286 us    |                                }
   11.912631 |   2)   2.534 us    |                              }
   11.912631 |   2)               |                              __folio_put() {
   11.912631 |   2)               |                                free_frozen_pages() {
   11.912631 |   2)               |                                  __free_frozen_pages() {
   11.912631 |   2)   0.129 us    |                                    preempt_count_add();
   11.912631 |   2)               |                                    _raw_spin_trylock() {
   11.912632 |   2)   0.124 us    |                                      preempt_count_add();
   11.912632 |   2)   0.391 us    |                                    }
   11.912632 |   2)   0.130 us    |                                    free_frozen_page_commit();
   11.912632 |   2)               |                                    _raw_spin_unlock() {
   11.912632 |   2)   0.122 us    |                                      preempt_count_sub();
   11.912633 |   2)   0.385 us    |                                    }
   11.912633 |   2)   0.126 us    |                                    preempt_count_sub();
   11.912633 |   2)   2.008 us    |                                  }
   11.912633 |   2)   2.257 us    |                                }
   11.912633 |   2)   2.542 us    |                              }
   11.912634 |   2)               |                              __folio_put() {
   11.912634 |   2)               |                                free_frozen_pages() {
   11.912634 |   2)               |                                  __free_frozen_pages() {
   11.912634 |   2)   0.125 us    |                                    preempt_count_add();
   11.912634 |   2)               |                                    _raw_spin_trylock() {
   11.912634 |   2)   0.124 us    |                                      preempt_count_add();
   11.912635 |   2)   0.389 us    |                                    }
   11.912635 |   2)   0.130 us    |                                    free_frozen_page_commit();
   11.912635 |   2)               |                                    _raw_spin_unlock() {
   11.912635 |   2)   0.124 us    |                                      preempt_count_sub();
   11.912635 |   2)   0.387 us    |                                    }
   11.912636 |   2)   0.128 us    |                                    preempt_count_sub();
   11.912636 |   2)   2.028 us    |                                  }
   11.912636 |   2)   2.276 us    |                                }
   11.912636 |   2)   2.525 us    |                              }
   11.912636 |   2)               |                              __folio_put() {
   11.912636 |   2)               |                                free_frozen_pages() {
   11.912636 |   2)               |                                  __free_frozen_pages() {
   11.912637 |   2)   0.126 us    |                                    preempt_count_add();
   11.912637 |   2)               |                                    _raw_spin_trylock() {
   11.912637 |   2)   0.127 us    |                                      preempt_count_add();
   11.912637 |   2)   0.461 us    |                                    }
   11.912638 |   2)   0.141 us    |                                    free_frozen_page_commit();
   11.912638 |   2)               |                                    _raw_spin_unlock() {
   11.912638 |   2)   0.139 us    |                                      preempt_count_sub();
   11.912638 |   2)   0.403 us    |                                    }
   11.912638 |   2)   0.135 us    |                                    preempt_count_sub();
   11.912639 |   2)   2.240 us    |                                  }
   11.912639 |   2)   2.489 us    |                                }
   11.912639 |   2)   2.735 us    |                              }
   11.912639 |   2)               |                              __folio_put() {
   11.912639 |   2)               |                                free_frozen_pages() {
   11.912639 |   2)               |                                  __free_frozen_pages() {
   11.912640 |   2)   0.149 us    |                                    preempt_count_add();
   11.912640 |   2)               |                                    _raw_spin_trylock() {
   11.912640 |   2)   0.125 us    |                                      preempt_count_add();
   11.912640 |   2)   0.463 us    |                                    }
   11.912640 |   2)   0.132 us    |                                    free_frozen_page_commit();
   11.912641 |   2)               |                                    _raw_spin_unlock() {
   11.912641 |   2)   0.123 us    |                                      preempt_count_sub();
   11.912641 |   2)   0.386 us    |                                    }
   11.912641 |   2)   0.127 us    |                                    preempt_count_sub();
   11.912641 |   2)   2.115 us    |                                  }
   11.912642 |   2)   2.399 us    |                                }
   11.912642 |   2)   2.647 us    |                              }
   11.912642 |   2)               |                              __folio_put() {
   11.912642 |   2)               |                                free_frozen_pages() {
   11.912642 |   2)               |                                  __free_frozen_pages() {
   11.912642 |   2)   0.126 us    |                                    preempt_count_add();
   11.912643 |   2)               |                                    _raw_spin_trylock() {
   11.912643 |   2)   0.125 us    |                                      preempt_count_add();
   11.912643 |   2)   0.388 us    |                                    }
   11.912643 |   2)   0.140 us    |                                    free_frozen_page_commit();
   11.912643 |   2)               |                                    _raw_spin_unlock() {
   11.912643 |   2)   0.124 us    |                                      preempt_count_sub();
   11.912644 |   2)   0.385 us    |                                    }
   11.912644 |   2)   0.126 us    |                                    preempt_count_sub();
   11.912644 |   2)   2.035 us    |                                  }
   11.912644 |   2)   2.282 us    |                                }
   11.912644 |   2)   2.530 us    |                              }
   11.912645 |   2)               |                              __folio_put() {
   11.912645 |   2)               |                                free_frozen_pages() {
   11.912645 |   2)               |                                  __free_frozen_pages() {
   11.912645 |   2)   0.125 us    |                                    preempt_count_add();
   11.912645 |   2)               |                                    _raw_spin_trylock() {
   11.912645 |   2)   0.124 us    |                                      preempt_count_add();
   11.912646 |   2)   0.387 us    |                                    }
   11.912646 |   2)   0.130 us    |                                    free_frozen_page_commit();
   11.912646 |   2)               |                                    _raw_spin_unlock() {
   11.912646 |   2)   0.125 us    |                                      preempt_count_sub();
   11.912646 |   2)   0.387 us    |                                    }
   11.912647 |   2)   0.127 us    |                                    preempt_count_sub();
   11.912647 |   2)   2.028 us    |                                  }
   11.912647 |   2)   2.276 us    |                                }
   11.912647 |   2)   2.528 us    |                              }
   11.912647 |   2)               |                              __folio_put() {
   11.912647 |   2)               |                                free_frozen_pages() {
   11.912648 |   2)               |                                  __free_frozen_pages() {
   11.912648 |   2)   0.125 us    |                                    preempt_count_add();
   11.912648 |   2)               |                                    _raw_spin_trylock() {
   11.912648 |   2)   0.124 us    |                                      preempt_count_add();
   11.912648 |   2)   0.388 us    |                                    }
   11.912648 |   2)   0.128 us    |                                    free_frozen_page_commit();
   11.912649 |   2)               |                                    _raw_spin_unlock() {
   11.912649 |   2)   0.122 us    |                                      preempt_count_sub();
   11.912649 |   2)   0.383 us    |                                    }
   11.912649 |   2)   0.125 us    |                                    preempt_count_sub();
   11.912650 |   2)   1.994 us    |                                  }
   11.912650 |   2)   2.242 us    |                                }
   11.912650 |   2)   2.490 us    |                              }
   11.912650 |   2)               |                              __folio_put() {
   11.912650 |   2)               |                                free_frozen_pages() {
   11.912650 |   2)               |                                  __free_frozen_pages() {
   11.912650 |   2)   0.127 us    |                                    preempt_count_add();
   11.912651 |   2)               |                                    _raw_spin_trylock() {
   11.912651 |   2)   0.199 us    |                                      preempt_count_add();
   11.912651 |   2)   0.517 us    |                                    }
   11.912651 |   2)   0.135 us    |                                    free_frozen_page_commit();
   11.912652 |   2)               |                                    _raw_spin_unlock() {
   11.912652 |   2)   0.125 us    |                                      preempt_count_sub();
   11.912652 |   2)   0.389 us    |                                    }
   11.912652 |   2)   0.134 us    |                                    preempt_count_sub();
   11.912652 |   2)   2.167 us    |                                  }
   11.912652 |   2)   2.414 us    |                                }
   11.912653 |   2)   2.663 us    |                              }
   11.912653 |   2)               |                              __folio_put() {
   11.912653 |   2)               |                                free_frozen_pages() {
   11.912653 |   2)               |                                  __free_frozen_pages() {
   11.912653 |   2)   0.136 us    |                                    preempt_count_add();
   11.912653 |   2)               |                                    _raw_spin_trylock() {
   11.912654 |   2)   0.137 us    |                                      preempt_count_add();
   11.912654 |   2)   0.401 us    |                                    }
   11.912654 |   2)   0.130 us    |                                    free_frozen_page_commit();
   11.912654 |   2)               |                                    _raw_spin_unlock() {
   11.912654 |   2)   0.123 us    |                                      preempt_count_sub();
   11.912655 |   2)   0.385 us    |                                    }
   11.912655 |   2)   0.128 us    |                                    preempt_count_sub();
   11.912655 |   2)   2.046 us    |                                  }
   11.912655 |   2)   2.313 us    |                                }
   11.912655 |   2)   2.561 us    |                              }
   11.912656 |   2)               |                              __folio_put() {
   11.912656 |   2)               |                                free_frozen_pages() {
   11.912656 |   2)               |                                  __free_frozen_pages() {
   11.912656 |   2)   0.127 us    |                                    preempt_count_add();
   11.912656 |   2)               |                                    _raw_spin_trylock() {
   11.912656 |   2)   0.125 us    |                                      preempt_count_add();
   11.912657 |   2)   0.391 us    |                                    }
   11.912657 |   2)   0.130 us    |                                    free_frozen_page_commit();
   11.912657 |   2)               |                                    _raw_spin_unlock() {
   11.912657 |   2)   0.125 us    |                                      preempt_count_sub();
   11.912657 |   2)   0.387 us    |                                    }
   11.912658 |   2)   0.126 us    |                                    preempt_count_sub();
   11.912658 |   2)   2.024 us    |                                  }
   11.912658 |   2)   2.272 us    |                                }
   11.912658 |   2)   2.521 us    |                              }
   11.912658 |   2)               |                              __folio_put() {
   11.912658 |   2)               |                                free_frozen_pages() {
   11.912658 |   2)               |                                  __free_frozen_pages() {
   11.912659 |   2)   0.127 us    |                                    preempt_count_add();
   11.912659 |   2)               |                                    _raw_spin_trylock() {
   11.912659 |   2)   0.124 us    |                                      preempt_count_add();
   11.912659 |   2)   0.388 us    |                                    }
   11.912659 |   2)   0.126 us    |                                    free_frozen_page_commit();
   11.912660 |   2)               |                                    _raw_spin_unlock() {
   11.912660 |   2)   0.125 us    |                                      preempt_count_sub();
   11.912660 |   2)   0.387 us    |                                    }
   11.912660 |   2)   0.128 us    |                                    preempt_count_sub();
   11.912661 |   2)   2.028 us    |                                  }
   11.912661 |   2)   2.276 us    |                                }
   11.912661 |   2)   2.527 us    |                              }
   11.912661 |   2)               |                              __folio_put() {
   11.912661 |   2)               |                                free_frozen_pages() {
   11.912661 |   2)               |                                  __free_frozen_pages() {
   11.912661 |   2)   0.126 us    |                                    preempt_count_add();
   11.912662 |   2)               |                                    _raw_spin_trylock() {
   11.912662 |   2)   0.124 us    |                                      preempt_count_add();
   11.912662 |   2)   0.388 us    |                                    }
   11.912662 |   2)   0.128 us    |                                    free_frozen_page_commit();
   11.912662 |   2)               |                                    _raw_spin_unlock() {
   11.912663 |   2)   0.124 us    |                                      preempt_count_sub();
   11.912663 |   2)   0.387 us    |                                    }
   11.912663 |   2)   0.126 us    |                                    preempt_count_sub();
   11.912663 |   2)   2.026 us    |                                  }
   11.912663 |   2)   2.274 us    |                                }
   11.912663 |   2)   2.525 us    |                              }
   11.912664 |   2)               |                              __folio_put() {
   11.912664 |   2)               |                                free_frozen_pages() {
   11.912664 |   2)               |                                  __free_frozen_pages() {
   11.912664 |   2)   0.126 us    |                                    preempt_count_add();
   11.912664 |   2)               |                                    _raw_spin_trylock() {
   11.912664 |   2)   0.125 us    |                                      preempt_count_add();
   11.912665 |   2)   0.394 us    |                                    }
   11.912665 |   2)   0.135 us    |                                    free_frozen_page_commit();
   11.912665 |   2)               |                                    _raw_spin_unlock() {
   11.912665 |   2)   0.123 us    |                                      preempt_count_sub();
   11.912666 |   2)   0.385 us    |                                    }
   11.912666 |   2)   0.127 us    |                                    preempt_count_sub();
   11.912666 |   2)   2.270 us    |                                  }
   11.912666 |   2)   2.519 us    |                                }
   11.912666 |   2)   2.772 us    |                              }
   11.912667 |   2)               |                              __folio_put() {
   11.912667 |   2)               |                                free_frozen_pages() {
   11.912667 |   2)               |                                  __free_frozen_pages() {
   11.912667 |   2)   0.126 us    |                                    preempt_count_add();
   11.912667 |   2)               |                                    _raw_spin_trylock() {
   11.912667 |   2)   0.126 us    |                                      preempt_count_add();
   11.912668 |   2)   0.456 us    |                                    }
   11.912668 |   2)   0.143 us    |                                    free_frozen_page_commit();
   11.912668 |   2)               |                                    _raw_spin_unlock() {
   11.912668 |   2)   0.143 us    |                                      preempt_count_sub();
   11.912669 |   2)   0.406 us    |                                    }
   11.912669 |   2)   0.126 us    |                                    preempt_count_sub();
   11.912669 |   2)   2.162 us    |                                  }
   11.912669 |   2)   2.409 us    |                                }
   11.912669 |   2)   2.657 us    |                              }
   11.912669 |   2)               |                              __folio_put() {
   11.912670 |   2)               |                                free_frozen_pages() {
   11.912670 |   2)               |                                  __free_frozen_pages() {
   11.912670 |   2)   0.140 us    |                                    preempt_count_add();
   11.912670 |   2)               |                                    _raw_spin_trylock() {
   11.912670 |   2)   0.124 us    |                                      preempt_count_add();
   11.912670 |   2)   0.389 us    |                                    }
   11.912671 |   2)   0.130 us    |                                    free_frozen_page_commit();
   11.912671 |   2)               |                                    _raw_spin_unlock() {
   11.912671 |   2)   0.125 us    |                                      preempt_count_sub();
   11.912671 |   2)   0.388 us    |                                    }
   11.912671 |   2)   0.126 us    |                                    preempt_count_sub();
   11.912672 |   2)   2.046 us    |                                  }
   11.912672 |   2)   2.304 us    |                                }
   11.912672 |   2)   2.554 us    |                              }
   11.912672 |   2)               |                              __folio_put() {
   11.912672 |   2)               |                                free_frozen_pages() {
   11.912672 |   2)               |                                  __free_frozen_pages() {
   11.912672 |   2)   0.126 us    |                                    preempt_count_add();
   11.912673 |   2)               |                                    _raw_spin_trylock() {
   11.912673 |   2)   0.126 us    |                                      preempt_count_add();
   11.912673 |   2)   0.386 us    |                                    }
   11.912673 |   2)   0.128 us    |                                    free_frozen_page_commit();
   11.912674 |   2)               |                                    _raw_spin_unlock() {
   11.912674 |   2)   0.125 us    |                                      preempt_count_sub();
   11.912674 |   2)   0.388 us    |                                    }
   11.912674 |   2)   0.127 us    |                                    preempt_count_sub();
   11.912674 |   2)   2.028 us    |                                  }
   11.912674 |   2)   2.278 us    |                                }
   11.912675 |   2)   2.526 us    |                              }
   11.912675 |   2)               |                              __folio_put() {
   11.912675 |   2)               |                                free_frozen_pages() {
   11.912675 |   2)               |                                  __free_frozen_pages() {
   11.912675 |   2)   0.128 us    |                                    preempt_count_add();
   11.912675 |   2)               |                                    _raw_spin_trylock() {
   11.912676 |   2)   0.125 us    |                                      preempt_count_add();
   11.912676 |   2)   0.389 us    |                                    }
   11.912676 |   2)   0.129 us    |                                    free_frozen_page_commit();
   11.912676 |   2)               |                                    _raw_spin_unlock() {
   11.912676 |   2)   0.123 us    |                                      preempt_count_sub();
   11.912677 |   2)   0.387 us    |                                    }
   11.912677 |   2)   0.126 us    |                                    preempt_count_sub();
   11.912677 |   2)   2.024 us    |                                  }
   11.912677 |   2)   2.270 us    |                                }
   11.912677 |   2)   2.519 us    |                              }
   11.912677 |   2) + 55.179 us   |                            }
   11.912678 |   2) ! 479.116 us  |                          }
   11.912678 |   2)               |                          blk_finish_plug() {
   11.912678 |   2)               |                            __blk_flush_plug() {
   11.912678 |   2)   0.138 us    |                              blk_mq_flush_plug_list();
   11.912678 |   2)   0.420 us    |                            }
   11.912678 |   2)   0.699 us    |                          }
   11.912679 |   2) ! 480.524 us  |                        }
   11.912679 |   2) # 1054.443 us |                      }
   11.912679 |   2) # 1055.048 us |                    }
   11.912679 |   2) # 1055.317 us |                  }
   11.912679 |   2) # 1055.943 us |                }
   11.912679 |   2) # 1056.242 us |              }
   11.912680 |   2) # 1057.092 us |            }
   11.912680 |   2)   0.132 us    |            folio_mark_accessed();
   11.912680 |   2) # 1058.006 us |          }
   11.912680 |   2) # 1058.284 us |        }
   11.912681 |   2) # 1058.993 us |      }
   11.912681 |   2) # 1059.570 us |    }
   11.912681 |   2) # 1059.893 us |  }
   11.912683 |   2)               |  __x64_sys_read() {
   11.912683 |   2)               |    ksys_read() {
   11.912683 |   2)   0.170 us    |      fdget_pos();
   11.912683 |   2)               |      vfs_read() {
   11.912683 |   2)   0.298 us    |        rw_verify_area();
   11.912684 |   2)               |        erofs_file_read_iter() {
   11.912684 |   2)               |          filemap_read() {
   11.912684 |   2)               |            filemap_get_pages() {
   11.912684 |   2)   0.408 us    |              filemap_get_read_batch();
   11.912685 |   2)   0.709 us    |            }
   11.912685 |   2)   0.134 us    |            folio_mark_accessed();
   11.912686 |   2)   1.558 us    |          }
   11.912686 |   2)   1.831 us    |        }
   11.912686 |   2)   2.593 us    |      }
   11.912686 |   2)   3.225 us    |    }
   11.912686 |   2)   3.569 us    |  }
   11.912688 |   2)               |  __x64_sys_read() {
   11.912688 |   2)               |    ksys_read() {
   11.912688 |   2)   0.154 us    |      fdget_pos();
   11.912688 |   2)               |      vfs_read() {
   11.912688 |   2)   0.260 us    |        rw_verify_area();
   11.912689 |   2)               |        erofs_file_read_iter() {
   11.912689 |   2)               |          filemap_read() {
   11.912689 |   2)               |            filemap_get_pages() {
   11.912689 |   2)   0.344 us    |              filemap_get_read_batch();
   11.912690 |   2)   0.617 us    |            }
   11.912690 |   2)   0.135 us    |            folio_mark_accessed();
   11.912690 |   2)   1.463 us    |          }
   11.912691 |   2)   1.735 us    |        }
   11.912691 |   2)   2.455 us    |      }
   11.912691 |   2)   3.042 us    |    }
   11.912691 |   2)   3.354 us    |  }
   11.912693 |   2)               |  __x64_sys_read() {
   11.912693 |   2)               |    ksys_read() {
   11.912693 |   2)   0.153 us    |      fdget_pos();
   11.912693 |   2)               |      vfs_read() {
   11.912693 |   2)   0.262 us    |        rw_verify_area();
   11.912694 |   2)               |        erofs_file_read_iter() {
   11.912694 |   2)               |          filemap_read() {
   11.912694 |   2)               |            filemap_get_pages() {
   11.912694 |   2)   0.350 us    |              filemap_get_read_batch();
   11.912695 |   2)   0.625 us    |            }
   11.912695 |   2)   0.131 us    |            folio_mark_accessed();
   11.912695 |   2)   1.482 us    |          }
   11.912696 |   2)   1.747 us    |        }
   11.912696 |   2)   2.490 us    |      }
   11.912696 |   2)   3.078 us    |    }
   11.912696 |   2)   3.392 us    |  }
