# tracer: function_graph
#
#     TIME        CPU  DURATION                  FUNCTION CALLS
#      |          |     |   |                     |   |   |   |
   11.836582 |   2)               |  __x64_sys_read() {
   11.836582 |   2)               |    ksys_read() {
   11.836582 |   2)   0.182 us    |      fdget_pos();
   11.836583 |   2)               |      vfs_read() {
   11.836583 |   2)   0.322 us    |        rw_verify_area();
   11.836583 |   2)               |        ext4_file_read_iter() {
   11.836584 |   2)               |          generic_file_read_iter() {
   11.836584 |   2)               |            filemap_read() {
   11.836584 |   2)               |              filemap_get_pages() {
   11.836584 |   2)   0.432 us    |                filemap_get_read_batch();
   11.836585 |   2)   0.803 us    |              }
   11.836585 |   2)   0.153 us    |              folio_mark_accessed();
   11.836586 |   2)               |              lock_mm_and_find_vma() {
   11.836586 |   2)               |                down_read_trylock() {
   11.836586 |   2)   0.123 us    |                  preempt_count_add();
   11.836586 |   2)   0.139 us    |                  preempt_count_sub();
   11.836586 |   2)   0.725 us    |                }
   11.836587 |   2)   0.374 us    |                find_vma();
   11.836587 |   2)   1.581 us    |              }
   11.836587 |   2)               |              handle_mm_fault() {
   11.836587 |   2)               |                __handle_mm_fault() {
   11.836588 |   2)               |                  pte_offset_map_rw_nolock() {
   11.836588 |   2)   0.228 us    |                    __pte_offset_map();
   11.836588 |   2)   0.511 us    |                  }
   11.836588 |   2)   0.137 us    |                  __vmf_anon_prepare();
   11.836589 |   2)               |                  vma_alloc_folio_noprof() {
   11.836589 |   2)   0.155 us    |                    get_vma_policy();
   11.836589 |   2)               |                    alloc_pages_mpol() {
   11.836589 |   2)   0.126 us    |                      policy_nodemask();
   11.836590 |   2)               |                      __alloc_frozen_pages_noprof() {
   11.836590 |   2)               |                        get_page_from_freelist() {
   11.836590 |   2)   0.129 us    |                          preempt_count_add();
   11.836590 |   2)               |                          _raw_spin_trylock() {
   11.836590 |   2)   0.135 us    |                            preempt_count_add();
   11.836591 |   2)   0.419 us    |                          }
   11.836591 |   2)               |                          _raw_spin_unlock() {
   11.836591 |   2)   0.136 us    |                            preempt_count_sub();
   11.836591 |   2)   0.430 us    |                          }
   11.836591 |   2)   0.142 us    |                          preempt_count_sub();
   11.836592 |   2)   0.160 us    |                          clear_highpages_kasan_tagged();
   11.836592 |   2)   2.655 us    |                        }
   11.836593 |   2)   2.986 us    |                      }
   11.836593 |   2)   3.536 us    |                    }
   11.836593 |   2)   4.130 us    |                  }
   11.836593 |   2)               |                  pte_offset_map_lock() {
   11.836593 |   2)   0.210 us    |                    __pte_offset_map();
   11.836594 |   2)               |                    _raw_spin_lock() {
   11.836594 |   2)   0.143 us    |                      preempt_count_add();
   11.836594 |   2)   0.412 us    |                    }
   11.836594 |   2)   1.077 us    |                  }
   11.836594 |   2)               |                  map_anon_folio_pte_nopf() {
   11.836594 |   2)   0.126 us    |                    pte_mkwrite();
   11.836595 |   2)               |                    folio_add_new_anon_rmap() {
   11.836595 |   2)   0.129 us    |                      mod_node_page_state();
   11.836595 |   2)   0.432 us    |                    }
   11.836595 |   2)               |                    folio_add_lru_vma() {
   11.836595 |   2)               |                      __folio_batch_add_and_move() {
   11.836596 |   2)   0.134 us    |                        preempt_count_add();
   11.836596 |   2)   0.133 us    |                        preempt_count_sub();
   11.836596 |   2)   0.697 us    |                      }
   11.836596 |   2)   0.983 us    |                    }
   11.836596 |   2)   2.164 us    |                  }
   11.836597 |   2)               |                  _raw_spin_unlock() {
   11.836597 |   2)   0.141 us    |                    preempt_count_sub();
   11.836597 |   2)   0.412 us    |                  }
   11.836597 |   2)   9.869 us    |                }
   11.836597 |   2) + 10.155 us   |              }
   11.836598 |   2)   0.133 us    |              raw_irqentry_exit_cond_resched();
   11.836599 |   2) + 14.815 us   |            }
   11.836599 |   2) + 15.072 us   |          }
   11.836599 |   2) + 15.350 us   |        }
   11.836599 |   2) + 16.290 us   |      }
   11.836599 |   2) + 17.102 us   |    }
   11.836599 |   2) + 18.204 us   |  }
   11.836707 |   2)               |  __x64_sys_read() {
   11.836707 |   2)               |    ksys_read() {
   11.836708 |   2)   0.149 us    |      fdget_pos();
   11.836708 |   2)               |      vfs_read() {
   11.836709 |   2)   0.319 us    |        rw_verify_area();
   11.836709 |   2)               |        ext4_file_read_iter() {
   11.836709 |   2)               |          generic_file_read_iter() {
   11.836709 |   2)               |            filemap_read() {
   11.836710 |   2)               |              filemap_get_pages() {
   11.836710 |   2)   0.444 us    |                filemap_get_read_batch();
   11.836710 |   2)   0.801 us    |              }
   11.836710 |   2)   0.129 us    |              folio_mark_accessed();
   11.836711 |   2)               |              lock_mm_and_find_vma() {
   11.836711 |   2)               |                down_read_trylock() {
   11.836711 |   2)   0.126 us    |                  preempt_count_add();
   11.836712 |   2)   0.139 us    |                  preempt_count_sub();
   11.836712 |   2)   0.693 us    |                }
   11.836712 |   2)   0.410 us    |                find_vma();
   11.836713 |   2)   1.550 us    |              }
   11.836713 |   2)               |              handle_mm_fault() {
   11.836713 |   2)               |                __handle_mm_fault() {
   11.836713 |   2)               |                  pte_offset_map_rw_nolock() {
   11.836713 |   2)   0.238 us    |                    __pte_offset_map();
   11.836714 |   2)   0.526 us    |                  }
   11.836714 |   2)   0.139 us    |                  __vmf_anon_prepare();
   11.836714 |   2)               |                  vma_alloc_folio_noprof() {
   11.836714 |   2)   0.168 us    |                    get_vma_policy();
   11.836715 |   2)               |                    alloc_pages_mpol() {
   11.836715 |   2)   0.134 us    |                      policy_nodemask();
   11.836715 |   2)               |                      __alloc_frozen_pages_noprof() {
   11.836715 |   2)               |                        get_page_from_freelist() {
   11.836715 |   2)   0.127 us    |                          preempt_count_add();
   11.836716 |   2)               |                          _raw_spin_trylock() {
   11.836716 |   2)   0.138 us    |                            preempt_count_add();
   11.836716 |   2)   0.422 us    |                          }
   11.836716 |   2)               |                          _raw_spin_unlock() {
   11.836716 |   2)   0.135 us    |                            preempt_count_sub();
   11.836717 |   2)   0.428 us    |                          }
   11.836717 |   2)   0.141 us    |                          preempt_count_sub();
   11.836717 |   2)   0.159 us    |                          clear_highpages_kasan_tagged();
   11.836718 |   2)   2.640 us    |                        }
   11.836718 |   2)   2.952 us    |                      }
   11.836718 |   2)   3.508 us    |                    }
   11.836718 |   2)   4.112 us    |                  }
   11.836718 |   2)               |                  pte_offset_map_lock() {
   11.836719 |   2)   0.222 us    |                    __pte_offset_map();
   11.836719 |   2)               |                    _raw_spin_lock() {
   11.836719 |   2)   0.144 us    |                      preempt_count_add();
   11.836719 |   2)   0.413 us    |                    }
   11.836720 |   2)   1.071 us    |                  }
   11.836720 |   2)               |                  map_anon_folio_pte_nopf() {
   11.836720 |   2)   0.126 us    |                    pte_mkwrite();
   11.836720 |   2)               |                    folio_add_new_anon_rmap() {
   11.836720 |   2)   0.131 us    |                      mod_node_page_state();
   11.836721 |   2)   0.433 us    |                    }
   11.836721 |   2)               |                    folio_add_lru_vma() {
   11.836721 |   2)               |                      __folio_batch_add_and_move() {
   11.836721 |   2)   0.138 us    |                        preempt_count_add();
   11.836721 |   2)   0.134 us    |                        preempt_count_sub();
   11.836722 |   2)   0.721 us    |                      }
   11.836722 |   2)   1.003 us    |                    }
   11.836722 |   2)   2.205 us    |                  }
   11.836722 |   2)               |                  _raw_spin_unlock() {
   11.836722 |   2)   0.139 us    |                    preempt_count_sub();
   11.836723 |   2)   0.435 us    |                  }
   11.836723 |   2)   9.827 us    |                }
   11.836723 |   2) + 10.102 us   |              }
   11.836723 |   2)   0.135 us    |              raw_irqentry_exit_cond_resched();
   11.836724 |   2) + 14.573 us   |            }
   11.836724 |   2) + 14.829 us   |          }
   11.836724 |   2) + 15.107 us   |        }
   11.836724 |   2) + 16.343 us   |      }
   11.836725 |   2) + 17.016 us   |    }
   11.836725 |   2) + 17.420 us   |  }
   11.837260 |   2)               |  __x64_sys_read() {
   11.837261 |   2)               |    ksys_read() {
   11.837261 |   2)   0.152 us    |      fdget_pos();
   11.837261 |   2)               |      vfs_read() {
   11.837261 |   2)   0.342 us    |        rw_verify_area();
   11.837262 |   2)               |        erofs_file_read_iter() {
   11.837262 |   2)               |          filemap_read() {
   11.837262 |   2)               |            filemap_get_pages() {
   11.837263 |   2)   0.400 us    |              filemap_get_read_batch();
   11.837263 |   2)               |              page_cache_sync_ra() {
   11.837263 |   2)   0.127 us    |                inode_to_bdi();
   11.837264 |   2)               |                page_cache_ra_order() {
   11.837264 |   2)               |                  do_page_cache_ra() {
   11.837264 |   2)               |                    page_cache_ra_unbounded() {
   11.837265 |   2)               |                      filemap_alloc_folio_noprof() {
   11.837265 |   2)               |                        folio_alloc_noprof() {
   11.837265 |   2)               |                          alloc_pages_mpol() {
   11.837265 |   2)   0.128 us    |                            policy_nodemask();
   11.837265 |   2)               |                            __alloc_frozen_pages_noprof() {
   11.837265 |   2)               |                              get_page_from_freelist() {
   11.837266 |   2)   0.154 us    |                                preempt_count_add();
   11.837266 |   2)               |                                _raw_spin_trylock() {
   11.837266 |   2)   0.138 us    |                                  preempt_count_add();
   11.837266 |   2)   0.421 us    |                                }
   11.837267 |   2)               |                                _raw_spin_unlock() {
   11.837267 |   2)   0.125 us    |                                  preempt_count_sub();
   11.837267 |   2)   0.443 us    |                                }
   11.837267 |   2)   0.123 us    |                                preempt_count_sub();
   11.837267 |   2)   1.961 us    |                              }
   11.837268 |   2)   2.299 us    |                            }
   11.837268 |   2)   2.836 us    |                          }
   11.837268 |   2)   3.108 us    |                        }
   11.837268 |   2)   3.383 us    |                      }
   11.837268 |   2)               |                      filemap_add_folio() {
   11.837268 |   2)               |                        __filemap_add_folio() {
   11.837269 |   2)   0.123 us    |                          shmem_mapping();
   11.837269 |   2)               |                          _raw_spin_lock_irq() {
   11.837269 |   2)   0.127 us    |                            preempt_count_add();
   11.837269 |   2)   0.403 us    |                          }
   11.837269 |   2)   0.136 us    |                          mod_node_page_state();
   11.837270 |   2)               |                          _raw_spin_unlock_irq() {
   11.837270 |   2)   0.145 us    |                            preempt_count_sub();
   11.837270 |   2)   0.416 us    |                          }
   11.837270 |   2)   2.054 us    |                        }
   11.837271 |   2)               |                        folio_add_lru() {
   11.837271 |   2)               |                          __folio_batch_add_and_move() {
   11.837271 |   2)   0.140 us    |                            preempt_count_add();
   11.837271 |   2)   0.127 us    |                            preempt_count_sub();
   11.837271 |   2)   0.694 us    |                          }
   11.837271 |   2)   0.943 us    |                        }
   11.837272 |   2)   3.472 us    |                      }
   11.837272 |   2)               |                      filemap_alloc_folio_noprof() {
   11.837272 |   2)               |                        folio_alloc_noprof() {
   11.837272 |   2)               |                          alloc_pages_mpol() {
   11.837272 |   2)   0.127 us    |                            policy_nodemask();
   11.837273 |   2)               |                            __alloc_frozen_pages_noprof() {
   11.837273 |   2)               |                              get_page_from_freelist() {
   11.837273 |   2)   0.124 us    |                                preempt_count_add();
   11.837273 |   2)               |                                _raw_spin_trylock() {
   11.837273 |   2)   0.124 us    |                                  preempt_count_add();
   11.837274 |   2)   0.416 us    |                                }
   11.837274 |   2)               |                                _raw_spin_unlock() {
   11.837274 |   2)   0.136 us    |                                  preempt_count_sub();
   11.837274 |   2)   0.402 us    |                                }
   11.837274 |   2)   0.126 us    |                                preempt_count_sub();
   11.837275 |   2)   1.769 us    |                              }
   11.837275 |   2)   2.060 us    |                            }
   11.837275 |   2)   2.584 us    |                          }
   11.837275 |   2)   2.832 us    |                        }
   11.837275 |   2)   3.088 us    |                      }
   11.837275 |   2)               |                      filemap_add_folio() {
   11.837275 |   2)               |                        __filemap_add_folio() {
   11.837275 |   2)   0.125 us    |                          shmem_mapping();
   11.837276 |   2)               |                          _raw_spin_lock_irq() {
   11.837276 |   2)   0.128 us    |                            preempt_count_add();
   11.837276 |   2)   0.400 us    |                          }
   11.837276 |   2)               |                          kmem_cache_alloc_lru_noprof() {
   11.837276 |   2)   0.135 us    |                            preempt_count_add();
   11.837277 |   2)   0.123 us    |                            preempt_count_sub();
   11.837277 |   2)   0.708 us    |                          }
   11.837277 |   2)   0.126 us    |                          workingset_update_node();
   11.837278 |   2)   0.126 us    |                          workingset_update_node();
   11.837278 |   2)   0.125 us    |                          mod_node_page_state();
   11.837278 |   2)               |                          _raw_spin_unlock_irq() {
   11.837278 |   2)   0.123 us    |                            preempt_count_sub();
   11.837279 |   2)   0.617 us    |                          }
   11.837279 |   2)   3.618 us    |                        }
   11.837279 |   2)               |                        folio_add_lru() {
   11.837279 |   2)               |                          __folio_batch_add_and_move() {
   11.837279 |   2)   0.126 us    |                            preempt_count_add();
   11.837280 |   2)   0.144 us    |                            preempt_count_sub();
   11.837280 |   2)   0.682 us    |                          }
   11.837280 |   2)   0.935 us    |                        }
   11.837280 |   2)   4.957 us    |                      }
   11.837281 |   2)               |                      filemap_alloc_folio_noprof() {
   11.837281 |   2)               |                        folio_alloc_noprof() {
   11.837281 |   2)               |                          alloc_pages_mpol() {
   11.837281 |   2)   0.128 us    |                            policy_nodemask();
   11.837281 |   2)               |                            __alloc_frozen_pages_noprof() {
   11.837281 |   2)               |                              get_page_from_freelist() {
   11.837282 |   2)   0.143 us    |                                preempt_count_add();
   11.837282 |   2)               |                                _raw_spin_trylock() {
   11.837282 |   2)   0.125 us    |                                  preempt_count_add();
   11.837282 |   2)   0.391 us    |                                }
   11.837282 |   2)               |                                _raw_spin_unlock() {
   11.837282 |   2)   0.127 us    |                                  preempt_count_sub();
   11.837283 |   2)   0.395 us    |                                }
   11.837283 |   2)   0.130 us    |                                preempt_count_sub();
   11.837283 |   2)   1.815 us    |                              }
   11.837283 |   2)   2.105 us    |                            }
   11.837283 |   2)   2.636 us    |                          }
   11.837284 |   2)   2.895 us    |                        }
   11.837284 |   2)   3.147 us    |                      }
   11.837284 |   2)               |                      filemap_add_folio() {
   11.837284 |   2)               |                        __filemap_add_folio() {
   11.837284 |   2)   0.127 us    |                          shmem_mapping();
   11.837284 |   2)               |                          _raw_spin_lock_irq() {
   11.837285 |   2)   0.130 us    |                            preempt_count_add();
   11.837285 |   2)   0.402 us    |                          }
   11.837285 |   2)   0.128 us    |                          workingset_update_node();
   11.837285 |   2)   0.130 us    |                          mod_node_page_state();
   11.837286 |   2)               |                          _raw_spin_unlock_irq() {
   11.837286 |   2)   0.126 us    |                            preempt_count_sub();
   11.837286 |   2)   0.413 us    |                          }
   11.837286 |   2)   2.169 us    |                        }
   11.837286 |   2)               |                        folio_add_lru() {
   11.837286 |   2)               |                          __folio_batch_add_and_move() {
   11.837287 |   2)   0.127 us    |                            preempt_count_add();
   11.837287 |   2)   0.133 us    |                            preempt_count_sub();
   11.837287 |   2)   0.674 us    |                          }
   11.837287 |   2)   0.929 us    |                        }
   11.837287 |   2)   3.503 us    |                      }
   11.837288 |   2)               |                      filemap_alloc_folio_noprof() {
   11.837288 |   2)               |                        folio_alloc_noprof() {
   11.837288 |   2)               |                          alloc_pages_mpol() {
   11.837288 |   2)   0.130 us    |                            policy_nodemask();
   11.837288 |   2)               |                            __alloc_frozen_pages_noprof() {
   11.837289 |   2)               |                              get_page_from_freelist() {
   11.837289 |   2)   0.129 us    |                                preempt_count_add();
   11.837289 |   2)               |                                _raw_spin_trylock() {
   11.837289 |   2)   0.127 us    |                                  preempt_count_add();
   11.837289 |   2)   0.417 us    |                                }
   11.837290 |   2)               |                                _raw_spin_unlock() {
   11.837290 |   2)   0.127 us    |                                  preempt_count_sub();
   11.837290 |   2)   0.401 us    |                                }
   11.837290 |   2)   0.128 us    |                                preempt_count_sub();
   11.837290 |   2)   1.809 us    |                              }
   11.837291 |   2)   2.091 us    |                            }
   11.837291 |   2)   2.627 us    |                          }
   11.837291 |   2)   2.908 us    |                        }
   11.837291 |   2)   3.162 us    |                      }
   11.837291 |   2)               |                      filemap_add_folio() {
   11.837291 |   2)               |                        __filemap_add_folio() {
   11.837291 |   2)   0.128 us    |                          shmem_mapping();
   11.837292 |   2)               |                          _raw_spin_lock_irq() {
   11.837292 |   2)   0.128 us    |                            preempt_count_add();
   11.837292 |   2)   0.401 us    |                          }
   11.837292 |   2)   0.127 us    |                          workingset_update_node();
   11.837292 |   2)   0.127 us    |                          mod_node_page_state();
   11.837293 |   2)               |                          _raw_spin_unlock_irq() {
   11.837293 |   2)   0.130 us    |                            preempt_count_sub();
   11.837293 |   2)   0.404 us    |                          }
   11.837293 |   2)   2.188 us    |                        }
   11.837294 |   2)               |                        folio_add_lru() {
   11.837294 |   2)               |                          __folio_batch_add_and_move() {
   11.837294 |   2)   0.129 us    |                            preempt_count_add();
   11.837294 |   2)   0.128 us    |                            preempt_count_sub();
   11.837294 |   2)   0.667 us    |                          }
   11.837294 |   2)   0.919 us    |                        }
   11.837295 |   2)   3.525 us    |                      }
   11.837295 |   2)               |                      read_pages() {
   11.837295 |   2)   0.140 us    |                        blk_start_plug();
   11.837295 |   2)               |                        z_erofs_readahead() {
   11.837295 |   2)   0.136 us    |                          erofs_real_inode();
   11.837296 |   2)               |                          z_erofs_pcluster_readmore() {
   11.837296 |   2)               |                            z_erofs_map_blocks_iter() {
   11.837296 |   2)               |                              erofs_read_metabuf() {
   11.837296 |   2)               |                                erofs_bread() {
   11.837296 |   2)               |                                  read_cache_folio() {
   11.837297 |   2)               |                                    do_read_cache_folio() {
   11.837297 |   2)               |                                      __filemap_get_folio_mpol() {
   11.837297 |   2)   0.406 us    |                                        filemap_get_entry();
   11.837297 |   2)   0.676 us    |                                      }
   11.837298 |   2)               |                                      folio_mark_accessed() {
   11.837298 |   2)   0.127 us    |                                        preempt_count_add();
   11.837298 |   2)   0.141 us    |                                        preempt_count_sub();
   11.837298 |   2)   0.311 us    |                                        workingset_activation();
   11.837299 |   2)   1.249 us    |                                      }
   11.837299 |   2)   2.392 us    |                                    }
   11.837299 |   2)   2.665 us    |                                  }
   11.837299 |   2)   2.932 us    |                                }
   11.837299 |   2)   3.304 us    |                              }
   11.837300 |   2)   0.279 us    |                              wake_up_bit();
   11.837300 |   2)               |                              z_erofs_map_blocks_fo() {
   11.837300 |   2)               |                                z_erofs_load_lcluster_from_disk() {
   11.837300 |   2)               |                                  erofs_read_metabuf() {
   11.837301 |   2)   0.187 us    |                                    erofs_bread();
   11.837301 |   2)   0.436 us    |                                  }
   11.837301 |   2)   0.752 us    |                                }
   11.837301 |   2)               |                                z_erofs_load_lcluster_from_disk() {
   11.837301 |   2)               |                                  erofs_read_metabuf() {
   11.837301 |   2)   0.128 us    |                                    erofs_bread();
   11.837302 |   2)   0.381 us    |                                  }
   11.837302 |   2)   0.670 us    |                                }
   11.837302 |   2)   0.127 us    |                                erofs_unmap_metabuf();
   11.837302 |   2)   2.353 us    |                              }
   11.837303 |   2)   6.733 us    |                            }
   11.837303 |   2)   0.149 us    |                            readahead_expand();
   11.837303 |   2)   7.379 us    |                          }
   11.837304 |   2)               |                          z_erofs_scan_folio() {
   11.837304 |   2)   0.128 us    |                            erofs_onlinefolio_init();
   11.837305 |   2)               |                            kmem_cache_alloc_noprof() {
   11.837305 |   2)   0.126 us    |                              preempt_count_add();
   11.837306 |   2)   0.148 us    |                              preempt_count_sub();
   11.837306 |   2)   0.830 us    |                            }
   11.837306 |   2)   0.122 us    |                            mutex_init_generic();
   11.837306 |   2)   0.161 us    |                            mutex_trylock();
   11.837307 |   2)               |                            _raw_spin_lock() {
   11.837307 |   2)   0.126 us    |                              preempt_count_add();
   11.837307 |   2)   0.389 us    |                            }
   11.837307 |   2)               |                            kmem_cache_alloc_lru_noprof() {
   11.837308 |   2)   0.142 us    |                              preempt_count_add();
   11.837308 |   2)   0.126 us    |                              preempt_count_sub();
   11.837308 |   2)   0.679 us    |                            }
   11.837308 |   2)               |                            kmem_cache_alloc_lru_noprof() {
   11.837308 |   2)   0.124 us    |                              preempt_count_add();
   11.837309 |   2)   0.125 us    |                              preempt_count_sub();
   11.837309 |   2)   0.659 us    |                            }
   11.837309 |   2)               |                            kmem_cache_alloc_lru_noprof() {
   11.837309 |   2)   0.124 us    |                              preempt_count_add();
   11.837310 |   2)   0.125 us    |                              preempt_count_sub();
   11.837310 |   2)   0.686 us    |                            }
   11.837310 |   2)               |                            _raw_spin_unlock() {
   11.837310 |   2)   0.144 us    |                              preempt_count_sub();
   11.837311 |   2)   0.409 us    |                            }
   11.837311 |   2)               |                            __filemap_get_folio_mpol() {
   11.837311 |   2)   0.317 us    |                              filemap_get_entry();
   11.837311 |   2)   0.671 us    |                            }
   11.837312 |   2)               |                            filemap_alloc_folio_noprof() {
   11.837312 |   2)               |                              folio_alloc_noprof() {
   11.837312 |   2)               |                                alloc_pages_mpol() {
   11.837312 |   2)   0.126 us    |                                  policy_nodemask();
   11.837312 |   2)               |                                  __alloc_frozen_pages_noprof() {
   11.837312 |   2)               |                                    get_page_from_freelist() {
   11.837313 |   2)   0.129 us    |                                      preempt_count_add();
   11.837313 |   2)               |                                      _raw_spin_trylock() {
   11.837313 |   2)   0.124 us    |                                        preempt_count_add();
   11.837313 |   2)   0.415 us    |                                      }
   11.837313 |   2)               |                                      _raw_spin_unlock() {
   11.837314 |   2)   0.131 us    |                                        preempt_count_sub();
   11.837314 |   2)   0.410 us    |                                      }
   11.837314 |   2)   0.125 us    |                                      preempt_count_sub();
   11.837314 |   2)   1.811 us    |                                    }
   11.837314 |   2)   2.111 us    |                                  }
   11.837315 |   2)   2.643 us    |                                }
   11.837315 |   2)   2.899 us    |                              }
   11.837315 |   2)   3.157 us    |                            }
   11.837315 |   2)               |                            _raw_spin_lock() {
   11.837315 |   2)   0.125 us    |                              preempt_count_add();
   11.837315 |   2)   0.389 us    |                            }
   11.837316 |   2)               |                            _raw_spin_unlock() {
   11.837316 |   2)   0.139 us    |                              preempt_count_sub();
   11.837316 |   2)   0.400 us    |                            }
   11.837316 |   2)               |                            _raw_spin_lock() {
   11.837316 |   2)   0.129 us    |                              preempt_count_add();
   11.837317 |   2)   0.394 us    |                            }
   11.837317 |   2)               |                            _raw_spin_unlock() {
   11.837317 |   2)   0.127 us    |                              preempt_count_sub();
   11.837317 |   2)   0.389 us    |                            }
   11.837317 |   2)   0.129 us    |                            erofs_onlinefolio_split();
   11.837318 |   2)   0.150 us    |                            erofs_onlinefolio_end();
   11.837318 |   2) + 13.722 us   |                          }
   11.837318 |   2)               |                          z_erofs_scan_folio() {
   11.837318 |   2)   0.127 us    |                            erofs_onlinefolio_init();
   11.837318 |   2)               |                            _raw_spin_lock() {
   11.837319 |   2)   0.128 us    |                              preempt_count_add();
   11.837319 |   2)   0.390 us    |                            }
   11.837319 |   2)               |                            _raw_spin_unlock() {
   11.837319 |   2)   0.127 us    |                              preempt_count_sub();
   11.837319 |   2)   0.393 us    |                            }
   11.837320 |   2)   0.133 us    |                            erofs_onlinefolio_split();
   11.837320 |   2)   0.129 us    |                            erofs_onlinefolio_end();
   11.837320 |   2)   2.197 us    |                          }
   11.837320 |   2)               |                          z_erofs_scan_folio() {
   11.837320 |   2)   0.127 us    |                            erofs_onlinefolio_init();
   11.837321 |   2)               |                            _raw_spin_lock() {
   11.837321 |   2)   0.126 us    |                              preempt_count_add();
   11.837321 |   2)   0.390 us    |                            }
   11.837321 |   2)               |                            _raw_spin_unlock() {
   11.837321 |   2)   0.126 us    |                              preempt_count_sub();
   11.837322 |   2)   0.404 us    |                            }
   11.837322 |   2)   0.125 us    |                            z_erofs_bvset_flip();
   11.837322 |   2)   0.167 us    |                            erofs_onlinefolio_split();
   11.837323 |   2)   0.129 us    |                            erofs_onlinefolio_end();
   11.837323 |   2)   2.401 us    |                          }
   11.837323 |   2)               |                          z_erofs_scan_folio() {
   11.837323 |   2)   0.123 us    |                            erofs_onlinefolio_init();
   11.837323 |   2)               |                            _raw_spin_lock() {
   11.837323 |   2)   0.125 us    |                              preempt_count_add();
   11.837324 |   2)   0.419 us    |                            }
   11.837324 |   2)               |                            _raw_spin_unlock() {
   11.837324 |   2)   0.125 us    |                              preempt_count_sub();
   11.837324 |   2)   0.391 us    |                            }
   11.837324 |   2)   0.129 us    |                            erofs_onlinefolio_split();
   11.837325 |   2)   0.129 us    |                            erofs_onlinefolio_end();
   11.837325 |   2)   2.081 us    |                          }
   11.837325 |   2)   0.162 us    |                          z_erofs_pcluster_readmore();
   11.837325 |   2)   0.249 us    |                          z_erofs_pcluster_end();
   11.837326 |   2)               |                          z_erofs_runqueue() {
   11.837326 |   2)   0.124 us    |                            __init_swait_queue_head();
   11.837327 |   2)               |                            __kvmalloc_node_noprof() {
   11.837327 |   2)   0.140 us    |                              preempt_count_add();
   11.837327 |   2)   0.137 us    |                              preempt_count_sub();
   11.837327 |   2)   0.796 us    |                            }
   11.837328 |   2)   0.145 us    |                            erofs_map_dev();
   11.837328 |   2)               |                            _raw_spin_lock() {
   11.837328 |   2)   0.125 us    |                              preempt_count_add();
   11.837328 |   2)   0.391 us    |                            }
   11.837328 |   2)               |                            _raw_spin_unlock() {
   11.837329 |   2)   0.126 us    |                              preempt_count_sub();
   11.837329 |   2)   0.391 us    |                            }
   11.837329 |   2)               |                            filemap_add_folio() {
   11.837329 |   2)               |                              __filemap_add_folio() {
   11.837329 |   2)   0.125 us    |                                shmem_mapping();
   11.837329 |   2)               |                                _raw_spin_lock_irq() {
   11.837330 |   2)   0.141 us    |                                  preempt_count_add();
   11.837330 |   2)   0.420 us    |                                }
   11.837330 |   2)               |                                kmem_cache_alloc_lru_noprof() {
   11.837330 |   2)   0.125 us    |                                  preempt_count_add();
   11.837331 |   2)   0.126 us    |                                  preempt_count_sub();
   11.837331 |   2)   0.662 us    |                                }
   11.837331 |   2)   0.128 us    |                                workingset_update_node();
   11.837331 |   2)   0.130 us    |                                mod_node_page_state();
   11.837332 |   2)               |                                _raw_spin_unlock_irq() {
   11.837332 |   2)   0.126 us    |                                  preempt_count_sub();
   11.837332 |   2)   0.402 us    |                                }
   11.837332 |   2)   3.002 us    |                              }
   11.837332 |   2)               |                              folio_add_lru() {
   11.837332 |   2)               |                                __folio_batch_add_and_move() {
   11.837332 |   2)   0.125 us    |                                  preempt_count_add();
   11.837333 |   2)   0.127 us    |                                  preempt_count_sub();
   11.837333 |   2)   0.658 us    |                                }
   11.837333 |   2)   0.910 us    |                              }
   11.837333 |   2)   4.304 us    |                            }
   11.837334 |   2)               |                            bio_alloc_bioset() {
   11.837334 |   2)               |                              kmem_cache_alloc_noprof() {
   11.837334 |   2)   0.139 us    |                                preempt_count_add();
   11.837334 |   2)   0.129 us    |                                preempt_count_sub();
   11.837334 |   2)   0.694 us    |                              }
   11.837335 |   2)               |                              kmem_cache_alloc_noprof() {
   11.837335 |   2)   0.123 us    |                                preempt_count_add();
   11.837335 |   2)   0.128 us    |                                preempt_count_sub();
   11.837335 |   2)   0.684 us    |                              }
   11.837335 |   2)               |                              bio_associate_blkg() {
   11.837336 |   2)   0.124 us    |                                kthread_blkcg();
   11.837336 |   2)   0.345 us    |                                bio_associate_blkg_from_css();
   11.837337 |   2)   1.160 us    |                              }
   11.837337 |   2)   3.182 us    |                            }
   11.837337 |   2)               |                            bio_add_page() {
   11.837337 |   2)   0.124 us    |                              __bio_add_page();
   11.837337 |   2)   0.409 us    |                            }
   11.837337 |   2)               |                            submit_bio() {
   11.837338 |   2)   0.132 us    |                              blkcg_set_ioprio();
   11.837338 |   2)               |                              submit_bio_noacct() {
   11.837338 |   2)               |                                submit_bio_noacct_nocheck() {
   11.837338 |   2)   0.131 us    |                                  blk_cgroup_bio_start();
   11.837339 |   2)               |                                  __submit_bio() {
   11.837339 |   2)               |                                    blk_mq_submit_bio() {
   11.837339 |   2)   0.124 us    |                                      blk_attempt_plug_merge();
   11.837339 |   2)   0.143 us    |                                      blk_mq_sched_bio_merge();
   11.837340 |   2)               |                                      __blk_mq_alloc_requests() {
   11.837340 |   2)               |                                        blk_mq_get_tag() {
   11.837340 |   2)   0.327 us    |                                          __blk_mq_get_tag();
   11.837340 |   2)   0.631 us    |                                        }
   11.837341 |   2)   0.134 us    |                                        blk_mq_rq_ctx_init.isra.0();
   11.837341 |   2)   1.334 us    |                                      }
   11.837341 |   2)   0.146 us    |                                      preempt_count_add();
   11.837342 |   2)   0.126 us    |                                      update_io_ticks();
   11.837342 |   2)   0.145 us    |                                      preempt_count_sub();
   11.837342 |   2)   0.143 us    |                                      blk_add_rq_to_plug();
   11.837343 |   2)   3.930 us    |                                    }
   11.837343 |   2)   4.192 us    |                                  }
   11.837343 |   2)   4.801 us    |                                }
   11.837343 |   2)   5.089 us    |                              }
   11.837343 |   2)   5.690 us    |                            }
   11.837343 |   2)   0.130 us    |                            z_erofs_decompress_kickoff();
   11.837344 |   2)   0.185 us    |                            z_erofs_decompress_queue();
   11.837344 |   2) + 18.082 us   |                          }
   11.837344 |   2)   0.145 us    |                          erofs_put_metabuf();
   11.837344 |   2)   0.162 us    |                          erofs_release_pages();
   11.837345 |   2) + 49.455 us   |                        }
   11.837345 |   2)               |                        blk_finish_plug() {
   11.837345 |   2)               |                          __blk_flush_plug() {
   11.837345 |   2)               |                            blk_mq_flush_plug_list() {
   11.837345 |   2)               |                              blk_mq_dispatch_queue_requests() {
   11.837346 |   2)               |                                blk_mq_issue_direct() {
   11.837346 |   2)               |                                  blk_mq_request_issue_directly() {
   11.837346 |   2)   0.127 us    |                                    blk_mq_get_budget_and_tag();
   11.837346 |   2)               |                                    __blk_mq_issue_directly() {
   11.837346 |   2)               |                                      loop_queue_rq() {
   11.837347 |   2)               |                                        blk_mq_start_request() {
   11.837347 |   2)   0.126 us    |                                          blk_add_timer();
   11.837347 |   2)   0.405 us    |                                        }
   11.837347 |   2)   0.122 us    |                                        bio_blkcg_css();
   11.837347 |   2)               |                                        _raw_spin_lock_irq() {
   11.837348 |   2)   0.123 us    |                                          preempt_count_add();
   11.837348 |   2)   0.413 us    |                                        }
   11.837348 |   2)               |                                        queue_work_on() {
   11.837348 |   2)   0.138 us    |                                          clear_pending_if_disabled();
   11.837348 |   2)               |                                          __queue_work() {
   11.837349 |   2)               |                                            _raw_spin_lock() {
   11.837349 |   2)   0.134 us    |                                              preempt_count_add();
   11.837349 |   2)   0.400 us    |                                            }
   11.837349 |   2)   0.298 us    |                                            pwq_tryinc_nr_active();
   11.837350 |   2)   0.393 us    |                                            kick_pool_pick();
   11.837350 |   2)               |                                            _raw_spin_unlock() {
   11.837351 |   2)   0.131 us    |                                              preempt_count_sub();
   11.837351 |   2)   0.416 us    |                                            }
   11.837351 |   2)               |                                            wake_up_process() {
   11.837351 |   2)               |                                              try_to_wake_up() {
   11.837351 |   2)               |                                                _raw_spin_lock_irqsave() {
   11.837351 |   2)   0.132 us    |                                                  preempt_count_add();
   11.837352 |   2)   0.417 us    |                                                }
   11.837352 |   2)               |                                                select_task_rq_fair() {
   11.837352 |   2)   0.261 us    |                                                  choose_idle_cpu();
   11.837353 |   2)   0.641 us    |                                                }
   11.837353 |   2)   0.130 us    |                                                kthread_is_per_cpu();
   11.837353 |   2)               |                                                ttwu_queue_wakelist() {
   11.837353 |   2)               |                                                  __smp_call_single_queue() {
   11.837354 |   2)   0.261 us    |                                                    call_function_single_prep_ipi();
   11.837354 |   2)               |                                                    native_send_call_func_single_ipi() {
   11.837354 |   2)   0.450 us    |                                                      x2apic_send_IPI();
   11.837355 |   2)   0.727 us    |                                                    }
   11.837355 |   2)   1.533 us    |                                                  }
   11.837355 |   2)   1.983 us    |                                                }
   11.837355 |   2)               |                                                _raw_spin_unlock_irqrestore() {
   11.837355 |   2)   0.124 us    |                                                  preempt_count_sub();
   11.837356 |   2)   0.394 us    |                                                }
   11.837356 |   2)   4.632 us    |                                              }
   11.837356 |   2)   4.907 us    |                                            }
   11.837356 |   2)   7.694 us    |                                          }
   11.837356 |   2)   8.274 us    |                                        }
   11.837356 |   2)               |                                        _raw_spin_unlock_irq() {
   11.837357 |   2)   0.127 us    |                                          preempt_count_sub();
   11.837357 |   2)   0.399 us    |                                        }
   11.837357 |   2) + 10.566 us   |                                      }
   11.837357 |   2) + 10.866 us   |                                    }
   11.837357 |   2) + 11.425 us   |                                  }
   11.837357 |   2) + 11.732 us   |                                }
   11.837358 |   2) + 12.282 us   |                              }
   11.837358 |   2) + 12.565 us   |                            }
   11.837358 |   2) + 12.857 us   |                          }
   11.837358 |   2) + 13.147 us   |                        }
   11.837358 |   2) + 63.440 us   |                      }
   11.837358 |   2) + 94.097 us   |                    }
   11.837359 |   2) + 94.731 us   |                  }
   11.837359 |   2) + 95.040 us   |                }
   11.837359 |   2) + 95.725 us   |              }
   11.837359 |   2)   0.412 us    |              filemap_get_read_batch();
   11.837360 |   2)               |              _raw_spin_lock_irq() {
   11.837360 |   2)   0.125 us    |                preempt_count_add();
   11.837361 |   2)   0.414 us    |              }
   11.837361 |   2)               |              _raw_spin_unlock_irq() {
   11.837361 |   2)   0.127 us    |                preempt_count_sub();
   11.837361 |   2)   0.412 us    |              }
   11.837433 |   2)   0.470 us    |              filemap_get_read_batch();
   11.837434 |   2) ! 171.182 us  |            }
   11.837434 |   2)   0.153 us    |            folio_mark_accessed();
   11.837435 |   2) ! 172.818 us  |          }
   11.837435 |   2) ! 173.093 us  |        }
   11.837435 |   2) ! 173.977 us  |      }
   11.837435 |   2) ! 174.702 us  |    }
   11.837436 |   2) ! 175.080 us  |  }
   11.837438 |   2)               |  __x64_sys_read() {
   11.837439 |   2)               |    ksys_read() {
   11.837439 |   2)   0.166 us    |      fdget_pos();
   11.837439 |   2)               |      vfs_read() {
   11.837439 |   2)   0.262 us    |        rw_verify_area();
   11.837440 |   2)               |        erofs_file_read_iter() {
   11.837440 |   2)               |          filemap_read() {
   11.837440 |   2)               |            filemap_get_pages() {
   11.837440 |   2)   0.478 us    |              filemap_get_read_batch();
   11.837441 |   2)               |              filemap_readahead.isra.0() {
   11.837441 |   2)               |                page_cache_async_ra() {
   11.837441 |   2)   0.204 us    |                  inode_to_bdi();
   11.837442 |   2)               |                  page_cache_ra_order() {
   11.837442 |   2)               |                    do_page_cache_ra() {
   11.837442 |   2)               |                      page_cache_ra_unbounded() {
   11.837442 |   2)               |                        filemap_alloc_folio_noprof() {
   11.837442 |   2)               |                          folio_alloc_noprof() {
   11.837443 |   2)               |                            alloc_pages_mpol() {
   11.837443 |   2)   0.124 us    |                              policy_nodemask();
   11.837443 |   2)               |                              __alloc_frozen_pages_noprof() {
   11.837443 |   2)               |                                get_page_from_freelist() {
   11.837443 |   2)   0.125 us    |                                  preempt_count_add();
   11.837444 |   2)               |                                  _raw_spin_trylock() {
   11.837444 |   2)   0.123 us    |                                    preempt_count_add();
   11.837444 |   2)   0.390 us    |                                  }
   11.837444 |   2)               |                                  _raw_spin_unlock() {
   11.837444 |   2)   0.132 us    |                                    preempt_count_sub();
   11.837445 |   2)   0.399 us    |                                  }
   11.837445 |   2)   0.132 us    |                                  preempt_count_sub();
   11.837445 |   2)   1.903 us    |                                }
   11.837445 |   2)   2.214 us    |                              }
   11.837445 |   2)   2.763 us    |                            }
   11.837445 |   2)   3.031 us    |                          }
   11.837446 |   2)   3.302 us    |                        }
   11.837446 |   2)               |                        filemap_add_folio() {
   11.837446 |   2)               |                          __filemap_add_folio() {
   11.837446 |   2)   0.123 us    |                            shmem_mapping();
   11.837446 |   2)               |                            _raw_spin_lock_irq() {
   11.837446 |   2)   0.128 us    |                              preempt_count_add();
   11.837447 |   2)   0.403 us    |                            }
   11.837447 |   2)   0.127 us    |                            workingset_update_node();
   11.837447 |   2)   0.132 us    |                            mod_node_page_state();
   11.837447 |   2)               |                            _raw_spin_unlock_irq() {
   11.837448 |   2)   0.125 us    |                              preempt_count_sub();
   11.837448 |   2)   0.399 us    |                            }
   11.837448 |   2)   2.100 us    |                          }
   11.837448 |   2)               |                          folio_add_lru() {
   11.837448 |   2)               |                            __folio_batch_add_and_move() {
   11.837448 |   2)   0.125 us    |                              preempt_count_add();
   11.837449 |   2)   0.127 us    |                              preempt_count_sub();
   11.837449 |   2)   0.664 us    |                            }
   11.837449 |   2)   0.918 us    |                          }
   11.837449 |   2)   3.426 us    |                        }
   11.837450 |   2)               |                        filemap_alloc_folio_noprof() {
   11.837450 |   2)               |                          folio_alloc_noprof() {
   11.837450 |   2)               |                            alloc_pages_mpol() {
   11.837450 |   2)   0.122 us    |                              policy_nodemask();
   11.837450 |   2)               |                              __alloc_frozen_pages_noprof() {
   11.837450 |   2)               |                                get_page_from_freelist() {
   11.837450 |   2)   0.124 us    |                                  preempt_count_add();
   11.837451 |   2)               |                                  _raw_spin_trylock() {
   11.837451 |   2)   0.124 us    |                                    preempt_count_add();
   11.837451 |   2)   0.387 us    |                                  }
   11.837451 |   2)               |                                  _raw_spin_unlock() {
   11.837451 |   2)   0.133 us    |                                    preempt_count_sub();
   11.837452 |   2)   0.480 us    |                                  }
   11.837452 |   2)   0.126 us    |                                  preempt_count_sub();
   11.837452 |   2)   1.845 us    |                                }
   11.837452 |   2)   2.113 us    |                              }
   11.837452 |   2)   2.635 us    |                            }
   11.837453 |   2)   2.894 us    |                          }
   11.837453 |   2)   3.144 us    |                        }
   11.837453 |   2)               |                        filemap_add_folio() {
   11.837453 |   2)               |                          __filemap_add_folio() {
   11.837453 |   2)   0.122 us    |                            shmem_mapping();
   11.837453 |   2)               |                            _raw_spin_lock_irq() {
   11.837453 |   2)   0.125 us    |                              preempt_count_add();
   11.837454 |   2)   0.397 us    |                            }
   11.837454 |   2)   0.125 us    |                            workingset_update_node();
   11.837454 |   2)   0.126 us    |                            mod_node_page_state();
   11.837454 |   2)               |                            _raw_spin_unlock_irq() {
   11.837455 |   2)   0.128 us    |                              preempt_count_sub();
   11.837455 |   2)   0.400 us    |                            }
   11.837455 |   2)   2.070 us    |                          }
   11.837455 |   2)               |                          folio_add_lru() {
   11.837455 |   2)               |                            __folio_batch_add_and_move() {
   11.837455 |   2)   0.126 us    |                              preempt_count_add();
   11.837456 |   2)   0.126 us    |                              preempt_count_sub();
   11.837456 |   2)   0.667 us    |                            }
   11.837456 |   2)   0.919 us    |                          }
   11.837456 |   2)   3.391 us    |                        }
   11.837457 |   2)               |                        filemap_alloc_folio_noprof() {
   11.837457 |   2)               |                          folio_alloc_noprof() {
   11.837457 |   2)               |                            alloc_pages_mpol() {
   11.837457 |   2)   0.125 us    |                              policy_nodemask();
   11.837457 |   2)               |                              __alloc_frozen_pages_noprof() {
   11.837457 |   2)               |                                get_page_from_freelist() {
   11.837457 |   2)   0.125 us    |                                  preempt_count_add();
   11.837458 |   2)               |                                  _raw_spin_trylock() {
   11.837458 |   2)   0.124 us    |                                    preempt_count_add();
   11.837458 |   2)   0.417 us    |                                  }
   11.837458 |   2)               |                                  _raw_spin_unlock() {
   11.837458 |   2)   0.123 us    |                                    preempt_count_sub();
   11.837459 |   2)   0.404 us    |                                  }
   11.837459 |   2)   0.124 us    |                                  preempt_count_sub();
   11.837459 |   2)   1.785 us    |                                }
   11.837459 |   2)   2.056 us    |                              }
   11.837459 |   2)   2.609 us    |                            }
   11.837460 |   2)   2.861 us    |                          }
   11.837460 |   2)   3.110 us    |                        }
   11.837460 |   2)               |                        filemap_add_folio() {
   11.837460 |   2)               |                          __filemap_add_folio() {
   11.837460 |   2)   0.122 us    |                            shmem_mapping();
   11.837460 |   2)               |                            _raw_spin_lock_irq() {
   11.837460 |   2)   0.126 us    |                              preempt_count_add();
   11.837461 |   2)   0.400 us    |                            }
   11.837461 |   2)   0.123 us    |                            workingset_update_node();
   11.837461 |   2)   0.127 us    |                            mod_node_page_state();
   11.837461 |   2)               |                            _raw_spin_unlock_irq() {
   11.837462 |   2)   0.127 us    |                              preempt_count_sub();
   11.837462 |   2)   0.402 us    |                            }
   11.837462 |   2)   2.041 us    |                          }
   11.837462 |   2)               |                          folio_add_lru() {
   11.837462 |   2)               |                            __folio_batch_add_and_move() {
   11.837462 |   2)   0.126 us    |                              preempt_count_add();
   11.837463 |   2)   0.128 us    |                              preempt_count_sub();
   11.837463 |   2)   0.665 us    |                            }
   11.837463 |   2)   0.916 us    |                          }
   11.837463 |   2)   3.359 us    |                        }
   11.837463 |   2)               |                        filemap_alloc_folio_noprof() {
   11.837464 |   2)               |                          folio_alloc_noprof() {
   11.837464 |   2)               |                            alloc_pages_mpol() {
   11.837464 |   2)   0.123 us    |                              policy_nodemask();
   11.837464 |   2)               |                              __alloc_frozen_pages_noprof() {
   11.837464 |   2)               |                                get_page_from_freelist() {
   11.837464 |   2)   0.123 us    |                                  preempt_count_add();
   11.837465 |   2)               |                                  _raw_spin_trylock() {
   11.837465 |   2)   0.130 us    |                                    preempt_count_add();
   11.837465 |   2)   0.394 us    |                                  }
   11.837465 |   2)               |                                  _raw_spin_unlock() {
   11.837465 |   2)   0.125 us    |                                    preempt_count_sub();
   11.837466 |   2)   0.471 us    |                                  }
   11.837466 |   2)   0.140 us    |                                  preempt_count_sub();
   11.837466 |   2)   1.932 us    |                                }
   11.837466 |   2)   2.204 us    |                              }
   11.837466 |   2)   2.729 us    |                            }
   11.837467 |   2)   2.980 us    |                          }
   11.837467 |   2)   3.230 us    |                        }
   11.837467 |   2)               |                        filemap_add_folio() {
   11.837467 |   2)               |                          __filemap_add_folio() {
   11.837467 |   2)   0.125 us    |                            shmem_mapping();
   11.837467 |   2)               |                            _raw_spin_lock_irq() {
   11.837467 |   2)   0.125 us    |                              preempt_count_add();
   11.837468 |   2)   0.398 us    |                            }
   11.837468 |   2)   0.124 us    |                            workingset_update_node();
   11.837468 |   2)   0.123 us    |                            mod_node_page_state();
   11.837468 |   2)               |                            _raw_spin_unlock_irq() {
   11.837469 |   2)   0.125 us    |                              preempt_count_sub();
   11.837469 |   2)   0.399 us    |                            }
   11.837469 |   2)   2.053 us    |                          }
   11.837469 |   2)               |                          folio_add_lru() {
   11.837469 |   2)               |                            __folio_batch_add_and_move() {
   11.837469 |   2)   0.124 us    |                              preempt_count_add();
   11.837470 |   2)   0.124 us    |                              preempt_count_sub();
   11.837470 |   2)   0.662 us    |                            }
   11.837470 |   2)   0.910 us    |                          }
   11.837470 |   2)   3.362 us    |                        }
   11.837471 |   2)               |                        filemap_alloc_folio_noprof() {
   11.837471 |   2)               |                          folio_alloc_noprof() {
   11.837471 |   2)               |                            alloc_pages_mpol() {
   11.837471 |   2)   0.125 us    |                              policy_nodemask();
   11.837471 |   2)               |                              __alloc_frozen_pages_noprof() {
   11.837471 |   2)               |                                get_page_from_freelist() {
   11.837471 |   2)   0.124 us    |                                  preempt_count_add();
   11.837472 |   2)               |                                  _raw_spin_trylock() {
   11.837472 |   2)   0.123 us    |                                    preempt_count_add();
   11.837472 |   2)   0.387 us    |                                  }
   11.837472 |   2)               |                                  _raw_spin_unlock() {
   11.837472 |   2)   0.126 us    |                                    preempt_count_sub();
   11.837473 |   2)   0.472 us    |                                  }
   11.837473 |   2)   0.126 us    |                                  preempt_count_sub();
   11.837473 |   2)   1.829 us    |                                }
   11.837473 |   2)   2.100 us    |                              }
   11.837473 |   2)   2.621 us    |                            }
   11.837474 |   2)   2.872 us    |                          }
   11.837474 |   2)   3.123 us    |                        }
   11.837474 |   2)               |                        filemap_add_folio() {
   11.837474 |   2)               |                          __filemap_add_folio() {
   11.837474 |   2)   0.121 us    |                            shmem_mapping();
   11.837474 |   2)               |                            _raw_spin_lock_irq() {
   11.837474 |   2)   0.124 us    |                              preempt_count_add();
   11.837475 |   2)   0.397 us    |                            }
   11.837475 |   2)   0.123 us    |                            workingset_update_node();
   11.837475 |   2)   0.126 us    |                            mod_node_page_state();
   11.837475 |   2)               |                            _raw_spin_unlock_irq() {
   11.837476 |   2)   0.125 us    |                              preempt_count_sub();
   11.837476 |   2)   0.398 us    |                            }
   11.837476 |   2)   2.023 us    |                          }
   11.837476 |   2)               |                          folio_add_lru() {
   11.837476 |   2)               |                            __folio_batch_add_and_move() {
   11.837476 |   2)   0.125 us    |                              preempt_count_add();
   11.837477 |   2)   0.127 us    |                              preempt_count_sub();
   11.837477 |   2)   0.659 us    |                            }
   11.837477 |   2)   0.908 us    |                          }
   11.837477 |   2)   3.329 us    |                        }
   11.837477 |   2)               |                        filemap_alloc_folio_noprof() {
   11.837478 |   2)               |                          folio_alloc_noprof() {
   11.837478 |   2)               |                            alloc_pages_mpol() {
   11.837478 |   2)   0.124 us    |                              policy_nodemask();
   11.837478 |   2)               |                              __alloc_frozen_pages_noprof() {
   11.837478 |   2)               |                                get_page_from_freelist() {
   11.837478 |   2)   0.129 us    |                                  preempt_count_add();
   11.837479 |   2)               |                                  _raw_spin_trylock() {
   11.837479 |   2)   0.124 us    |                                    preempt_count_add();
   11.837479 |   2)   0.391 us    |                                  }
   11.837479 |   2)               |                                  _raw_spin_unlock() {
   11.837479 |   2)   0.124 us    |                                    preempt_count_sub();
   11.837480 |   2)   0.387 us    |                                  }
   11.837480 |   2)   0.127 us    |                                  preempt_count_sub();
   11.837480 |   2)   1.897 us    |                                }
   11.837480 |   2)   2.170 us    |                              }
   11.837480 |   2)   2.692 us    |                            }
   11.837480 |   2)   2.943 us    |                          }
   11.837481 |   2)   3.193 us    |                        }
   11.837481 |   2)               |                        filemap_add_folio() {
   11.837481 |   2)               |                          __filemap_add_folio() {
   11.837481 |   2)   0.125 us    |                            shmem_mapping();
   11.837481 |   2)               |                            _raw_spin_lock_irq() {
   11.837481 |   2)   0.126 us    |                              preempt_count_add();
   11.837482 |   2)   0.398 us    |                            }
   11.837482 |   2)   0.126 us    |                            workingset_update_node();
   11.837482 |   2)   0.125 us    |                            mod_node_page_state();
   11.837482 |   2)               |                            _raw_spin_unlock_irq() {
   11.837483 |   2)   0.127 us    |                              preempt_count_sub();
   11.837483 |   2)   0.398 us    |                            }
   11.837483 |   2)   2.034 us    |                          }
   11.837483 |   2)               |                          folio_add_lru() {
   11.837483 |   2)               |                            __folio_batch_add_and_move() {
   11.837483 |   2)   0.127 us    |                              preempt_count_add();
   11.837484 |   2)   0.127 us    |                              preempt_count_sub();
   11.837484 |   2)   0.680 us    |                            }
   11.837484 |   2)   0.929 us    |                          }
   11.837484 |   2)   3.388 us    |                        }
   11.837484 |   2)               |                        filemap_alloc_folio_noprof() {
   11.837485 |   2)               |                          folio_alloc_noprof() {
   11.837485 |   2)               |                            alloc_pages_mpol() {
   11.837485 |   2)   0.125 us    |                              policy_nodemask();
   11.837485 |   2)               |                              __alloc_frozen_pages_noprof() {
   11.837485 |   2)               |                                get_page_from_freelist() {
   11.837485 |   2)   0.128 us    |                                  preempt_count_add();
   11.837486 |   2)               |                                  _raw_spin_trylock() {
   11.837486 |   2)   0.124 us    |                                    preempt_count_add();
   11.837486 |   2)   0.389 us    |                                  }
   11.837486 |   2)               |                                  _raw_spin_unlock() {
   11.837486 |   2)   0.129 us    |                                    preempt_count_sub();
   11.837487 |   2)   0.418 us    |                                  }
   11.837487 |   2)   0.127 us    |                                  preempt_count_sub();
   11.837487 |   2)   1.765 us    |                                }
   11.837487 |   2)   2.040 us    |                              }
   11.837487 |   2)   2.566 us    |                            }
   11.837487 |   2)   2.817 us    |                          }
   11.837488 |   2)   3.067 us    |                        }
   11.837488 |   2)               |                        filemap_add_folio() {
   11.837488 |   2)               |                          __filemap_add_folio() {
   11.837488 |   2)   0.125 us    |                            shmem_mapping();
   11.837488 |   2)               |                            _raw_spin_lock_irq() {
   11.837488 |   2)   0.127 us    |                              preempt_count_add();
   11.837489 |   2)   0.399 us    |                            }
   11.837489 |   2)   0.127 us    |                            workingset_update_node();
   11.837489 |   2)   0.126 us    |                            mod_node_page_state();
   11.837489 |   2)               |                            _raw_spin_unlock_irq() {
   11.837489 |   2)   0.128 us    |                              preempt_count_sub();
   11.837490 |   2)   0.396 us    |                            }
   11.837490 |   2)   2.035 us    |                          }
   11.837490 |   2)               |                          folio_add_lru() {
   11.837490 |   2)               |                            __folio_batch_add_and_move() {
   11.837490 |   2)   0.126 us    |                              preempt_count_add();
   11.837490 |   2)   0.127 us    |                              preempt_count_sub();
   11.837491 |   2)   0.668 us    |                            }
   11.837491 |   2)   0.914 us    |                          }
   11.837491 |   2)   3.351 us    |                        }
   11.837491 |   2)               |                        filemap_alloc_folio_noprof() {
   11.837491 |   2)               |                          folio_alloc_noprof() {
   11.837492 |   2)               |                            alloc_pages_mpol() {
   11.837492 |   2)   0.125 us    |                              policy_nodemask();
   11.837492 |   2)               |                              __alloc_frozen_pages_noprof() {
   11.837492 |   2)               |                                get_page_from_freelist() {
   11.837492 |   2)   0.128 us    |                                  preempt_count_add();
   11.837493 |   2)               |                                  _raw_spin_trylock() {
   11.837493 |   2)   0.126 us    |                                    preempt_count_add();
   11.837493 |   2)   0.390 us    |                                  }
   11.837493 |   2)               |                                  _raw_spin_unlock() {
   11.837493 |   2)   0.125 us    |                                    preempt_count_sub();
   11.837493 |   2)   0.390 us    |                                  }
   11.837494 |   2)   0.127 us    |                                  preempt_count_sub();
   11.837494 |   2)   1.771 us    |                                }
   11.837494 |   2)   2.123 us    |                              }
   11.837494 |   2)   2.647 us    |                            }
   11.837494 |   2)   2.900 us    |                          }
   11.837495 |   2)   3.150 us    |                        }
   11.837495 |   2)               |                        filemap_add_folio() {
   11.837495 |   2)               |                          __filemap_add_folio() {
   11.837495 |   2)   0.125 us    |                            shmem_mapping();
   11.837495 |   2)               |                            _raw_spin_lock_irq() {
   11.837495 |   2)   0.126 us    |                              preempt_count_add();
   11.837496 |   2)   0.397 us    |                            }
   11.837496 |   2)   0.126 us    |                            workingset_update_node();
   11.837496 |   2)   0.127 us    |                            mod_node_page_state();
   11.837496 |   2)               |                            _raw_spin_unlock_irq() {
   11.837496 |   2)   0.128 us    |                              preempt_count_sub();
   11.837497 |   2)   0.398 us    |                            }
   11.837497 |   2)   2.057 us    |                          }
   11.837497 |   2)               |                          folio_add_lru() {
   11.837497 |   2)               |                            __folio_batch_add_and_move() {
   11.837497 |   2)   0.127 us    |                              preempt_count_add();
   11.837497 |   2)   0.128 us    |                              preempt_count_sub();
   11.837498 |   2)   0.668 us    |                            }
   11.837498 |   2)   0.915 us    |                          }
   11.837498 |   2)   3.371 us    |                        }
   11.837498 |   2)               |                        filemap_alloc_folio_noprof() {
   11.837498 |   2)               |                          folio_alloc_noprof() {
   11.837499 |   2)               |                            alloc_pages_mpol() {
   11.837499 |   2)   0.127 us    |                              policy_nodemask();
   11.837499 |   2)               |                              __alloc_frozen_pages_noprof() {
   11.837499 |   2)               |                                get_page_from_freelist() {
   11.837499 |   2)   0.127 us    |                                  preempt_count_add();
   11.837500 |   2)               |                                  _raw_spin_trylock() {
   11.837500 |   2)   0.124 us    |                                    preempt_count_add();
   11.837500 |   2)   0.388 us    |                                  }
   11.837500 |   2)               |                                  _raw_spin_unlock() {
   11.837500 |   2)   0.125 us    |                                    preempt_count_sub();
   11.837500 |   2)   0.390 us    |                                  }
   11.837501 |   2)   0.127 us    |                                  preempt_count_sub();
   11.837501 |   2)   1.773 us    |                                }
   11.837501 |   2)   2.068 us    |                              }
   11.837501 |   2)   2.594 us    |                            }
   11.837501 |   2)   2.842 us    |                          }
   11.837501 |   2)   3.093 us    |                        }
   11.837502 |   2)               |                        filemap_add_folio() {
   11.837502 |   2)               |                          __filemap_add_folio() {
   11.837502 |   2)   0.127 us    |                            shmem_mapping();
   11.837502 |   2)               |                            _raw_spin_lock_irq() {
   11.837502 |   2)   0.127 us    |                              preempt_count_add();
   11.837502 |   2)   0.397 us    |                            }
   11.837503 |   2)   0.125 us    |                            workingset_update_node();
   11.837503 |   2)   0.126 us    |                            mod_node_page_state();
   11.837503 |   2)               |                            _raw_spin_unlock_irq() {
   11.837503 |   2)   0.128 us    |                              preempt_count_sub();
   11.837504 |   2)   0.396 us    |                            }
   11.837504 |   2)   2.053 us    |                          }
   11.837504 |   2)               |                          folio_add_lru() {
   11.837504 |   2)               |                            __folio_batch_add_and_move() {
   11.837504 |   2)   0.126 us    |                              preempt_count_add();
   11.837504 |   2)   0.127 us    |                              preempt_count_sub();
   11.837505 |   2)   0.665 us    |                            }
   11.837505 |   2)   0.912 us    |                          }
   11.837505 |   2)   3.360 us    |                        }
   11.837505 |   2)               |                        filemap_alloc_folio_noprof() {
   11.837505 |   2)               |                          folio_alloc_noprof() {
   11.837506 |   2)               |                            alloc_pages_mpol() {
   11.837506 |   2)   0.124 us    |                              policy_nodemask();
   11.837506 |   2)               |                              __alloc_frozen_pages_noprof() {
   11.837506 |   2)               |                                get_page_from_freelist() {
   11.837506 |   2)   0.127 us    |                                  preempt_count_add();
   11.837506 |   2)               |                                  _raw_spin_trylock() {
   11.837507 |   2)   0.124 us    |                                    preempt_count_add();
   11.837507 |   2)   0.388 us    |                                  }
   11.837507 |   2)               |                                  _raw_spin_unlock() {
   11.837507 |   2)   0.125 us    |                                    preempt_count_sub();
   11.837507 |   2)   0.388 us    |                                  }
   11.837508 |   2)   0.127 us    |                                  preempt_count_sub();
   11.837508 |   2)   1.732 us    |                                }
   11.837508 |   2)   2.024 us    |                              }
   11.837508 |   2)   2.618 us    |                            }
   11.837508 |   2)   2.867 us    |                          }
   11.837508 |   2)   3.119 us    |                        }
   11.837509 |   2)               |                        filemap_add_folio() {
   11.837509 |   2)               |                          __filemap_add_folio() {
   11.837509 |   2)   0.126 us    |                            shmem_mapping();
   11.837509 |   2)               |                            _raw_spin_lock_irq() {
   11.837509 |   2)   0.129 us    |                              preempt_count_add();
   11.837509 |   2)   0.439 us    |                            }
   11.837510 |   2)   0.125 us    |                            workingset_update_node();
   11.837510 |   2)   0.127 us    |                            mod_node_page_state();
   11.837510 |   2)               |                            _raw_spin_unlock_irq() {
   11.837510 |   2)   0.128 us    |                              preempt_count_sub();
   11.837511 |   2)   0.398 us    |                            }
   11.837511 |   2)   2.079 us    |                          }
   11.837511 |   2)               |                          folio_add_lru() {
   11.837511 |   2)               |                            __folio_batch_add_and_move() {
   11.837511 |   2)   0.131 us    |                              preempt_count_add();
   11.837511 |   2)               |                              folio_batch_move_lru() {
   11.837512 |   2)               |                                _raw_spin_lock_irqsave() {
   11.837512 |   2)   0.125 us    |                                  preempt_count_add();
   11.837512 |   2)   0.440 us    |                                }
   11.837512 |   2)               |                                lru_add() {
   11.837513 |   2)   0.144 us    |                                  folio_mapping();
   11.837513 |   2)   0.128 us    |                                  mod_node_page_state();
   11.837513 |   2)   0.127 us    |                                  __mod_zone_page_state();
   11.837514 |   2)   1.291 us    |                                }
   11.837514 |   2)               |                                lru_add() {
   11.837514 |   2)   0.125 us    |                                  folio_mapping();
   11.837514 |   2)   0.129 us    |                                  mod_node_page_state();
   11.837515 |   2)   0.126 us    |                                  __mod_zone_page_state();
   11.837515 |   2)   1.114 us    |                                }
   11.837515 |   2)               |                                lru_add() {
   11.837515 |   2)   0.126 us    |                                  folio_mapping();
   11.837516 |   2)   0.129 us    |                                  mod_node_page_state();
   11.837516 |   2)   0.127 us    |                                  __mod_zone_page_state();
   11.837516 |   2)   1.116 us    |                                }
   11.837517 |   2)               |                                lru_add() {
   11.837517 |   2)   0.127 us    |                                  folio_mapping();
   11.837517 |   2)   0.126 us    |                                  mod_node_page_state();
   11.837517 |   2)   0.125 us    |                                  __mod_zone_page_state();
   11.837518 |   2)   1.103 us    |                                }
   11.837518 |   2)               |                                lru_add() {
   11.837518 |   2)   0.147 us    |                                  folio_mapping();
   11.837519 |   2)   0.127 us    |                                  mod_node_page_state();
   11.837519 |   2)   0.127 us    |                                  __mod_zone_page_state();
   11.837519 |   2)   1.189 us    |                                }
   11.837519 |   2)               |                                lru_add() {
   11.837519 |   2)   0.141 us    |                                  folio_mapping();
   11.837520 |   2)   0.127 us    |                                  mod_node_page_state();
   11.837520 |   2)   0.126 us    |                                  __mod_zone_page_state();
   11.837520 |   2)   1.146 us    |                                }
   11.837521 |   2)               |                                lru_add() {
   11.837521 |   2)   0.138 us    |                                  folio_mapping();
   11.837521 |   2)   0.126 us    |                                  mod_node_page_state();
   11.837521 |   2)   0.125 us    |                                  __mod_zone_page_state();
   11.837522 |   2)   1.124 us    |                                }
   11.837522 |   2)               |                                lru_add() {
   11.837522 |   2)   0.138 us    |                                  folio_mapping();
   11.837523 |   2)   0.127 us    |                                  mod_node_page_state();
   11.837523 |   2)   0.127 us    |                                  __mod_zone_page_state();
   11.837523 |   2)   1.117 us    |                                }
   11.837523 |   2)               |                                lru_add() {
   11.837524 |   2)   0.127 us    |                                  folio_mapping();
   11.837524 |   2)   0.129 us    |                                  mod_node_page_state();
   11.837524 |   2)   0.127 us    |                                  __mod_zone_page_state();
   11.837524 |   2)   1.144 us    |                                }
   11.837525 |   2)               |                                lru_add() {
   11.837525 |   2)   0.136 us    |                                  folio_mapping();
   11.837525 |   2)   0.127 us    |                                  mod_node_page_state();
   11.837526 |   2)   0.125 us    |                                  __mod_zone_page_state();
   11.837526 |   2)   1.183 us    |                                }
   11.837526 |   2)               |                                lru_add() {
   11.837526 |   2)   0.127 us    |                                  folio_mapping();
   11.837527 |   2)   0.127 us    |                                  mod_node_page_state();
   11.837527 |   2)   0.125 us    |                                  __mod_zone_page_state();
   11.837527 |   2)   1.117 us    |                                }
   11.837528 |   2)               |                                lru_add() {
   11.837528 |   2)   0.127 us    |                                  folio_mapping();
   11.837528 |   2)   0.126 us    |                                  mod_node_page_state();
   11.837528 |   2)   0.127 us    |                                  __mod_zone_page_state();
   11.837529 |   2)   1.106 us    |                                }
   11.837529 |   2)               |                                lru_add() {
   11.837529 |   2)   0.125 us    |                                  folio_mapping();
   11.837529 |   2)   0.126 us    |                                  mod_node_page_state();
   11.837530 |   2)   0.123 us    |                                  __mod_zone_page_state();
   11.837530 |   2)   1.103 us    |                                }
   11.837530 |   2)               |                                lru_add() {
   11.837530 |   2)   0.135 us    |                                  folio_mapping();
   11.837531 |   2)   0.128 us    |                                  mod_node_page_state();
   11.837531 |   2)   0.126 us    |                                  __mod_zone_page_state();
   11.837531 |   2)   1.140 us    |                                }
   11.837532 |   2)               |                                lru_add() {
   11.837532 |   2)   0.135 us    |                                  folio_mapping();
   11.837532 |   2)   0.128 us    |                                  mod_node_page_state();
   11.837532 |   2)   0.124 us    |                                  __mod_zone_page_state();
   11.837533 |   2)   1.135 us    |                                }
   11.837533 |   2)               |                                lru_add() {
   11.837533 |   2)   0.139 us    |                                  folio_mapping();
   11.837533 |   2)   0.126 us    |                                  mod_node_page_state();
   11.837534 |   2)   0.125 us    |                                  __mod_zone_page_state();
   11.837534 |   2)   1.153 us    |                                }
   11.837534 |   2)               |                                lru_add() {
   11.837534 |   2)   0.137 us    |                                  folio_mapping();
   11.837535 |   2)   0.127 us    |                                  mod_node_page_state();
   11.837535 |   2)   0.126 us    |                                  __mod_zone_page_state();
   11.837535 |   2)   1.134 us    |                                }
   11.837535 |   2)               |                                lru_add() {
   11.837536 |   2)   0.126 us    |                                  folio_mapping();
   11.837536 |   2)   0.128 us    |                                  mod_node_page_state();
   11.837536 |   2)   0.126 us    |                                  __mod_zone_page_state();
   11.837537 |   2)   1.101 us    |                                }
   11.837537 |   2)               |                                lru_add() {
   11.837537 |   2)   0.126 us    |                                  folio_mapping();
   11.837537 |   2)   0.281 us    |                                  mod_node_page_state();
   11.837538 |   2)   0.279 us    |                                  __mod_zone_page_state();
   11.837538 |   2)   1.410 us    |                                }
   11.837538 |   2)               |                                lru_add() {
   11.837539 |   2)   0.125 us    |                                  folio_mapping();
   11.837539 |   2)   0.144 us    |                                  mod_node_page_state();
   11.837539 |   2)   0.136 us    |                                  __mod_zone_page_state();
   11.837540 |   2)   1.129 us    |                                }
   11.837540 |   2)               |                                lru_add() {
   11.837540 |   2)   0.126 us    |                                  folio_mapping();
   11.837540 |   2)   0.125 us    |                                  mod_node_page_state();
   11.837541 |   2)   0.125 us    |                                  __mod_zone_page_state();
   11.837541 |   2)   1.098 us    |                                }
   11.837541 |   2)               |                                lru_add() {
   11.837541 |   2)   0.127 us    |                                  folio_mapping();
   11.837542 |   2)   0.129 us    |                                  mod_node_page_state();
   11.837542 |   2)   0.126 us    |                                  __mod_zone_page_state();
   11.837542 |   2)   1.170 us    |                                }
   11.837542 |   2)               |                                lru_add() {
   11.837543 |   2)   0.126 us    |                                  folio_mapping();
   11.837543 |   2)   0.126 us    |                                  mod_node_page_state();
   11.837543 |   2)   0.126 us    |                                  __mod_zone_page_state();
   11.837543 |   2)   1.121 us    |                                }
   11.837544 |   2)               |                                lru_add() {
   11.837544 |   2)   0.127 us    |                                  folio_mapping();
   11.837544 |   2)   0.126 us    |                                  mod_node_page_state();
   11.837544 |   2)   0.126 us    |                                  __mod_zone_page_state();
   11.837545 |   2)   1.104 us    |                                }
   11.837545 |   2)               |                                lru_add() {
   11.837545 |   2)   0.126 us    |                                  folio_mapping();
   11.837545 |   2)   0.125 us    |                                  mod_node_page_state();
   11.837546 |   2)   0.124 us    |                                  __mod_zone_page_state();
   11.837546 |   2)   1.100 us    |                                }
   11.837546 |   2)               |                                lru_add() {
   11.837546 |   2)   0.127 us    |                                  folio_mapping();
   11.837547 |   2)   0.126 us    |                                  mod_node_page_state();
   11.837547 |   2)   0.126 us    |                                  __mod_zone_page_state();
   11.837547 |   2)   1.100 us    |                                }
   11.837547 |   2)               |                                lru_add() {
   11.837548 |   2)   0.126 us    |                                  folio_mapping();
   11.837548 |   2)   0.127 us    |                                  mod_node_page_state();
   11.837548 |   2)   0.127 us    |                                  __mod_zone_page_state();
   11.837549 |   2)   1.104 us    |                                }
   11.837549 |   2)               |                                lru_add() {
   11.837549 |   2)   0.126 us    |                                  folio_mapping();
   11.837549 |   2)   0.127 us    |                                  mod_node_page_state();
   11.837550 |   2)   0.126 us    |                                  __mod_zone_page_state();
   11.837550 |   2)   1.129 us    |                                }
   11.837550 |   2)               |                                lru_add() {
   11.837550 |   2)   0.126 us    |                                  folio_mapping();
   11.837551 |   2)   0.128 us    |                                  mod_node_page_state();
   11.837551 |   2)   0.126 us    |                                  __mod_zone_page_state();
   11.837551 |   2)   1.127 us    |                                }
   11.837551 |   2)               |                                lru_add() {
   11.837552 |   2)   0.127 us    |                                  folio_mapping();
   11.837552 |   2)   0.126 us    |                                  mod_node_page_state();
   11.837552 |   2)   0.125 us    |                                  __mod_zone_page_state();
   11.837552 |   2)   1.105 us    |                                }
   11.837553 |   2)               |                                lru_add() {
   11.837553 |   2)   0.125 us    |                                  folio_mapping();
   11.837553 |   2)   0.128 us    |                                  mod_node_page_state();
   11.837553 |   2)   0.126 us    |                                  __mod_zone_page_state();
   11.837554 |   2)   1.103 us    |                                }
   11.837554 |   2)               |                                _raw_spin_unlock_irqrestore() {
   11.837554 |   2)   0.127 us    |                                  preempt_count_sub();
   11.837554 |   2)   0.422 us    |                                }
   11.837555 |   2)   0.144 us    |                                free_unref_folios();
   11.837555 |   2)   0.334 us    |                                folios_put_refs();
   11.837555 |   2) + 43.835 us   |                              }
   11.837555 |   2)   0.140 us    |                              preempt_count_sub();
   11.837556 |   2) + 44.722 us   |                            }
   11.837556 |   2) + 44.996 us   |                          }
   11.837556 |   2) + 47.472 us   |                        }
   11.837556 |   2)               |                        filemap_alloc_folio_noprof() {
   11.837556 |   2)               |                          folio_alloc_noprof() {
   11.837557 |   2)               |                            alloc_pages_mpol() {
   11.837557 |   2)   0.126 us    |                              policy_nodemask();
   11.837557 |   2)               |                              __alloc_frozen_pages_noprof() {
   11.837557 |   2)               |                                get_page_from_freelist() {
   11.837557 |   2)   0.127 us    |                                  preempt_count_add();
   11.837558 |   2)               |                                  _raw_spin_trylock() {
   11.837558 |   2)   0.130 us    |                                    preempt_count_add();
   11.837558 |   2)   0.392 us    |                                  }
   11.837558 |   2)               |                                  _raw_spin_unlock() {
   11.837558 |   2)   0.191 us    |                                    preempt_count_sub();
   11.837559 |   2)   0.457 us    |                                  }
   11.837559 |   2)   0.142 us    |                                  preempt_count_sub();
   11.837559 |   2)   1.846 us    |                                }
   11.837559 |   2)   2.124 us    |                              }
   11.837559 |   2)   2.689 us    |                            }
   11.837559 |   2)   2.950 us    |                          }
   11.837560 |   2)   3.211 us    |                        }
   11.837560 |   2)               |                        filemap_add_folio() {
   11.837560 |   2)               |                          __filemap_add_folio() {
   11.837560 |   2)   0.123 us    |                            shmem_mapping();
   11.837560 |   2)               |                            _raw_spin_lock_irq() {
   11.837560 |   2)   0.128 us    |                              preempt_count_add();
   11.837561 |   2)   0.436 us    |                            }
   11.837561 |   2)   0.126 us    |                            workingset_update_node();
   11.837561 |   2)   0.126 us    |                            mod_node_page_state();
   11.837561 |   2)               |                            _raw_spin_unlock_irq() {
   11.837561 |   2)   0.128 us    |                              preempt_count_sub();
   11.837562 |   2)   0.398 us    |                            }
   11.837562 |   2)   2.090 us    |                          }
   11.837562 |   2)               |                          folio_add_lru() {
   11.837562 |   2)               |                            __folio_batch_add_and_move() {
   11.837562 |   2)   0.130 us    |                              preempt_count_add();
   11.837563 |   2)   0.155 us    |                              preempt_count_sub();
   11.837563 |   2)   0.746 us    |                            }
   11.837563 |   2)   0.996 us    |                          }
   11.837563 |   2)   3.506 us    |                        }
   11.837564 |   2)               |                        filemap_alloc_folio_noprof() {
   11.837564 |   2)               |                          folio_alloc_noprof() {
   11.837564 |   2)               |                            alloc_pages_mpol() {
   11.837564 |   2)   0.126 us    |                              policy_nodemask();
   11.837564 |   2)               |                              __alloc_frozen_pages_noprof() {
   11.837564 |   2)               |                                get_page_from_freelist() {
   11.837564 |   2)   0.127 us    |                                  preempt_count_add();
   11.837565 |   2)               |                                  _raw_spin_trylock() {
   11.837565 |   2)   0.125 us    |                                    preempt_count_add();
   11.837565 |   2)   0.391 us    |                                  }
   11.837565 |   2)               |                                  _raw_spin_unlock() {
   11.837565 |   2)   0.126 us    |                                    preempt_count_sub();
   11.837566 |   2)   0.416 us    |                                  }
   11.837566 |   2)   0.127 us    |                                  preempt_count_sub();
   11.837566 |   2)   1.794 us    |                                }
   11.837566 |   2)   2.064 us    |                              }
   11.837566 |   2)   2.586 us    |                            }
   11.837566 |   2)   2.836 us    |                          }
   11.837567 |   2)   3.085 us    |                        }
   11.837567 |   2)               |                        filemap_add_folio() {
   11.837567 |   2)               |                          __filemap_add_folio() {
   11.837567 |   2)   0.128 us    |                            shmem_mapping();
   11.837567 |   2)               |                            _raw_spin_lock_irq() {
   11.837567 |   2)   0.126 us    |                              preempt_count_add();
   11.837568 |   2)   0.396 us    |                            }
   11.837568 |   2)   0.125 us    |                            workingset_update_node();
   11.837568 |   2)   0.128 us    |                            mod_node_page_state();
   11.837568 |   2)               |                            _raw_spin_unlock_irq() {
   11.837568 |   2)   0.128 us    |                              preempt_count_sub();
   11.837569 |   2)   0.395 us    |                            }
   11.837569 |   2)   2.052 us    |                          }
   11.837569 |   2)               |                          folio_add_lru() {
   11.837569 |   2)               |                            __folio_batch_add_and_move() {
   11.837569 |   2)   0.127 us    |                              preempt_count_add();
   11.837570 |   2)   0.127 us    |                              preempt_count_sub();
   11.837570 |   2)   0.661 us    |                            }
   11.837570 |   2)   0.908 us    |                          }
   11.837570 |   2)   3.357 us    |                        }
   11.837570 |   2)               |                        filemap_alloc_folio_noprof() {
   11.837571 |   2)               |                          folio_alloc_noprof() {
   11.837571 |   2)               |                            alloc_pages_mpol() {
   11.837571 |   2)   0.126 us    |                              policy_nodemask();
   11.837571 |   2)               |                              __alloc_frozen_pages_noprof() {
   11.837571 |   2)               |                                get_page_from_freelist() {
   11.837571 |   2)   0.127 us    |                                  preempt_count_add();
   11.837572 |   2)               |                                  _raw_spin_trylock() {
   11.837572 |   2)   0.125 us    |                                    preempt_count_add();
   11.837572 |   2)   0.390 us    |                                  }
   11.837572 |   2)               |                                  _raw_spin_unlock() {
   11.837572 |   2)   0.125 us    |                                    preempt_count_sub();
   11.837573 |   2)   0.388 us    |                                  }
   11.837573 |   2)   0.142 us    |                                  preempt_count_sub();
   11.837573 |   2)   1.836 us    |                                }
   11.837573 |   2)   2.103 us    |                              }
   11.837573 |   2)   2.627 us    |                            }
   11.837573 |   2)   2.878 us    |                          }
   11.837574 |   2)   3.128 us    |                        }
   11.837574 |   2)               |                        filemap_add_folio() {
   11.837574 |   2)               |                          __filemap_add_folio() {
   11.837574 |   2)   0.125 us    |                            shmem_mapping();
   11.837574 |   2)               |                            _raw_spin_lock_irq() {
   11.837574 |   2)   0.127 us    |                              preempt_count_add();
   11.837575 |   2)   0.397 us    |                            }
   11.837575 |   2)   0.124 us    |                            workingset_update_node();
   11.837575 |   2)   0.125 us    |                            mod_node_page_state();
   11.837575 |   2)               |                            _raw_spin_unlock_irq() {
   11.837575 |   2)   0.128 us    |                              preempt_count_sub();
   11.837576 |   2)   0.397 us    |                            }
   11.837576 |   2)   2.029 us    |                          }
   11.837576 |   2)               |                          folio_add_lru() {
   11.837576 |   2)               |                            __folio_batch_add_and_move() {
   11.837576 |   2)   0.127 us    |                              preempt_count_add();
   11.837576 |   2)   0.127 us    |                              preempt_count_sub();
   11.837577 |   2)   0.664 us    |                            }
   11.837577 |   2)   0.913 us    |                          }
   11.837577 |   2)   3.344 us    |                        }
   11.837577 |   2)               |                        filemap_alloc_folio_noprof() {
   11.837577 |   2)               |                          folio_alloc_noprof() {
   11.837578 |   2)               |                            alloc_pages_mpol() {
   11.837578 |   2)   0.126 us    |                              policy_nodemask();
   11.837578 |   2)               |                              __alloc_frozen_pages_noprof() {
   11.837578 |   2)               |                                get_page_from_freelist() {
   11.837578 |   2)   0.128 us    |                                  preempt_count_add();
   11.837579 |   2)               |                                  _raw_spin_trylock() {
   11.837579 |   2)   0.123 us    |                                    preempt_count_add();
   11.837579 |   2)   0.390 us    |                                  }
   11.837579 |   2)               |                                  _raw_spin_unlock() {
   11.837579 |   2)   0.125 us    |                                    preempt_count_sub();
   11.837579 |   2)   0.388 us    |                                  }
   11.837580 |   2)   0.128 us    |                                  preempt_count_sub();
   11.837580 |   2)   1.760 us    |                                }
   11.837580 |   2)   2.027 us    |                              }
   11.837580 |   2)   2.576 us    |                            }
   11.837580 |   2)   2.828 us    |                          }
   11.837580 |   2)   3.078 us    |                        }
   11.837581 |   2)               |                        filemap_add_folio() {
   11.837581 |   2)               |                          __filemap_add_folio() {
   11.837581 |   2)   0.124 us    |                            shmem_mapping();
   11.837581 |   2)               |                            _raw_spin_lock_irq() {
   11.837581 |   2)   0.128 us    |                              preempt_count_add();
   11.837581 |   2)   0.399 us    |                            }
   11.837582 |   2)   0.124 us    |                            workingset_update_node();
   11.837582 |   2)   0.128 us    |                            mod_node_page_state();
   11.837582 |   2)               |                            _raw_spin_unlock_irq() {
   11.837582 |   2)   0.128 us    |                              preempt_count_sub();
   11.837583 |   2)   0.397 us    |                            }
   11.837583 |   2)   2.060 us    |                          }
   11.837583 |   2)               |                          folio_add_lru() {
   11.837583 |   2)               |                            __folio_batch_add_and_move() {
   11.837583 |   2)   0.125 us    |                              preempt_count_add();
   11.837583 |   2)   0.127 us    |                              preempt_count_sub();
   11.837584 |   2)   0.663 us    |                            }
   11.837584 |   2)   0.913 us    |                          }
   11.837584 |   2)   3.370 us    |                        }
   11.837584 |   2)               |                        filemap_alloc_folio_noprof() {
   11.837584 |   2)               |                          folio_alloc_noprof() {
   11.837585 |   2)               |                            alloc_pages_mpol() {
   11.837585 |   2)   0.128 us    |                              policy_nodemask();
   11.837585 |   2)               |                              __alloc_frozen_pages_noprof() {
   11.837585 |   2)               |                                get_page_from_freelist() {
   11.837585 |   2)   0.128 us    |                                  preempt_count_add();
   11.837585 |   2)               |                                  _raw_spin_trylock() {
   11.837586 |   2)   0.126 us    |                                    preempt_count_add();
   11.837586 |   2)   0.392 us    |                                  }
   11.837586 |   2)               |                                  _raw_spin_unlock() {
   11.837586 |   2)   0.124 us    |                                    preempt_count_sub();
   11.837586 |   2)   0.389 us    |                                  }
   11.837587 |   2)   0.128 us    |                                  preempt_count_sub();
   11.837587 |   2)   1.856 us    |                                }
   11.837587 |   2)   2.128 us    |                              }
   11.837587 |   2)   2.659 us    |                            }
   11.837587 |   2)   2.912 us    |                          }
   11.837587 |   2)   3.164 us    |                        }
   11.837588 |   2)               |                        filemap_add_folio() {
   11.837588 |   2)               |                          __filemap_add_folio() {
   11.837588 |   2)   0.124 us    |                            shmem_mapping();
   11.837588 |   2)               |                            _raw_spin_lock_irq() {
   11.837588 |   2)   0.126 us    |                              preempt_count_add();
   11.837589 |   2)   0.400 us    |                            }
   11.837589 |   2)   0.125 us    |                            workingset_update_node();
   11.837589 |   2)   0.125 us    |                            mod_node_page_state();
   11.837589 |   2)               |                            _raw_spin_unlock_irq() {
   11.837589 |   2)   0.126 us    |                              preempt_count_sub();
   11.837590 |   2)   0.392 us    |                            }
   11.837590 |   2)   2.060 us    |                          }
   11.837590 |   2)               |                          folio_add_lru() {
   11.837590 |   2)               |                            __folio_batch_add_and_move() {
   11.837590 |   2)   0.125 us    |                              preempt_count_add();
   11.837590 |   2)   0.125 us    |                              preempt_count_sub();
   11.837591 |   2)   0.658 us    |                            }
   11.837591 |   2)   0.906 us    |                          }
   11.837591 |   2)   3.388 us    |                        }
   11.837591 |   2)               |                        filemap_alloc_folio_noprof() {
   11.837591 |   2)               |                          folio_alloc_noprof() {
   11.837592 |   2)               |                            alloc_pages_mpol() {
   11.837592 |   2)   0.125 us    |                              policy_nodemask();
   11.837592 |   2)               |                              __alloc_frozen_pages_noprof() {
   11.837592 |   2)               |                                get_page_from_freelist() {
   11.837592 |   2)   0.128 us    |                                  preempt_count_add();
   11.837592 |   2)               |                                  _raw_spin_trylock() {
   11.837593 |   2)   0.125 us    |                                    preempt_count_add();
   11.837593 |   2)   0.389 us    |                                  }
   11.837593 |   2)               |                                  _raw_spin_unlock() {
   11.837593 |   2)   0.122 us    |                                    preempt_count_sub();
   11.837593 |   2)   0.386 us    |                                  }
   11.837594 |   2)   0.125 us    |                                  preempt_count_sub();
   11.837594 |   2)   1.801 us    |                                }
   11.837594 |   2)   2.074 us    |                              }
   11.837594 |   2)   2.597 us    |                            }
   11.837594 |   2)   2.853 us    |                          }
   11.837594 |   2)   3.105 us    |                        }
   11.837595 |   2)               |                        filemap_add_folio() {
   11.837595 |   2)               |                          __filemap_add_folio() {
   11.837595 |   2)   0.122 us    |                            shmem_mapping();
   11.837595 |   2)               |                            _raw_spin_lock_irq() {
   11.837595 |   2)   0.124 us    |                              preempt_count_add();
   11.837595 |   2)   0.396 us    |                            }
   11.837596 |   2)   0.126 us    |                            workingset_update_node();
   11.837596 |   2)   0.129 us    |                            mod_node_page_state();
   11.837596 |   2)               |                            _raw_spin_unlock_irq() {
   11.837596 |   2)   0.127 us    |                              preempt_count_sub();
   11.837597 |   2)   0.394 us    |                            }
   11.837597 |   2)   2.053 us    |                          }
   11.837597 |   2)               |                          folio_add_lru() {
   11.837597 |   2)               |                            __folio_batch_add_and_move() {
   11.837597 |   2)   0.127 us    |                              preempt_count_add();
   11.837597 |   2)   0.126 us    |                              preempt_count_sub();
   11.837598 |   2)   0.664 us    |                            }
   11.837598 |   2)   0.910 us    |                          }
   11.837598 |   2)   3.359 us    |                        }
   11.837598 |   2)               |                        read_pages() {
   11.837598 |   2)   0.124 us    |                          blk_start_plug();
   11.837598 |   2)               |                          z_erofs_readahead() {
   11.837599 |   2)   0.145 us    |                            erofs_real_inode();
   11.837599 |   2)               |                            z_erofs_pcluster_readmore() {
   11.837599 |   2)               |                              z_erofs_map_blocks_iter() {
   11.837599 |   2)               |                                z_erofs_map_blocks_fo() {
   11.837599 |   2)               |                                  z_erofs_load_lcluster_from_disk() {
   11.837600 |   2)               |                                    erofs_read_metabuf() {
   11.837600 |   2)               |                                      erofs_bread() {
   11.837600 |   2)               |                                        read_cache_folio() {
   11.837600 |   2)               |                                          do_read_cache_folio() {
   11.837600 |   2)               |                                            __filemap_get_folio_mpol() {
   11.837600 |   2)   0.344 us    |                                              filemap_get_entry();
   11.837601 |   2)   0.628 us    |                                            }
   11.837601 |   2)   0.143 us    |                                            folio_mark_accessed();
   11.837601 |   2)   1.242 us    |                                          }
   11.837601 |   2)   1.556 us    |                                        }
   11.837602 |   2)   1.826 us    |                                      }
   11.837602 |   2)   2.086 us    |                                    }
   11.837602 |   2)   2.482 us    |                                  }
   11.837602 |   2)               |                                  z_erofs_load_lcluster_from_disk() {
   11.837602 |   2)               |                                    erofs_read_metabuf() {
   11.837602 |   2)   0.145 us    |                                      erofs_bread();
   11.837603 |   2)   0.394 us    |                                    }
   11.837603 |   2)   0.662 us    |                                  }
   11.837603 |   2)   0.125 us    |                                  erofs_unmap_metabuf();
   11.837603 |   2)   3.887 us    |                                }
   11.837603 |   2)   4.245 us    |                              }
   11.837603 |   2)   0.140 us    |                              readahead_expand();
   11.837604 |   2)   4.816 us    |                            }
   11.837607 |   2)               |                            z_erofs_scan_folio() {
   11.837607 |   2)   0.126 us    |                              erofs_onlinefolio_init();
   11.837608 |   2)               |                              _raw_spin_lock() {
   11.837608 |   2)   0.133 us    |                                preempt_count_add();
   11.837608 |   2)   0.399 us    |                              }
   11.837609 |   2)               |                              _raw_spin_unlock() {
   11.837609 |   2)   0.141 us    |                                preempt_count_sub();
   11.837609 |   2)   0.408 us    |                              }
   11.837609 |   2)               |                              _raw_spin_lock() {
   11.837610 |   2)   0.124 us    |                                preempt_count_add();
   11.837610 |   2)   0.392 us    |                              }
   11.837610 |   2)               |                              _raw_spin_unlock() {
   11.837610 |   2)   0.145 us    |                                preempt_count_sub();
   11.837610 |   2)   0.405 us    |                              }
   11.837611 |   2)   0.132 us    |                              erofs_onlinefolio_split();
   11.837611 |   2)   0.130 us    |                              erofs_onlinefolio_end();
   11.837611 |   2)   4.267 us    |                            }
   11.837611 |   2)               |                            z_erofs_scan_folio() {
   11.837611 |   2)   0.125 us    |                              erofs_onlinefolio_init();
   11.837612 |   2)               |                              _raw_spin_lock() {
   11.837612 |   2)   0.126 us    |                                preempt_count_add();
   11.837612 |   2)   0.391 us    |                              }
   11.837612 |   2)               |                              _raw_spin_unlock() {
   11.837612 |   2)   0.140 us    |                                preempt_count_sub();
   11.837613 |   2)   0.404 us    |                              }
   11.837613 |   2)   0.128 us    |                              erofs_onlinefolio_split();
   11.837613 |   2)   0.130 us    |                              erofs_onlinefolio_end();
   11.837613 |   2)   2.080 us    |                            }
   11.837614 |   2)               |                            z_erofs_scan_folio() {
   11.837614 |   2)   0.125 us    |                              erofs_onlinefolio_init();
   11.837614 |   2)               |                              _raw_spin_lock() {
   11.837614 |   2)   0.124 us    |                                preempt_count_add();
   11.837614 |   2)   0.417 us    |                              }
   11.837615 |   2)               |                              _raw_spin_unlock() {
   11.837615 |   2)   0.140 us    |                                preempt_count_sub();
   11.837615 |   2)   0.404 us    |                              }
   11.837615 |   2)               |                              __erofs_allocpage() {
   11.837615 |   2)               |                                alloc_pages_noprof() {
   11.837615 |   2)               |                                  alloc_pages_mpol() {
   11.837616 |   2)   0.126 us    |                                    policy_nodemask();
   11.837616 |   2)               |                                    __alloc_frozen_pages_noprof() {
   11.837616 |   2)               |                                      get_page_from_freelist() {
   11.837616 |   2)   0.127 us    |                                        preempt_count_add();
   11.837616 |   2)               |                                        _raw_spin_trylock() {
   11.837617 |   2)   0.121 us    |                                          preempt_count_add();
   11.837617 |   2)   0.410 us    |                                        }
   11.837617 |   2)               |                                        _raw_spin_unlock() {
   11.837617 |   2)   0.133 us    |                                          preempt_count_sub();
   11.837617 |   2)   0.398 us    |                                        }
   11.837618 |   2)   0.126 us    |                                        preempt_count_sub();
   11.837618 |   2)   1.788 us    |                                      }
   11.837618 |   2)   2.094 us    |                                    }
   11.837618 |   2)   2.619 us    |                                  }
   11.837618 |   2)   2.889 us    |                                }
   11.837618 |   2)   3.244 us    |                              }
   11.837619 |   2)   0.129 us    |                              z_erofs_bvset_flip();
   11.837619 |   2)   0.129 us    |                              erofs_onlinefolio_split();
   11.837619 |   2)   0.130 us    |                              erofs_onlinefolio_end();
   11.837619 |   2)   5.810 us    |                            }
   11.837620 |   2)               |                            z_erofs_scan_folio() {
   11.837620 |   2)   0.125 us    |                              erofs_onlinefolio_init();
   11.837620 |   2)               |                              _raw_spin_lock() {
   11.837620 |   2)   0.123 us    |                                preempt_count_add();
   11.837620 |   2)   0.387 us    |                              }
   11.837621 |   2)               |                              _raw_spin_unlock() {
   11.837621 |   2)   0.137 us    |                                preempt_count_sub();
   11.837621 |   2)   0.406 us    |                              }
   11.837621 |   2)   0.128 us    |                              erofs_onlinefolio_split();
   11.837621 |   2)   0.132 us    |                              erofs_onlinefolio_end();
   11.837622 |   2)   2.028 us    |                            }
   11.837622 |   2)               |                            z_erofs_scan_folio() {
   11.837622 |   2)   0.124 us    |                              erofs_onlinefolio_init();
   11.837622 |   2)               |                              _raw_spin_lock() {
   11.837622 |   2)   0.127 us    |                                preempt_count_add();
   11.837623 |   2)   0.391 us    |                              }
   11.837623 |   2)               |                              _raw_spin_unlock() {
   11.837623 |   2)   0.126 us    |                                preempt_count_sub();
   11.837623 |   2)   0.414 us    |                              }
   11.837623 |   2)   0.131 us    |                              erofs_onlinefolio_split();
   11.837624 |   2)   0.131 us    |                              erofs_onlinefolio_end();
   11.837624 |   2)   2.027 us    |                            }
   11.837624 |   2)               |                            z_erofs_scan_folio() {
   11.837624 |   2)   0.123 us    |                              erofs_onlinefolio_init();
   11.837624 |   2)               |                              _raw_spin_lock() {
   11.837625 |   2)   0.126 us    |                                preempt_count_add();
   11.837625 |   2)   0.416 us    |                              }
   11.837625 |   2)               |                              _raw_spin_unlock() {
   11.837625 |   2)   0.126 us    |                                preempt_count_sub();
   11.837625 |   2)   0.390 us    |                              }
   11.837625 |   2)   0.129 us    |                              erofs_onlinefolio_split();
   11.837626 |   2)   0.132 us    |                              erofs_onlinefolio_end();
   11.837626 |   2)   2.019 us    |                            }
   11.837626 |   2)               |                            z_erofs_scan_folio() {
   11.837626 |   2)   0.124 us    |                              erofs_onlinefolio_init();
   11.837627 |   2)               |                              _raw_spin_lock() {
   11.837627 |   2)   0.125 us    |                                preempt_count_add();
   11.837627 |   2)   0.391 us    |                              }
   11.837627 |   2)               |                              _raw_spin_unlock() {
   11.837627 |   2)   0.127 us    |                                preempt_count_sub();
   11.837627 |   2)   0.388 us    |                              }
   11.837628 |   2)   0.129 us    |                              erofs_onlinefolio_split();
   11.837628 |   2)   0.131 us    |                              erofs_onlinefolio_end();
   11.837628 |   2)   2.040 us    |                            }
   11.837628 |   2)               |                            z_erofs_scan_folio() {
   11.837628 |   2)   0.124 us    |                              erofs_onlinefolio_init();
   11.837629 |   2)               |                              _raw_spin_lock() {
   11.837629 |   2)   0.125 us    |                                preempt_count_add();
   11.837629 |   2)   0.388 us    |                              }
   11.837629 |   2)               |                              _raw_spin_unlock() {
   11.837629 |   2)   0.128 us    |                                preempt_count_sub();
   11.837630 |   2)   0.389 us    |                              }
   11.837630 |   2)   0.130 us    |                              erofs_onlinefolio_split();
   11.837630 |   2)   0.132 us    |                              erofs_onlinefolio_end();
   11.837630 |   2)   2.056 us    |                            }
   11.837630 |   2)               |                            z_erofs_scan_folio() {
   11.837631 |   2)   0.126 us    |                              erofs_onlinefolio_init();
   11.837631 |   2)               |                              _raw_spin_lock() {
   11.837631 |   2)   0.124 us    |                                preempt_count_add();
   11.837631 |   2)   0.387 us    |                              }
   11.837631 |   2)               |                              _raw_spin_unlock() {
   11.837632 |   2)   0.127 us    |                                preempt_count_sub();
   11.837632 |   2)   0.387 us    |                              }
   11.837632 |   2)   0.130 us    |                              erofs_onlinefolio_split();
   11.837632 |   2)   0.133 us    |                              erofs_onlinefolio_end();
   11.837632 |   2)   1.976 us    |                            }
   11.837633 |   2)               |                            z_erofs_scan_folio() {
   11.837633 |   2)   0.123 us    |                              erofs_onlinefolio_init();
   11.837633 |   2)               |                              _raw_spin_lock() {
   11.837633 |   2)   0.126 us    |                                preempt_count_add();
   11.837633 |   2)   0.473 us    |                              }
   11.837634 |   2)               |                              _raw_spin_unlock() {
   11.837634 |   2)   0.125 us    |                                preempt_count_sub();
   11.837634 |   2)   0.386 us    |                              }
   11.837634 |   2)   0.130 us    |                              erofs_onlinefolio_split();
   11.837634 |   2)   0.129 us    |                              erofs_onlinefolio_end();
   11.837635 |   2)   2.097 us    |                            }
   11.837635 |   2)               |                            z_erofs_scan_folio() {
   11.837635 |   2)   0.122 us    |                              erofs_onlinefolio_init();
   11.837635 |   2)               |                              _raw_spin_lock() {
   11.837635 |   2)   0.125 us    |                                preempt_count_add();
   11.837636 |   2)   0.403 us    |                              }
   11.837636 |   2)               |                              _raw_spin_unlock() {
   11.837636 |   2)   0.127 us    |                                preempt_count_sub();
   11.837636 |   2)   0.388 us    |                              }
   11.837636 |   2)   0.133 us    |                              erofs_onlinefolio_split();
   11.837637 |   2)   0.129 us    |                              erofs_onlinefolio_end();
   11.837637 |   2)   2.069 us    |                            }
   11.837637 |   2)               |                            z_erofs_scan_folio() {
   11.837637 |   2)   0.126 us    |                              erofs_onlinefolio_init();
   11.837637 |   2)               |                              _raw_spin_lock() {
   11.837638 |   2)   0.127 us    |                                preempt_count_add();
   11.837638 |   2)   0.391 us    |                              }
   11.837638 |   2)               |                              _raw_spin_unlock() {
   11.837638 |   2)   0.127 us    |                                preempt_count_sub();
   11.837638 |   2)   0.388 us    |                              }
   11.837639 |   2)   0.131 us    |                              erofs_onlinefolio_split();
   11.837639 |   2)   0.129 us    |                              erofs_onlinefolio_end();
   11.837639 |   2)   2.046 us    |                            }
   11.837639 |   2)               |                            z_erofs_scan_folio() {
   11.837639 |   2)   0.125 us    |                              erofs_onlinefolio_init();
   11.837640 |   2)               |                              _raw_spin_lock() {
   11.837640 |   2)   0.126 us    |                                preempt_count_add();
   11.837640 |   2)   0.390 us    |                              }
   11.837640 |   2)               |                              _raw_spin_unlock() {
   11.837640 |   2)   0.126 us    |                                preempt_count_sub();
   11.837641 |   2)   0.392 us    |                              }
   11.837641 |   2)   0.130 us    |                              erofs_onlinefolio_split();
   11.837641 |   2)   0.131 us    |                              erofs_onlinefolio_end();
   11.837641 |   2)   2.042 us    |                            }
   11.837641 |   2)               |                            z_erofs_scan_folio() {
   11.837642 |   2)   0.126 us    |                              erofs_onlinefolio_init();
   11.837642 |   2)               |                              _raw_spin_lock() {
   11.837642 |   2)   0.126 us    |                                preempt_count_add();
   11.837642 |   2)   0.418 us    |                              }
   11.837642 |   2)               |                              _raw_spin_unlock() {
   11.837642 |   2)   0.127 us    |                                preempt_count_sub();
   11.837643 |   2)   0.388 us    |                              }
   11.837643 |   2)   0.130 us    |                              erofs_onlinefolio_split();
   11.837643 |   2)   0.130 us    |                              erofs_onlinefolio_end();
   11.837643 |   2)   2.061 us    |                            }
   11.837644 |   2)               |                            z_erofs_scan_folio() {
   11.837644 |   2)   0.125 us    |                              erofs_onlinefolio_init();
   11.837644 |   2)               |                              _raw_spin_lock() {
   11.837644 |   2)   0.126 us    |                                preempt_count_add();
   11.837644 |   2)   0.392 us    |                              }
   11.837645 |   2)               |                              _raw_spin_unlock() {
   11.837645 |   2)   0.127 us    |                                preempt_count_sub();
   11.837645 |   2)   0.388 us    |                              }
   11.837645 |   2)   0.130 us    |                              erofs_onlinefolio_split();
   11.837645 |   2)   0.130 us    |                              erofs_onlinefolio_end();
   11.837646 |   2)   2.046 us    |                            }
   11.837646 |   2)               |                            z_erofs_scan_folio() {
   11.837646 |   2)   0.127 us    |                              erofs_onlinefolio_init();
   11.837646 |   2)               |                              _raw_spin_lock() {
   11.837646 |   2)   0.125 us    |                                preempt_count_add();
   11.837647 |   2)   0.391 us    |                              }
   11.837647 |   2)               |                              _raw_spin_unlock() {
   11.837647 |   2)   0.129 us    |                                preempt_count_sub();
   11.837647 |   2)   0.392 us    |                              }
   11.837647 |   2)   0.129 us    |                              erofs_onlinefolio_split();
   11.837648 |   2)   0.130 us    |                              erofs_onlinefolio_end();
   11.837648 |   2)   2.137 us    |                            }
   11.837648 |   2)               |                            z_erofs_pcluster_readmore() {
   11.837648 |   2)               |                              __filemap_get_folio_mpol() {
   11.837648 |   2)   0.326 us    |                                filemap_get_entry();
   11.837649 |   2)   0.611 us    |                              }
   11.837649 |   2)   0.129 us    |                              folio_unlock();
   11.837649 |   2)               |                              __filemap_get_folio_mpol() {
   11.837649 |   2)   0.311 us    |                                filemap_get_entry();
   11.837650 |   2)   0.584 us    |                              }
   11.837650 |   2)   0.130 us    |                              folio_unlock();
   11.837650 |   2)               |                              __filemap_get_folio_mpol() {
   11.837650 |   2)   0.313 us    |                                filemap_get_entry();
   11.837651 |   2)   0.612 us    |                              }
   11.837651 |   2)   0.130 us    |                              folio_unlock();
   11.837651 |   2)               |                              __filemap_get_folio_mpol() {
   11.837652 |   2)   0.310 us    |                                filemap_get_entry();
   11.837652 |   2)   0.584 us    |                              }
   11.837652 |   2)   0.132 us    |                              folio_unlock();
   11.837652 |   2)   4.336 us    |                            }
   11.837653 |   2)   0.227 us    |                            z_erofs_pcluster_end();
   11.837653 |   2)               |                            z_erofs_runqueue() {
   11.837653 |   2)   0.125 us    |                              __init_swait_queue_head();
   11.837653 |   2)               |                              __kvmalloc_node_noprof() {
   11.837653 |   2)   0.133 us    |                                preempt_count_add();
   11.837654 |   2)   0.131 us    |                                preempt_count_sub();
   11.837654 |   2)   0.703 us    |                              }
   11.837654 |   2)   0.159 us    |                              erofs_map_dev();
   11.837655 |   2)               |                              _raw_spin_lock() {
   11.837655 |   2)   0.125 us    |                                preempt_count_add();
   11.837655 |   2)   0.416 us    |                              }
   11.837655 |   2)               |                              _raw_spin_unlock() {
   11.837655 |   2)   0.125 us    |                                preempt_count_sub();
   11.837655 |   2)   0.389 us    |                              }
   11.837656 |   2)   0.132 us    |                              folio_unlock();
   11.837656 |   2)               |                              kvfree() {
   11.837656 |   2)   0.129 us    |                                is_vmalloc_addr();
   11.837656 |   2)               |                                kfree() {
   11.837657 |   2)   0.142 us    |                                  preempt_count_add();
   11.837657 |   2)   0.137 us    |                                  preempt_count_sub();
   11.837657 |   2)   0.693 us    |                                }
   11.837657 |   2)   1.249 us    |                              }
   11.837657 |   2)               |                              z_erofs_decompress_queue() {
   11.837658 |   2)   0.139 us    |                                z_erofs_do_decompressed_bvec();
   11.837658 |   2)   0.125 us    |                                z_erofs_do_decompressed_bvec();
   11.837659 |   2)   0.127 us    |                                z_erofs_do_decompressed_bvec();
   11.837659 |   2)   0.125 us    |                                z_erofs_do_decompressed_bvec();
   11.837659 |   2)   0.127 us    |                                z_erofs_do_decompressed_bvec();
   11.837659 |   2)   0.125 us    |                                z_erofs_do_decompressed_bvec();
   11.837660 |   2)   0.125 us    |                                z_erofs_do_decompressed_bvec();
   11.837660 |   2)   0.125 us    |                                z_erofs_do_decompressed_bvec();
   11.837660 |   2)   0.124 us    |                                z_erofs_do_decompressed_bvec();
   11.837660 |   2)   0.126 us    |                                z_erofs_do_decompressed_bvec();
   11.837661 |   2)   0.125 us    |                                z_erofs_do_decompressed_bvec();
   11.837661 |   2)   0.126 us    |                                z_erofs_do_decompressed_bvec();
   11.837661 |   2)   0.125 us    |                                z_erofs_do_decompressed_bvec();
   11.837662 |   2)   0.126 us    |                                z_erofs_do_decompressed_bvec();
   11.837662 |   2)   0.126 us    |                                z_erofs_do_decompressed_bvec();
   11.837662 |   2)   0.125 us    |                                z_erofs_do_decompressed_bvec();
   11.837663 |   2)               |                                z_erofs_lz4_decompress() {
   11.837663 |   2)   0.137 us    |                                  __erofs_allocpage();
   11.837663 |   2)               |                                  __erofs_allocpage() {
   11.837664 |   2)               |                                    alloc_pages_noprof() {
   11.837664 |   2)               |                                      alloc_pages_mpol() {
   11.837664 |   2)   0.124 us    |                                        policy_nodemask();
   11.837664 |   2)               |                                        __alloc_frozen_pages_noprof() {
   11.837664 |   2)               |                                          get_page_from_freelist() {
   11.837664 |   2)   0.125 us    |                                            preempt_count_add();
   11.837665 |   2)               |                                            _raw_spin_trylock() {
   11.837665 |   2)   0.147 us    |                                              preempt_count_add();
   11.837665 |   2)   0.437 us    |                                            }
   11.837665 |   2)               |                                            _raw_spin_unlock() {
   11.837665 |   2)   0.150 us    |                                              preempt_count_sub();
   11.837666 |   2)   0.415 us    |                                            }
   11.837666 |   2)   0.143 us    |                                            preempt_count_sub();
   11.837666 |   2)   1.856 us    |                                          }
   11.837666 |   2)   2.181 us    |                                        }
   11.837666 |   2)   2.708 us    |                                      }
   11.837666 |   2)   3.064 us    |                                    }
   11.837667 |   2)   3.348 us    |                                  }
   11.837667 |   2)               |                                  __erofs_allocpage() {
   11.837667 |   2)               |                                    alloc_pages_noprof() {
   11.837667 |   2)               |                                      alloc_pages_mpol() {
   11.837667 |   2)   0.125 us    |                                        policy_nodemask();
   11.837667 |   2)               |                                        __alloc_frozen_pages_noprof() {
   11.837668 |   2)               |                                          get_page_from_freelist() {
   11.837668 |   2)   0.126 us    |                                            preempt_count_add();
   11.837668 |   2)               |                                            _raw_spin_trylock() {
   11.837668 |   2)   0.124 us    |                                              preempt_count_add();
   11.837668 |   2)   0.390 us    |                                            }
   11.837669 |   2)               |                                            _raw_spin_unlock() {
   11.837669 |   2)   0.131 us    |                                              preempt_count_sub();
   11.837669 |   2)   0.396 us    |                                            }
   11.837669 |   2)   0.126 us    |                                            preempt_count_sub();
   11.837669 |   2)   1.767 us    |                                          }
   11.837669 |   2)   2.062 us    |                                        }
   11.837670 |   2)   2.607 us    |                                      }
   11.837670 |   2)   2.876 us    |                                    }
   11.837670 |   2)   3.126 us    |                                  }
   11.837670 |   2)               |                                  __erofs_allocpage() {
   11.837670 |   2)               |                                    alloc_pages_noprof() {
   11.837670 |   2)               |                                      alloc_pages_mpol() {
   11.837670 |   2)   0.126 us    |                                        policy_nodemask();
   11.837671 |   2)               |                                        __alloc_frozen_pages_noprof() {
   11.837671 |   2)               |                                          get_page_from_freelist() {
   11.837671 |   2)   0.125 us    |                                            preempt_count_add();
   11.837671 |   2)               |                                            _raw_spin_trylock() {
   11.837671 |   2)   0.126 us    |                                              preempt_count_add();
   11.837672 |   2)   0.417 us    |                                            }
   11.837672 |   2)               |                                            _raw_spin_unlock() {
   11.837672 |   2)   0.132 us    |                                              preempt_count_sub();
   11.837672 |   2)   0.397 us    |                                            }
   11.837672 |   2)   0.126 us    |                                            preempt_count_sub();
   11.837673 |   2)   1.772 us    |                                          }
   11.837673 |   2)   2.054 us    |                                        }
   11.837673 |   2)   2.606 us    |                                      }
   11.837673 |   2)   2.859 us    |                                    }
   11.837673 |   2)   3.110 us    |                                  }
   11.837673 |   2)               |                                  vm_map_ram() {
   11.837674 |   2)               |                                    _raw_spin_lock() {
   11.837674 |   2)   0.129 us    |                                      preempt_count_add();
   11.837674 |   2)   0.423 us    |                                    }
   11.837674 |   2)               |                                    _raw_spin_unlock() {
   11.837674 |   2)   0.129 us    |                                      preempt_count_sub();
   11.837675 |   2)   0.393 us    |                                    }
   11.837675 |   2)               |                                    vmap_small_pages_range_noflush() {
   11.837675 |   2)   0.142 us    |                                      preempt_count_add();
   11.837676 |   2)   0.145 us    |                                      preempt_count_sub();
   11.837676 |   2)   0.126 us    |                                      preempt_count_add();
   11.837676 |   2)   0.126 us    |                                      preempt_count_sub();
   11.837677 |   2)   0.127 us    |                                      preempt_count_add();
   11.837677 |   2)   0.127 us    |                                      preempt_count_sub();
   11.837677 |   2)   0.125 us    |                                      preempt_count_add();
   11.837677 |   2)   0.131 us    |                                      preempt_count_sub();
   11.837678 |   2)   0.129 us    |                                      preempt_count_add();
   11.837678 |   2)   0.128 us    |                                      preempt_count_sub();
   11.837678 |   2)   0.130 us    |                                      preempt_count_add();
   11.837679 |   2)   0.128 us    |                                      preempt_count_sub();
   11.837679 |   2)   0.128 us    |                                      preempt_count_add();
   11.837679 |   2)   0.127 us    |                                      preempt_count_sub();
   11.837679 |   2)   0.127 us    |                                      preempt_count_add();
   11.837680 |   2)   0.127 us    |                                      preempt_count_sub();
   11.837680 |   2)   0.126 us    |                                      preempt_count_add();
   11.837680 |   2)   0.127 us    |                                      preempt_count_sub();
   11.837681 |   2)   0.126 us    |                                      preempt_count_add();
   11.837681 |   2)   0.127 us    |                                      preempt_count_sub();
   11.837681 |   2)   0.128 us    |                                      preempt_count_add();
   11.837681 |   2)   0.128 us    |                                      preempt_count_sub();
   11.837682 |   2)   0.126 us    |                                      preempt_count_add();
   11.837682 |   2)   0.129 us    |                                      preempt_count_sub();
   11.837682 |   2)   0.129 us    |                                      preempt_count_add();
   11.837683 |   2)   0.126 us    |                                      preempt_count_sub();
   11.837683 |   2)   0.125 us    |                                      preempt_count_add();
   11.837683 |   2)   0.128 us    |                                      preempt_count_sub();
   11.837683 |   2)   0.125 us    |                                      preempt_count_add();
   11.837684 |   2)   0.129 us    |                                      preempt_count_sub();
   11.837684 |   2)   0.127 us    |                                      preempt_count_add();
   11.837684 |   2)   0.128 us    |                                      preempt_count_sub();
   11.837684 |   2)   0.125 us    |                                      preempt_count_add();
   11.837685 |   2)   0.129 us    |                                      preempt_count_sub();
   11.837685 |   2)   0.126 us    |                                      preempt_count_add();
   11.837685 |   2)   0.128 us    |                                      preempt_count_sub();
   11.837686 |   2)   0.126 us    |                                      preempt_count_add();
   11.837686 |   2)   0.129 us    |                                      preempt_count_sub();
   11.837686 |   2)   0.127 us    |                                      preempt_count_add();
   11.837686 |   2)   0.127 us    |                                      preempt_count_sub();
   11.837687 |   2) + 11.715 us   |                                    }
   11.837687 |   2) + 13.443 us   |                                  }
   11.837687 |   2) + 14.385 us   |                                  LZ4_decompress_safe_partial();
   11.837702 |   2)               |                                  vm_unmap_ram() {
   11.837702 |   2)   0.149 us    |                                    addr_to_vb_xa();
   11.837703 |   2)               |                                    _raw_spin_lock() {
   11.837703 |   2)   0.129 us    |                                      preempt_count_add();
   11.837703 |   2)   0.415 us    |                                    }
   11.837704 |   2)               |                                    _raw_spin_unlock() {
   11.837704 |   2)   0.131 us    |                                      preempt_count_sub();
   11.837704 |   2)   0.412 us    |                                    }
   11.837704 |   2)               |                                    __vunmap_range_noflush() {
   11.837704 |   2)   0.126 us    |                                      p4d_clear_huge();
   11.837705 |   2)   0.126 us    |                                      pud_clear_huge();
   11.837705 |   2)   0.137 us    |                                      pmd_clear_huge();
   11.837705 |   2)   1.324 us    |                                    }
   11.837706 |   2)               |                                    _raw_spin_lock() {
   11.837706 |   2)   0.124 us    |                                      preempt_count_add();
   11.837706 |   2)   0.392 us    |                                    }
   11.837706 |   2)               |                                    _raw_spin_unlock() {
   11.837706 |   2)   0.127 us    |                                      preempt_count_sub();
   11.837707 |   2)   0.391 us    |                                    }
   11.837707 |   2)   4.663 us    |                                  }
   11.837707 |   2) + 44.288 us   |                                }
   11.837707 |   2)               |                                erofs_onlinefolio_end() {
   11.837707 |   2)   0.130 us    |                                  folio_end_read();
   11.837708 |   2)   0.439 us    |                                }
   11.837708 |   2)               |                                erofs_onlinefolio_end() {
   11.837708 |   2)   0.130 us    |                                  folio_end_read();
   11.837708 |   2)   0.389 us    |                                }
   11.837708 |   2)               |                                erofs_onlinefolio_end() {
   11.837709 |   2)   0.214 us    |                                  folio_end_read();
   11.837709 |   2)   0.468 us    |                                }
   11.837709 |   2)               |                                erofs_onlinefolio_end() {
   11.837709 |   2)   0.141 us    |                                  folio_end_read();
   11.837709 |   2)   0.394 us    |                                }
   11.837710 |   2)               |                                erofs_onlinefolio_end() {
   11.837710 |   2)   0.133 us    |                                  folio_end_read();
   11.837710 |   2)   0.391 us    |                                }
   11.837710 |   2)               |                                erofs_onlinefolio_end() {
   11.837710 |   2)   0.131 us    |                                  folio_end_read();
   11.837710 |   2)   0.386 us    |                                }
   11.837711 |   2)               |                                erofs_onlinefolio_end() {
   11.837711 |   2)   0.129 us    |                                  folio_end_read();
   11.837711 |   2)   0.382 us    |                                }
   11.837711 |   2)               |                                erofs_onlinefolio_end() {
   11.837711 |   2)   0.132 us    |                                  folio_end_read();
   11.837712 |   2)   0.388 us    |                                }
   11.837712 |   2)               |                                erofs_onlinefolio_end() {
   11.837712 |   2)   0.130 us    |                                  folio_end_read();
   11.837712 |   2)   0.386 us    |                                }
   11.837712 |   2)               |                                erofs_onlinefolio_end() {
   11.837712 |   2)   0.131 us    |                                  folio_end_read();
   11.837713 |   2)   0.385 us    |                                }
   11.837713 |   2)               |                                erofs_onlinefolio_end() {
   11.837713 |   2)   0.131 us    |                                  folio_end_read();
   11.837713 |   2)   0.386 us    |                                }
   11.837713 |   2)               |                                erofs_onlinefolio_end() {
   11.837713 |   2)   0.130 us    |                                  folio_end_read();
   11.837714 |   2)   0.383 us    |                                }
   11.837714 |   2)               |                                erofs_onlinefolio_end() {
   11.837714 |   2)   0.132 us    |                                  folio_end_read();
   11.837714 |   2)   0.384 us    |                                }
   11.837714 |   2)               |                                erofs_onlinefolio_end() {
   11.837714 |   2)   0.131 us    |                                  folio_end_read();
   11.837715 |   2)   0.386 us    |                                }
   11.837715 |   2)               |                                erofs_onlinefolio_end() {
   11.837715 |   2)   0.129 us    |                                  folio_end_read();
   11.837715 |   2)   0.385 us    |                                }
   11.837715 |   2)               |                                erofs_onlinefolio_end() {
   11.837716 |   2)   0.131 us    |                                  folio_end_read();
   11.837716 |   2)   0.385 us    |                                }
   11.837716 |   2)               |                                z_erofs_put_pcluster() {
   11.837716 |   2)               |                                  _raw_spin_lock() {
   11.837716 |   2)   0.129 us    |                                    preempt_count_add();
   11.837717 |   2)   0.394 us    |                                  }
   11.837717 |   2)               |                                  _raw_spin_unlock() {
   11.837717 |   2)   0.127 us    |                                    preempt_count_sub();
   11.837717 |   2)   0.392 us    |                                  }
   11.837717 |   2)   1.274 us    |                                }
   11.837718 |   2) + 60.169 us   |                              }
   11.837718 |   2) + 64.747 us   |                            }
   11.837718 |   2)   0.152 us    |                            erofs_put_metabuf();
   11.837718 |   2)               |                            erofs_release_pages() {
   11.837718 |   2)               |                              __folio_put() {
   11.837718 |   2)               |                                free_frozen_pages() {
   11.837719 |   2)               |                                  __free_frozen_pages() {
   11.837719 |   2)   0.126 us    |                                    preempt_count_add();
   11.837719 |   2)               |                                    _raw_spin_trylock() {
   11.837719 |   2)   0.126 us    |                                      preempt_count_add();
   11.837719 |   2)   0.392 us    |                                    }
   11.837720 |   2)   0.130 us    |                                    free_frozen_page_commit();
   11.837720 |   2)               |                                    _raw_spin_unlock() {
   11.837720 |   2)   0.133 us    |                                      preempt_count_sub();
   11.837720 |   2)   0.399 us    |                                    }
   11.837720 |   2)   0.127 us    |                                    preempt_count_sub();
   11.837721 |   2)   2.160 us    |                                  }
   11.837721 |   2)   2.415 us    |                                }
   11.837721 |   2)   2.682 us    |                              }
   11.837721 |   2)               |                              __folio_put() {
   11.837721 |   2)               |                                free_frozen_pages() {
   11.837721 |   2)               |                                  __free_frozen_pages() {
   11.837722 |   2)   0.127 us    |                                    preempt_count_add();
   11.837722 |   2)               |                                    _raw_spin_trylock() {
   11.837722 |   2)   0.125 us    |                                      preempt_count_add();
   11.837722 |   2)   0.388 us    |                                    }
   11.837722 |   2)   0.128 us    |                                    free_frozen_page_commit();
   11.837723 |   2)               |                                    _raw_spin_unlock() {
   11.837723 |   2)   0.208 us    |                                      preempt_count_sub();
   11.837723 |   2)   0.474 us    |                                    }
   11.837723 |   2)   0.127 us    |                                    preempt_count_sub();
   11.837724 |   2)   2.097 us    |                                  }
   11.837724 |   2)   2.343 us    |                                }
   11.837724 |   2)   2.593 us    |                              }
   11.837724 |   2)               |                              __folio_put() {
   11.837724 |   2)               |                                free_frozen_pages() {
   11.837724 |   2)               |                                  __free_frozen_pages() {
   11.837724 |   2)   0.125 us    |                                    preempt_count_add();
   11.837725 |   2)               |                                    _raw_spin_trylock() {
   11.837725 |   2)   0.125 us    |                                      preempt_count_add();
   11.837725 |   2)   0.389 us    |                                    }
   11.837725 |   2)   0.130 us    |                                    free_frozen_page_commit();
   11.837725 |   2)               |                                    _raw_spin_unlock() {
   11.837726 |   2)   0.141 us    |                                      preempt_count_sub();
   11.837726 |   2)   0.405 us    |                                    }
   11.837726 |   2)   0.128 us    |                                    preempt_count_sub();
   11.837726 |   2)   2.036 us    |                                  }
   11.837726 |   2)   2.285 us    |                                }
   11.837726 |   2)   2.535 us    |                              }
   11.837727 |   2)               |                              __folio_put() {
   11.837727 |   2)               |                                free_frozen_pages() {
   11.837727 |   2)               |                                  __free_frozen_pages() {
   11.837727 |   2)   0.125 us    |                                    preempt_count_add();
   11.837727 |   2)               |                                    _raw_spin_trylock() {
   11.837727 |   2)   0.124 us    |                                      preempt_count_add();
   11.837728 |   2)   0.388 us    |                                    }
   11.837728 |   2)   0.128 us    |                                    free_frozen_page_commit();
   11.837728 |   2)               |                                    _raw_spin_unlock() {
   11.837728 |   2)   0.131 us    |                                      preempt_count_sub();
   11.837728 |   2)   0.394 us    |                                    }
   11.837729 |   2)   0.126 us    |                                    preempt_count_sub();
   11.837729 |   2)   2.029 us    |                                  }
   11.837729 |   2)   2.276 us    |                                }
   11.837729 |   2)   2.525 us    |                              }
   11.837729 |   2) + 11.198 us   |                            }
   11.837729 |   2) ! 130.954 us  |                          }
   11.837730 |   2)               |                          blk_finish_plug() {
   11.837730 |   2)               |                            __blk_flush_plug() {
   11.837730 |   2)   0.136 us    |                              blk_mq_flush_plug_list();
   11.837730 |   2)   0.432 us    |                            }
   11.837730 |   2)   0.715 us    |                          }
   11.837730 |   2) ! 132.393 us  |                        }
   11.837731 |   2) ! 288.609 us  |                      }
   11.837731 |   2) ! 289.202 us  |                    }
   11.837731 |   2) ! 289.462 us  |                  }
   11.837731 |   2) ! 290.185 us  |                }
   11.837731 |   2) ! 290.467 us  |              }
   11.837731 |   2) ! 291.538 us  |            }
   11.837732 |   2)   0.133 us    |            folio_mark_accessed();
   11.837733 |   2) ! 293.702 us  |          }
   11.837734 |   2) ! 293.968 us  |        }
   11.837734 |   2) ! 294.698 us  |      }
   11.837734 |   2) ! 295.296 us  |    }
   11.837734 |   2) ! 295.633 us  |  }
   11.837736 |   2)               |  __x64_sys_read() {
   11.837736 |   2)               |    ksys_read() {
   11.837736 |   2)   0.156 us    |      fdget_pos();
   11.837737 |   2)               |      vfs_read() {
   11.837737 |   2)   0.262 us    |        rw_verify_area();
   11.837737 |   2)               |        erofs_file_read_iter() {
   11.837737 |   2)               |          filemap_read() {
   11.837738 |   2)               |            filemap_get_pages() {
   11.837738 |   2)   0.403 us    |              filemap_get_read_batch();
   11.837738 |   2)   0.719 us    |            }
   11.837738 |   2)   0.135 us    |            folio_mark_accessed();
   11.837740 |   2)   2.990 us    |          }
   11.837741 |   2)   3.260 us    |        }
   11.837741 |   2)   3.984 us    |      }
   11.837741 |   2)   4.578 us    |    }
   11.837741 |   2)   4.912 us    |  }
   11.837743 |   2)               |  __x64_sys_read() {
   11.837743 |   2)               |    ksys_read() {
   11.837743 |   2)   0.153 us    |      fdget_pos();
   11.837743 |   2)               |      vfs_read() {
   11.837743 |   2)   0.259 us    |        rw_verify_area();
   11.837744 |   2)               |        erofs_file_read_iter() {
   11.837744 |   2)               |          filemap_read() {
   11.837744 |   2)               |            filemap_get_pages() {
   11.837744 |   2)   0.384 us    |              filemap_get_read_batch();
   11.837745 |   2)   0.693 us    |            }
   11.837745 |   2)   0.134 us    |            folio_mark_accessed();
   11.837747 |   2)   2.628 us    |          }
   11.837747 |   2)   2.967 us    |        }
   11.837747 |   2)   3.677 us    |      }
   11.837747 |   2)   4.262 us    |    }
   11.837747 |   2)   4.568 us    |  }
   11.837749 |   2)               |  __x64_sys_read() {
   11.837749 |   2)               |    ksys_read() {
   11.837749 |   2)   0.154 us    |      fdget_pos();
   11.837749 |   2)               |      vfs_read() {
   11.837749 |   2)   0.254 us    |        rw_verify_area();
   11.837750 |   2)               |        erofs_file_read_iter() {
   11.837750 |   2)               |          filemap_read() {
   11.837750 |   2)               |            filemap_get_pages() {
   11.837750 |   2)   0.374 us    |              filemap_get_read_batch();
   11.837751 |   2)               |              filemap_readahead.isra.0() {
   11.837751 |   2)               |                page_cache_async_ra() {
   11.837751 |   2)   0.125 us    |                  inode_to_bdi();
   11.837751 |   2)               |                  page_cache_ra_order() {
   11.837752 |   2)               |                    do_page_cache_ra() {
   11.837752 |   2)               |                      page_cache_ra_unbounded() {
   11.837752 |   2)               |                        filemap_alloc_folio_noprof() {
   11.837752 |   2)               |                          folio_alloc_noprof() {
   11.837752 |   2)               |                            alloc_pages_mpol() {
   11.837753 |   2)   0.124 us    |                              policy_nodemask();
   11.837753 |   2)               |                              __alloc_frozen_pages_noprof() {
   11.837753 |   2)               |                                get_page_from_freelist() {
   11.837753 |   2)   0.123 us    |                                  preempt_count_add();
   11.837753 |   2)               |                                  _raw_spin_trylock() {
   11.837753 |   2)   0.127 us    |                                    preempt_count_add();
   11.837754 |   2)   0.394 us    |                                  }
   11.837754 |   2)               |                                  _raw_spin_unlock() {
   11.837754 |   2)   0.133 us    |                                    preempt_count_sub();
   11.837754 |   2)   0.402 us    |                                  }
   11.837754 |   2)   0.125 us    |                                  preempt_count_sub();
   11.837755 |   2)   1.801 us    |                                }
   11.837755 |   2)   2.109 us    |                              }
   11.837755 |   2)   2.645 us    |                            }
   11.837755 |   2)   2.910 us    |                          }
   11.837755 |   2)   3.163 us    |                        }
   11.837755 |   2)               |                        filemap_add_folio() {
   11.837756 |   2)               |                          __filemap_add_folio() {
   11.837756 |   2)   0.122 us    |                            shmem_mapping();
   11.837756 |   2)               |                            _raw_spin_lock_irq() {
   11.837756 |   2)   0.127 us    |                              preempt_count_add();
   11.837756 |   2)   0.400 us    |                            }
   11.837757 |   2)   0.127 us    |                            workingset_update_node();
   11.837757 |   2)   0.132 us    |                            mod_node_page_state();
   11.837757 |   2)               |                            _raw_spin_unlock_irq() {
   11.837757 |   2)   0.127 us    |                              preempt_count_sub();
   11.837757 |   2)   0.394 us    |                            }
   11.837758 |   2)   2.068 us    |                          }
   11.837758 |   2)               |                          folio_add_lru() {
   11.837758 |   2)               |                            __folio_batch_add_and_move() {
   11.837758 |   2)   0.125 us    |                              preempt_count_add();
   11.837758 |   2)   0.125 us    |                              preempt_count_sub();
   11.837759 |   2)   0.660 us    |                            }
   11.837759 |   2)   0.912 us    |                          }
   11.837759 |   2)   3.401 us    |                        }
   11.837759 |   2)               |                        filemap_alloc_folio_noprof() {
   11.837759 |   2)               |                          folio_alloc_noprof() {
   11.837759 |   2)               |                            alloc_pages_mpol() {
   11.837760 |   2)   0.125 us    |                              policy_nodemask();
   11.837760 |   2)               |                              __alloc_frozen_pages_noprof() {
   11.837760 |   2)               |                                get_page_from_freelist() {
   11.837760 |   2)   0.124 us    |                                  preempt_count_add();
   11.837760 |   2)               |                                  _raw_spin_trylock() {
   11.837760 |   2)   0.122 us    |                                    preempt_count_add();
   11.837761 |   2)   0.386 us    |                                  }
   11.837761 |   2)               |                                  _raw_spin_unlock() {
   11.837761 |   2)   0.124 us    |                                    preempt_count_sub();
   11.837761 |   2)   0.386 us    |                                  }
   11.837761 |   2)   0.126 us    |                                  preempt_count_sub();
   11.837762 |   2)   1.772 us    |                                }
   11.837762 |   2)   2.046 us    |                              }
   11.837762 |   2)   2.570 us    |                            }
   11.837762 |   2)   2.831 us    |                          }
   11.837762 |   2)   3.156 us    |                        }
   11.837762 |   2)               |                        filemap_add_folio() {
   11.837763 |   2)               |                          __filemap_add_folio() {
   11.837763 |   2)   0.126 us    |                            shmem_mapping();
   11.837763 |   2)               |                            _raw_spin_lock_irq() {
   11.837763 |   2)   0.124 us    |                              preempt_count_add();
   11.837763 |   2)   0.399 us    |                            }
   11.837764 |   2)   0.124 us    |                            workingset_update_node();
   11.837764 |   2)   0.125 us    |                            mod_node_page_state();
   11.837764 |   2)               |                            _raw_spin_unlock_irq() {
   11.837764 |   2)   0.126 us    |                              preempt_count_sub();
   11.837765 |   2)   0.394 us    |                            }
   11.837765 |   2)   2.062 us    |                          }
   11.837765 |   2)               |                          folio_add_lru() {
   11.837765 |   2)               |                            __folio_batch_add_and_move() {
   11.837765 |   2)   0.124 us    |                              preempt_count_add();
   11.837765 |   2)   0.125 us    |                              preempt_count_sub();
   11.837766 |   2)   0.656 us    |                            }
   11.837766 |   2)   0.907 us    |                          }
   11.837766 |   2)   3.370 us    |                        }
   11.837766 |   2)               |                        filemap_alloc_folio_noprof() {
   11.837766 |   2)               |                          folio_alloc_noprof() {
   11.837766 |   2)               |                            alloc_pages_mpol() {
   11.837767 |   2)   0.126 us    |                              policy_nodemask();
   11.837767 |   2)               |                              __alloc_frozen_pages_noprof() {
   11.837767 |   2)               |                                get_page_from_freelist() {
   11.837767 |   2)   0.125 us    |                                  preempt_count_add();
   11.837767 |   2)               |                                  _raw_spin_trylock() {
   11.837767 |   2)   0.122 us    |                                    preempt_count_add();
   11.837768 |   2)   0.388 us    |                                  }
   11.837768 |   2)               |                                  _raw_spin_unlock() {
   11.837768 |   2)   0.123 us    |                                    preempt_count_sub();
   11.837768 |   2)   0.389 us    |                                  }
   11.837768 |   2)   0.126 us    |                                  preempt_count_sub();
   11.837769 |   2)   1.754 us    |                                }
   11.837769 |   2)   2.032 us    |                              }
   11.837769 |   2)   2.559 us    |                            }
   11.837769 |   2)   2.812 us    |                          }
   11.837769 |   2)   3.078 us    |                        }
   11.837769 |   2)               |                        filemap_add_folio() {
   11.837770 |   2)               |                          __filemap_add_folio() {
   11.837770 |   2)   0.126 us    |                            shmem_mapping();
   11.837770 |   2)               |                            _raw_spin_lock_irq() {
   11.837770 |   2)   0.126 us    |                              preempt_count_add();
   11.837770 |   2)   0.398 us    |                            }
   11.837770 |   2)   0.125 us    |                            workingset_update_node();
   11.837771 |   2)   0.126 us    |                            mod_node_page_state();
   11.837771 |   2)               |                            _raw_spin_unlock_irq() {
   11.837771 |   2)   0.126 us    |                              preempt_count_sub();
   11.837771 |   2)   0.398 us    |                            }
   11.837772 |   2)   2.043 us    |                          }
   11.837772 |   2)               |                          folio_add_lru() {
   11.837772 |   2)               |                            __folio_batch_add_and_move() {
   11.837772 |   2)   0.125 us    |                              preempt_count_add();
   11.837772 |   2)   0.126 us    |                              preempt_count_sub();
   11.837772 |   2)   0.665 us    |                            }
   11.837773 |   2)   0.920 us    |                          }
   11.837773 |   2)   3.364 us    |                        }
   11.837773 |   2)               |                        filemap_alloc_folio_noprof() {
   11.837773 |   2)               |                          folio_alloc_noprof() {
   11.837773 |   2)               |                            alloc_pages_mpol() {
   11.837773 |   2)   0.130 us    |                              policy_nodemask();
   11.837774 |   2)               |                              __alloc_frozen_pages_noprof() {
   11.837774 |   2)               |                                get_page_from_freelist() {
   11.837774 |   2)   0.124 us    |                                  preempt_count_add();
   11.837774 |   2)               |                                  _raw_spin_trylock() {
   11.837774 |   2)   0.123 us    |                                    preempt_count_add();
   11.837775 |   2)   0.390 us    |                                  }
   11.837775 |   2)               |                                  _raw_spin_unlock() {
   11.837775 |   2)   0.123 us    |                                    preempt_count_sub();
   11.837775 |   2)   0.389 us    |                                  }
   11.837775 |   2)   0.126 us    |                                  preempt_count_sub();
   11.837776 |   2)   1.738 us    |                                }
   11.837776 |   2)   2.013 us    |                              }
   11.837776 |   2)   2.542 us    |                            }
   11.837776 |   2)   2.795 us    |                          }
   11.837776 |   2)   3.045 us    |                        }
   11.837776 |   2)               |                        filemap_add_folio() {
   11.837776 |   2)               |                          __filemap_add_folio() {
   11.837777 |   2)   0.124 us    |                            shmem_mapping();
   11.837777 |   2)               |                            _raw_spin_lock_irq() {
   11.837777 |   2)   0.127 us    |                              preempt_count_add();
   11.837777 |   2)   0.399 us    |                            }
   11.837777 |   2)   0.124 us    |                            workingset_update_node();
   11.837778 |   2)   0.125 us    |                            mod_node_page_state();
   11.837778 |   2)               |                            _raw_spin_unlock_irq() {
   11.837778 |   2)   0.127 us    |                              preempt_count_sub();
   11.837778 |   2)   0.398 us    |                            }
   11.837779 |   2)   2.069 us    |                          }
   11.837779 |   2)               |                          folio_add_lru() {
   11.837779 |   2)               |                            __folio_batch_add_and_move() {
   11.837779 |   2)   0.125 us    |                              preempt_count_add();
   11.837779 |   2)   0.125 us    |                              preempt_count_sub();
   11.837779 |   2)   0.660 us    |                            }
   11.837780 |   2)   0.911 us    |                          }
   11.837780 |   2)   3.405 us    |                        }
   11.837780 |   2)               |                        filemap_alloc_folio_noprof() {
   11.837780 |   2)               |                          folio_alloc_noprof() {
   11.837780 |   2)               |                            alloc_pages_mpol() {
   11.837780 |   2)   0.125 us    |                              policy_nodemask();
   11.837781 |   2)               |                              __alloc_frozen_pages_noprof() {
   11.837781 |   2)               |                                get_page_from_freelist() {
   11.837781 |   2)   0.125 us    |                                  preempt_count_add();
   11.837781 |   2)               |                                  _raw_spin_trylock() {
   11.837781 |   2)   0.128 us    |                                    preempt_count_add();
   11.837782 |   2)   0.394 us    |                                  }
   11.837782 |   2)               |                                  _raw_spin_unlock() {
   11.837782 |   2)   0.123 us    |                                    preempt_count_sub();
   11.837782 |   2)   0.387 us    |                                  }
   11.837782 |   2)   0.127 us    |                                  preempt_count_sub();
   11.837783 |   2)   1.761 us    |                                }
   11.837783 |   2)   2.037 us    |                              }
   11.837783 |   2)   2.564 us    |                            }
   11.837783 |   2)   2.818 us    |                          }
   11.837783 |   2)   3.069 us    |                        }
   11.837783 |   2)               |                        filemap_add_folio() {
   11.837783 |   2)               |                          __filemap_add_folio() {
   11.837784 |   2)   0.126 us    |                            shmem_mapping();
   11.837784 |   2)               |                            _raw_spin_lock_irq() {
   11.837784 |   2)   0.125 us    |                              preempt_count_add();
   11.837784 |   2)   0.396 us    |                            }
   11.837784 |   2)   0.124 us    |                            workingset_update_node();
   11.837785 |   2)   0.125 us    |                            mod_node_page_state();
   11.837785 |   2)               |                            _raw_spin_unlock_irq() {
   11.837785 |   2)   0.125 us    |                              preempt_count_sub();
   11.837785 |   2)   0.394 us    |                            }
   11.837785 |   2)   2.026 us    |                          }
   11.837786 |   2)               |                          folio_add_lru() {
   11.837786 |   2)               |                            __folio_batch_add_and_move() {
   11.837786 |   2)   0.126 us    |                              preempt_count_add();
   11.837786 |   2)   0.126 us    |                              preempt_count_sub();
   11.837786 |   2)   0.658 us    |                            }
   11.837787 |   2)   0.907 us    |                          }
   11.837787 |   2)   3.359 us    |                        }
   11.837787 |   2)               |                        filemap_alloc_folio_noprof() {
   11.837787 |   2)               |                          folio_alloc_noprof() {
   11.837787 |   2)               |                            alloc_pages_mpol() {
   11.837787 |   2)   0.126 us    |                              policy_nodemask();
   11.837788 |   2)               |                              __alloc_frozen_pages_noprof() {
   11.837788 |   2)               |                                get_page_from_freelist() {
   11.837788 |   2)   0.125 us    |                                  preempt_count_add();
   11.837788 |   2)               |                                  _raw_spin_trylock() {
   11.837788 |   2)   0.123 us    |                                    preempt_count_add();
   11.837789 |   2)   0.386 us    |                                  }
   11.837789 |   2)               |                                  _raw_spin_unlock() {
   11.837789 |   2)   0.123 us    |                                    preempt_count_sub();
   11.837789 |   2)   0.389 us    |                                  }
   11.837789 |   2)   0.125 us    |                                  preempt_count_sub();
   11.837789 |   2)   1.733 us    |                                }
   11.837790 |   2)   2.008 us    |                              }
   11.837790 |   2)   2.532 us    |                            }
   11.837790 |   2)   2.784 us    |                          }
   11.837790 |   2)   3.034 us    |                        }
   11.837790 |   2)               |                        filemap_add_folio() {
   11.837790 |   2)               |                          __filemap_add_folio() {
   11.837791 |   2)   0.123 us    |                            shmem_mapping();
   11.837791 |   2)               |                            _raw_spin_lock_irq() {
   11.837791 |   2)   0.126 us    |                              preempt_count_add();
   11.837791 |   2)   0.398 us    |                            }
   11.837791 |   2)   0.128 us    |                            workingset_update_node();
   11.837792 |   2)   0.126 us    |                            mod_node_page_state();
   11.837792 |   2)               |                            _raw_spin_unlock_irq() {
   11.837792 |   2)   0.127 us    |                              preempt_count_sub();
   11.837792 |   2)   0.396 us    |                            }
   11.837792 |   2)   2.131 us    |                          }
   11.837793 |   2)               |                          folio_add_lru() {
   11.837793 |   2)               |                            __folio_batch_add_and_move() {
   11.837793 |   2)   0.125 us    |                              preempt_count_add();
   11.837793 |   2)   0.125 us    |                              preempt_count_sub();
   11.837793 |   2)   0.699 us    |                            }
   11.837794 |   2)   0.947 us    |                          }
   11.837794 |   2)   3.478 us    |                        }
   11.837794 |   2)               |                        filemap_alloc_folio_noprof() {
   11.837794 |   2)               |                          folio_alloc_noprof() {
   11.837794 |   2)               |                            alloc_pages_mpol() {
   11.837794 |   2)   0.124 us    |                              policy_nodemask();
   11.837795 |   2)               |                              __alloc_frozen_pages_noprof() {
   11.837795 |   2)               |                                get_page_from_freelist() {
   11.837795 |   2)   0.125 us    |                                  preempt_count_add();
   11.837795 |   2)               |                                  _raw_spin_trylock() {
   11.837795 |   2)   0.124 us    |                                    preempt_count_add();
   11.837796 |   2)   0.388 us    |                                  }
   11.837796 |   2)               |                                  _raw_spin_unlock() {
   11.837796 |   2)   0.124 us    |                                    preempt_count_sub();
   11.837796 |   2)   0.388 us    |                                  }
   11.837796 |   2)   0.126 us    |                                  preempt_count_sub();
   11.837797 |   2)   1.769 us    |                                }
   11.837797 |   2)   2.037 us    |                              }
   11.837797 |   2)   2.562 us    |                            }
   11.837797 |   2)   2.814 us    |                          }
   11.837797 |   2)   3.065 us    |                        }
   11.837797 |   2)               |                        filemap_add_folio() {
   11.837797 |   2)               |                          __filemap_add_folio() {
   11.837797 |   2)   0.126 us    |                            shmem_mapping();
   11.837798 |   2)               |                            _raw_spin_lock_irq() {
   11.837798 |   2)   0.125 us    |                              preempt_count_add();
   11.837798 |   2)   0.397 us    |                            }
   11.837798 |   2)   0.126 us    |                            workingset_update_node();
   11.837799 |   2)   0.126 us    |                            mod_node_page_state();
   11.837799 |   2)               |                            _raw_spin_unlock_irq() {
   11.837799 |   2)   0.127 us    |                              preempt_count_sub();
   11.837799 |   2)   0.397 us    |                            }
   11.837799 |   2)   2.076 us    |                          }
   11.837800 |   2)               |                          folio_add_lru() {
   11.837800 |   2)               |                            __folio_batch_add_and_move() {
   11.837800 |   2)   0.125 us    |                              preempt_count_add();
   11.837800 |   2)   0.126 us    |                              preempt_count_sub();
   11.837800 |   2)   0.658 us    |                            }
   11.837800 |   2)   0.907 us    |                          }
   11.837801 |   2)   3.385 us    |                        }
   11.837801 |   2)               |                        filemap_alloc_folio_noprof() {
   11.837801 |   2)               |                          folio_alloc_noprof() {
   11.837801 |   2)               |                            alloc_pages_mpol() {
   11.837801 |   2)   0.125 us    |                              policy_nodemask();
   11.837802 |   2)               |                              __alloc_frozen_pages_noprof() {
   11.837802 |   2)               |                                get_page_from_freelist() {
   11.837802 |   2)   0.126 us    |                                  preempt_count_add();
   11.837802 |   2)               |                                  _raw_spin_trylock() {
   11.837802 |   2)   0.124 us    |                                    preempt_count_add();
   11.837802 |   2)   0.389 us    |                                  }
   11.837803 |   2)               |                                  _raw_spin_unlock() {
   11.837803 |   2)   0.124 us    |                                    preempt_count_sub();
   11.837803 |   2)   0.389 us    |                                  }
   11.837803 |   2)   0.127 us    |                                  preempt_count_sub();
   11.837803 |   2)   1.754 us    |                                }
   11.837804 |   2)   2.028 us    |                              }
   11.837804 |   2)   2.554 us    |                            }
   11.837804 |   2)   2.808 us    |                          }
   11.837804 |   2)   3.059 us    |                        }
   11.837804 |   2)               |                        filemap_add_folio() {
   11.837804 |   2)               |                          __filemap_add_folio() {
   11.837804 |   2)   0.127 us    |                            shmem_mapping();
   11.837805 |   2)               |                            _raw_spin_lock_irq() {
   11.837805 |   2)   0.128 us    |                              preempt_count_add();
   11.837805 |   2)   0.402 us    |                            }
   11.837805 |   2)   0.124 us    |                            workingset_update_node();
   11.837806 |   2)   0.128 us    |                            mod_node_page_state();
   11.837806 |   2)               |                            _raw_spin_unlock_irq() {
   11.837806 |   2)   0.128 us    |                              preempt_count_sub();
   11.837806 |   2)   0.399 us    |                            }
   11.837806 |   2)   2.163 us    |                          }
   11.837807 |   2)               |                          folio_add_lru() {
   11.837807 |   2)               |                            __folio_batch_add_and_move() {
   11.837807 |   2)   0.127 us    |                              preempt_count_add();
   11.837807 |   2)   0.127 us    |                              preempt_count_sub();
   11.837807 |   2)   0.666 us    |                            }
   11.837807 |   2)   0.940 us    |                          }
   11.837808 |   2)   3.506 us    |                        }
   11.837808 |   2)               |                        filemap_alloc_folio_noprof() {
   11.837808 |   2)               |                          folio_alloc_noprof() {
   11.837808 |   2)               |                            alloc_pages_mpol() {
   11.837808 |   2)   0.128 us    |                              policy_nodemask();
   11.837809 |   2)               |                              __alloc_frozen_pages_noprof() {
   11.837809 |   2)               |                                get_page_from_freelist() {
   11.837809 |   2)   0.125 us    |                                  preempt_count_add();
   11.837809 |   2)               |                                  _raw_spin_trylock() {
   11.837809 |   2)   0.124 us    |                                    preempt_count_add();
   11.837809 |   2)   0.415 us    |                                  }
   11.837810 |   2)               |                                  _raw_spin_unlock() {
   11.837810 |   2)   0.124 us    |                                    preempt_count_sub();
   11.837810 |   2)   0.389 us    |                                  }
   11.837810 |   2)   0.126 us    |                                  preempt_count_sub();
   11.837810 |   2)   1.757 us    |                                }
   11.837811 |   2)   2.031 us    |                              }
   11.837811 |   2)   2.562 us    |                            }
   11.837811 |   2)   2.815 us    |                          }
   11.837811 |   2)   3.066 us    |                        }
   11.837811 |   2)               |                        filemap_add_folio() {
   11.837811 |   2)               |                          __filemap_add_folio() {
   11.837811 |   2)   0.123 us    |                            shmem_mapping();
   11.837812 |   2)               |                            _raw_spin_lock_irq() {
   11.837812 |   2)   0.128 us    |                              preempt_count_add();
   11.837812 |   2)   0.400 us    |                            }
   11.837812 |   2)   0.124 us    |                            workingset_update_node();
   11.837812 |   2)   0.125 us    |                            mod_node_page_state();
   11.837813 |   2)               |                            _raw_spin_unlock_irq() {
   11.837813 |   2)   0.126 us    |                              preempt_count_sub();
   11.837813 |   2)   0.396 us    |                            }
   11.837813 |   2)   2.070 us    |                          }
   11.837813 |   2)               |                          folio_add_lru() {
   11.837814 |   2)               |                            __folio_batch_add_and_move() {
   11.837814 |   2)   0.125 us    |                              preempt_count_add();
   11.837814 |   2)   0.126 us    |                              preempt_count_sub();
   11.837814 |   2)   0.661 us    |                            }
   11.837814 |   2)   0.909 us    |                          }
   11.837815 |   2)   3.380 us    |                        }
   11.837815 |   2)               |                        filemap_alloc_folio_noprof() {
   11.837815 |   2)               |                          folio_alloc_noprof() {
   11.837815 |   2)               |                            alloc_pages_mpol() {
   11.837815 |   2)   0.125 us    |                              policy_nodemask();
   11.837815 |   2)               |                              __alloc_frozen_pages_noprof() {
   11.837816 |   2)               |                                get_page_from_freelist() {
   11.837816 |   2)   0.125 us    |                                  preempt_count_add();
   11.837816 |   2)               |                                  _raw_spin_trylock() {
   11.837816 |   2)   0.124 us    |                                    preempt_count_add();
   11.837816 |   2)   0.390 us    |                                  }
   11.837817 |   2)               |                                  _raw_spin_unlock() {
   11.837817 |   2)   0.123 us    |                                    preempt_count_sub();
   11.837817 |   2)   0.389 us    |                                  }
   11.837817 |   2)   0.125 us    |                                  preempt_count_sub();
   11.837817 |   2)   1.734 us    |                                }
   11.837817 |   2)   2.006 us    |                              }
   11.837818 |   2)   2.528 us    |                            }
   11.837818 |   2)   2.778 us    |                          }
   11.837818 |   2)   3.029 us    |                        }
   11.837818 |   2)               |                        filemap_add_folio() {
   11.837818 |   2)               |                          __filemap_add_folio() {
   11.837818 |   2)   0.123 us    |                            shmem_mapping();
   11.837819 |   2)               |                            _raw_spin_lock_irq() {
   11.837819 |   2)   0.204 us    |                              preempt_count_add();
   11.837819 |   2)   0.478 us    |                            }
   11.837819 |   2)   0.125 us    |                            workingset_update_node();
   11.837819 |   2)   0.125 us    |                            mod_node_page_state();
   11.837820 |   2)               |                            _raw_spin_unlock_irq() {
   11.837820 |   2)   0.125 us    |                              preempt_count_sub();
   11.837820 |   2)   0.423 us    |                            }
   11.837820 |   2)   2.223 us    |                          }
   11.837820 |   2)               |                          folio_add_lru() {
   11.837821 |   2)               |                            __folio_batch_add_and_move() {
   11.837821 |   2)   0.138 us    |                              preempt_count_add();
   11.837821 |   2)   0.126 us    |                              preempt_count_sub();
   11.837821 |   2)   0.679 us    |                            }
   11.837821 |   2)   0.952 us    |                          }
   11.837822 |   2)   3.577 us    |                        }
   11.837822 |   2)               |                        filemap_alloc_folio_noprof() {
   11.837822 |   2)               |                          folio_alloc_noprof() {
   11.837822 |   2)               |                            alloc_pages_mpol() {
   11.837822 |   2)   0.123 us    |                              policy_nodemask();
   11.837823 |   2)               |                              __alloc_frozen_pages_noprof() {
   11.837823 |   2)               |                                get_page_from_freelist() {
   11.837823 |   2)   0.123 us    |                                  preempt_count_add();
   11.837823 |   2)               |                                  _raw_spin_trylock() {
   11.837823 |   2)   0.123 us    |                                    preempt_count_add();
   11.837823 |   2)   0.388 us    |                                  }
   11.837824 |   2)               |                                  _raw_spin_unlock() {
   11.837824 |   2)   0.124 us    |                                    preempt_count_sub();
   11.837824 |   2)   0.389 us    |                                  }
   11.837824 |   2)   0.125 us    |                                  preempt_count_sub();
   11.837824 |   2)   1.723 us    |                                }
   11.837825 |   2)   1.992 us    |                              }
   11.837825 |   2)   2.517 us    |                            }
   11.837825 |   2)   2.768 us    |                          }
   11.837825 |   2)   3.019 us    |                        }
   11.837825 |   2)               |                        filemap_add_folio() {
   11.837825 |   2)               |                          __filemap_add_folio() {
   11.837825 |   2)   0.123 us    |                            shmem_mapping();
   11.837826 |   2)               |                            _raw_spin_lock_irq() {
   11.837826 |   2)   0.128 us    |                              preempt_count_add();
   11.837826 |   2)   0.401 us    |                            }
   11.837826 |   2)   0.126 us    |                            workingset_update_node();
   11.837826 |   2)   0.125 us    |                            mod_node_page_state();
   11.837827 |   2)               |                            _raw_spin_unlock_irq() {
   11.837827 |   2)   0.127 us    |                              preempt_count_sub();
   11.837827 |   2)   0.398 us    |                            }
   11.837827 |   2)   2.058 us    |                          }
   11.837827 |   2)               |                          folio_add_lru() {
   11.837828 |   2)               |                            __folio_batch_add_and_move() {
   11.837828 |   2)   0.125 us    |                              preempt_count_add();
   11.837828 |   2)   0.126 us    |                              preempt_count_sub();
   11.837828 |   2)   0.658 us    |                            }
   11.837828 |   2)   0.906 us    |                          }
   11.837828 |   2)   3.360 us    |                        }
   11.837829 |   2)               |                        filemap_alloc_folio_noprof() {
   11.837829 |   2)               |                          folio_alloc_noprof() {
   11.837829 |   2)               |                            alloc_pages_mpol() {
   11.837829 |   2)   0.126 us    |                              policy_nodemask();
   11.837829 |   2)               |                              __alloc_frozen_pages_noprof() {
   11.837830 |   2)               |                                get_page_from_freelist() {
   11.837830 |   2)   0.125 us    |                                  preempt_count_add();
   11.837830 |   2)               |                                  _raw_spin_trylock() {
   11.837830 |   2)   0.124 us    |                                    preempt_count_add();
   11.837830 |   2)   0.390 us    |                                  }
   11.837830 |   2)               |                                  _raw_spin_unlock() {
   11.837831 |   2)   0.124 us    |                                    preempt_count_sub();
   11.837831 |   2)   0.388 us    |                                  }
   11.837831 |   2)   0.126 us    |                                  preempt_count_sub();
   11.837831 |   2)   1.759 us    |                                }
   11.837831 |   2)   2.031 us    |                              }
   11.837832 |   2)   2.556 us    |                            }
   11.837832 |   2)   2.808 us    |                          }
   11.837832 |   2)   3.059 us    |                        }
   11.837832 |   2)               |                        filemap_add_folio() {
   11.837832 |   2)               |                          __filemap_add_folio() {
   11.837832 |   2)   0.124 us    |                            shmem_mapping();
   11.837832 |   2)               |                            _raw_spin_lock_irq() {
   11.837833 |   2)   0.125 us    |                              preempt_count_add();
   11.837833 |   2)   0.399 us    |                            }
   11.837833 |   2)   0.131 us    |                            workingset_update_node();
   11.837833 |   2)   0.126 us    |                            mod_node_page_state();
   11.837834 |   2)               |                            _raw_spin_unlock_irq() {
   11.837834 |   2)   0.126 us    |                              preempt_count_sub();
   11.837834 |   2)   0.400 us    |                            }
   11.837834 |   2)   2.160 us    |                          }
   11.837834 |   2)               |                          folio_add_lru() {
   11.837835 |   2)               |                            __folio_batch_add_and_move() {
   11.837835 |   2)   0.124 us    |                              preempt_count_add();
   11.837835 |   2)   0.126 us    |                              preempt_count_sub();
   11.837835 |   2)   0.662 us    |                            }
   11.837835 |   2)   0.909 us    |                          }
   11.837835 |   2)   3.472 us    |                        }
   11.837836 |   2)               |                        filemap_alloc_folio_noprof() {
   11.837836 |   2)               |                          folio_alloc_noprof() {
   11.837836 |   2)               |                            alloc_pages_mpol() {
   11.837836 |   2)   0.125 us    |                              policy_nodemask();
   11.837836 |   2)               |                              __alloc_frozen_pages_noprof() {
   11.837837 |   2)               |                                get_page_from_freelist() {
   11.837837 |   2)   0.126 us    |                                  preempt_count_add();
   11.837837 |   2)               |                                  _raw_spin_trylock() {
   11.837837 |   2)   0.125 us    |                                    preempt_count_add();
   11.837837 |   2)   0.391 us    |                                  }
   11.837837 |   2)               |                                  _raw_spin_unlock() {
   11.837838 |   2)   0.125 us    |                                    preempt_count_sub();
   11.837838 |   2)   0.390 us    |                                  }
   11.837838 |   2)   0.125 us    |                                  preempt_count_sub();
   11.837838 |   2)   1.738 us    |                                }
   11.837838 |   2)   2.008 us    |                              }
   11.837839 |   2)   2.533 us    |                            }
   11.837839 |   2)   2.785 us    |                          }
   11.837839 |   2)   3.037 us    |                        }
   11.837839 |   2)               |                        filemap_add_folio() {
   11.837839 |   2)               |                          __filemap_add_folio() {
   11.837839 |   2)   0.123 us    |                            shmem_mapping();
   11.837839 |   2)               |                            _raw_spin_lock_irq() {
   11.837840 |   2)   0.128 us    |                              preempt_count_add();
   11.837840 |   2)   0.421 us    |                            }
   11.837840 |   2)   0.125 us    |                            workingset_update_node();
   11.837840 |   2)   0.125 us    |                            mod_node_page_state();
   11.837841 |   2)               |                            _raw_spin_unlock_irq() {
   11.837841 |   2)   0.126 us    |                              preempt_count_sub();
   11.837841 |   2)   0.401 us    |                            }
   11.837841 |   2)   2.099 us    |                          }
   11.837841 |   2)               |                          folio_add_lru() {
   11.837841 |   2)               |                            __folio_batch_add_and_move() {
   11.837842 |   2)   0.126 us    |                              preempt_count_add();
   11.837842 |   2)   0.126 us    |                              preempt_count_sub();
   11.837842 |   2)   0.665 us    |                            }
   11.837842 |   2)   0.916 us    |                          }
   11.837842 |   2)   3.420 us    |                        }
   11.837843 |   2)               |                        filemap_alloc_folio_noprof() {
   11.837843 |   2)               |                          folio_alloc_noprof() {
   11.837843 |   2)               |                            alloc_pages_mpol() {
   11.837843 |   2)   0.125 us    |                              policy_nodemask();
   11.837843 |   2)               |                              __alloc_frozen_pages_noprof() {
   11.837843 |   2)               |                                get_page_from_freelist() {
   11.837844 |   2)   0.125 us    |                                  preempt_count_add();
   11.837844 |   2)               |                                  _raw_spin_trylock() {
   11.837844 |   2)   0.124 us    |                                    preempt_count_add();
   11.837844 |   2)   0.388 us    |                                  }
   11.837844 |   2)               |                                  _raw_spin_unlock() {
   11.837845 |   2)   0.125 us    |                                    preempt_count_sub();
   11.837845 |   2)   0.391 us    |                                  }
   11.837845 |   2)   0.128 us    |                                  preempt_count_sub();
   11.837845 |   2)   1.741 us    |                                }
   11.837845 |   2)   2.013 us    |                              }
   11.837845 |   2)   2.539 us    |                            }
   11.837846 |   2)   2.790 us    |                          }
   11.837846 |   2)   3.041 us    |                        }
   11.837846 |   2)               |                        filemap_add_folio() {
   11.837846 |   2)               |                          __filemap_add_folio() {
   11.837846 |   2)   0.126 us    |                            shmem_mapping();
   11.837846 |   2)               |                            _raw_spin_lock_irq() {
   11.837847 |   2)   0.127 us    |                              preempt_count_add();
   11.837847 |   2)   0.397 us    |                            }
   11.837847 |   2)   0.126 us    |                            workingset_update_node();
   11.837847 |   2)   0.129 us    |                            mod_node_page_state();
   11.837848 |   2)               |                            _raw_spin_unlock_irq() {
   11.837848 |   2)   0.127 us    |                              preempt_count_sub();
   11.837848 |   2)   0.397 us    |                            }
   11.837848 |   2)   2.159 us    |                          }
   11.837848 |   2)               |                          folio_add_lru() {
   11.837848 |   2)               |                            __folio_batch_add_and_move() {
   11.837849 |   2)   0.126 us    |                              preempt_count_add();
   11.837849 |   2)   0.127 us    |                              preempt_count_sub();
   11.837849 |   2)   0.662 us    |                            }
   11.837849 |   2)   0.908 us    |                          }
   11.837849 |   2)   3.467 us    |                        }
   11.837850 |   2)               |                        filemap_alloc_folio_noprof() {
   11.837850 |   2)               |                          folio_alloc_noprof() {
   11.837850 |   2)               |                            alloc_pages_mpol() {
   11.837850 |   2)   0.124 us    |                              policy_nodemask();
   11.837850 |   2)               |                              __alloc_frozen_pages_noprof() {
   11.837850 |   2)               |                                get_page_from_freelist() {
   11.837851 |   2)   0.125 us    |                                  preempt_count_add();
   11.837851 |   2)               |                                  _raw_spin_trylock() {
   11.837851 |   2)   0.125 us    |                                    preempt_count_add();
   11.837851 |   2)   0.392 us    |                                  }
   11.837851 |   2)               |                                  _raw_spin_unlock() {
   11.837851 |   2)   0.123 us    |                                    preempt_count_sub();
   11.837852 |   2)   0.387 us    |                                  }
   11.837852 |   2)   0.126 us    |                                  preempt_count_sub();
   11.837852 |   2)   1.758 us    |                                }
   11.837852 |   2)   2.024 us    |                              }
   11.837852 |   2)   2.553 us    |                            }
   11.837853 |   2)   2.803 us    |                          }
   11.837853 |   2)   3.051 us    |                        }
   11.837853 |   2)               |                        filemap_add_folio() {
   11.837853 |   2)               |                          __filemap_add_folio() {
   11.837853 |   2)   0.125 us    |                            shmem_mapping();
   11.837853 |   2)               |                            _raw_spin_lock_irq() {
   11.837854 |   2)   0.125 us    |                              preempt_count_add();
   11.837854 |   2)   0.399 us    |                            }
   11.837854 |   2)   0.125 us    |                            workingset_update_node();
   11.837854 |   2)   0.126 us    |                            mod_node_page_state();
   11.837855 |   2)               |                            _raw_spin_unlock_irq() {
   11.837855 |   2)   0.127 us    |                              preempt_count_sub();
   11.837855 |   2)   0.397 us    |                            }
   11.837855 |   2)   2.100 us    |                          }
   11.837855 |   2)               |                          folio_add_lru() {
   11.837855 |   2)               |                            __folio_batch_add_and_move() {
   11.837855 |   2)   0.125 us    |                              preempt_count_add();
   11.837856 |   2)   0.126 us    |                              preempt_count_sub();
   11.837856 |   2)   0.658 us    |                            }
   11.837856 |   2)   0.934 us    |                          }
   11.837856 |   2)   3.437 us    |                        }
   11.837857 |   2)               |                        filemap_alloc_folio_noprof() {
   11.837857 |   2)               |                          folio_alloc_noprof() {
   11.837857 |   2)               |                            alloc_pages_mpol() {
   11.837857 |   2)   0.126 us    |                              policy_nodemask();
   11.837857 |   2)               |                              __alloc_frozen_pages_noprof() {
   11.837857 |   2)               |                                get_page_from_freelist() {
   11.837857 |   2)   0.124 us    |                                  preempt_count_add();
   11.837858 |   2)               |                                  _raw_spin_trylock() {
   11.837858 |   2)   0.124 us    |                                    preempt_count_add();
   11.837858 |   2)   0.387 us    |                                  }
   11.837858 |   2)               |                                  _raw_spin_unlock() {
   11.837858 |   2)   0.123 us    |                                    preempt_count_sub();
   11.837859 |   2)   0.388 us    |                                  }
   11.837859 |   2)   0.124 us    |                                  preempt_count_sub();
   11.837859 |   2)   1.731 us    |                                }
   11.837859 |   2)   2.001 us    |                              }
   11.837859 |   2)   2.526 us    |                            }
   11.837860 |   2)   2.777 us    |                          }
   11.837860 |   2)   3.027 us    |                        }
   11.837860 |   2)               |                        filemap_add_folio() {
   11.837860 |   2)               |                          __filemap_add_folio() {
   11.837860 |   2)   0.123 us    |                            shmem_mapping();
   11.837860 |   2)               |                            _raw_spin_lock_irq() {
   11.837860 |   2)   0.127 us    |                              preempt_count_add();
   11.837861 |   2)   0.398 us    |                            }
   11.837861 |   2)   0.125 us    |                            workingset_update_node();
   11.837861 |   2)   0.127 us    |                            mod_node_page_state();
   11.837862 |   2)               |                            _raw_spin_unlock_irq() {
   11.837862 |   2)   0.127 us    |                              preempt_count_sub();
   11.837862 |   2)   0.396 us    |                            }
   11.837862 |   2)   2.152 us    |                          }
   11.837862 |   2)               |                          folio_add_lru() {
   11.837862 |   2)               |                            __folio_batch_add_and_move() {
   11.837862 |   2)   0.126 us    |                              preempt_count_add();
   11.837863 |   2)   0.126 us    |                              preempt_count_sub();
   11.837863 |   2)   0.661 us    |                            }
   11.837863 |   2)   0.909 us    |                          }
   11.837863 |   2)   3.462 us    |                        }
   11.837864 |   2)               |                        filemap_alloc_folio_noprof() {
   11.837864 |   2)               |                          folio_alloc_noprof() {
   11.837864 |   2)               |                            alloc_pages_mpol() {
   11.837864 |   2)   0.126 us    |                              policy_nodemask();
   11.837864 |   2)               |                              __alloc_frozen_pages_noprof() {
   11.837864 |   2)               |                                get_page_from_freelist() {
   11.837864 |   2)   0.125 us    |                                  preempt_count_add();
   11.837865 |   2)               |                                  _raw_spin_trylock() {
   11.837865 |   2)   0.125 us    |                                    preempt_count_add();
   11.837865 |   2)   0.389 us    |                                  }
   11.837865 |   2)               |                                  _raw_spin_unlock() {
   11.837865 |   2)   0.124 us    |                                    preempt_count_sub();
   11.837866 |   2)   0.386 us    |                                  }
   11.837866 |   2)   0.125 us    |                                  preempt_count_sub();
   11.837866 |   2)   1.757 us    |                                }
   11.837866 |   2)   2.028 us    |                              }
   11.837866 |   2)   2.554 us    |                            }
   11.837867 |   2)   2.832 us    |                          }
   11.837867 |   2)   3.083 us    |                        }
   11.837867 |   2)               |                        filemap_add_folio() {
   11.837867 |   2)               |                          __filemap_add_folio() {
   11.837867 |   2)   0.122 us    |                            shmem_mapping();
   11.837867 |   2)               |                            _raw_spin_lock_irq() {
   11.837867 |   2)   0.126 us    |                              preempt_count_add();
   11.837868 |   2)   0.399 us    |                            }
   11.837868 |   2)   0.125 us    |                            workingset_update_node();
   11.837868 |   2)   0.125 us    |                            mod_node_page_state();
   11.837868 |   2)               |                            _raw_spin_unlock_irq() {
   11.837869 |   2)   0.126 us    |                              preempt_count_sub();
   11.837869 |   2)   0.399 us    |                            }
   11.837869 |   2)   2.093 us    |                          }
   11.837869 |   2)               |                          folio_add_lru() {
   11.837869 |   2)               |                            __folio_batch_add_and_move() {
   11.837869 |   2)   0.125 us    |                              preempt_count_add();
   11.837870 |   2)   0.126 us    |                              preempt_count_sub();
   11.837870 |   2)   0.661 us    |                            }
   11.837870 |   2)   0.908 us    |                          }
   11.837870 |   2)   3.406 us    |                        }
   11.837871 |   2)               |                        filemap_alloc_folio_noprof() {
   11.837871 |   2)               |                          folio_alloc_noprof() {
   11.837871 |   2)               |                            alloc_pages_mpol() {
   11.837871 |   2)   0.127 us    |                              policy_nodemask();
   11.837871 |   2)               |                              __alloc_frozen_pages_noprof() {
   11.837871 |   2)               |                                get_page_from_freelist() {
   11.837871 |   2)   0.124 us    |                                  preempt_count_add();
   11.837872 |   2)               |                                  _raw_spin_trylock() {
   11.837872 |   2)   0.124 us    |                                    preempt_count_add();
   11.837872 |   2)   0.388 us    |                                  }
   11.837872 |   2)               |                                  _raw_spin_unlock() {
   11.837872 |   2)   0.124 us    |                                    preempt_count_sub();
   11.837873 |   2)   0.390 us    |                                  }
   11.837873 |   2)   0.127 us    |                                  preempt_count_sub();
   11.837873 |   2)   1.738 us    |                                }
   11.837873 |   2)   2.012 us    |                              }
   11.837873 |   2)   2.539 us    |                            }
   11.837873 |   2)   2.789 us    |                          }
   11.837874 |   2)   3.040 us    |                        }
   11.837874 |   2)               |                        filemap_add_folio() {
   11.837874 |   2)               |                          __filemap_add_folio() {
   11.837874 |   2)   0.125 us    |                            shmem_mapping();
   11.837874 |   2)               |                            _raw_spin_lock_irq() {
   11.837874 |   2)   0.124 us    |                              preempt_count_add();
   11.837875 |   2)   0.422 us    |                            }
   11.837875 |   2)   0.123 us    |                            workingset_update_node();
   11.837875 |   2)   0.126 us    |                            mod_node_page_state();
   11.837875 |   2)               |                            _raw_spin_unlock_irq() {
   11.837876 |   2)   0.220 us    |                              preempt_count_sub();
   11.837876 |   2)   0.489 us    |                            }
   11.837876 |   2)   2.176 us    |                          }
   11.837876 |   2)               |                          folio_add_lru() {
   11.837876 |   2)               |                            __folio_batch_add_and_move() {
   11.837876 |   2)   0.124 us    |                              preempt_count_add();
   11.837877 |   2)   0.140 us    |                              preempt_count_sub();
   11.837877 |   2)   0.676 us    |                            }
   11.837877 |   2)   0.925 us    |                          }
   11.837877 |   2)   3.504 us    |                        }
   11.837878 |   2)               |                        filemap_alloc_folio_noprof() {
   11.837878 |   2)               |                          folio_alloc_noprof() {
   11.837878 |   2)               |                            alloc_pages_mpol() {
   11.837878 |   2)   0.125 us    |                              policy_nodemask();
   11.837878 |   2)               |                              __alloc_frozen_pages_noprof() {
   11.837878 |   2)               |                                get_page_from_freelist() {
   11.837878 |   2)   0.125 us    |                                  preempt_count_add();
   11.837879 |   2)               |                                  _raw_spin_trylock() {
   11.837879 |   2)   0.123 us    |                                    preempt_count_add();
   11.837879 |   2)   0.388 us    |                                  }
   11.837879 |   2)               |                                  _raw_spin_unlock() {
   11.837879 |   2)   0.126 us    |                                    preempt_count_sub();
   11.837880 |   2)   0.390 us    |                                  }
   11.837880 |   2)   0.126 us    |                                  preempt_count_sub();
   11.837880 |   2)   1.753 us    |                                }
   11.837880 |   2)   2.022 us    |                              }
   11.837880 |   2)   2.550 us    |                            }
   11.837880 |   2)   2.827 us    |                          }
   11.837881 |   2)   3.075 us    |                        }
   11.837881 |   2)               |                        filemap_add_folio() {
   11.837881 |   2)               |                          __filemap_add_folio() {
   11.837881 |   2)   0.125 us    |                            shmem_mapping();
   11.837881 |   2)               |                            _raw_spin_lock_irq() {
   11.837881 |   2)   0.125 us    |                              preempt_count_add();
   11.837882 |   2)   0.398 us    |                            }
   11.837882 |   2)   0.124 us    |                            workingset_update_node();
   11.837882 |   2)   0.125 us    |                            mod_node_page_state();
   11.837882 |   2)               |                            _raw_spin_unlock_irq() {
   11.837883 |   2)   0.126 us    |                              preempt_count_sub();
   11.837883 |   2)   0.393 us    |                            }
   11.837883 |   2)   2.083 us    |                          }
   11.837883 |   2)               |                          folio_add_lru() {
   11.837883 |   2)               |                            __folio_batch_add_and_move() {
   11.837883 |   2)   0.124 us    |                              preempt_count_add();
   11.837884 |   2)   0.126 us    |                              preempt_count_sub();
   11.837884 |   2)   0.663 us    |                            }
   11.837884 |   2)   0.912 us    |                          }
   11.837884 |   2)   3.423 us    |                        }
   11.837885 |   2)               |                        filemap_alloc_folio_noprof() {
   11.837885 |   2)               |                          folio_alloc_noprof() {
   11.837885 |   2)               |                            alloc_pages_mpol() {
   11.837885 |   2)   0.123 us    |                              policy_nodemask();
   11.837885 |   2)               |                              __alloc_frozen_pages_noprof() {
   11.837885 |   2)               |                                get_page_from_freelist() {
   11.837885 |   2)   0.123 us    |                                  preempt_count_add();
   11.837886 |   2)               |                                  _raw_spin_trylock() {
   11.837886 |   2)   0.123 us    |                                    preempt_count_add();
   11.837886 |   2)   0.388 us    |                                  }
   11.837886 |   2)               |                                  _raw_spin_unlock() {
   11.837886 |   2)   0.123 us    |                                    preempt_count_sub();
   11.837887 |   2)   0.386 us    |                                  }
   11.837887 |   2)   0.126 us    |                                  preempt_count_sub();
   11.837887 |   2)   1.727 us    |                                }
   11.837887 |   2)   1.998 us    |                              }
   11.837887 |   2)   2.522 us    |                            }
   11.837887 |   2)   2.772 us    |                          }
   11.837888 |   2)   3.022 us    |                        }
   11.837888 |   2)               |                        filemap_add_folio() {
   11.837888 |   2)               |                          __filemap_add_folio() {
   11.837888 |   2)   0.125 us    |                            shmem_mapping();
   11.837888 |   2)               |                            _raw_spin_lock_irq() {
   11.837888 |   2)   0.124 us    |                              preempt_count_add();
   11.837889 |   2)   0.396 us    |                            }
   11.837889 |   2)   0.125 us    |                            workingset_update_node();
   11.837889 |   2)   0.125 us    |                            mod_node_page_state();
   11.837889 |   2)               |                            _raw_spin_unlock_irq() {
   11.837889 |   2)   0.126 us    |                              preempt_count_sub();
   11.837890 |   2)   0.393 us    |                            }
   11.837890 |   2)   2.290 us    |                          }
   11.837890 |   2)               |                          folio_add_lru() {
   11.837890 |   2)               |                            __folio_batch_add_and_move() {
   11.837890 |   2)   0.125 us    |                              preempt_count_add();
   11.837891 |   2)   0.127 us    |                              preempt_count_sub();
   11.837891 |   2)   0.664 us    |                            }
   11.837891 |   2)   0.912 us    |                          }
   11.837891 |   2)   3.628 us    |                        }
   11.837892 |   2)               |                        filemap_alloc_folio_noprof() {
   11.837892 |   2)               |                          folio_alloc_noprof() {
   11.837892 |   2)               |                            alloc_pages_mpol() {
   11.837892 |   2)   0.125 us    |                              policy_nodemask();
   11.837892 |   2)               |                              __alloc_frozen_pages_noprof() {
   11.837892 |   2)               |                                get_page_from_freelist() {
   11.837893 |   2)   0.125 us    |                                  preempt_count_add();
   11.837893 |   2)               |                                  _raw_spin_trylock() {
   11.837893 |   2)   0.126 us    |                                    preempt_count_add();
   11.837893 |   2)   0.392 us    |                                  }
   11.837893 |   2)               |                                  _raw_spin_unlock() {
   11.837893 |   2)   0.124 us    |                                    preempt_count_sub();
   11.837894 |   2)   0.386 us    |                                  }
   11.837894 |   2)   0.125 us    |                                  preempt_count_sub();
   11.837894 |   2)   1.758 us    |                                }
   11.837894 |   2)   2.028 us    |                              }
   11.837894 |   2)   2.552 us    |                            }
   11.837895 |   2)   2.803 us    |                          }
   11.837895 |   2)   3.054 us    |                        }
   11.837895 |   2)               |                        filemap_add_folio() {
   11.837895 |   2)               |                          __filemap_add_folio() {
   11.837895 |   2)   0.123 us    |                            shmem_mapping();
   11.837895 |   2)               |                            _raw_spin_lock_irq() {
   11.837895 |   2)   0.127 us    |                              preempt_count_add();
   11.837896 |   2)   0.399 us    |                            }
   11.837896 |   2)   0.125 us    |                            workingset_update_node();
   11.837896 |   2)   0.125 us    |                            mod_node_page_state();
   11.837896 |   2)               |                            _raw_spin_unlock_irq() {
   11.837897 |   2)   0.125 us    |                              preempt_count_sub();
   11.837897 |   2)   0.396 us    |                            }
   11.837897 |   2)   2.054 us    |                          }
   11.837897 |   2)               |                          folio_add_lru() {
   11.837897 |   2)               |                            __folio_batch_add_and_move() {
   11.837897 |   2)   0.126 us    |                              preempt_count_add();
   11.837898 |   2)   0.125 us    |                              preempt_count_sub();
   11.837898 |   2)   0.660 us    |                            }
   11.837898 |   2)   0.911 us    |                          }
   11.837898 |   2)   3.366 us    |                        }
   11.837899 |   2)               |                        filemap_alloc_folio_noprof() {
   11.837899 |   2)               |                          folio_alloc_noprof() {
   11.837899 |   2)               |                            alloc_pages_mpol() {
   11.837899 |   2)   0.126 us    |                              policy_nodemask();
   11.837899 |   2)               |                              __alloc_frozen_pages_noprof() {
   11.837899 |   2)               |                                get_page_from_freelist() {
   11.837899 |   2)   0.125 us    |                                  preempt_count_add();
   11.837900 |   2)               |                                  _raw_spin_trylock() {
   11.837900 |   2)   0.122 us    |                                    preempt_count_add();
   11.837900 |   2)   0.388 us    |                                  }
   11.837900 |   2)               |                                  _raw_spin_unlock() {
   11.837900 |   2)   0.124 us    |                                    preempt_count_sub();
   11.837901 |   2)   0.388 us    |                                  }
   11.837901 |   2)   0.125 us    |                                  preempt_count_sub();
   11.837901 |   2)   1.756 us    |                                }
   11.837901 |   2)   2.027 us    |                              }
   11.837901 |   2)   2.556 us    |                            }
   11.837901 |   2)   2.810 us    |                          }
   11.837902 |   2)   3.061 us    |                        }
   11.837902 |   2)               |                        filemap_add_folio() {
   11.837902 |   2)               |                          __filemap_add_folio() {
   11.837902 |   2)   0.124 us    |                            shmem_mapping();
   11.837902 |   2)               |                            _raw_spin_lock_irq() {
   11.837902 |   2)   0.125 us    |                              preempt_count_add();
   11.837903 |   2)   0.399 us    |                            }
   11.837903 |   2)   0.125 us    |                            workingset_update_node();
   11.837903 |   2)   0.167 us    |                            mod_node_page_state();
   11.837903 |   2)               |                            _raw_spin_unlock_irq() {
   11.837904 |   2)   0.126 us    |                              preempt_count_sub();
   11.837904 |   2)   0.392 us    |                            }
   11.837904 |   2)   2.090 us    |                          }
   11.837904 |   2)               |                          folio_add_lru() {
   11.837904 |   2)               |                            __folio_batch_add_and_move() {
   11.837904 |   2)   0.125 us    |                              preempt_count_add();
   11.837905 |   2)   0.125 us    |                              preempt_count_sub();
   11.837905 |   2)   0.658 us    |                            }
   11.837905 |   2)   0.909 us    |                          }
   11.837905 |   2)   3.477 us    |                        }
   11.837906 |   2)               |                        filemap_alloc_folio_noprof() {
   11.837906 |   2)               |                          folio_alloc_noprof() {
   11.837906 |   2)               |                            alloc_pages_mpol() {
   11.837906 |   2)   0.126 us    |                              policy_nodemask();
   11.837906 |   2)               |                              __alloc_frozen_pages_noprof() {
   11.837906 |   2)               |                                get_page_from_freelist() {
   11.837906 |   2)   0.125 us    |                                  preempt_count_add();
   11.837907 |   2)               |                                  _raw_spin_trylock() {
   11.837907 |   2)   0.125 us    |                                    preempt_count_add();
   11.837907 |   2)   0.390 us    |                                  }
   11.837907 |   2)               |                                  _raw_spin_unlock() {
   11.837907 |   2)   0.123 us    |                                    preempt_count_sub();
   11.837908 |   2)   0.387 us    |                                  }
   11.837908 |   2)   0.128 us    |                                  preempt_count_sub();
   11.837908 |   2)   1.758 us    |                                }
   11.837908 |   2)   2.028 us    |                              }
   11.837908 |   2)   2.555 us    |                            }
   11.837908 |   2)   2.805 us    |                          }
   11.837909 |   2)   3.055 us    |                        }
   11.837909 |   2)               |                        filemap_add_folio() {
   11.837909 |   2)               |                          __filemap_add_folio() {
   11.837909 |   2)   0.123 us    |                            shmem_mapping();
   11.837909 |   2)               |                            _raw_spin_lock_irq() {
   11.837909 |   2)   0.126 us    |                              preempt_count_add();
   11.837910 |   2)   0.400 us    |                            }
   11.837910 |   2)   0.123 us    |                            workingset_update_node();
   11.837910 |   2)   0.142 us    |                            mod_node_page_state();
   11.837910 |   2)               |                            _raw_spin_unlock_irq() {
   11.837910 |   2)   0.125 us    |                              preempt_count_sub();
   11.837911 |   2)   0.396 us    |                            }
   11.837911 |   2)   2.071 us    |                          }
   11.837911 |   2)               |                          folio_add_lru() {
   11.837911 |   2)               |                            __folio_batch_add_and_move() {
   11.837911 |   2)   0.126 us    |                              preempt_count_add();
   11.837912 |   2)   0.126 us    |                              preempt_count_sub();
   11.837912 |   2)   0.660 us    |                            }
   11.837912 |   2)   0.909 us    |                          }
   11.837912 |   2)   3.394 us    |                        }
   11.837912 |   2)               |                        filemap_alloc_folio_noprof() {
   11.837913 |   2)               |                          folio_alloc_noprof() {
   11.837913 |   2)               |                            alloc_pages_mpol() {
   11.837913 |   2)   0.126 us    |                              policy_nodemask();
   11.837913 |   2)               |                              __alloc_frozen_pages_noprof() {
   11.837913 |   2)               |                                get_page_from_freelist() {
   11.837913 |   2)   0.125 us    |                                  preempt_count_add();
   11.837914 |   2)               |                                  _raw_spin_trylock() {
   11.837914 |   2)   0.124 us    |                                    preempt_count_add();
   11.837914 |   2)   0.388 us    |                                  }
   11.837914 |   2)               |                                  _raw_spin_unlock() {
   11.837914 |   2)   0.124 us    |                                    preempt_count_sub();
   11.837915 |   2)   0.387 us    |                                  }
   11.837915 |   2)   0.124 us    |                                  preempt_count_sub();
   11.837915 |   2)   1.727 us    |                                }
   11.837915 |   2)   1.994 us    |                              }
   11.837915 |   2)   2.521 us    |                            }
   11.837915 |   2)   2.771 us    |                          }
   11.837915 |   2)   3.022 us    |                        }
   11.837916 |   2)               |                        filemap_add_folio() {
   11.837916 |   2)               |                          __filemap_add_folio() {
   11.837916 |   2)   0.123 us    |                            shmem_mapping();
   11.837916 |   2)               |                            _raw_spin_lock_irq() {
   11.837916 |   2)   0.126 us    |                              preempt_count_add();
   11.837917 |   2)   0.397 us    |                            }
   11.837917 |   2)   0.124 us    |                            workingset_update_node();
   11.837917 |   2)   0.126 us    |                            mod_node_page_state();
   11.837917 |   2)               |                            _raw_spin_unlock_irq() {
   11.837917 |   2)   0.124 us    |                              preempt_count_sub();
   11.837918 |   2)   0.395 us    |                            }
   11.837918 |   2)   2.060 us    |                          }
   11.837918 |   2)               |                          folio_add_lru() {
   11.837918 |   2)               |                            __folio_batch_add_and_move() {
   11.837918 |   2)   0.122 us    |                              preempt_count_add();
   11.837919 |   2)   0.128 us    |                              preempt_count_sub();
   11.837919 |   2)   0.732 us    |                            }
   11.837919 |   2)   0.981 us    |                          }
   11.837919 |   2)   3.445 us    |                        }
   11.837919 |   2)               |                        filemap_alloc_folio_noprof() {
   11.837919 |   2)               |                          folio_alloc_noprof() {
   11.837920 |   2)               |                            alloc_pages_mpol() {
   11.837920 |   2)   0.126 us    |                              policy_nodemask();
   11.837920 |   2)               |                              __alloc_frozen_pages_noprof() {
   11.837920 |   2)               |                                get_page_from_freelist() {
   11.837920 |   2)   0.125 us    |                                  preempt_count_add();
   11.837921 |   2)               |                                  _raw_spin_trylock() {
   11.837921 |   2)   0.123 us    |                                    preempt_count_add();
   11.837921 |   2)   0.387 us    |                                  }
   11.837921 |   2)               |                                  _raw_spin_unlock() {
   11.837921 |   2)   0.123 us    |                                    preempt_count_sub();
   11.837921 |   2)   0.386 us    |                                  }
   11.837922 |   2)   0.124 us    |                                  preempt_count_sub();
   11.837922 |   2)   1.725 us    |                                }
   11.837922 |   2)   1.992 us    |                              }
   11.837922 |   2)   2.522 us    |                            }
   11.837922 |   2)   2.774 us    |                          }
   11.837922 |   2)   3.024 us    |                        }
   11.837923 |   2)               |                        filemap_add_folio() {
   11.837923 |   2)               |                          __filemap_add_folio() {
   11.837923 |   2)   0.123 us    |                            shmem_mapping();
   11.837923 |   2)               |                            _raw_spin_lock_irq() {
   11.837923 |   2)   0.126 us    |                              preempt_count_add();
   11.837923 |   2)   0.396 us    |                            }
   11.837924 |   2)   0.124 us    |                            workingset_update_node();
   11.837924 |   2)   0.127 us    |                            mod_node_page_state();
   11.837924 |   2)               |                            _raw_spin_unlock_irq() {
   11.837924 |   2)   0.126 us    |                              preempt_count_sub();
   11.837925 |   2)   0.394 us    |                            }
   11.837925 |   2)   2.048 us    |                          }
   11.837925 |   2)               |                          folio_add_lru() {
   11.837925 |   2)               |                            __folio_batch_add_and_move() {
   11.837925 |   2)   0.125 us    |                              preempt_count_add();
   11.837925 |   2)               |                              folio_batch_move_lru() {
   11.837926 |   2)               |                                _raw_spin_lock_irqsave() {
   11.837926 |   2)   0.134 us    |                                  preempt_count_add();
   11.837926 |   2)   0.410 us    |                                }
   11.837926 |   2)               |                                lru_add() {
   11.837926 |   2)   0.125 us    |                                  folio_mapping();
   11.837927 |   2)   0.126 us    |                                  mod_node_page_state();
   11.837927 |   2)   0.125 us    |                                  __mod_zone_page_state();
   11.837927 |   2)   1.155 us    |                                }
   11.837928 |   2)               |                                lru_add() {
   11.837928 |   2)   0.126 us    |                                  folio_mapping();
   11.837928 |   2)   0.127 us    |                                  mod_node_page_state();
   11.837928 |   2)   0.125 us    |                                  __mod_zone_page_state();
   11.837929 |   2)   1.110 us    |                                }
   11.837929 |   2)               |                                lru_add() {
   11.837929 |   2)   0.126 us    |                                  folio_mapping();
   11.837929 |   2)   0.127 us    |                                  mod_node_page_state();
   11.837930 |   2)   0.126 us    |                                  __mod_zone_page_state();
   11.837930 |   2)   1.106 us    |                                }
   11.837930 |   2)               |                                lru_add() {
   11.837930 |   2)   0.125 us    |                                  folio_mapping();
   11.837931 |   2)   0.125 us    |                                  mod_node_page_state();
   11.837931 |   2)   0.124 us    |                                  __mod_zone_page_state();
   11.837931 |   2)   1.104 us    |                                }
   11.837931 |   2)               |                                lru_add() {
   11.837932 |   2)   0.126 us    |                                  folio_mapping();
   11.837932 |   2)   0.128 us    |                                  mod_node_page_state();
   11.837932 |   2)   0.124 us    |                                  __mod_zone_page_state();
   11.837933 |   2)   1.128 us    |                                }
   11.837933 |   2)               |                                lru_add() {
   11.837933 |   2)   0.127 us    |                                  folio_mapping();
   11.837933 |   2)   0.127 us    |                                  mod_node_page_state();
   11.837934 |   2)   0.125 us    |                                  __mod_zone_page_state();
   11.837934 |   2)   1.216 us    |                                }
   11.837934 |   2)               |                                lru_add() {
   11.837934 |   2)   0.126 us    |                                  folio_mapping();
   11.837935 |   2)   0.125 us    |                                  mod_node_page_state();
   11.837935 |   2)   0.126 us    |                                  __mod_zone_page_state();
   11.837935 |   2)   1.119 us    |                                }
   11.837935 |   2)               |                                lru_add() {
   11.837936 |   2)   0.127 us    |                                  folio_mapping();
   11.837936 |   2)   0.127 us    |                                  mod_node_page_state();
   11.837936 |   2)   0.126 us    |                                  __mod_zone_page_state();
   11.837936 |   2)   1.107 us    |                                }
   11.837937 |   2)               |                                lru_add() {
   11.837937 |   2)   0.128 us    |                                  folio_mapping();
   11.837937 |   2)   0.127 us    |                                  mod_node_page_state();
   11.837938 |   2)   0.125 us    |                                  __mod_zone_page_state();
   11.837938 |   2)   1.131 us    |                                }
   11.837938 |   2)               |                                lru_add() {
   11.837938 |   2)   0.125 us    |                                  folio_mapping();
   11.837939 |   2)   0.126 us    |                                  mod_node_page_state();
   11.837939 |   2)   0.123 us    |                                  __mod_zone_page_state();
   11.837939 |   2)   1.103 us    |                                }
   11.837939 |   2)               |                                lru_add() {
   11.837939 |   2)   0.125 us    |                                  folio_mapping();
   11.837940 |   2)   0.126 us    |                                  mod_node_page_state();
   11.837940 |   2)   0.125 us    |                                  __mod_zone_page_state();
   11.837940 |   2)   1.102 us    |                                }
   11.837940 |   2)               |                                lru_add() {
   11.837941 |   2)   0.125 us    |                                  folio_mapping();
   11.837941 |   2)   0.126 us    |                                  mod_node_page_state();
   11.837941 |   2)   0.124 us    |                                  __mod_zone_page_state();
   11.837942 |   2)   1.103 us    |                                }
   11.837942 |   2)               |                                lru_add() {
   11.837942 |   2)   0.127 us    |                                  folio_mapping();
   11.837942 |   2)   0.126 us    |                                  mod_node_page_state();
   11.837943 |   2)   0.124 us    |                                  __mod_zone_page_state();
   11.837943 |   2)   1.103 us    |                                }
   11.837943 |   2)               |                                lru_add() {
   11.837943 |   2)   0.124 us    |                                  folio_mapping();
   11.837944 |   2)   0.126 us    |                                  mod_node_page_state();
   11.837944 |   2)   0.123 us    |                                  __mod_zone_page_state();
   11.837944 |   2)   1.126 us    |                                }
   11.837944 |   2)               |                                lru_add() {
   11.837945 |   2)   0.127 us    |                                  folio_mapping();
   11.837945 |   2)   0.125 us    |                                  mod_node_page_state();
   11.837945 |   2)   0.125 us    |                                  __mod_zone_page_state();
   11.837945 |   2)   1.103 us    |                                }
   11.837946 |   2)               |                                lru_add() {
   11.837946 |   2)   0.124 us    |                                  folio_mapping();
   11.837946 |   2)   0.125 us    |                                  mod_node_page_state();
   11.837946 |   2)   0.124 us    |                                  __mod_zone_page_state();
   11.837947 |   2)   1.100 us    |                                }
   11.837947 |   2)               |                                lru_add() {
   11.837947 |   2)   0.128 us    |                                  folio_mapping();
   11.837947 |   2)   0.128 us    |                                  mod_node_page_state();
   11.837948 |   2)   0.125 us    |                                  __mod_zone_page_state();
   11.837948 |   2)   1.129 us    |                                }
   11.837948 |   2)               |                                lru_add() {
   11.837948 |   2)   0.125 us    |                                  folio_mapping();
   11.837949 |   2)   0.124 us    |                                  mod_node_page_state();
   11.837949 |   2)   0.125 us    |                                  __mod_zone_page_state();
   11.837949 |   2)   1.099 us    |                                }
   11.837949 |   2)               |                                lru_add() {
   11.837950 |   2)   0.127 us    |                                  folio_mapping();
   11.837950 |   2)   0.141 us    |                                  mod_node_page_state();
   11.837950 |   2)   0.125 us    |                                  __mod_zone_page_state();
   11.837951 |   2)   1.219 us    |                                }
   11.837951 |   2)               |                                lru_add() {
   11.837951 |   2)   0.126 us    |                                  folio_mapping();
   11.837951 |   2)   0.127 us    |                                  mod_node_page_state();
   11.837952 |   2)   0.124 us    |                                  __mod_zone_page_state();
   11.837952 |   2)   1.138 us    |                                }
   11.837952 |   2)               |                                lru_add() {
   11.837952 |   2)   0.124 us    |                                  folio_mapping();
   11.837953 |   2)   0.128 us    |                                  mod_node_page_state();
   11.837953 |   2)   0.125 us    |                                  __mod_zone_page_state();
   11.837953 |   2)   1.108 us    |                                }
   11.837953 |   2)               |                                lru_add() {
   11.837954 |   2)   0.127 us    |                                  folio_mapping();
   11.837954 |   2)   0.125 us    |                                  mod_node_page_state();
   11.837954 |   2)   0.124 us    |                                  __mod_zone_page_state();
   11.837955 |   2)   1.104 us    |                                }
   11.837955 |   2)               |                                lru_add() {
   11.837955 |   2)   0.124 us    |                                  folio_mapping();
   11.837955 |   2)   0.126 us    |                                  mod_node_page_state();
   11.837956 |   2)   0.125 us    |                                  __mod_zone_page_state();
   11.837956 |   2)   1.102 us    |                                }
   11.837956 |   2)               |                                lru_add() {
   11.837956 |   2)   0.128 us    |                                  folio_mapping();
   11.837957 |   2)   0.128 us    |                                  mod_node_page_state();
   11.837957 |   2)   0.125 us    |                                  __mod_zone_page_state();
   11.837957 |   2)   1.127 us    |                                }
   11.837957 |   2)               |                                lru_add() {
   11.837957 |   2)   0.126 us    |                                  folio_mapping();
   11.837958 |   2)   0.126 us    |                                  mod_node_page_state();
   11.837958 |   2)   0.125 us    |                                  __mod_zone_page_state();
   11.837958 |   2)   1.127 us    |                                }
   11.837959 |   2)               |                                lru_add() {
   11.837959 |   2)   0.127 us    |                                  folio_mapping();
   11.837959 |   2)   0.128 us    |                                  mod_node_page_state();
   11.837959 |   2)   0.124 us    |                                  __mod_zone_page_state();
   11.837960 |   2)   1.123 us    |                                }
   11.837960 |   2)               |                                lru_add() {
   11.837960 |   2)   0.127 us    |                                  folio_mapping();
   11.837960 |   2)   0.127 us    |                                  mod_node_page_state();
   11.837961 |   2)   0.125 us    |                                  __mod_zone_page_state();
   11.837961 |   2)   1.128 us    |                                }
   11.837961 |   2)               |                                lru_add() {
   11.837961 |   2)   0.127 us    |                                  folio_mapping();
   11.837962 |   2)   0.127 us    |                                  mod_node_page_state();
   11.837962 |   2)   0.126 us    |                                  __mod_zone_page_state();
   11.837962 |   2)   1.126 us    |                                }
   11.837962 |   2)               |                                lru_add() {
   11.837963 |   2)   0.127 us    |                                  folio_mapping();
   11.837963 |   2)   0.124 us    |                                  mod_node_page_state();
   11.837963 |   2)   0.125 us    |                                  __mod_zone_page_state();
   11.837964 |   2)   1.105 us    |                                }
   11.837964 |   2)               |                                lru_add() {
   11.837964 |   2)   0.126 us    |                                  folio_mapping();
   11.837964 |   2)   0.127 us    |                                  mod_node_page_state();
   11.837965 |   2)   0.125 us    |                                  __mod_zone_page_state();
   11.837965 |   2)   1.104 us    |                                }
   11.837965 |   2)               |                                lru_add() {
   11.837965 |   2)   0.127 us    |                                  folio_mapping();
   11.837966 |   2)   0.154 us    |                                  mod_node_page_state();
   11.837966 |   2)   0.156 us    |                                  __mod_zone_page_state();
   11.837966 |   2)   1.163 us    |                                }
   11.837966 |   2)               |                                _raw_spin_unlock_irqrestore() {
   11.837967 |   2)   0.134 us    |                                  preempt_count_sub();
   11.837967 |   2)   0.437 us    |                                }
   11.837967 |   2)   0.125 us    |                                free_unref_folios();
   11.837967 |   2)   0.318 us    |                                folios_put_refs();
   11.837968 |   2) + 42.419 us   |                              }
   11.837968 |   2)   0.126 us    |                              preempt_count_sub();
   11.837968 |   2) + 43.273 us   |                            }
   11.837968 |   2) + 43.522 us   |                          }
   11.837969 |   2) + 45.978 us   |                        }
   11.837969 |   2)               |                        filemap_alloc_folio_noprof() {
   11.837969 |   2)               |                          folio_alloc_noprof() {
   11.837969 |   2)               |                            alloc_pages_mpol() {
   11.837969 |   2)   0.123 us    |                              policy_nodemask();
   11.837969 |   2)               |                              __alloc_frozen_pages_noprof() {
   11.837970 |   2)               |                                get_page_from_freelist() {
   11.837970 |   2)   0.125 us    |                                  preempt_count_add();
   11.837970 |   2)               |                                  _raw_spin_trylock() {
   11.837970 |   2)   0.124 us    |                                    preempt_count_add();
   11.837970 |   2)   0.412 us    |                                  }
   11.837971 |   2)               |                                  _raw_spin_unlock() {
   11.837971 |   2)   0.124 us    |                                    preempt_count_sub();
   11.837971 |   2)   0.387 us    |                                  }
   11.837971 |   2)   0.126 us    |                                  preempt_count_sub();
   11.837971 |   2)   1.790 us    |                                }
   11.837972 |   2)   2.069 us    |                              }
   11.837972 |   2)   2.597 us    |                            }
   11.837972 |   2)   2.858 us    |                          }
   11.837972 |   2)   3.123 us    |                        }
   11.837972 |   2)               |                        filemap_add_folio() {
   11.837972 |   2)               |                          __filemap_add_folio() {
   11.837972 |   2)   0.123 us    |                            shmem_mapping();
   11.837973 |   2)               |                            _raw_spin_lock_irq() {
   11.837973 |   2)   0.127 us    |                              preempt_count_add();
   11.837973 |   2)   0.399 us    |                            }
   11.837973 |   2)   0.124 us    |                            workingset_update_node();
   11.837973 |   2)   0.126 us    |                            mod_node_page_state();
   11.837974 |   2)               |                            _raw_spin_unlock_irq() {
   11.837974 |   2)   0.125 us    |                              preempt_count_sub();
   11.837974 |   2)   0.393 us    |                            }
   11.837974 |   2)   2.040 us    |                          }
   11.837974 |   2)               |                          folio_add_lru() {
   11.837975 |   2)               |                            __folio_batch_add_and_move() {
   11.837975 |   2)   0.125 us    |                              preempt_count_add();
   11.837975 |   2)   0.128 us    |                              preempt_count_sub();
   11.837975 |   2)   0.659 us    |                            }
   11.837975 |   2)   0.910 us    |                          }
   11.837975 |   2)   3.353 us    |                        }
   11.837976 |   2)               |                        filemap_alloc_folio_noprof() {
   11.837976 |   2)               |                          folio_alloc_noprof() {
   11.837976 |   2)               |                            alloc_pages_mpol() {
   11.837976 |   2)   0.124 us    |                              policy_nodemask();
   11.837976 |   2)               |                              __alloc_frozen_pages_noprof() {
   11.837977 |   2)               |                                get_page_from_freelist() {
   11.837977 |   2)   0.124 us    |                                  preempt_count_add();
   11.837977 |   2)               |                                  _raw_spin_trylock() {
   11.837977 |   2)   0.123 us    |                                    preempt_count_add();
   11.837977 |   2)   0.387 us    |                                  }
   11.837977 |   2)               |                                  _raw_spin_unlock() {
   11.837978 |   2)   0.123 us    |                                    preempt_count_sub();
   11.837978 |   2)   0.388 us    |                                  }
   11.837978 |   2)   0.126 us    |                                  preempt_count_sub();
   11.837978 |   2)   1.730 us    |                                }
   11.837978 |   2)   1.995 us    |                              }
   11.837979 |   2)   2.517 us    |                            }
   11.837979 |   2)   2.767 us    |                          }
   11.837979 |   2)   3.017 us    |                        }
   11.837979 |   2)               |                        filemap_add_folio() {
   11.837979 |   2)               |                          __filemap_add_folio() {
   11.837979 |   2)   0.123 us    |                            shmem_mapping();
   11.837979 |   2)               |                            _raw_spin_lock_irq() {
   11.837980 |   2)   0.126 us    |                              preempt_count_add();
   11.837980 |   2)   0.395 us    |                            }
   11.837980 |   2)   0.124 us    |                            workingset_update_node();
   11.837980 |   2)   0.125 us    |                            mod_node_page_state();
   11.837981 |   2)               |                            _raw_spin_unlock_irq() {
   11.837981 |   2)   0.139 us    |                              preempt_count_sub();
   11.837981 |   2)   0.483 us    |                            }
   11.837981 |   2)   2.113 us    |                          }
   11.837981 |   2)               |                          folio_add_lru() {
   11.837981 |   2)               |                            __folio_batch_add_and_move() {
   11.837982 |   2)   0.124 us    |                              preempt_count_add();
   11.837982 |   2)   0.125 us    |                              preempt_count_sub();
   11.837982 |   2)   0.659 us    |                            }
   11.837982 |   2)   0.910 us    |                          }
   11.837982 |   2)   3.466 us    |                        }
   11.837983 |   2)               |                        filemap_alloc_folio_noprof() {
   11.837983 |   2)               |                          folio_alloc_noprof() {
   11.837983 |   2)               |                            alloc_pages_mpol() {
   11.837983 |   2)   0.124 us    |                              policy_nodemask();
   11.837983 |   2)               |                              __alloc_frozen_pages_noprof() {
   11.837983 |   2)               |                                get_page_from_freelist() {
   11.837984 |   2)   0.125 us    |                                  preempt_count_add();
   11.837984 |   2)               |                                  _raw_spin_trylock() {
   11.837984 |   2)   0.123 us    |                                    preempt_count_add();
   11.837984 |   2)   0.385 us    |                                  }
   11.837984 |   2)               |                                  _raw_spin_unlock() {
   11.837985 |   2)   0.123 us    |                                    preempt_count_sub();
   11.837985 |   2)   0.413 us    |                                  }
   11.837985 |   2)   0.125 us    |                                  preempt_count_sub();
   11.837985 |   2)   1.752 us    |                                }
   11.837985 |   2)   2.019 us    |                              }
   11.837986 |   2)   2.540 us    |                            }
   11.837986 |   2)   2.790 us    |                          }
   11.837986 |   2)   3.040 us    |                        }
   11.837986 |   2)               |                        filemap_add_folio() {
   11.837986 |   2)               |                          __filemap_add_folio() {
   11.837986 |   2)   0.125 us    |                            shmem_mapping();
   11.837986 |   2)               |                            _raw_spin_lock_irq() {
   11.837987 |   2)   0.126 us    |                              preempt_count_add();
   11.837987 |   2)   0.396 us    |                            }
   11.837987 |   2)   0.124 us    |                            workingset_update_node();
   11.837987 |   2)   0.125 us    |                            mod_node_page_state();
   11.837988 |   2)               |                            _raw_spin_unlock_irq() {
   11.837988 |   2)   0.125 us    |                              preempt_count_sub();
   11.837988 |   2)   0.408 us    |                            }
   11.837988 |   2)   2.062 us    |                          }
   11.837988 |   2)               |                          folio_add_lru() {
   11.837988 |   2)               |                            __folio_batch_add_and_move() {
   11.837988 |   2)   0.125 us    |                              preempt_count_add();
   11.837989 |   2)   0.126 us    |                              preempt_count_sub();
   11.837989 |   2)   0.658 us    |                            }
   11.837989 |   2)   0.908 us    |                          }
   11.837989 |   2)   3.370 us    |                        }
   11.837990 |   2)               |                        filemap_alloc_folio_noprof() {
   11.837990 |   2)               |                          folio_alloc_noprof() {
   11.837990 |   2)               |                            alloc_pages_mpol() {
   11.837990 |   2)   0.124 us    |                              policy_nodemask();
   11.837990 |   2)               |                              __alloc_frozen_pages_noprof() {
   11.837990 |   2)               |                                get_page_from_freelist() {
   11.837991 |   2)   0.123 us    |                                  preempt_count_add();
   11.837991 |   2)               |                                  _raw_spin_trylock() {
   11.837991 |   2)   0.124 us    |                                    preempt_count_add();
   11.837991 |   2)   0.389 us    |                                  }
   11.837991 |   2)               |                                  _raw_spin_unlock() {
   11.837991 |   2)   0.123 us    |                                    preempt_count_sub();
   11.837992 |   2)   0.388 us    |                                  }
   11.837992 |   2)   0.126 us    |                                  preempt_count_sub();
   11.837992 |   2)   1.735 us    |                                }
   11.837992 |   2)   2.002 us    |                              }
   11.837992 |   2)   2.555 us    |                            }
   11.837993 |   2)   2.806 us    |                          }
   11.837993 |   2)   3.055 us    |                        }
   11.837993 |   2)               |                        filemap_add_folio() {
   11.837993 |   2)               |                          __filemap_add_folio() {
   11.837993 |   2)   0.124 us    |                            shmem_mapping();
   11.837993 |   2)               |                            _raw_spin_lock_irq() {
   11.837993 |   2)   0.127 us    |                              preempt_count_add();
   11.837994 |   2)   0.398 us    |                            }
   11.837994 |   2)   0.127 us    |                            workingset_update_node();
   11.837994 |   2)   0.125 us    |                            mod_node_page_state();
   11.837994 |   2)               |                            _raw_spin_unlock_irq() {
   11.837995 |   2)   0.127 us    |                              preempt_count_sub();
   11.837995 |   2)   0.469 us    |                            }
   11.837995 |   2)   2.151 us    |                          }
   11.837995 |   2)               |                          folio_add_lru() {
   11.837995 |   2)               |                            __folio_batch_add_and_move() {
   11.837995 |   2)   0.124 us    |                              preempt_count_add();
   11.837996 |   2)   0.125 us    |                              preempt_count_sub();
   11.837996 |   2)   0.661 us    |                            }
   11.837996 |   2)   0.909 us    |                          }
   11.837996 |   2)   3.462 us    |                        }
   11.837997 |   2)               |                        filemap_alloc_folio_noprof() {
   11.837997 |   2)               |                          folio_alloc_noprof() {
   11.837997 |   2)               |                            alloc_pages_mpol() {
   11.837997 |   2)   0.126 us    |                              policy_nodemask();
   11.837997 |   2)               |                              __alloc_frozen_pages_noprof() {
   11.837997 |   2)               |                                get_page_from_freelist() {
   11.837997 |   2)   0.125 us    |                                  preempt_count_add();
   11.837998 |   2)               |                                  _raw_spin_trylock() {
   11.837998 |   2)   0.127 us    |                                    preempt_count_add();
   11.837998 |   2)   0.394 us    |                                  }
   11.837998 |   2)               |                                  _raw_spin_unlock() {
   11.837998 |   2)   0.124 us    |                                    preempt_count_sub();
   11.837999 |   2)   0.390 us    |                                  }
   11.837999 |   2)   0.125 us    |                                  preempt_count_sub();
   11.837999 |   2)   1.756 us    |                                }
   11.837999 |   2)   2.025 us    |                              }
   11.837999 |   2)   2.552 us    |                            }
   11.838000 |   2)   2.804 us    |                          }
   11.838000 |   2)   3.057 us    |                        }
   11.838000 |   2)               |                        filemap_add_folio() {
   11.838000 |   2)               |                          __filemap_add_folio() {
   11.838000 |   2)   0.125 us    |                            shmem_mapping();
   11.838000 |   2)               |                            _raw_spin_lock_irq() {
   11.838000 |   2)   0.126 us    |                              preempt_count_add();
   11.838001 |   2)   0.400 us    |                            }
   11.838001 |   2)   0.124 us    |                            workingset_update_node();
   11.838001 |   2)   0.124 us    |                            mod_node_page_state();
   11.838001 |   2)               |                            _raw_spin_unlock_irq() {
   11.838002 |   2)   0.127 us    |                              preempt_count_sub();
   11.838002 |   2)   0.396 us    |                            }
   11.838002 |   2)   2.063 us    |                          }
   11.838002 |   2)               |                          folio_add_lru() {
   11.838002 |   2)               |                            __folio_batch_add_and_move() {
   11.838002 |   2)   0.124 us    |                              preempt_count_add();
   11.838003 |   2)   0.126 us    |                              preempt_count_sub();
   11.838003 |   2)   0.661 us    |                            }
   11.838003 |   2)   0.910 us    |                          }
   11.838003 |   2)   3.419 us    |                        }
   11.838004 |   2)               |                        filemap_alloc_folio_noprof() {
   11.838004 |   2)               |                          folio_alloc_noprof() {
   11.838004 |   2)               |                            alloc_pages_mpol() {
   11.838004 |   2)   0.124 us    |                              policy_nodemask();
   11.838004 |   2)               |                              __alloc_frozen_pages_noprof() {
   11.838004 |   2)               |                                get_page_from_freelist() {
   11.838004 |   2)   0.125 us    |                                  preempt_count_add();
   11.838005 |   2)               |                                  _raw_spin_trylock() {
   11.838005 |   2)   0.125 us    |                                    preempt_count_add();
   11.838005 |   2)   0.392 us    |                                  }
   11.838005 |   2)               |                                  _raw_spin_unlock() {
   11.838005 |   2)   0.124 us    |                                    preempt_count_sub();
   11.838006 |   2)   0.387 us    |                                  }
   11.838006 |   2)   0.127 us    |                                  preempt_count_sub();
   11.838006 |   2)   1.758 us    |                                }
   11.838006 |   2)   2.028 us    |                              }
   11.838006 |   2)   2.554 us    |                            }
   11.838006 |   2)   2.807 us    |                          }
   11.838007 |   2)   3.055 us    |                        }
   11.838007 |   2)               |                        filemap_add_folio() {
   11.838007 |   2)               |                          __filemap_add_folio() {
   11.838007 |   2)   0.123 us    |                            shmem_mapping();
   11.838007 |   2)               |                            _raw_spin_lock_irq() {
   11.838007 |   2)   0.127 us    |                              preempt_count_add();
   11.838008 |   2)   0.397 us    |                            }
   11.838008 |   2)   0.124 us    |                            workingset_update_node();
   11.838008 |   2)   0.125 us    |                            mod_node_page_state();
   11.838008 |   2)               |                            _raw_spin_unlock_irq() {
   11.838009 |   2)   0.128 us    |                              preempt_count_sub();
   11.838009 |   2)   0.395 us    |                            }
   11.838009 |   2)   2.140 us    |                          }
   11.838009 |   2)               |                          folio_add_lru() {
   11.838009 |   2)               |                            __folio_batch_add_and_move() {
   11.838009 |   2)   0.125 us    |                              preempt_count_add();
   11.838010 |   2)   0.126 us    |                              preempt_count_sub();
   11.838010 |   2)   0.659 us    |                            }
   11.838010 |   2)   0.906 us    |                          }
   11.838010 |   2)   3.445 us    |                        }
   11.838011 |   2)               |                        filemap_alloc_folio_noprof() {
   11.838011 |   2)               |                          folio_alloc_noprof() {
   11.838011 |   2)               |                            alloc_pages_mpol() {
   11.838011 |   2)   0.126 us    |                              policy_nodemask();
   11.838011 |   2)               |                              __alloc_frozen_pages_noprof() {
   11.838011 |   2)               |                                get_page_from_freelist() {
   11.838011 |   2)   0.126 us    |                                  preempt_count_add();
   11.838012 |   2)               |                                  _raw_spin_trylock() {
   11.838012 |   2)   0.123 us    |                                    preempt_count_add();
   11.838012 |   2)   0.388 us    |                                  }
   11.838012 |   2)               |                                  _raw_spin_unlock() {
   11.838012 |   2)   0.125 us    |                                    preempt_count_sub();
   11.838013 |   2)   0.390 us    |                                  }
   11.838013 |   2)   0.125 us    |                                  preempt_count_sub();
   11.838013 |   2)   1.757 us    |                                }
   11.838013 |   2)   2.026 us    |                              }
   11.838013 |   2)   2.554 us    |                            }
   11.838013 |   2)   2.807 us    |                          }
   11.838014 |   2)   3.057 us    |                        }
   11.838014 |   2)               |                        filemap_add_folio() {
   11.838014 |   2)               |                          __filemap_add_folio() {
   11.838014 |   2)   0.124 us    |                            shmem_mapping();
   11.838014 |   2)               |                            _raw_spin_lock_irq() {
   11.838014 |   2)   0.127 us    |                              preempt_count_add();
   11.838015 |   2)   0.398 us    |                            }
   11.838015 |   2)   0.124 us    |                            workingset_update_node();
   11.838015 |   2)   0.125 us    |                            mod_node_page_state();
   11.838015 |   2)               |                            _raw_spin_unlock_irq() {
   11.838015 |   2)   0.127 us    |                              preempt_count_sub();
   11.838016 |   2)   0.396 us    |                            }
   11.838016 |   2)   2.055 us    |                          }
   11.838016 |   2)               |                          folio_add_lru() {
   11.838016 |   2)               |                            __folio_batch_add_and_move() {
   11.838016 |   2)   0.125 us    |                              preempt_count_add();
   11.838017 |   2)   0.127 us    |                              preempt_count_sub();
   11.838017 |   2)   0.666 us    |                            }
   11.838017 |   2)   0.939 us    |                          }
   11.838017 |   2)   3.396 us    |                        }
   11.838017 |   2)               |                        filemap_alloc_folio_noprof() {
   11.838018 |   2)               |                          folio_alloc_noprof() {
   11.838018 |   2)               |                            alloc_pages_mpol() {
   11.838018 |   2)   0.127 us    |                              policy_nodemask();
   11.838018 |   2)               |                              __alloc_frozen_pages_noprof() {
   11.838018 |   2)               |                                get_page_from_freelist() {
   11.838018 |   2)   0.125 us    |                                  preempt_count_add();
   11.838019 |   2)               |                                  _raw_spin_trylock() {
   11.838019 |   2)   0.124 us    |                                    preempt_count_add();
   11.838019 |   2)   0.388 us    |                                  }
   11.838019 |   2)               |                                  _raw_spin_unlock() {
   11.838019 |   2)   0.148 us    |                                    preempt_count_sub();
   11.838020 |   2)   0.413 us    |                                  }
   11.838020 |   2)   0.125 us    |                                  preempt_count_sub();
   11.838020 |   2)   1.762 us    |                                }
   11.838020 |   2)   2.033 us    |                              }
   11.838020 |   2)   2.561 us    |                            }
   11.838020 |   2)   2.815 us    |                          }
   11.838021 |   2)   3.066 us    |                        }
   11.838021 |   2)               |                        filemap_add_folio() {
   11.838021 |   2)               |                          __filemap_add_folio() {
   11.838021 |   2)   0.123 us    |                            shmem_mapping();
   11.838021 |   2)               |                            _raw_spin_lock_irq() {
   11.838021 |   2)   0.125 us    |                              preempt_count_add();
   11.838022 |   2)   0.402 us    |                            }
   11.838022 |   2)   0.126 us    |                            workingset_update_node();
   11.838022 |   2)   0.124 us    |                            mod_node_page_state();
   11.838022 |   2)               |                            _raw_spin_unlock_irq() {
   11.838022 |   2)   0.125 us    |                              preempt_count_sub();
   11.838023 |   2)   0.399 us    |                            }
   11.838023 |   2)   2.088 us    |                          }
   11.838023 |   2)               |                          folio_add_lru() {
   11.838023 |   2)               |                            __folio_batch_add_and_move() {
   11.838023 |   2)   0.124 us    |                              preempt_count_add();
   11.838024 |   2)   0.126 us    |                              preempt_count_sub();
   11.838024 |   2)   0.701 us    |                            }
   11.838024 |   2)   0.950 us    |                          }
   11.838024 |   2)   3.508 us    |                        }
   11.838024 |   2)               |                        filemap_alloc_folio_noprof() {
   11.838025 |   2)               |                          folio_alloc_noprof() {
   11.838025 |   2)               |                            alloc_pages_mpol() {
   11.838025 |   2)   0.125 us    |                              policy_nodemask();
   11.838025 |   2)               |                              __alloc_frozen_pages_noprof() {
   11.838025 |   2)               |                                get_page_from_freelist() {
   11.838025 |   2)   0.126 us    |                                  preempt_count_add();
   11.838026 |   2)               |                                  _raw_spin_trylock() {
   11.838026 |   2)   0.123 us    |                                    preempt_count_add();
   11.838026 |   2)   0.391 us    |                                  }
   11.838026 |   2)               |                                  _raw_spin_unlock() {
   11.838026 |   2)   0.124 us    |                                    preempt_count_sub();
   11.838027 |   2)   0.390 us    |                                  }
   11.838027 |   2)   0.127 us    |                                  preempt_count_sub();
   11.838027 |   2)   1.741 us    |                                }
   11.838027 |   2)   2.010 us    |                              }
   11.838027 |   2)   2.561 us    |                            }
   11.838027 |   2)   2.815 us    |                          }
   11.838028 |   2)   3.070 us    |                        }
   11.838028 |   2)               |                        filemap_add_folio() {
   11.838028 |   2)               |                          __filemap_add_folio() {
   11.838028 |   2)   0.123 us    |                            shmem_mapping();
   11.838028 |   2)               |                            _raw_spin_lock_irq() {
   11.838028 |   2)   0.126 us    |                              preempt_count_add();
   11.838029 |   2)   0.399 us    |                            }
   11.838029 |   2)   0.125 us    |                            workingset_update_node();
   11.838029 |   2)   0.126 us    |                            mod_node_page_state();
   11.838029 |   2)               |                            _raw_spin_unlock_irq() {
   11.838029 |   2)   0.126 us    |                              preempt_count_sub();
   11.838030 |   2)   0.397 us    |                            }
   11.838030 |   2)   2.068 us    |                          }
   11.838030 |   2)               |                          folio_add_lru() {
   11.838030 |   2)               |                            __folio_batch_add_and_move() {
   11.838030 |   2)   0.126 us    |                              preempt_count_add();
   11.838031 |   2)   0.126 us    |                              preempt_count_sub();
   11.838031 |   2)   0.667 us    |                            }
   11.838031 |   2)   0.912 us    |                          }
   11.838031 |   2)   3.404 us    |                        }
   11.838031 |   2)               |                        filemap_alloc_folio_noprof() {
   11.838032 |   2)               |                          folio_alloc_noprof() {
   11.838032 |   2)               |                            alloc_pages_mpol() {
   11.838032 |   2)   0.126 us    |                              policy_nodemask();
   11.838032 |   2)               |                              __alloc_frozen_pages_noprof() {
   11.838032 |   2)               |                                get_page_from_freelist() {
   11.838032 |   2)   0.128 us    |                                  preempt_count_add();
   11.838033 |   2)               |                                  _raw_spin_trylock() {
   11.838033 |   2)   0.124 us    |                                    preempt_count_add();
   11.838033 |   2)   0.390 us    |                                  }
   11.838033 |   2)               |                                  _raw_spin_unlock() {
   11.838033 |   2)   0.123 us    |                                    preempt_count_sub();
   11.838034 |   2)   0.389 us    |                                  }
   11.838034 |   2)   0.125 us    |                                  preempt_count_sub();
   11.838034 |   2)   1.762 us    |                                }
   11.838034 |   2)   2.034 us    |                              }
   11.838034 |   2)   2.561 us    |                            }
   11.838034 |   2)   2.814 us    |                          }
   11.838035 |   2)   3.068 us    |                        }
   11.838035 |   2)               |                        filemap_add_folio() {
   11.838035 |   2)               |                          __filemap_add_folio() {
   11.838035 |   2)   0.122 us    |                            shmem_mapping();
   11.838035 |   2)               |                            _raw_spin_lock_irq() {
   11.838035 |   2)   0.125 us    |                              preempt_count_add();
   11.838036 |   2)   0.400 us    |                            }
   11.838036 |   2)   0.124 us    |                            workingset_update_node();
   11.838036 |   2)   0.125 us    |                            mod_node_page_state();
   11.838036 |   2)               |                            _raw_spin_unlock_irq() {
   11.838036 |   2)   0.128 us    |                              preempt_count_sub();
   11.838037 |   2)   0.394 us    |                            }
   11.838037 |   2)   2.043 us    |                          }
   11.838037 |   2)               |                          folio_add_lru() {
   11.838037 |   2)               |                            __folio_batch_add_and_move() {
   11.838037 |   2)   0.127 us    |                              preempt_count_add();
   11.838038 |   2)   0.126 us    |                              preempt_count_sub();
   11.838038 |   2)   0.733 us    |                            }
   11.838038 |   2)   0.982 us    |                          }
   11.838038 |   2)   3.423 us    |                        }
   11.838038 |   2)               |                        filemap_alloc_folio_noprof() {
   11.838039 |   2)               |                          folio_alloc_noprof() {
   11.838039 |   2)               |                            alloc_pages_mpol() {
   11.838039 |   2)   0.126 us    |                              policy_nodemask();
   11.838039 |   2)               |                              __alloc_frozen_pages_noprof() {
   11.838039 |   2)               |                                get_page_from_freelist() {
   11.838039 |   2)   0.125 us    |                                  preempt_count_add();
   11.838040 |   2)               |                                  _raw_spin_trylock() {
   11.838040 |   2)   0.124 us    |                                    preempt_count_add();
   11.838040 |   2)   0.390 us    |                                  }
   11.838040 |   2)               |                                  _raw_spin_unlock() {
   11.838040 |   2)   0.122 us    |                                    preempt_count_sub();
   11.838041 |   2)   0.386 us    |                                  }
   11.838041 |   2)   0.128 us    |                                  preempt_count_sub();
   11.838041 |   2)   1.779 us    |                                }
   11.838041 |   2)   2.050 us    |                              }
   11.838041 |   2)   2.577 us    |                            }
   11.838041 |   2)   2.829 us    |                          }
   11.838041 |   2)   3.076 us    |                        }
   11.838042 |   2)               |                        filemap_add_folio() {
   11.838042 |   2)               |                          __filemap_add_folio() {
   11.838042 |   2)   0.123 us    |                            shmem_mapping();
   11.838042 |   2)               |                            _raw_spin_lock_irq() {
   11.838042 |   2)   0.126 us    |                              preempt_count_add();
   11.838043 |   2)   0.399 us    |                            }
   11.838043 |   2)   0.127 us    |                            workingset_update_node();
   11.838043 |   2)   0.126 us    |                            mod_node_page_state();
   11.838043 |   2)               |                            _raw_spin_unlock_irq() {
   11.838043 |   2)   0.126 us    |                              preempt_count_sub();
   11.838044 |   2)   0.395 us    |                            }
   11.838044 |   2)   2.054 us    |                          }
   11.838044 |   2)               |                          folio_add_lru() {
   11.838044 |   2)               |                            __folio_batch_add_and_move() {
   11.838044 |   2)   0.124 us    |                              preempt_count_add();
   11.838044 |   2)   0.125 us    |                              preempt_count_sub();
   11.838045 |   2)   0.659 us    |                            }
   11.838045 |   2)   0.908 us    |                          }
   11.838045 |   2)   3.406 us    |                        }
   11.838045 |   2)               |                        filemap_alloc_folio_noprof() {
   11.838045 |   2)               |                          folio_alloc_noprof() {
   11.838046 |   2)               |                            alloc_pages_mpol() {
   11.838046 |   2)   0.126 us    |                              policy_nodemask();
   11.838046 |   2)               |                              __alloc_frozen_pages_noprof() {
   11.838046 |   2)               |                                get_page_from_freelist() {
   11.838046 |   2)   0.127 us    |                                  preempt_count_add();
   11.838047 |   2)               |                                  _raw_spin_trylock() {
   11.838047 |   2)   0.122 us    |                                    preempt_count_add();
   11.838047 |   2)   0.388 us    |                                  }
   11.838047 |   2)               |                                  _raw_spin_unlock() {
   11.838047 |   2)   0.124 us    |                                    preempt_count_sub();
   11.838047 |   2)   0.389 us    |                                  }
   11.838048 |   2)   0.124 us    |                                  preempt_count_sub();
   11.838048 |   2)   1.756 us    |                                }
   11.838048 |   2)   2.027 us    |                              }
   11.838048 |   2)   2.554 us    |                            }
   11.838048 |   2)   2.809 us    |                          }
   11.838048 |   2)   3.060 us    |                        }
   11.838049 |   2)               |                        filemap_add_folio() {
   11.838049 |   2)               |                          __filemap_add_folio() {
   11.838049 |   2)   0.123 us    |                            shmem_mapping();
   11.838049 |   2)               |                            _raw_spin_lock_irq() {
   11.838049 |   2)   0.126 us    |                              preempt_count_add();
   11.838050 |   2)   0.398 us    |                            }
   11.838050 |   2)   0.124 us    |                            workingset_update_node();
   11.838050 |   2)   0.126 us    |                            mod_node_page_state();
   11.838050 |   2)               |                            _raw_spin_unlock_irq() {
   11.838050 |   2)   0.127 us    |                              preempt_count_sub();
   11.838051 |   2)   0.397 us    |                            }
   11.838051 |   2)   2.056 us    |                          }
   11.838051 |   2)               |                          folio_add_lru() {
   11.838051 |   2)               |                            __folio_batch_add_and_move() {
   11.838051 |   2)   0.124 us    |                              preempt_count_add();
   11.838052 |   2)   0.127 us    |                              preempt_count_sub();
   11.838052 |   2)   0.741 us    |                            }
   11.838052 |   2)   0.989 us    |                          }
   11.838052 |   2)   3.489 us    |                        }
   11.838052 |   2)               |                        filemap_alloc_folio_noprof() {
   11.838052 |   2)               |                          folio_alloc_noprof() {
   11.838053 |   2)               |                            alloc_pages_mpol() {
   11.838053 |   2)   0.125 us    |                              policy_nodemask();
   11.838053 |   2)               |                              __alloc_frozen_pages_noprof() {
   11.838053 |   2)               |                                get_page_from_freelist() {
   11.838053 |   2)   0.126 us    |                                  preempt_count_add();
   11.838054 |   2)               |                                  _raw_spin_trylock() {
   11.838054 |   2)   0.123 us    |                                    preempt_count_add();
   11.838054 |   2)   0.388 us    |                                  }
   11.838054 |   2)               |                                  _raw_spin_unlock() {
   11.838054 |   2)   0.124 us    |                                    preempt_count_sub();
   11.838054 |   2)   0.389 us    |                                  }
   11.838055 |   2)   0.126 us    |                                  preempt_count_sub();
   11.838055 |   2)   1.753 us    |                                }
   11.838055 |   2)   2.022 us    |                              }
   11.838055 |   2)   2.598 us    |                            }
   11.838055 |   2)   2.876 us    |                          }
   11.838056 |   2)   3.126 us    |                        }
   11.838056 |   2)               |                        filemap_add_folio() {
   11.838056 |   2)               |                          __filemap_add_folio() {
   11.838056 |   2)   0.122 us    |                            shmem_mapping();
   11.838056 |   2)               |                            _raw_spin_lock_irq() {
   11.838056 |   2)   0.127 us    |                              preempt_count_add();
   11.838057 |   2)   0.425 us    |                            }
   11.838057 |   2)   0.125 us    |                            workingset_update_node();
   11.838057 |   2)   0.129 us    |                            mod_node_page_state();
   11.838057 |   2)               |                            _raw_spin_unlock_irq() {
   11.838057 |   2)   0.127 us    |                              preempt_count_sub();
   11.838058 |   2)   0.395 us    |                            }
   11.838058 |   2)   2.085 us    |                          }
   11.838058 |   2)               |                          folio_add_lru() {
   11.838058 |   2)               |                            __folio_batch_add_and_move() {
   11.838058 |   2)   0.125 us    |                              preempt_count_add();
   11.838059 |   2)   0.127 us    |                              preempt_count_sub();
   11.838059 |   2)   0.673 us    |                            }
   11.838059 |   2)   0.921 us    |                          }
   11.838059 |   2)   3.409 us    |                        }
   11.838059 |   2)               |                        filemap_alloc_folio_noprof() {
   11.838059 |   2)               |                          folio_alloc_noprof() {
   11.838060 |   2)               |                            alloc_pages_mpol() {
   11.838060 |   2)   0.126 us    |                              policy_nodemask();
   11.838060 |   2)               |                              __alloc_frozen_pages_noprof() {
   11.838060 |   2)               |                                get_page_from_freelist() {
   11.838060 |   2)   0.126 us    |                                  preempt_count_add();
   11.838061 |   2)               |                                  _raw_spin_trylock() {
   11.838061 |   2)   0.124 us    |                                    preempt_count_add();
   11.838061 |   2)   0.392 us    |                                  }
   11.838061 |   2)               |                                  _raw_spin_unlock() {
   11.838061 |   2)   0.125 us    |                                    preempt_count_sub();
   11.838061 |   2)   0.391 us    |                                  }
   11.838062 |   2)   0.126 us    |                                  preempt_count_sub();
   11.838062 |   2)   1.762 us    |                                }
   11.838062 |   2)   2.032 us    |                              }
   11.838062 |   2)   2.559 us    |                            }
   11.838062 |   2)   2.812 us    |                          }
   11.838062 |   2)   3.062 us    |                        }
   11.838063 |   2)               |                        filemap_add_folio() {
   11.838063 |   2)               |                          __filemap_add_folio() {
   11.838063 |   2)   0.123 us    |                            shmem_mapping();
   11.838063 |   2)               |                            _raw_spin_lock_irq() {
   11.838063 |   2)   0.127 us    |                              preempt_count_add();
   11.838064 |   2)   0.401 us    |                            }
   11.838064 |   2)   0.125 us    |                            workingset_update_node();
   11.838064 |   2)   0.126 us    |                            mod_node_page_state();
   11.838064 |   2)               |                            _raw_spin_unlock_irq() {
   11.838064 |   2)   0.125 us    |                              preempt_count_sub();
   11.838065 |   2)   0.395 us    |                            }
   11.838065 |   2)   2.107 us    |                          }
   11.838065 |   2)               |                          folio_add_lru() {
   11.838065 |   2)               |                            __folio_batch_add_and_move() {
   11.838065 |   2)   0.125 us    |                              preempt_count_add();
   11.838065 |   2)   0.125 us    |                              preempt_count_sub();
   11.838066 |   2)   0.738 us    |                            }
   11.838066 |   2)   0.990 us    |                          }
   11.838066 |   2)   3.499 us    |                        }
   11.838066 |   2)               |                        filemap_alloc_folio_noprof() {
   11.838067 |   2)               |                          folio_alloc_noprof() {
   11.838067 |   2)               |                            alloc_pages_mpol() {
   11.838067 |   2)   0.125 us    |                              policy_nodemask();
   11.838067 |   2)               |                              __alloc_frozen_pages_noprof() {
   11.838067 |   2)               |                                get_page_from_freelist() {
   11.838067 |   2)   0.127 us    |                                  preempt_count_add();
   11.838068 |   2)               |                                  _raw_spin_trylock() {
   11.838068 |   2)   0.125 us    |                                    preempt_count_add();
   11.838068 |   2)   0.393 us    |                                  }
   11.838068 |   2)               |                                  _raw_spin_unlock() {
   11.838068 |   2)   0.127 us    |                                    preempt_count_sub();
   11.838068 |   2)   0.392 us    |                                  }
   11.838069 |   2)   0.124 us    |                                  preempt_count_sub();
   11.838069 |   2)   1.759 us    |                                }
   11.838069 |   2)   2.028 us    |                              }
   11.838069 |   2)   2.554 us    |                            }
   11.838069 |   2)   2.807 us    |                          }
   11.838069 |   2)   3.057 us    |                        }
   11.838070 |   2)               |                        filemap_add_folio() {
   11.838070 |   2)               |                          __filemap_add_folio() {
   11.838070 |   2)   0.122 us    |                            shmem_mapping();
   11.838070 |   2)               |                            _raw_spin_lock_irq() {
   11.838070 |   2)   0.126 us    |                              preempt_count_add();
   11.838071 |   2)   0.397 us    |                            }
   11.838071 |   2)   0.125 us    |                            workingset_update_node();
   11.838071 |   2)   0.126 us    |                            mod_node_page_state();
   11.838071 |   2)               |                            _raw_spin_unlock_irq() {
   11.838071 |   2)   0.128 us    |                              preempt_count_sub();
   11.838072 |   2)   0.399 us    |                            }
   11.838072 |   2)   2.055 us    |                          }
   11.838072 |   2)               |                          folio_add_lru() {
   11.838072 |   2)               |                            __folio_batch_add_and_move() {
   11.838072 |   2)   0.124 us    |                              preempt_count_add();
   11.838072 |   2)   0.126 us    |                              preempt_count_sub();
   11.838073 |   2)   0.672 us    |                            }
   11.838073 |   2)   0.920 us    |                          }
   11.838073 |   2)   3.372 us    |                        }
   11.838073 |   2)               |                        filemap_alloc_folio_noprof() {
   11.838073 |   2)               |                          folio_alloc_noprof() {
   11.838074 |   2)               |                            alloc_pages_mpol() {
   11.838074 |   2)   0.127 us    |                              policy_nodemask();
   11.838074 |   2)               |                              __alloc_frozen_pages_noprof() {
   11.838074 |   2)               |                                get_page_from_freelist() {
   11.838074 |   2)   0.128 us    |                                  preempt_count_add();
   11.838074 |   2)               |                                  _raw_spin_trylock() {
   11.838075 |   2)   0.126 us    |                                    preempt_count_add();
   11.838075 |   2)   0.389 us    |                                  }
   11.838075 |   2)               |                                  _raw_spin_unlock() {
   11.838075 |   2)   0.123 us    |                                    preempt_count_sub();
   11.838075 |   2)   0.387 us    |                                  }
   11.838076 |   2)   0.128 us    |                                  preempt_count_sub();
   11.838076 |   2)   1.733 us    |                                }
   11.838076 |   2)   1.999 us    |                              }
   11.838076 |   2)   2.551 us    |                            }
   11.838076 |   2)   2.800 us    |                          }
   11.838076 |   2)   3.050 us    |                        }
   11.838076 |   2)               |                        filemap_add_folio() {
   11.838077 |   2)               |                          __filemap_add_folio() {
   11.838077 |   2)   0.124 us    |                            shmem_mapping();
   11.838077 |   2)               |                            _raw_spin_lock_irq() {
   11.838077 |   2)   0.129 us    |                              preempt_count_add();
   11.838077 |   2)   0.398 us    |                            }
   11.838078 |   2)   0.126 us    |                            workingset_update_node();
   11.838078 |   2)   0.127 us    |                            mod_node_page_state();
   11.838078 |   2)               |                            _raw_spin_unlock_irq() {
   11.838078 |   2)   0.127 us    |                              preempt_count_sub();
   11.838079 |   2)   0.398 us    |                            }
   11.838081 |   2)               |                            irq_enter_rcu() {
   11.838081 |   2)   0.151 us    |                              preempt_count_add();
   11.838082 |   2)   0.464 us    |                            }
   11.838088 |   2)               |                            __hrtimer_rearm_deferred() {
   11.838088 |   2)               |                              _raw_spin_lock() {
   11.838088 |   2)   0.160 us    |                                preempt_count_add();
   11.838088 |   2)   0.473 us    |                              }
   11.838088 |   2)               |                              tick_program_event() {
   11.838089 |   2)               |                                clockevents_program_event() {
   11.838089 |   2)   1.796 us    |                                  lapic_next_event();
   11.838091 |   2)   2.329 us    |                                }
   11.838091 |   2)   2.621 us    |                              }
   11.838091 |   2)               |                              _raw_spin_unlock() {
   11.838091 |   2)   0.144 us    |                                preempt_count_sub();
   11.838092 |   2)   0.465 us    |                              }
   11.838092 |   2)   4.294 us    |                            }
   11.838092 |   2)               |                            handle_softirqs() {
   11.838092 |   2)   0.146 us    |                              __local_bh_disable_ip();
   11.838092 |   2)               |                              rcu_core_si() {
   11.838093 |   2)               |                                rcu_core() {
   11.838093 |   2)               |                                  note_gp_changes() {
   11.838093 |   2)               |                                    _raw_spin_trylock() {
   11.838093 |   2)   0.136 us    |                                      preempt_count_add();
   11.838094 |   2)   0.426 us    |                                    }
   11.838094 |   2)               |                                    __note_gp_changes() {
   11.838094 |   2)   0.134 us    |                                      rcu_segcblist_pend_cbs();
   11.838094 |   2)               |                                      rcu_segcblist_advance() {
   11.838094 |   2)   0.149 us    |                                        poll_state_synchronize_rcu_full();
   11.838095 |   2)   0.491 us    |                                      }
   11.838095 |   2)               |                                      rcu_accelerate_cbs() {
   11.838095 |   2)   0.123 us    |                                        rcu_segcblist_pend_cbs();
   11.838095 |   2)               |                                        rcu_segcblist_accelerate() {
   11.838095 |   2)   0.193 us    |                                          rcu_segcblist_accelerate.part.0();
   11.838096 |   2)   0.469 us    |                                        }
   11.838096 |   2)   1.059 us    |                                      }
   11.838096 |   2)   2.370 us    |                                    }
   11.838096 |   2)               |                                    _raw_spin_unlock_irqrestore() {
   11.838096 |   2)   0.122 us    |                                      preempt_count_sub();
   11.838097 |   2)   0.395 us    |                                    }
   11.838097 |   2)   3.970 us    |                                  }
   11.838097 |   2)   0.123 us    |                                  rcu_segcblist_nextgp();
   11.838097 |   2)   0.132 us    |                                  poll_state_synchronize_rcu_full();
   11.838098 |   2)   0.124 us    |                                  rcu_segcblist_ready_cbs();
   11.838098 |   2)   5.231 us    |                                }
   11.838098 |   2)   5.532 us    |                              }
   11.838098 |   2)   6.216 us    |                            }
   11.838098 |   2)   0.148 us    |                            idle_cpu();
   11.838099 |   2)   0.137 us    |                            raw_irqentry_exit_cond_resched();
   11.838099 |   2) + 22.563 us   |                          }
   11.838099 |   2)               |                          folio_add_lru() {
   11.838099 |   2)               |                            __folio_batch_add_and_move() {
   11.838100 |   2)   0.139 us    |                              preempt_count_add();
   11.838100 |   2)   0.137 us    |                              preempt_count_sub();
   11.838100 |   2)   0.690 us    |                            }
   11.838100 |   2)   0.940 us    |                          }
   11.838100 |   2) + 23.951 us   |                        }
   11.838101 |   2)               |                        filemap_alloc_folio_noprof() {
   11.838101 |   2)               |                          folio_alloc_noprof() {
   11.838101 |   2)               |                            alloc_pages_mpol() {
   11.838101 |   2)   0.128 us    |                              policy_nodemask();
   11.838101 |   2)               |                              __alloc_frozen_pages_noprof() {
   11.838102 |   2)               |                                get_page_from_freelist() {
   11.838102 |   2)   0.125 us    |                                  preempt_count_add();
   11.838102 |   2)               |                                  _raw_spin_trylock() {
   11.838102 |   2)   0.124 us    |                                    preempt_count_add();
   11.838102 |   2)   0.389 us    |                                  }
   11.838103 |   2)               |                                  _raw_spin_unlock() {
   11.838103 |   2)   0.124 us    |                                    preempt_count_sub();
   11.838103 |   2)   0.397 us    |                                  }
   11.838103 |   2)   0.125 us    |                                  preempt_count_sub();
   11.838103 |   2)   1.775 us    |                                }
   11.838103 |   2)   2.055 us    |                              }
   11.838104 |   2)   2.583 us    |                            }
   11.838104 |   2)   2.837 us    |                          }
   11.838104 |   2)   3.097 us    |                        }
   11.838104 |   2)               |                        filemap_add_folio() {
   11.838104 |   2)               |                          __filemap_add_folio() {
   11.838104 |   2)   0.124 us    |                            shmem_mapping();
   11.838105 |   2)               |                            _raw_spin_lock_irq() {
   11.838105 |   2)   0.130 us    |                              preempt_count_add();
   11.838105 |   2)   0.400 us    |                            }
   11.838105 |   2)   0.124 us    |                            workingset_update_node();
   11.838105 |   2)   0.150 us    |                            mod_node_page_state();
   11.838106 |   2)               |                            _raw_spin_unlock_irq() {
   11.838106 |   2)   0.123 us    |                              preempt_count_sub();
   11.838106 |   2)   0.394 us    |                            }
   11.838106 |   2)   2.182 us    |                          }
   11.838106 |   2)               |                          folio_add_lru() {
   11.838107 |   2)               |                            __folio_batch_add_and_move() {
   11.838107 |   2)   0.124 us    |                              preempt_count_add();
   11.838107 |   2)   0.124 us    |                              preempt_count_sub();
   11.838107 |   2)   0.660 us    |                            }
   11.838107 |   2)   0.909 us    |                          }
   11.838108 |   2)   3.514 us    |                        }
   11.838108 |   2)               |                        filemap_alloc_folio_noprof() {
   11.838108 |   2)               |                          folio_alloc_noprof() {
   11.838108 |   2)               |                            alloc_pages_mpol() {
   11.838108 |   2)   0.128 us    |                              policy_nodemask();
   11.838108 |   2)               |                              __alloc_frozen_pages_noprof() {
   11.838109 |   2)               |                                get_page_from_freelist() {
   11.838109 |   2)   0.125 us    |                                  preempt_count_add();
   11.838109 |   2)               |                                  _raw_spin_trylock() {
   11.838109 |   2)   0.122 us    |                                    preempt_count_add();
   11.838109 |   2)   0.385 us    |                                  }
   11.838110 |   2)               |                                  _raw_spin_unlock() {
   11.838110 |   2)   0.123 us    |                                    preempt_count_sub();
   11.838110 |   2)   0.386 us    |                                  }
   11.838110 |   2)   0.125 us    |                                  preempt_count_sub();
   11.838110 |   2)   1.737 us    |                                }
   11.838111 |   2)   2.007 us    |                              }
   11.838111 |   2)   2.532 us    |                            }
   11.838111 |   2)   2.782 us    |                          }
   11.838111 |   2)   3.035 us    |                        }
   11.838111 |   2)               |                        filemap_add_folio() {
   11.838111 |   2)               |                          __filemap_add_folio() {
   11.838111 |   2)   0.124 us    |                            shmem_mapping();
   11.838112 |   2)               |                            _raw_spin_lock_irq() {
   11.838112 |   2)   0.126 us    |                              preempt_count_add();
   11.838112 |   2)   0.401 us    |                            }
   11.838112 |   2)   0.124 us    |                            workingset_update_node();
   11.838112 |   2)   0.124 us    |                            mod_node_page_state();
   11.838113 |   2)               |                            _raw_spin_unlock_irq() {
   11.838113 |   2)   0.125 us    |                              preempt_count_sub();
   11.838113 |   2)   0.391 us    |                            }
   11.838113 |   2)   2.059 us    |                          }
   11.838113 |   2)               |                          folio_add_lru() {
   11.838113 |   2)               |                            __folio_batch_add_and_move() {
   11.838114 |   2)   0.124 us    |                              preempt_count_add();
   11.838114 |   2)   0.124 us    |                              preempt_count_sub();
   11.838114 |   2)   0.655 us    |                            }
   11.838114 |   2)   0.904 us    |                          }
   11.838114 |   2)   3.360 us    |                        }
   11.838115 |   2)               |                        filemap_alloc_folio_noprof() {
   11.838115 |   2)               |                          folio_alloc_noprof() {
   11.838115 |   2)               |                            alloc_pages_mpol() {
   11.838115 |   2)   0.129 us    |                              policy_nodemask();
   11.838115 |   2)               |                              __alloc_frozen_pages_noprof() {
   11.838116 |   2)               |                                get_page_from_freelist() {
   11.838116 |   2)   0.125 us    |                                  preempt_count_add();
   11.838116 |   2)               |                                  _raw_spin_trylock() {
   11.838116 |   2)   0.122 us    |                                    preempt_count_add();
   11.838116 |   2)   0.385 us    |                                  }
   11.838116 |   2)               |                                  _raw_spin_unlock() {
   11.838117 |   2)   0.125 us    |                                    preempt_count_sub();
   11.838117 |   2)   0.410 us    |                                  }
   11.838117 |   2)   0.127 us    |                                  preempt_count_sub();
   11.838117 |   2)   1.749 us    |                                }
   11.838117 |   2)   2.023 us    |                              }
   11.838118 |   2)   2.553 us    |                            }
   11.838118 |   2)   2.803 us    |                          }
   11.838118 |   2)   3.054 us    |                        }
   11.838118 |   2)               |                        filemap_add_folio() {
   11.838118 |   2)               |                          __filemap_add_folio() {
   11.838118 |   2)   0.123 us    |                            shmem_mapping();
   11.838118 |   2)               |                            _raw_spin_lock_irq() {
   11.838119 |   2)   0.125 us    |                              preempt_count_add();
   11.838119 |   2)   0.395 us    |                            }
   11.838119 |   2)   0.125 us    |                            workingset_update_node();
   11.838119 |   2)   0.126 us    |                            mod_node_page_state();
   11.838120 |   2)               |                            _raw_spin_unlock_irq() {
   11.838120 |   2)   0.199 us    |                              preempt_count_sub();
   11.838120 |   2)   0.466 us    |                            }
   11.838120 |   2)   2.093 us    |                          }
   11.838120 |   2)               |                          folio_add_lru() {
   11.838120 |   2)               |                            __folio_batch_add_and_move() {
   11.838121 |   2)   0.125 us    |                              preempt_count_add();
   11.838121 |   2)   0.128 us    |                              preempt_count_sub();
   11.838121 |   2)   0.666 us    |                            }
   11.838121 |   2)   0.917 us    |                          }
   11.838121 |   2)   3.434 us    |                        }
   11.838122 |   2)               |                        filemap_alloc_folio_noprof() {
   11.838122 |   2)               |                          folio_alloc_noprof() {
   11.838122 |   2)               |                            alloc_pages_mpol() {
   11.838122 |   2)   0.128 us    |                              policy_nodemask();
   11.838122 |   2)               |                              __alloc_frozen_pages_noprof() {
   11.838123 |   2)               |                                get_page_from_freelist() {
   11.838123 |   2)   0.125 us    |                                  preempt_count_add();
   11.838123 |   2)               |                                  _raw_spin_trylock() {
   11.838123 |   2)   0.124 us    |                                    preempt_count_add();
   11.838123 |   2)   0.390 us    |                                  }
   11.838124 |   2)               |                                  _raw_spin_unlock() {
   11.838124 |   2)   0.126 us    |                                    preempt_count_sub();
   11.838124 |   2)   0.415 us    |                                  }
   11.838124 |   2)   0.127 us    |                                  preempt_count_sub();
   11.838124 |   2)   1.788 us    |                                }
   11.838124 |   2)   2.070 us    |                              }
   11.838125 |   2)   2.599 us    |                            }
   11.838125 |   2)   2.851 us    |                          }
   11.838125 |   2)   3.104 us    |                        }
   11.838125 |   2)               |                        filemap_add_folio() {
   11.838125 |   2)               |                          __filemap_add_folio() {
   11.838125 |   2)   0.123 us    |                            shmem_mapping();
   11.838126 |   2)               |                            _raw_spin_lock_irq() {
   11.838126 |   2)   0.128 us    |                              preempt_count_add();
   11.838126 |   2)   0.398 us    |                            }
   11.838126 |   2)               |                            kmem_cache_alloc_lru_noprof() {
   11.838126 |   2)   0.130 us    |                              preempt_count_add();
   11.838127 |   2)   0.124 us    |                              preempt_count_sub();
   11.838127 |   2)   0.685 us    |                            }
   11.838127 |   2)   0.124 us    |                            workingset_update_node();
   11.838127 |   2)               |                            kmem_cache_alloc_lru_noprof() {
   11.838128 |   2)   0.125 us    |                              preempt_count_add();
   11.838128 |   2)   0.123 us    |                              preempt_count_sub();
   11.838128 |   2)   0.701 us    |                            }
   11.838128 |   2)   0.123 us    |                            workingset_update_node();
   11.838129 |   2)   0.126 us    |                            workingset_update_node();
   11.838129 |   2)   0.127 us    |                            mod_node_page_state();
   11.838129 |   2)               |                            _raw_spin_unlock_irq() {
   11.838129 |   2)   0.141 us    |                              preempt_count_sub();
   11.838130 |   2)   0.414 us    |                            }
   11.838130 |   2)   4.551 us    |                          }
   11.838130 |   2)               |                          folio_add_lru() {
   11.838130 |   2)               |                            __folio_batch_add_and_move() {
   11.838130 |   2)   0.127 us    |                              preempt_count_add();
   11.838130 |   2)   0.126 us    |                              preempt_count_sub();
   11.838131 |   2)   0.660 us    |                            }
   11.838131 |   2)   0.911 us    |                          }
   11.838131 |   2)   5.878 us    |                        }
   11.838131 |   2)               |                        filemap_alloc_folio_noprof() {
   11.838131 |   2)               |                          folio_alloc_noprof() {
   11.838132 |   2)               |                            alloc_pages_mpol() {
   11.838132 |   2)   0.127 us    |                              policy_nodemask();
   11.838132 |   2)               |                              __alloc_frozen_pages_noprof() {
   11.838132 |   2)               |                                get_page_from_freelist() {
   11.838132 |   2)   0.125 us    |                                  preempt_count_add();
   11.838132 |   2)               |                                  _raw_spin_trylock() {
   11.838133 |   2)   0.123 us    |                                    preempt_count_add();
   11.838133 |   2)   0.389 us    |                                  }
   11.838133 |   2)               |                                  _raw_spin_unlock() {
   11.838133 |   2)   0.123 us    |                                    preempt_count_sub();
   11.838133 |   2)   0.388 us    |                                  }
   11.838134 |   2)   0.125 us    |                                  preempt_count_sub();
   11.838134 |   2)   1.758 us    |                                }
   11.838134 |   2)   2.030 us    |                              }
   11.838134 |   2)   2.559 us    |                            }
   11.838134 |   2)   2.815 us    |                          }
   11.838134 |   2)   3.141 us    |                        }
   11.838135 |   2)               |                        filemap_add_folio() {
   11.838135 |   2)               |                          __filemap_add_folio() {
   11.838135 |   2)   0.123 us    |                            shmem_mapping();
   11.838135 |   2)               |                            _raw_spin_lock_irq() {
   11.838135 |   2)   0.126 us    |                              preempt_count_add();
   11.838136 |   2)   0.406 us    |                            }
   11.838136 |   2)   0.125 us    |                            workingset_update_node();
   11.838136 |   2)   0.126 us    |                            mod_node_page_state();
   11.838136 |   2)               |                            _raw_spin_unlock_irq() {
   11.838136 |   2)   0.124 us    |                              preempt_count_sub();
   11.838137 |   2)   0.398 us    |                            }
   11.838137 |   2)   2.116 us    |                          }
   11.838137 |   2)               |                          folio_add_lru() {
   11.838137 |   2)               |                            __folio_batch_add_and_move() {
   11.838137 |   2)   0.125 us    |                              preempt_count_add();
   11.838138 |   2)   0.126 us    |                              preempt_count_sub();
   11.838138 |   2)   0.659 us    |                            }
   11.838138 |   2)   0.909 us    |                          }
   11.838138 |   2)   3.475 us    |                        }
   11.838138 |   2)               |                        filemap_alloc_folio_noprof() {
   11.838139 |   2)               |                          folio_alloc_noprof() {
   11.838139 |   2)               |                            alloc_pages_mpol() {
   11.838139 |   2)   0.130 us    |                              policy_nodemask();
   11.838139 |   2)               |                              __alloc_frozen_pages_noprof() {
   11.838139 |   2)               |                                get_page_from_freelist() {
   11.838139 |   2)   0.125 us    |                                  preempt_count_add();
   11.838140 |   2)               |                                  _raw_spin_trylock() {
   11.838140 |   2)   0.124 us    |                                    preempt_count_add();
   11.838140 |   2)   0.387 us    |                                  }
   11.838140 |   2)               |                                  _raw_spin_unlock() {
   11.838140 |   2)   0.124 us    |                                    preempt_count_sub();
   11.838141 |   2)   0.386 us    |                                  }
   11.838141 |   2)   0.126 us    |                                  preempt_count_sub();
   11.838141 |   2)   1.747 us    |                                }
   11.838141 |   2)   2.020 us    |                              }
   11.838141 |   2)   2.549 us    |                            }
   11.838141 |   2)   2.800 us    |                          }
   11.838142 |   2)   3.073 us    |                        }
   11.838142 |   2)               |                        filemap_add_folio() {
   11.838142 |   2)               |                          __filemap_add_folio() {
   11.838142 |   2)   0.125 us    |                            shmem_mapping();
   11.838142 |   2)               |                            _raw_spin_lock_irq() {
   11.838142 |   2)   0.127 us    |                              preempt_count_add();
   11.838143 |   2)   0.395 us    |                            }
   11.838143 |   2)   0.125 us    |                            workingset_update_node();
   11.838143 |   2)   0.126 us    |                            mod_node_page_state();
   11.838143 |   2)               |                            _raw_spin_unlock_irq() {
   11.838143 |   2)   0.126 us    |                              preempt_count_sub();
   11.838144 |   2)   0.394 us    |                            }
   11.838144 |   2)   2.069 us    |                          }
   11.838144 |   2)               |                          folio_add_lru() {
   11.838144 |   2)               |                            __folio_batch_add_and_move() {
   11.838144 |   2)   0.125 us    |                              preempt_count_add();
   11.838145 |   2)   0.125 us    |                              preempt_count_sub();
   11.838145 |   2)   0.659 us    |                            }
   11.838145 |   2)   0.909 us    |                          }
   11.838145 |   2)   3.383 us    |                        }
   11.838145 |   2)               |                        filemap_alloc_folio_noprof() {
   11.838146 |   2)               |                          folio_alloc_noprof() {
   11.838146 |   2)               |                            alloc_pages_mpol() {
   11.838146 |   2)   0.131 us    |                              policy_nodemask();
   11.838146 |   2)               |                              __alloc_frozen_pages_noprof() {
   11.838146 |   2)               |                                get_page_from_freelist() {
   11.838146 |   2)   0.126 us    |                                  preempt_count_add();
   11.838147 |   2)               |                                  _raw_spin_trylock() {
   11.838147 |   2)   0.123 us    |                                    preempt_count_add();
   11.838147 |   2)   0.390 us    |                                  }
   11.838147 |   2)               |                                  _raw_spin_unlock() {
   11.838147 |   2)   0.124 us    |                                    preempt_count_sub();
   11.838148 |   2)   0.389 us    |                                  }
   11.838148 |   2)   0.125 us    |                                  preempt_count_sub();
   11.838148 |   2)   1.776 us    |                                }
   11.838148 |   2)   2.045 us    |                              }
   11.838148 |   2)   2.576 us    |                            }
   11.838148 |   2)   2.829 us    |                          }
   11.838149 |   2)   3.110 us    |                        }
   11.838149 |   2)               |                        filemap_add_folio() {
   11.838149 |   2)               |                          __filemap_add_folio() {
   11.838149 |   2)   0.125 us    |                            shmem_mapping();
   11.838149 |   2)               |                            _raw_spin_lock_irq() {
   11.838149 |   2)   0.149 us    |                              preempt_count_add();
   11.838150 |   2)   0.420 us    |                            }
   11.838150 |   2)   0.127 us    |                            workingset_update_node();
   11.838150 |   2)   0.126 us    |                            mod_node_page_state();
   11.838150 |   2)               |                            _raw_spin_unlock_irq() {
   11.838151 |   2)   0.126 us    |                              preempt_count_sub();
   11.838151 |   2)   0.393 us    |                            }
   11.838151 |   2)   2.111 us    |                          }
   11.838151 |   2)               |                          folio_add_lru() {
   11.838151 |   2)               |                            __folio_batch_add_and_move() {
   11.838151 |   2)   0.125 us    |                              preempt_count_add();
   11.838152 |   2)   0.126 us    |                              preempt_count_sub();
   11.838152 |   2)   0.684 us    |                            }
   11.838152 |   2)   0.935 us    |                          }
   11.838152 |   2)   3.447 us    |                        }
   11.838153 |   2)               |                        filemap_alloc_folio_noprof() {
   11.838153 |   2)               |                          folio_alloc_noprof() {
   11.838153 |   2)               |                            alloc_pages_mpol() {
   11.838153 |   2)   0.127 us    |                              policy_nodemask();
   11.838153 |   2)               |                              __alloc_frozen_pages_noprof() {
   11.838153 |   2)               |                                get_page_from_freelist() {
   11.838153 |   2)   0.125 us    |                                  preempt_count_add();
   11.838154 |   2)               |                                  _raw_spin_trylock() {
   11.838154 |   2)   0.124 us    |                                    preempt_count_add();
   11.838154 |   2)   0.390 us    |                                  }
   11.838154 |   2)               |                                  _raw_spin_unlock() {
   11.838154 |   2)   0.124 us    |                                    preempt_count_sub();
   11.838155 |   2)   0.412 us    |                                  }
   11.838155 |   2)   0.126 us    |                                  preempt_count_sub();
   11.838155 |   2)   1.762 us    |                                }
   11.838155 |   2)   2.038 us    |                              }
   11.838155 |   2)   2.565 us    |                            }
   11.838156 |   2)   2.823 us    |                          }
   11.838156 |   2)   3.075 us    |                        }
   11.838156 |   2)               |                        filemap_add_folio() {
   11.838156 |   2)               |                          __filemap_add_folio() {
   11.838156 |   2)   0.124 us    |                            shmem_mapping();
   11.838156 |   2)               |                            _raw_spin_lock_irq() {
   11.838156 |   2)   0.126 us    |                              preempt_count_add();
   11.838157 |   2)   0.400 us    |                            }
   11.838157 |   2)   0.124 us    |                            workingset_update_node();
   11.838157 |   2)   0.124 us    |                            mod_node_page_state();
   11.838157 |   2)               |                            _raw_spin_unlock_irq() {
   11.838158 |   2)   0.126 us    |                              preempt_count_sub();
   11.838158 |   2)   0.396 us    |                            }
   11.838158 |   2)   2.110 us    |                          }
   11.838158 |   2)               |                          folio_add_lru() {
   11.838158 |   2)               |                            __folio_batch_add_and_move() {
   11.838158 |   2)   0.125 us    |                              preempt_count_add();
   11.838159 |   2)   0.127 us    |                              preempt_count_sub();
   11.838159 |   2)   0.684 us    |                            }
   11.838159 |   2)   0.936 us    |                          }
   11.838159 |   2)   3.450 us    |                        }
   11.838160 |   2)               |                        filemap_alloc_folio_noprof() {
   11.838160 |   2)               |                          folio_alloc_noprof() {
   11.838160 |   2)               |                            alloc_pages_mpol() {
   11.838160 |   2)   0.126 us    |                              policy_nodemask();
   11.838160 |   2)               |                              __alloc_frozen_pages_noprof() {
   11.838160 |   2)               |                                get_page_from_freelist() {
   11.838160 |   2)   0.126 us    |                                  preempt_count_add();
   11.838161 |   2)               |                                  _raw_spin_trylock() {
   11.838161 |   2)   0.123 us    |                                    preempt_count_add();
   11.838161 |   2)   0.388 us    |                                  }
   11.838161 |   2)               |                                  _raw_spin_unlock() {
   11.838161 |   2)   0.124 us    |                                    preempt_count_sub();
   11.838162 |   2)   0.389 us    |                                  }
   11.838162 |   2)   0.126 us    |                                  preempt_count_sub();
   11.838162 |   2)   1.755 us    |                                }
   11.838162 |   2)   2.024 us    |                              }
   11.838162 |   2)   2.552 us    |                            }
   11.838163 |   2)   2.804 us    |                          }
   11.838163 |   2)   3.056 us    |                        }
   11.838163 |   2)               |                        filemap_add_folio() {
   11.838163 |   2)               |                          __filemap_add_folio() {
   11.838163 |   2)   0.127 us    |                            shmem_mapping();
   11.838163 |   2)               |                            _raw_spin_lock_irq() {
   11.838163 |   2)   0.128 us    |                              preempt_count_add();
   11.838164 |   2)   0.398 us    |                            }
   11.838164 |   2)   0.125 us    |                            workingset_update_node();
   11.838164 |   2)   0.126 us    |                            mod_node_page_state();
   11.838164 |   2)               |                            _raw_spin_unlock_irq() {
   11.838165 |   2)   0.125 us    |                              preempt_count_sub();
   11.838165 |   2)   0.392 us    |                            }
   11.838165 |   2)   2.110 us    |                          }
   11.838165 |   2)               |                          folio_add_lru() {
   11.838165 |   2)               |                            __folio_batch_add_and_move() {
   11.838165 |   2)   0.124 us    |                              preempt_count_add();
   11.838166 |   2)   0.127 us    |                              preempt_count_sub();
   11.838166 |   2)   0.680 us    |                            }
   11.838166 |   2)   0.934 us    |                          }
   11.838166 |   2)   3.445 us    |                        }
   11.838167 |   2)               |                        filemap_alloc_folio_noprof() {
   11.838167 |   2)               |                          folio_alloc_noprof() {
   11.838167 |   2)               |                            alloc_pages_mpol() {
   11.838167 |   2)   0.128 us    |                              policy_nodemask();
   11.838167 |   2)               |                              __alloc_frozen_pages_noprof() {
   11.838167 |   2)               |                                get_page_from_freelist() {
   11.838167 |   2)   0.126 us    |                                  preempt_count_add();
   11.838168 |   2)               |                                  _raw_spin_trylock() {
   11.838168 |   2)   0.123 us    |                                    preempt_count_add();
   11.838168 |   2)   0.387 us    |                                  }
   11.838168 |   2)               |                                  _raw_spin_unlock() {
   11.838168 |   2)   0.124 us    |                                    preempt_count_sub();
   11.838169 |   2)   0.388 us    |                                  }
   11.838169 |   2)   0.124 us    |                                  preempt_count_sub();
   11.838169 |   2)   1.777 us    |                                }
   11.838169 |   2)   2.049 us    |                              }
   11.838169 |   2)   2.577 us    |                            }
   11.838170 |   2)   2.831 us    |                          }
   11.838170 |   2)   3.080 us    |                        }
   11.838170 |   2)               |                        filemap_add_folio() {
   11.838170 |   2)               |                          __filemap_add_folio() {
   11.838170 |   2)   0.126 us    |                            shmem_mapping();
   11.838170 |   2)               |                            _raw_spin_lock_irq() {
   11.838170 |   2)   0.125 us    |                              preempt_count_add();
   11.838171 |   2)   0.396 us    |                            }
   11.838171 |   2)   0.124 us    |                            workingset_update_node();
   11.838171 |   2)   0.125 us    |                            mod_node_page_state();
   11.838172 |   2)               |                            _raw_spin_unlock_irq() {
   11.838172 |   2)   0.127 us    |                              preempt_count_sub();
   11.838172 |   2)   0.395 us    |                            }
   11.838172 |   2)   2.134 us    |                          }
   11.838172 |   2)               |                          folio_add_lru() {
   11.838172 |   2)               |                            __folio_batch_add_and_move() {
   11.838172 |   2)   0.125 us    |                              preempt_count_add();
   11.838173 |   2)   0.125 us    |                              preempt_count_sub();
   11.838173 |   2)   0.655 us    |                            }
   11.838173 |   2)   0.905 us    |                          }
   11.838173 |   2)   3.443 us    |                        }
   11.838174 |   2)               |                        filemap_alloc_folio_noprof() {
   11.838174 |   2)               |                          folio_alloc_noprof() {
   11.838174 |   2)               |                            alloc_pages_mpol() {
   11.838174 |   2)   0.129 us    |                              policy_nodemask();
   11.838174 |   2)               |                              __alloc_frozen_pages_noprof() {
   11.838174 |   2)               |                                get_page_from_freelist() {
   11.838175 |   2)   0.125 us    |                                  preempt_count_add();
   11.838175 |   2)               |                                  _raw_spin_trylock() {
   11.838175 |   2)   0.152 us    |                                    preempt_count_add();
   11.838175 |   2)   0.415 us    |                                  }
   11.838175 |   2)               |                                  _raw_spin_unlock() {
   11.838176 |   2)   0.123 us    |                                    preempt_count_sub();
   11.838176 |   2)   0.409 us    |                                  }
   11.838176 |   2)   0.124 us    |                                  preempt_count_sub();
   11.838176 |   2)   1.855 us    |                                }
   11.838176 |   2)   2.123 us    |                              }
   11.838177 |   2)   2.671 us    |                            }
   11.838177 |   2)   2.924 us    |                          }
   11.838177 |   2)   3.177 us    |                        }
   11.838177 |   2)               |                        filemap_add_folio() {
   11.838177 |   2)               |                          __filemap_add_folio() {
   11.838177 |   2)   0.125 us    |                            shmem_mapping();
   11.838178 |   2)               |                            _raw_spin_lock_irq() {
   11.838178 |   2)   0.130 us    |                              preempt_count_add();
   11.838178 |   2)   0.403 us    |                            }
   11.838178 |   2)   0.124 us    |                            workingset_update_node();
   11.838178 |   2)   0.124 us    |                            mod_node_page_state();
   11.838179 |   2)               |                            _raw_spin_unlock_irq() {
   11.838179 |   2)   0.126 us    |                              preempt_count_sub();
   11.838179 |   2)   0.394 us    |                            }
   11.838179 |   2)   2.264 us    |                          }
   11.838179 |   2)               |                          folio_add_lru() {
   11.838180 |   2)               |                            __folio_batch_add_and_move() {
   11.838180 |   2)   0.125 us    |                              preempt_count_add();
   11.838180 |   2)   0.126 us    |                              preempt_count_sub();
   11.838180 |   2)   0.660 us    |                            }
   11.838180 |   2)   0.910 us    |                          }
   11.838180 |   2)   3.577 us    |                        }
   11.838181 |   2)               |                        filemap_alloc_folio_noprof() {
   11.838181 |   2)               |                          folio_alloc_noprof() {
   11.838181 |   2)               |                            alloc_pages_mpol() {
   11.838181 |   2)   0.131 us    |                              policy_nodemask();
   11.838181 |   2)               |                              __alloc_frozen_pages_noprof() {
   11.838182 |   2)               |                                get_page_from_freelist() {
   11.838182 |   2)   0.123 us    |                                  preempt_count_add();
   11.838182 |   2)               |                                  _raw_spin_trylock() {
   11.838182 |   2)   0.122 us    |                                    preempt_count_add();
   11.838182 |   2)   0.389 us    |                                  }
   11.838183 |   2)               |                                  _raw_spin_unlock() {
   11.838183 |   2)   0.123 us    |                                    preempt_count_sub();
   11.838183 |   2)   0.387 us    |                                  }
   11.838183 |   2)   0.127 us    |                                  preempt_count_sub();
   11.838183 |   2)   1.731 us    |                                }
   11.838183 |   2)   2.002 us    |                              }
   11.838184 |   2)   2.534 us    |                            }
   11.838184 |   2)   2.785 us    |                          }
   11.838184 |   2)   3.034 us    |                        }
   11.838184 |   2)               |                        filemap_add_folio() {
   11.838184 |   2)               |                          __filemap_add_folio() {
   11.838184 |   2)   0.127 us    |                            shmem_mapping();
   11.838185 |   2)               |                            _raw_spin_lock_irq() {
   11.838185 |   2)   0.125 us    |                              preempt_count_add();
   11.838185 |   2)   0.399 us    |                            }
   11.838185 |   2)   0.125 us    |                            workingset_update_node();
   11.838185 |   2)   0.126 us    |                            mod_node_page_state();
   11.838186 |   2)               |                            _raw_spin_unlock_irq() {
   11.838186 |   2)   0.127 us    |                              preempt_count_sub();
   11.838186 |   2)   0.396 us    |                            }
   11.838186 |   2)   2.110 us    |                          }
   11.838186 |   2)               |                          folio_add_lru() {
   11.838186 |   2)               |                            __folio_batch_add_and_move() {
   11.838187 |   2)   0.126 us    |                              preempt_count_add();
   11.838187 |   2)   0.126 us    |                              preempt_count_sub();
   11.838187 |   2)   0.687 us    |                            }
   11.838187 |   2)   0.938 us    |                          }
   11.838187 |   2)   3.449 us    |                        }
   11.838188 |   2)               |                        filemap_alloc_folio_noprof() {
   11.838188 |   2)               |                          folio_alloc_noprof() {
   11.838188 |   2)               |                            alloc_pages_mpol() {
   11.838188 |   2)   0.129 us    |                              policy_nodemask();
   11.838188 |   2)               |                              __alloc_frozen_pages_noprof() {
   11.838189 |   2)               |                                get_page_from_freelist() {
   11.838189 |   2)   0.125 us    |                                  preempt_count_add();
   11.838189 |   2)               |                                  _raw_spin_trylock() {
   11.838189 |   2)   0.123 us    |                                    preempt_count_add();
   11.838189 |   2)   0.389 us    |                                  }
   11.838190 |   2)               |                                  _raw_spin_unlock() {
   11.838190 |   2)   0.122 us    |                                    preempt_count_sub();
   11.838190 |   2)   0.388 us    |                                  }
   11.838190 |   2)   0.127 us    |                                  preempt_count_sub();
   11.838190 |   2)   1.785 us    |                                }
   11.838190 |   2)   2.051 us    |                              }
   11.838191 |   2)   2.584 us    |                            }
   11.838191 |   2)   2.835 us    |                          }
   11.838191 |   2)   3.084 us    |                        }
   11.838191 |   2)               |                        filemap_add_folio() {
   11.838191 |   2)               |                          __filemap_add_folio() {
   11.838191 |   2)   0.123 us    |                            shmem_mapping();
   11.838192 |   2)               |                            _raw_spin_lock_irq() {
   11.838192 |   2)   0.212 us    |                              preempt_count_add();
   11.838192 |   2)   0.485 us    |                            }
   11.838192 |   2)   0.123 us    |                            workingset_update_node();
   11.838192 |   2)   0.127 us    |                            mod_node_page_state();
   11.838193 |   2)               |                            _raw_spin_unlock_irq() {
   11.838193 |   2)   0.126 us    |                              preempt_count_sub();
   11.838193 |   2)   0.394 us    |                            }
   11.838193 |   2)   2.144 us    |                          }
   11.838193 |   2)               |                          folio_add_lru() {
   11.838194 |   2)               |                            __folio_batch_add_and_move() {
   11.838194 |   2)   0.124 us    |                              preempt_count_add();
   11.838194 |   2)   0.125 us    |                              preempt_count_sub();
   11.838194 |   2)   0.658 us    |                            }
   11.838194 |   2)   0.909 us    |                          }
   11.838194 |   2)   3.455 us    |                        }
   11.838195 |   2)               |                        filemap_alloc_folio_noprof() {
   11.838195 |   2)               |                          folio_alloc_noprof() {
   11.838195 |   2)               |                            alloc_pages_mpol() {
   11.838195 |   2)   0.128 us    |                              policy_nodemask();
   11.838195 |   2)               |                              __alloc_frozen_pages_noprof() {
   11.838196 |   2)               |                                get_page_from_freelist() {
   11.838196 |   2)   0.126 us    |                                  preempt_count_add();
   11.838196 |   2)               |                                  _raw_spin_trylock() {
   11.838196 |   2)   0.124 us    |                                    preempt_count_add();
   11.838196 |   2)   0.387 us    |                                  }
   11.838197 |   2)               |                                  _raw_spin_unlock() {
   11.838197 |   2)   0.124 us    |                                    preempt_count_sub();
   11.838197 |   2)   0.386 us    |                                  }
   11.838197 |   2)   0.126 us    |                                  preempt_count_sub();
   11.838197 |   2)   1.727 us    |                                }
   11.838197 |   2)   2.018 us    |                              }
   11.838198 |   2)   2.546 us    |                            }
   11.838198 |   2)   2.796 us    |                          }
   11.838198 |   2)   3.044 us    |                        }
   11.838198 |   2)               |                        filemap_add_folio() {
   11.838198 |   2)               |                          __filemap_add_folio() {
   11.838198 |   2)   0.127 us    |                            shmem_mapping();
   11.838199 |   2)               |                            _raw_spin_lock_irq() {
   11.838199 |   2)   0.143 us    |                              preempt_count_add();
   11.838199 |   2)   0.415 us    |                            }
   11.838199 |   2)   0.124 us    |                            workingset_update_node();
   11.838199 |   2)   0.125 us    |                            mod_node_page_state();
   11.838200 |   2)               |                            _raw_spin_unlock_irq() {
   11.838200 |   2)   0.127 us    |                              preempt_count_sub();
   11.838200 |   2)   0.393 us    |                            }
   11.838200 |   2)   2.073 us    |                          }
   11.838200 |   2)               |                          folio_add_lru() {
   11.838200 |   2)               |                            __folio_batch_add_and_move() {
   11.838201 |   2)   0.124 us    |                              preempt_count_add();
   11.838201 |   2)   0.125 us    |                              preempt_count_sub();
   11.838201 |   2)   0.657 us    |                            }
   11.838201 |   2)   0.905 us    |                          }
   11.838201 |   2)   3.381 us    |                        }
   11.838202 |   2)               |                        filemap_alloc_folio_noprof() {
   11.838202 |   2)               |                          folio_alloc_noprof() {
   11.838202 |   2)               |                            alloc_pages_mpol() {
   11.838202 |   2)   0.127 us    |                              policy_nodemask();
   11.838202 |   2)               |                              __alloc_frozen_pages_noprof() {
   11.838203 |   2)               |                                get_page_from_freelist() {
   11.838203 |   2)   0.123 us    |                                  preempt_count_add();
   11.838203 |   2)               |                                  _raw_spin_trylock() {
   11.838203 |   2)   0.123 us    |                                    preempt_count_add();
   11.838203 |   2)   0.386 us    |                                  }
   11.838203 |   2)               |                                  _raw_spin_unlock() {
   11.838204 |   2)   0.124 us    |                                    preempt_count_sub();
   11.838204 |   2)   0.388 us    |                                  }
   11.838204 |   2)   0.127 us    |                                  preempt_count_sub();
   11.838204 |   2)   1.746 us    |                                }
   11.838204 |   2)   2.016 us    |                              }
   11.838205 |   2)   2.541 us    |                            }
   11.838205 |   2)   2.792 us    |                          }
   11.838205 |   2)   3.039 us    |                        }
   11.838205 |   2)               |                        filemap_add_folio() {
   11.838205 |   2)               |                          __filemap_add_folio() {
   11.838205 |   2)   0.122 us    |                            shmem_mapping();
   11.838205 |   2)               |                            _raw_spin_lock_irq() {
   11.838206 |   2)   0.127 us    |                              preempt_count_add();
   11.838206 |   2)   0.398 us    |                            }
   11.838206 |   2)   0.125 us    |                            workingset_update_node();
   11.838206 |   2)   0.125 us    |                            mod_node_page_state();
   11.838207 |   2)               |                            _raw_spin_unlock_irq() {
   11.838207 |   2)   0.126 us    |                              preempt_count_sub();
   11.838207 |   2)   0.392 us    |                            }
   11.838207 |   2)   2.136 us    |                          }
   11.838207 |   2)               |                          folio_add_lru() {
   11.838207 |   2)               |                            __folio_batch_add_and_move() {
   11.838208 |   2)   0.124 us    |                              preempt_count_add();
   11.838208 |   2)               |                              folio_batch_move_lru() {
   11.838208 |   2)               |                                _raw_spin_lock_irqsave() {
   11.838208 |   2)   0.123 us    |                                  preempt_count_add();
   11.838208 |   2)   0.397 us    |                                }
   11.838209 |   2)               |                                lru_add() {
   11.838209 |   2)   0.126 us    |                                  folio_mapping();
   11.838209 |   2)   0.125 us    |                                  mod_node_page_state();
   11.838210 |   2)   0.125 us    |                                  __mod_zone_page_state();
   11.838210 |   2)   1.158 us    |                                }
   11.838210 |   2)               |                                lru_add() {
   11.838210 |   2)   0.126 us    |                                  folio_mapping();
   11.838211 |   2)   0.127 us    |                                  mod_node_page_state();
   11.838211 |   2)   0.125 us    |                                  __mod_zone_page_state();
   11.838211 |   2)   1.128 us    |                                }
   11.838211 |   2)               |                                lru_add() {
   11.838212 |   2)   0.126 us    |                                  folio_mapping();
   11.838212 |   2)   0.127 us    |                                  mod_node_page_state();
   11.838212 |   2)   0.124 us    |                                  __mod_zone_page_state();
   11.838212 |   2)   1.126 us    |                                }
   11.838213 |   2)               |                                lru_add() {
   11.838213 |   2)   0.125 us    |                                  folio_mapping();
   11.838213 |   2)   0.126 us    |                                  mod_node_page_state();
   11.838213 |   2)   0.124 us    |                                  __mod_zone_page_state();
   11.838214 |   2)   1.125 us    |                                }
   11.838214 |   2)               |                                lru_add() {
   11.838214 |   2)   0.127 us    |                                  folio_mapping();
   11.838214 |   2)   0.126 us    |                                  mod_node_page_state();
   11.838215 |   2)   0.125 us    |                                  __mod_zone_page_state();
   11.838215 |   2)   1.132 us    |                                }
   11.838215 |   2)               |                                lru_add() {
   11.838215 |   2)   0.124 us    |                                  folio_mapping();
   11.838216 |   2)   0.126 us    |                                  mod_node_page_state();
   11.838216 |   2)   0.125 us    |                                  __mod_zone_page_state();
   11.838216 |   2)   1.125 us    |                                }
   11.838216 |   2)               |                                lru_add() {
   11.838217 |   2)   0.125 us    |                                  folio_mapping();
   11.838217 |   2)   0.127 us    |                                  mod_node_page_state();
   11.838217 |   2)   0.125 us    |                                  __mod_zone_page_state();
   11.838218 |   2)   1.128 us    |                                }
   11.838218 |   2)               |                                lru_add() {
   11.838218 |   2)   0.125 us    |                                  folio_mapping();
   11.838218 |   2)   0.128 us    |                                  mod_node_page_state();
   11.838219 |   2)   0.124 us    |                                  __mod_zone_page_state();
   11.838219 |   2)   1.125 us    |                                }
   11.838219 |   2)               |                                lru_add() {
   11.838219 |   2)   0.127 us    |                                  folio_mapping();
   11.838220 |   2)   0.127 us    |                                  mod_node_page_state();
   11.838220 |   2)   0.125 us    |                                  __mod_zone_page_state();
   11.838220 |   2)   1.129 us    |                                }
   11.838220 |   2)               |                                lru_add() {
   11.838221 |   2)   0.125 us    |                                  folio_mapping();
   11.838221 |   2)   0.127 us    |                                  mod_node_page_state();
   11.838221 |   2)   0.125 us    |                                  __mod_zone_page_state();
   11.838221 |   2)   1.129 us    |                                }
   11.838222 |   2)               |                                lru_add() {
   11.838222 |   2)   0.125 us    |                                  folio_mapping();
   11.838222 |   2)   0.194 us    |                                  mod_node_page_state();
   11.838223 |   2)   0.125 us    |                                  __mod_zone_page_state();
   11.838223 |   2)   1.194 us    |                                }
   11.838223 |   2)               |                                lru_add() {
   11.838223 |   2)   0.126 us    |                                  folio_mapping();
   11.838224 |   2)   0.140 us    |                                  mod_node_page_state();
   11.838224 |   2)   0.126 us    |                                  __mod_zone_page_state();
   11.838224 |   2)   1.148 us    |                                }
   11.838224 |   2)               |                                lru_add() {
   11.838225 |   2)   0.126 us    |                                  folio_mapping();
   11.838225 |   2)   0.127 us    |                                  mod_node_page_state();
   11.838225 |   2)   0.123 us    |                                  __mod_zone_page_state();
   11.838225 |   2)   1.130 us    |                                }
   11.838226 |   2)               |                                lru_add() {
   11.838226 |   2)   0.126 us    |                                  folio_mapping();
   11.838226 |   2)   0.127 us    |                                  mod_node_page_state();
   11.838226 |   2)   0.126 us    |                                  __mod_zone_page_state();
   11.838227 |   2)   1.129 us    |                                }
   11.838227 |   2)               |                                lru_add() {
   11.838227 |   2)   0.125 us    |                                  folio_mapping();
   11.838227 |   2)   0.127 us    |                                  mod_node_page_state();
   11.838228 |   2)   0.125 us    |                                  __mod_zone_page_state();
   11.838228 |   2)   1.128 us    |                                }
   11.838228 |   2)               |                                lru_add() {
   11.838228 |   2)   0.125 us    |                                  folio_mapping();
   11.838229 |   2)   0.126 us    |                                  mod_node_page_state();
   11.838229 |   2)   0.125 us    |                                  __mod_zone_page_state();
   11.838229 |   2)   1.121 us    |                                }
   11.838229 |   2)               |                                lru_add() {
   11.838230 |   2)   0.124 us    |                                  folio_mapping();
   11.838230 |   2)   0.126 us    |                                  mod_node_page_state();
   11.838230 |   2)   0.124 us    |                                  __mod_zone_page_state();
   11.838231 |   2)   1.121 us    |                                }
   11.838231 |   2)               |                                lru_add() {
   11.838231 |   2)   0.125 us    |                                  folio_mapping();
   11.838231 |   2)   0.127 us    |                                  mod_node_page_state();
   11.838232 |   2)   0.124 us    |                                  __mod_zone_page_state();
   11.838232 |   2)   1.121 us    |                                }
   11.838232 |   2)               |                                lru_add() {
   11.838232 |   2)   0.125 us    |                                  folio_mapping();
   11.838233 |   2)   0.126 us    |                                  mod_node_page_state();
   11.838233 |   2)   0.124 us    |                                  __mod_zone_page_state();
   11.838233 |   2)   1.122 us    |                                }
   11.838233 |   2)               |                                lru_add() {
   11.838234 |   2)   0.125 us    |                                  folio_mapping();
   11.838234 |   2)   0.126 us    |                                  mod_node_page_state();
   11.838234 |   2)   0.125 us    |                                  __mod_zone_page_state();
   11.838234 |   2)   1.119 us    |                                }
   11.838235 |   2)               |                                lru_add() {
   11.838235 |   2)   0.126 us    |                                  folio_mapping();
   11.838235 |   2)   0.127 us    |                                  mod_node_page_state();
   11.838235 |   2)   0.124 us    |                                  __mod_zone_page_state();
   11.838236 |   2)   1.126 us    |                                }
   11.838236 |   2)               |                                lru_add() {
   11.838236 |   2)   0.127 us    |                                  folio_mapping();
   11.838237 |   2)   0.125 us    |                                  mod_node_page_state();
   11.838237 |   2)   0.123 us    |                                  __mod_zone_page_state();
   11.838237 |   2)   1.122 us    |                                }
   11.838237 |   2)               |                                lru_add() {
   11.838237 |   2)   0.126 us    |                                  folio_mapping();
   11.838238 |   2)   0.129 us    |                                  mod_node_page_state();
   11.838238 |   2)   0.125 us    |                                  __mod_zone_page_state();
   11.838238 |   2)   1.126 us    |                                }
   11.838238 |   2)               |                                lru_add() {
   11.838239 |   2)   0.204 us    |                                  folio_mapping();
   11.838239 |   2)   0.127 us    |                                  mod_node_page_state();
   11.838239 |   2)   0.125 us    |                                  __mod_zone_page_state();
   11.838240 |   2)   1.201 us    |                                }
   11.838240 |   2)               |                                lru_add() {
   11.838240 |   2)   0.141 us    |                                  folio_mapping();
   11.838240 |   2)   0.126 us    |                                  mod_node_page_state();
   11.838241 |   2)   0.122 us    |                                  __mod_zone_page_state();
   11.838241 |   2)   1.136 us    |                                }
   11.838241 |   2)               |                                lru_add() {
   11.838241 |   2)   0.126 us    |                                  folio_mapping();
   11.838242 |   2)   0.127 us    |                                  mod_node_page_state();
   11.838242 |   2)   0.125 us    |                                  __mod_zone_page_state();
   11.838242 |   2)   1.123 us    |                                }
   11.838242 |   2)               |                                lru_add() {
   11.838243 |   2)   0.124 us    |                                  folio_mapping();
   11.838243 |   2)   0.126 us    |                                  mod_node_page_state();
   11.838243 |   2)   0.126 us    |                                  __mod_zone_page_state();
   11.838244 |   2)   1.129 us    |                                }
   11.838244 |   2)               |                                lru_add() {
   11.838244 |   2)   0.126 us    |                                  folio_mapping();
   11.838244 |   2)   0.127 us    |                                  mod_node_page_state();
   11.838245 |   2)   0.125 us    |                                  __mod_zone_page_state();
   11.838245 |   2)   1.122 us    |                                }
   11.838245 |   2)               |                                lru_add() {
   11.838245 |   2)   0.127 us    |                                  folio_mapping();
   11.838246 |   2)   0.126 us    |                                  mod_node_page_state();
   11.838246 |   2)   0.125 us    |                                  __mod_zone_page_state();
   11.838246 |   2)   1.128 us    |                                }
   11.838246 |   2)               |                                lru_add() {
   11.838247 |   2)   0.126 us    |                                  folio_mapping();
   11.838247 |   2)   0.126 us    |                                  mod_node_page_state();
   11.838247 |   2)   0.124 us    |                                  __mod_zone_page_state();
   11.838247 |   2)   1.127 us    |                                }
   11.838248 |   2)               |                                lru_add() {
   11.838248 |   2)   0.126 us    |                                  folio_mapping();
   11.838248 |   2)   0.127 us    |                                  mod_node_page_state();
   11.838248 |   2)   0.124 us    |                                  __mod_zone_page_state();
   11.838249 |   2)   1.127 us    |                                }
   11.838249 |   2)               |                                _raw_spin_unlock_irqrestore() {
   11.838249 |   2)   0.125 us    |                                  preempt_count_sub();
   11.838249 |   2)   0.403 us    |                                }
   11.838250 |   2)   0.123 us    |                                free_unref_folios();
   11.838250 |   2)   0.316 us    |                                folios_put_refs();
   11.838250 |   2) + 42.440 us   |                              }
   11.838250 |   2)   0.126 us    |                              preempt_count_sub();
   11.838251 |   2) + 43.279 us   |                            }
   11.838251 |   2) + 43.529 us   |                          }
   11.838251 |   2) + 46.066 us   |                        }
   11.838251 |   2)               |                        filemap_alloc_folio_noprof() {
   11.838251 |   2)               |                          folio_alloc_noprof() {
   11.838252 |   2)               |                            alloc_pages_mpol() {
   11.838252 |   2)   0.128 us    |                              policy_nodemask();
   11.838252 |   2)               |                              __alloc_frozen_pages_noprof() {
   11.838252 |   2)               |                                get_page_from_freelist() {
   11.838252 |   2)   0.126 us    |                                  preempt_count_add();
   11.838253 |   2)               |                                  _raw_spin_trylock() {
   11.838253 |   2)   0.124 us    |                                    preempt_count_add();
   11.838253 |   2)   0.390 us    |                                  }
   11.838253 |   2)               |                                  _raw_spin_unlock() {
   11.838253 |   2)   0.123 us    |                                    preempt_count_sub();
   11.838253 |   2)   0.387 us    |                                  }
   11.838254 |   2)   0.126 us    |                                  preempt_count_sub();
   11.838254 |   2)   1.765 us    |                                }
   11.838254 |   2)   2.060 us    |                              }
   11.838254 |   2)   2.592 us    |                            }
   11.838254 |   2)   2.851 us    |                          }
   11.838255 |   2)   3.112 us    |                        }
   11.838255 |   2)               |                        filemap_add_folio() {
   11.838255 |   2)               |                          __filemap_add_folio() {
   11.838255 |   2)   0.122 us    |                            shmem_mapping();
   11.838255 |   2)               |                            _raw_spin_lock_irq() {
   11.838255 |   2)   0.126 us    |                              preempt_count_add();
   11.838256 |   2)   0.399 us    |                            }
   11.838256 |   2)   0.125 us    |                            workingset_update_node();
   11.838256 |   2)   0.126 us    |                            mod_node_page_state();
   11.838256 |   2)               |                            _raw_spin_unlock_irq() {
   11.838256 |   2)   0.125 us    |                              preempt_count_sub();
   11.838257 |   2)   0.394 us    |                            }
   11.838257 |   2)   2.069 us    |                          }
   11.838257 |   2)               |                          folio_add_lru() {
   11.838257 |   2)               |                            __folio_batch_add_and_move() {
   11.838257 |   2)   0.125 us    |                              preempt_count_add();
   11.838258 |   2)   0.126 us    |                              preempt_count_sub();
   11.838258 |   2)   0.660 us    |                            }
   11.838258 |   2)   0.908 us    |                          }
   11.838258 |   2)   3.383 us    |                        }
   11.838258 |   2)               |                        filemap_alloc_folio_noprof() {
   11.838259 |   2)               |                          folio_alloc_noprof() {
   11.838259 |   2)               |                            alloc_pages_mpol() {
   11.838259 |   2)   0.133 us    |                              policy_nodemask();
   11.838259 |   2)               |                              __alloc_frozen_pages_noprof() {
   11.838259 |   2)               |                                get_page_from_freelist() {
   11.838259 |   2)   0.126 us    |                                  preempt_count_add();
   11.838260 |   2)               |                                  _raw_spin_trylock() {
   11.838260 |   2)   0.124 us    |                                    preempt_count_add();
   11.838260 |   2)   0.387 us    |                                  }
   11.838260 |   2)               |                                  _raw_spin_unlock() {
   11.838260 |   2)   0.122 us    |                                    preempt_count_sub();
   11.838261 |   2)   0.387 us    |                                  }
   11.838261 |   2)   0.126 us    |                                  preempt_count_sub();
   11.838261 |   2)   1.752 us    |                                }
   11.838261 |   2)   2.045 us    |                              }
   11.838261 |   2)   2.579 us    |                            }
   11.838261 |   2)   2.832 us    |                          }
   11.838261 |   2)   3.080 us    |                        }
   11.838262 |   2)               |                        filemap_add_folio() {
   11.838262 |   2)               |                          __filemap_add_folio() {
   11.838262 |   2)   0.123 us    |                            shmem_mapping();
   11.838262 |   2)               |                            _raw_spin_lock_irq() {
   11.838262 |   2)   0.124 us    |                              preempt_count_add();
   11.838263 |   2)   0.398 us    |                            }
   11.838263 |   2)   0.123 us    |                            workingset_update_node();
   11.838263 |   2)   0.124 us    |                            mod_node_page_state();
   11.838263 |   2)               |                            _raw_spin_unlock_irq() {
   11.838263 |   2)   0.125 us    |                              preempt_count_sub();
   11.838264 |   2)   0.398 us    |                            }
   11.838264 |   2)   2.057 us    |                          }
   11.838264 |   2)               |                          folio_add_lru() {
   11.838264 |   2)               |                            __folio_batch_add_and_move() {
   11.838264 |   2)   0.124 us    |                              preempt_count_add();
   11.838265 |   2)   0.125 us    |                              preempt_count_sub();
   11.838265 |   2)   0.681 us    |                            }
   11.838265 |   2)   0.931 us    |                          }
   11.838265 |   2)   3.434 us    |                        }
   11.838265 |   2)               |                        filemap_alloc_folio_noprof() {
   11.838266 |   2)               |                          folio_alloc_noprof() {
   11.838266 |   2)               |                            alloc_pages_mpol() {
   11.838266 |   2)   0.128 us    |                              policy_nodemask();
   11.838266 |   2)               |                              __alloc_frozen_pages_noprof() {
   11.838266 |   2)               |                                get_page_from_freelist() {
   11.838266 |   2)   0.128 us    |                                  preempt_count_add();
   11.838267 |   2)               |                                  _raw_spin_trylock() {
   11.838267 |   2)   0.123 us    |                                    preempt_count_add();
   11.838267 |   2)   0.386 us    |                                  }
   11.838267 |   2)               |                                  _raw_spin_unlock() {
   11.838267 |   2)   0.123 us    |                                    preempt_count_sub();
   11.838267 |   2)   0.385 us    |                                  }
   11.838268 |   2)   0.126 us    |                                  preempt_count_sub();
   11.838268 |   2)   1.745 us    |                                }
   11.838268 |   2)   2.011 us    |                              }
   11.838268 |   2)   2.540 us    |                            }
   11.838268 |   2)   2.791 us    |                          }
   11.838268 |   2)   3.040 us    |                        }
   11.838269 |   2)               |                        filemap_add_folio() {
   11.838269 |   2)               |                          __filemap_add_folio() {
   11.838269 |   2)   0.125 us    |                            shmem_mapping();
   11.838269 |   2)               |                            _raw_spin_lock_irq() {
   11.838269 |   2)   0.125 us    |                              preempt_count_add();
   11.838270 |   2)   0.394 us    |                            }
   11.838270 |   2)   0.123 us    |                            workingset_update_node();
   11.838270 |   2)   0.124 us    |                            mod_node_page_state();
   11.838270 |   2)               |                            _raw_spin_unlock_irq() {
   11.838270 |   2)   0.125 us    |                              preempt_count_sub();
   11.838271 |   2)   0.395 us    |                            }
   11.838271 |   2)   2.122 us    |                          }
   11.838271 |   2)               |                          folio_add_lru() {
   11.838271 |   2)               |                            __folio_batch_add_and_move() {
   11.838271 |   2)   0.125 us    |                              preempt_count_add();
   11.838271 |   2)   0.125 us    |                              preempt_count_sub();
   11.838272 |   2)   0.705 us    |                            }
   11.838272 |   2)   0.958 us    |                          }
   11.838272 |   2)   3.477 us    |                        }
   11.838272 |   2)               |                        filemap_alloc_folio_noprof() {
   11.838273 |   2)               |                          folio_alloc_noprof() {
   11.838273 |   2)               |                            alloc_pages_mpol() {
   11.838273 |   2)   0.127 us    |                              policy_nodemask();
   11.838273 |   2)               |                              __alloc_frozen_pages_noprof() {
   11.838273 |   2)               |                                get_page_from_freelist() {
   11.838273 |   2)   0.125 us    |                                  preempt_count_add();
   11.838274 |   2)               |                                  _raw_spin_trylock() {
   11.838274 |   2)   0.123 us    |                                    preempt_count_add();
   11.838274 |   2)   0.386 us    |                                  }
   11.838274 |   2)               |                                  _raw_spin_unlock() {
   11.838274 |   2)   0.124 us    |                                    preempt_count_sub();
   11.838274 |   2)   0.388 us    |                                  }
   11.838275 |   2)   0.126 us    |                                  preempt_count_sub();
   11.838275 |   2)   1.753 us    |                                }
   11.838275 |   2)   2.027 us    |                              }
   11.838275 |   2)   2.551 us    |                            }
   11.838275 |   2)   2.805 us    |                          }
   11.838275 |   2)   3.055 us    |                        }
   11.838276 |   2)               |                        filemap_add_folio() {
   11.838276 |   2)               |                          __filemap_add_folio() {
   11.838276 |   2)   0.125 us    |                            shmem_mapping();
   11.838276 |   2)               |                            _raw_spin_lock_irq() {
   11.838276 |   2)   0.128 us    |                              preempt_count_add();
   11.838277 |   2)   0.398 us    |                            }
   11.838277 |   2)   0.124 us    |                            workingset_update_node();
   11.838277 |   2)   0.126 us    |                            mod_node_page_state();
   11.838277 |   2)               |                            _raw_spin_unlock_irq() {
   11.838277 |   2)   0.127 us    |                              preempt_count_sub();
   11.838278 |   2)   0.397 us    |                            }
   11.838278 |   2)   2.084 us    |                          }
   11.838278 |   2)               |                          folio_add_lru() {
   11.838278 |   2)               |                            __folio_batch_add_and_move() {
   11.838278 |   2)   0.124 us    |                              preempt_count_add();
   11.838278 |   2)   0.127 us    |                              preempt_count_sub();
   11.838279 |   2)   0.663 us    |                            }
   11.838279 |   2)   0.913 us    |                          }
   11.838279 |   2)   3.397 us    |                        }
   11.838279 |   2)               |                        filemap_alloc_folio_noprof() {
   11.838279 |   2)               |                          folio_alloc_noprof() {
   11.838280 |   2)               |                            alloc_pages_mpol() {
   11.838280 |   2)   0.129 us    |                              policy_nodemask();
   11.838280 |   2)               |                              __alloc_frozen_pages_noprof() {
   11.838280 |   2)               |                                get_page_from_freelist() {
   11.838280 |   2)   0.124 us    |                                  preempt_count_add();
   11.838281 |   2)               |                                  _raw_spin_trylock() {
   11.838281 |   2)   0.125 us    |                                    preempt_count_add();
   11.838281 |   2)   0.390 us    |                                  }
   11.838281 |   2)               |                                  _raw_spin_unlock() {
   11.838281 |   2)   0.124 us    |                                    preempt_count_sub();
   11.838281 |   2)   0.389 us    |                                  }
   11.838282 |   2)   0.126 us    |                                  preempt_count_sub();
   11.838282 |   2)   1.783 us    |                                }
   11.838282 |   2)   2.053 us    |                              }
   11.838282 |   2)   2.582 us    |                            }
   11.838282 |   2)   2.835 us    |                          }
   11.838282 |   2)   3.089 us    |                        }
   11.838283 |   2)               |                        filemap_add_folio() {
   11.838283 |   2)               |                          __filemap_add_folio() {
   11.838283 |   2)   0.124 us    |                            shmem_mapping();
   11.838283 |   2)               |                            _raw_spin_lock_irq() {
   11.838283 |   2)   0.126 us    |                              preempt_count_add();
   11.838284 |   2)   0.398 us    |                            }
   11.838284 |   2)   0.125 us    |                            workingset_update_node();
   11.838284 |   2)   0.125 us    |                            mod_node_page_state();
   11.838284 |   2)               |                            _raw_spin_unlock_irq() {
   11.838284 |   2)   0.126 us    |                              preempt_count_sub();
   11.838285 |   2)   0.392 us    |                            }
   11.838285 |   2)   2.102 us    |                          }
   11.838285 |   2)               |                          folio_add_lru() {
   11.838285 |   2)               |                            __folio_batch_add_and_move() {
   11.838285 |   2)   0.124 us    |                              preempt_count_add();
   11.838285 |   2)   0.126 us    |                              preempt_count_sub();
   11.838286 |   2)   0.683 us    |                            }
   11.838286 |   2)   0.932 us    |                          }
   11.838286 |   2)   3.439 us    |                        }
   11.838286 |   2)               |                        filemap_alloc_folio_noprof() {
   11.838286 |   2)               |                          folio_alloc_noprof() {
   11.838287 |   2)               |                            alloc_pages_mpol() {
   11.838287 |   2)   0.127 us    |                              policy_nodemask();
   11.838287 |   2)               |                              __alloc_frozen_pages_noprof() {
   11.838287 |   2)               |                                get_page_from_freelist() {
   11.838287 |   2)   0.125 us    |                                  preempt_count_add();
   11.838287 |   2)               |                                  _raw_spin_trylock() {
   11.838288 |   2)   0.123 us    |                                    preempt_count_add();
   11.838288 |   2)   0.387 us    |                                  }
   11.838288 |   2)               |                                  _raw_spin_unlock() {
   11.838288 |   2)   0.124 us    |                                    preempt_count_sub();
   11.838288 |   2)   0.387 us    |                                  }
   11.838289 |   2)   0.124 us    |                                  preempt_count_sub();
   11.838289 |   2)   1.751 us    |                                }
   11.838289 |   2)   2.022 us    |                              }
   11.838289 |   2)   2.551 us    |                            }
   11.838289 |   2)   2.804 us    |                          }
   11.838289 |   2)   3.056 us    |                        }
   11.838290 |   2)               |                        filemap_add_folio() {
   11.838290 |   2)               |                          __filemap_add_folio() {
   11.838290 |   2)   0.123 us    |                            shmem_mapping();
   11.838290 |   2)               |                            _raw_spin_lock_irq() {
   11.838290 |   2)   0.126 us    |                              preempt_count_add();
   11.838290 |   2)   0.399 us    |                            }
   11.838291 |   2)   0.124 us    |                            workingset_update_node();
   11.838291 |   2)   0.125 us    |                            mod_node_page_state();
   11.838291 |   2)               |                            _raw_spin_unlock_irq() {
   11.838291 |   2)   0.126 us    |                              preempt_count_sub();
   11.838292 |   2)   0.396 us    |                            }
   11.838292 |   2)   2.054 us    |                          }
   11.838292 |   2)               |                          folio_add_lru() {
   11.838292 |   2)               |                            __folio_batch_add_and_move() {
   11.838292 |   2)   0.124 us    |                              preempt_count_add();
   11.838292 |   2)   0.126 us    |                              preempt_count_sub();
   11.838293 |   2)   0.678 us    |                            }
   11.838293 |   2)   0.931 us    |                          }
   11.838293 |   2)   3.386 us    |                        }
   11.838293 |   2)               |                        filemap_alloc_folio_noprof() {
   11.838293 |   2)               |                          folio_alloc_noprof() {
   11.838294 |   2)               |                            alloc_pages_mpol() {
   11.838294 |   2)   0.129 us    |                              policy_nodemask();
   11.838294 |   2)               |                              __alloc_frozen_pages_noprof() {
   11.838294 |   2)               |                                get_page_from_freelist() {
   11.838294 |   2)   0.124 us    |                                  preempt_count_add();
   11.838294 |   2)               |                                  _raw_spin_trylock() {
   11.838295 |   2)   0.123 us    |                                    preempt_count_add();
   11.838295 |   2)   0.386 us    |                                  }
   11.838295 |   2)               |                                  _raw_spin_unlock() {
   11.838295 |   2)   0.124 us    |                                    preempt_count_sub();
   11.838295 |   2)   0.388 us    |                                  }
   11.838296 |   2)   0.126 us    |                                  preempt_count_sub();
   11.838296 |   2)   1.771 us    |                                }
   11.838296 |   2)   2.040 us    |                              }
   11.838296 |   2)   2.569 us    |                            }
   11.838296 |   2)   2.821 us    |                          }
   11.838296 |   2)   3.067 us    |                        }
   11.838296 |   2)               |                        filemap_add_folio() {
   11.838297 |   2)               |                          __filemap_add_folio() {
   11.838297 |   2)   0.122 us    |                            shmem_mapping();
   11.838297 |   2)               |                            _raw_spin_lock_irq() {
   11.838297 |   2)   0.195 us    |                              preempt_count_add();
   11.838297 |   2)   0.467 us    |                            }
   11.838298 |   2)   0.122 us    |                            workingset_update_node();
   11.838298 |   2)   0.128 us    |                            mod_node_page_state();
   11.838298 |   2)               |                            _raw_spin_unlock_irq() {
   11.838298 |   2)   0.126 us    |                              preempt_count_sub();
   11.838299 |   2)   0.397 us    |                            }
   11.838299 |   2)   2.120 us    |                          }
   11.838299 |   2)               |                          folio_add_lru() {
   11.838299 |   2)               |                            __folio_batch_add_and_move() {
   11.838299 |   2)   0.125 us    |                              preempt_count_add();
   11.838299 |   2)   0.125 us    |                              preempt_count_sub();
   11.838300 |   2)   0.655 us    |                            }
   11.838300 |   2)   0.905 us    |                          }
   11.838300 |   2)   3.424 us    |                        }
   11.838300 |   2)               |                        filemap_alloc_folio_noprof() {
   11.838300 |   2)               |                          folio_alloc_noprof() {
   11.838300 |   2)               |                            alloc_pages_mpol() {
   11.838301 |   2)   0.131 us    |                              policy_nodemask();
   11.838301 |   2)               |                              __alloc_frozen_pages_noprof() {
   11.838301 |   2)               |                                get_page_from_freelist() {
   11.838301 |   2)   0.125 us    |                                  preempt_count_add();
   11.838301 |   2)               |                                  _raw_spin_trylock() {
   11.838302 |   2)   0.123 us    |                                    preempt_count_add();
   11.838302 |   2)   0.386 us    |                                  }
   11.838302 |   2)               |                                  _raw_spin_unlock() {
   11.838302 |   2)   0.123 us    |                                    preempt_count_sub();
   11.838302 |   2)   0.388 us    |                                  }
   11.838303 |   2)   0.125 us    |                                  preempt_count_sub();
   11.838303 |   2)   1.752 us    |                                }
   11.838303 |   2)   2.045 us    |                              }
   11.838303 |   2)   2.575 us    |                            }
   11.838303 |   2)   2.826 us    |                          }
   11.838303 |   2)   3.076 us    |                        }
   11.838303 |   2)               |                        filemap_add_folio() {
   11.838304 |   2)               |                          __filemap_add_folio() {
   11.838304 |   2)   0.123 us    |                            shmem_mapping();
   11.838304 |   2)               |                            _raw_spin_lock_irq() {
   11.838304 |   2)   0.125 us    |                              preempt_count_add();
   11.838304 |   2)   0.398 us    |                            }
   11.838305 |   2)   0.125 us    |                            workingset_update_node();
   11.838305 |   2)   0.124 us    |                            mod_node_page_state();
   11.838305 |   2)               |                            _raw_spin_unlock_irq() {
   11.838305 |   2)   0.125 us    |                              preempt_count_sub();
   11.838306 |   2)   0.400 us    |                            }
   11.838306 |   2)   2.058 us    |                          }
   11.838306 |   2)               |                          folio_add_lru() {
   11.838306 |   2)               |                            __folio_batch_add_and_move() {
   11.838306 |   2)   0.124 us    |                              preempt_count_add();
   11.838306 |   2)   0.127 us    |                              preempt_count_sub();
   11.838307 |   2)   0.657 us    |                            }
   11.838307 |   2)   0.906 us    |                          }
   11.838307 |   2)   3.406 us    |                        }
   11.838307 |   2)               |                        read_pages() {
   11.838307 |   2)   0.129 us    |                          blk_start_plug();
   11.838307 |   2)               |                          z_erofs_readahead() {
   11.838308 |   2)   0.139 us    |                            erofs_real_inode();
   11.838308 |   2)               |                            z_erofs_pcluster_readmore() {
   11.838308 |   2)               |                              z_erofs_map_blocks_iter() {
   11.838308 |   2)               |                                z_erofs_map_blocks_fo() {
   11.838308 |   2)               |                                  z_erofs_load_lcluster_from_disk() {
   11.838308 |   2)               |                                    erofs_read_metabuf() {
   11.838309 |   2)               |                                      erofs_bread() {
   11.838309 |   2)               |                                        read_cache_folio() {
   11.838309 |   2)               |                                          do_read_cache_folio() {
   11.838309 |   2)               |                                            __filemap_get_folio_mpol() {
   11.838309 |   2)   0.364 us    |                                              filemap_get_entry();
   11.838310 |   2)   0.639 us    |                                            }
   11.838310 |   2)   0.141 us    |                                            folio_mark_accessed();
   11.838310 |   2)   1.197 us    |                                          }
   11.838310 |   2)   1.463 us    |                                        }
   11.838310 |   2)   1.772 us    |                                      }
   11.838310 |   2)   2.035 us    |                                    }
   11.838311 |   2)   2.442 us    |                                  }
   11.838311 |   2)               |                                  z_erofs_load_lcluster_from_disk() {
   11.838311 |   2)               |                                    erofs_read_metabuf() {
   11.838311 |   2)   0.144 us    |                                      erofs_bread();
   11.838311 |   2)   0.394 us    |                                    }
   11.838312 |   2)   0.659 us    |                                  }
   11.838312 |   2)   0.202 us    |                                  erofs_unmap_metabuf();
   11.838312 |   2)   3.915 us    |                                }
   11.838312 |   2)   4.200 us    |                              }
   11.838312 |   2)   0.121 us    |                              readahead_expand();
   11.838313 |   2)   4.738 us    |                            }
   11.838325 |   2)               |                            z_erofs_scan_folio() {
   11.838325 |   2)   0.124 us    |                              erofs_onlinefolio_init();
   11.838326 |   2)               |                              _raw_spin_lock() {
   11.838326 |   2)   0.126 us    |                                preempt_count_add();
   11.838326 |   2)   0.438 us    |                              }
   11.838326 |   2)               |                              _raw_spin_unlock() {
   11.838326 |   2)   0.143 us    |                                preempt_count_sub();
   11.838327 |   2)   0.413 us    |                              }
   11.838327 |   2)               |                              _raw_spin_lock() {
   11.838327 |   2)   0.127 us    |                                preempt_count_add();
   11.838327 |   2)   0.391 us    |                              }
   11.838328 |   2)               |                              _raw_spin_unlock() {
   11.838328 |   2)   0.144 us    |                                preempt_count_sub();
   11.838328 |   2)   0.408 us    |                              }
   11.838328 |   2)   0.129 us    |                              erofs_onlinefolio_split();
   11.838328 |   2)   0.139 us    |                              erofs_onlinefolio_end();
   11.838329 |   2)   3.811 us    |                            }
   11.838329 |   2)               |                            z_erofs_scan_folio() {
   11.838329 |   2)   0.125 us    |                              erofs_onlinefolio_init();
   11.838329 |   2)               |                              _raw_spin_lock() {
   11.838329 |   2)   0.124 us    |                                preempt_count_add();
   11.838330 |   2)   0.390 us    |                              }
   11.838330 |   2)               |                              _raw_spin_unlock() {
   11.838330 |   2)   0.143 us    |                                preempt_count_sub();
   11.838330 |   2)   0.408 us    |                              }
   11.838330 |   2)   0.127 us    |                              erofs_onlinefolio_split();
   11.838331 |   2)   0.130 us    |                              erofs_onlinefolio_end();
   11.838331 |   2)   2.040 us    |                            }
   11.838331 |   2)               |                            z_erofs_scan_folio() {
   11.838331 |   2)   0.124 us    |                              erofs_onlinefolio_init();
   11.838331 |   2)               |                              _raw_spin_lock() {
   11.838332 |   2)   0.125 us    |                                preempt_count_add();
   11.838332 |   2)   0.391 us    |                              }
   11.838332 |   2)               |                              _raw_spin_unlock() {
   11.838332 |   2)   0.139 us    |                                preempt_count_sub();
   11.838332 |   2)   0.405 us    |                              }
   11.838333 |   2)               |                              __erofs_allocpage() {
   11.838333 |   2)               |                                alloc_pages_noprof() {
   11.838333 |   2)               |                                  alloc_pages_mpol() {
   11.838333 |   2)   0.120 us    |                                    policy_nodemask();
   11.838333 |   2)               |                                    __alloc_frozen_pages_noprof() {
   11.838333 |   2)               |                                      get_page_from_freelist() {
   11.838334 |   2)   0.125 us    |                                        preempt_count_add();
   11.838334 |   2)               |                                        _raw_spin_trylock() {
   11.838334 |   2)   0.121 us    |                                          preempt_count_add();
   11.838334 |   2)   0.383 us    |                                        }
   11.838334 |   2)               |                                        _raw_spin_unlock() {
   11.838334 |   2)   0.131 us    |                                          preempt_count_sub();
   11.838335 |   2)   0.423 us    |                                        }
   11.838335 |   2)   0.125 us    |                                        preempt_count_sub();
   11.838335 |   2)   1.788 us    |                                      }
   11.838335 |   2)   2.077 us    |                                    }
   11.838335 |   2)   2.601 us    |                                  }
   11.838336 |   2)   2.854 us    |                                }
   11.838336 |   2)   3.117 us    |                              }
   11.838336 |   2)   0.126 us    |                              z_erofs_bvset_flip();
   11.838336 |   2)   0.130 us    |                              erofs_onlinefolio_split();
   11.838336 |   2)   0.129 us    |                              erofs_onlinefolio_end();
   11.838337 |   2)   5.617 us    |                            }
   11.838337 |   2)               |                            z_erofs_scan_folio() {
   11.838337 |   2)   0.125 us    |                              erofs_onlinefolio_init();
   11.838337 |   2)               |                              _raw_spin_lock() {
   11.838337 |   2)   0.124 us    |                                preempt_count_add();
   11.838338 |   2)   0.390 us    |                              }
   11.838338 |   2)               |                              _raw_spin_unlock() {
   11.838338 |   2)   0.139 us    |                                preempt_count_sub();
   11.838338 |   2)   0.407 us    |                              }
   11.838338 |   2)   0.132 us    |                              erofs_onlinefolio_split();
   11.838339 |   2)   0.129 us    |                              erofs_onlinefolio_end();
   11.838339 |   2)   2.125 us    |                            }
   11.838339 |   2)               |                            z_erofs_scan_folio() {
   11.838339 |   2)   0.125 us    |                              erofs_onlinefolio_init();
   11.838339 |   2)               |                              _raw_spin_lock() {
   11.838340 |   2)   0.125 us    |                                preempt_count_add();
   11.838340 |   2)   0.392 us    |                              }
   11.838340 |   2)               |                              _raw_spin_unlock() {
   11.838340 |   2)   0.126 us    |                                preempt_count_sub();
   11.838340 |   2)   0.390 us    |                              }
   11.838341 |   2)   0.130 us    |                              erofs_onlinefolio_split();
   11.838341 |   2)   0.130 us    |                              erofs_onlinefolio_end();
   11.838341 |   2)   2.060 us    |                            }
   11.838341 |   2)               |                            z_erofs_scan_folio() {
   11.838341 |   2)   0.125 us    |                              erofs_onlinefolio_init();
   11.838342 |   2)               |                              _raw_spin_lock() {
   11.838342 |   2)   0.124 us    |                                preempt_count_add();
   11.838342 |   2)   0.391 us    |                              }
   11.838342 |   2)               |                              _raw_spin_unlock() {
   11.838342 |   2)   0.127 us    |                                preempt_count_sub();
   11.838343 |   2)   0.391 us    |                              }
   11.838343 |   2)   0.130 us    |                              erofs_onlinefolio_split();
   11.838343 |   2)   0.132 us    |                              erofs_onlinefolio_end();
   11.838343 |   2)   2.027 us    |                            }
   11.838343 |   2)               |                            z_erofs_scan_folio() {
   11.838344 |   2)   0.125 us    |                              erofs_onlinefolio_init();
   11.838344 |   2)               |                              _raw_spin_lock() {
   11.838344 |   2)   0.125 us    |                                preempt_count_add();
   11.838344 |   2)   0.394 us    |                              }
   11.838344 |   2)               |                              _raw_spin_unlock() {
   11.838345 |   2)   0.125 us    |                                preempt_count_sub();
   11.838345 |   2)   0.391 us    |                              }
   11.838345 |   2)   0.132 us    |                              erofs_onlinefolio_split();
   11.838345 |   2)   0.134 us    |                              erofs_onlinefolio_end();
   11.838346 |   2)   2.059 us    |                            }
   11.838346 |   2)               |                            z_erofs_scan_folio() {
   11.838346 |   2)   0.125 us    |                              erofs_onlinefolio_init();
   11.838346 |   2)               |                              _raw_spin_lock() {
   11.838346 |   2)   0.126 us    |                                preempt_count_add();
   11.838346 |   2)   0.392 us    |                              }
   11.838347 |   2)               |                              _raw_spin_unlock() {
   11.838347 |   2)   0.127 us    |                                preempt_count_sub();
   11.838347 |   2)   0.393 us    |                              }
   11.838347 |   2)   0.130 us    |                              erofs_onlinefolio_split();
   11.838347 |   2)   0.129 us    |                              erofs_onlinefolio_end();
   11.838348 |   2)   2.056 us    |                            }
   11.838348 |   2)               |                            z_erofs_scan_folio() {
   11.838348 |   2)   0.124 us    |                              erofs_onlinefolio_init();
   11.838348 |   2)               |                              _raw_spin_lock() {
   11.838348 |   2)   0.126 us    |                                preempt_count_add();
   11.838349 |   2)   0.393 us    |                              }
   11.838349 |   2)               |                              _raw_spin_unlock() {
   11.838349 |   2)   0.126 us    |                                preempt_count_sub();
   11.838349 |   2)   0.395 us    |                              }
   11.838349 |   2)   0.129 us    |                              erofs_onlinefolio_split();
   11.838350 |   2)   0.131 us    |                              erofs_onlinefolio_end();
   11.838350 |   2)   2.053 us    |                            }
   11.838350 |   2)               |                            z_erofs_scan_folio() {
   11.838350 |   2)   0.123 us    |                              erofs_onlinefolio_init();
   11.838350 |   2)               |                              _raw_spin_lock() {
   11.838351 |   2)   0.125 us    |                                preempt_count_add();
   11.838351 |   2)   0.393 us    |                              }
   11.838351 |   2)               |                              _raw_spin_unlock() {
   11.838351 |   2)   0.124 us    |                                preempt_count_sub();
   11.838351 |   2)   0.390 us    |                              }
   11.838352 |   2)   0.131 us    |                              erofs_onlinefolio_split();
   11.838352 |   2)   0.129 us    |                              erofs_onlinefolio_end();
   11.838352 |   2)   2.051 us    |                            }
   11.838352 |   2)               |                            z_erofs_scan_folio() {
   11.838352 |   2)   0.125 us    |                              erofs_onlinefolio_init();
   11.838353 |   2)               |                              _raw_spin_lock() {
   11.838353 |   2)   0.123 us    |                                preempt_count_add();
   11.838353 |   2)   0.390 us    |                              }
   11.838353 |   2)               |                              _raw_spin_unlock() {
   11.838353 |   2)   0.127 us    |                                preempt_count_sub();
   11.838354 |   2)   0.390 us    |                              }
   11.838354 |   2)   0.130 us    |                              erofs_onlinefolio_split();
   11.838354 |   2)   0.129 us    |                              erofs_onlinefolio_end();
   11.838354 |   2)   2.155 us    |                            }
   11.838355 |   2)               |                            z_erofs_scan_folio() {
   11.838355 |   2)   0.123 us    |                              erofs_onlinefolio_init();
   11.838355 |   2)               |                              _raw_spin_lock() {
   11.838355 |   2)   0.124 us    |                                preempt_count_add();
   11.838355 |   2)   0.392 us    |                              }
   11.838355 |   2)               |                              _raw_spin_unlock() {
   11.838356 |   2)   0.125 us    |                                preempt_count_sub();
   11.838356 |   2)   0.389 us    |                              }
   11.838356 |   2)   0.129 us    |                              erofs_onlinefolio_split();
   11.838356 |   2)   0.130 us    |                              erofs_onlinefolio_end();
   11.838357 |   2)   2.061 us    |                            }
   11.838357 |   2)               |                            z_erofs_scan_folio() {
   11.838357 |   2)   0.123 us    |                              erofs_onlinefolio_init();
   11.838357 |   2)               |                              _raw_spin_lock() {
   11.838357 |   2)   0.125 us    |                                preempt_count_add();
   11.838358 |   2)   0.392 us    |                              }
   11.838358 |   2)               |                              _raw_spin_unlock() {
   11.838358 |   2)   0.126 us    |                                preempt_count_sub();
   11.838358 |   2)   0.389 us    |                              }
   11.838358 |   2)   0.128 us    |                              erofs_onlinefolio_split();
   11.838358 |   2)   0.128 us    |                              erofs_onlinefolio_end();
   11.838359 |   2)   2.045 us    |                            }
   11.838359 |   2)               |                            z_erofs_scan_folio() {
   11.838359 |   2)   0.124 us    |                              erofs_onlinefolio_init();
   11.838359 |   2)               |                              _raw_spin_lock() {
   11.838359 |   2)   0.125 us    |                                preempt_count_add();
   11.838360 |   2)   0.391 us    |                              }
   11.838360 |   2)               |                              _raw_spin_unlock() {
   11.838360 |   2)   0.127 us    |                                preempt_count_sub();
   11.838360 |   2)   0.391 us    |                              }
   11.838360 |   2)   0.127 us    |                              erofs_onlinefolio_split();
   11.838361 |   2)   0.131 us    |                              erofs_onlinefolio_end();
   11.838361 |   2)   2.046 us    |                            }
   11.838361 |   2)               |                            z_erofs_scan_folio() {
   11.838361 |   2)   0.125 us    |                              erofs_onlinefolio_init();
   11.838361 |   2)               |                              _raw_spin_lock() {
   11.838362 |   2)   0.125 us    |                                preempt_count_add();
   11.838362 |   2)   0.389 us    |                              }
   11.838362 |   2)               |                              _raw_spin_unlock() {
   11.838362 |   2)   0.126 us    |                                preempt_count_sub();
   11.838362 |   2)   0.391 us    |                              }
   11.838363 |   2)   0.129 us    |                              erofs_onlinefolio_split();
   11.838363 |   2)   0.129 us    |                              erofs_onlinefolio_end();
   11.838363 |   2)   2.042 us    |                            }
   11.838363 |   2)               |                            z_erofs_scan_folio() {
   11.838363 |   2)   0.123 us    |                              erofs_onlinefolio_init();
   11.838364 |   2)               |                              _raw_spin_lock() {
   11.838364 |   2)   0.125 us    |                                preempt_count_add();
   11.838364 |   2)   0.391 us    |                              }
   11.838364 |   2)               |                              _raw_spin_unlock() {
   11.838364 |   2)   0.126 us    |                                preempt_count_sub();
   11.838365 |   2)   0.392 us    |                              }
   11.838365 |   2)   0.129 us    |                              erofs_onlinefolio_split();
   11.838365 |   2)   0.131 us    |                              erofs_onlinefolio_end();
   11.838365 |   2)   2.055 us    |                            }
   11.838365 |   2)               |                            z_erofs_scan_folio() {
   11.838366 |   2)   0.124 us    |                              erofs_onlinefolio_init();
   11.838366 |   2)               |                              _raw_spin_lock() {
   11.838366 |   2)   0.125 us    |                                preempt_count_add();
   11.838366 |   2)   0.392 us    |                              }
   11.838366 |   2)               |                              _raw_spin_unlock() {
   11.838367 |   2)   0.192 us    |                                preempt_count_sub();
   11.838367 |   2)   0.457 us    |                              }
   11.838367 |   2)   0.129 us    |                              erofs_onlinefolio_split();
   11.838367 |   2)   0.129 us    |                              erofs_onlinefolio_end();
   11.838368 |   2)   2.113 us    |                            }
   11.838368 |   2)               |                            z_erofs_scan_folio() {
   11.838368 |   2)   0.123 us    |                              erofs_onlinefolio_init();
   11.838368 |   2)               |                              _raw_spin_lock() {
   11.838368 |   2)   0.126 us    |                                preempt_count_add();
   11.838369 |   2)   0.392 us    |                              }
   11.838369 |   2)               |                              _raw_spin_unlock() {
   11.838369 |   2)   0.138 us    |                                preempt_count_sub();
   11.838369 |   2)   0.403 us    |                              }
   11.838369 |   2)   0.127 us    |                              erofs_onlinefolio_split();
   11.838370 |   2)   0.129 us    |                              erofs_onlinefolio_end();
   11.838370 |   2)   2.062 us    |                            }
   11.838370 |   2)               |                            z_erofs_scan_folio() {
   11.838370 |   2)   0.122 us    |                              erofs_onlinefolio_init();
   11.838370 |   2)               |                              _raw_spin_lock() {
   11.838370 |   2)   0.125 us    |                                preempt_count_add();
   11.838371 |   2)   0.393 us    |                              }
   11.838371 |   2)               |                              _raw_spin_unlock() {
   11.838371 |   2)   0.125 us    |                                preempt_count_sub();
   11.838371 |   2)   0.389 us    |                              }
   11.838371 |   2)   0.130 us    |                              erofs_onlinefolio_split();
   11.838372 |   2)   0.128 us    |                              erofs_onlinefolio_end();
   11.838372 |   2)   2.047 us    |                            }
   11.838372 |   2)               |                            z_erofs_scan_folio() {
   11.838372 |   2)   0.125 us    |                              erofs_onlinefolio_init();
   11.838373 |   2)               |                              _raw_spin_lock() {
   11.838373 |   2)   0.126 us    |                                preempt_count_add();
   11.838373 |   2)   0.392 us    |                              }
   11.838373 |   2)               |                              _raw_spin_unlock() {
   11.838373 |   2)   0.125 us    |                                preempt_count_sub();
   11.838373 |   2)   0.391 us    |                              }
   11.838374 |   2)   0.129 us    |                              erofs_onlinefolio_split();
   11.838374 |   2)   0.134 us    |                              erofs_onlinefolio_end();
   11.838374 |   2)   2.052 us    |                            }
   11.838374 |   2)               |                            z_erofs_scan_folio() {
   11.838374 |   2)   0.123 us    |                              erofs_onlinefolio_init();
   11.838375 |   2)               |                              _raw_spin_lock() {
   11.838375 |   2)   0.125 us    |                                preempt_count_add();
   11.838375 |   2)   0.394 us    |                              }
   11.838375 |   2)               |                              _raw_spin_unlock() {
   11.838375 |   2)   0.125 us    |                                preempt_count_sub();
   11.838376 |   2)   0.390 us    |                              }
   11.838376 |   2)   0.129 us    |                              erofs_onlinefolio_split();
   11.838376 |   2)   0.130 us    |                              erofs_onlinefolio_end();
   11.838376 |   2)   2.057 us    |                            }
   11.838376 |   2)               |                            z_erofs_scan_folio() {
   11.838377 |   2)   0.123 us    |                              erofs_onlinefolio_init();
   11.838377 |   2)               |                              _raw_spin_lock() {
   11.838377 |   2)   0.125 us    |                                preempt_count_add();
   11.838377 |   2)   0.392 us    |                              }
   11.838377 |   2)               |                              _raw_spin_unlock() {
   11.838378 |   2)   0.125 us    |                                preempt_count_sub();
   11.838378 |   2)   0.391 us    |                              }
   11.838378 |   2)   0.130 us    |                              erofs_onlinefolio_split();
   11.838378 |   2)   0.130 us    |                              erofs_onlinefolio_end();
   11.838379 |   2)   2.057 us    |                            }
   11.838379 |   2)               |                            z_erofs_scan_folio() {
   11.838379 |   2)   0.124 us    |                              erofs_onlinefolio_init();
   11.838379 |   2)               |                              _raw_spin_lock() {
   11.838379 |   2)   0.125 us    |                                preempt_count_add();
   11.838380 |   2)   0.392 us    |                              }
   11.838380 |   2)               |                              _raw_spin_unlock() {
   11.838380 |   2)   0.127 us    |                                preempt_count_sub();
   11.838380 |   2)   0.389 us    |                              }
   11.838380 |   2)   0.130 us    |                              erofs_onlinefolio_split();
   11.838380 |   2)   0.130 us    |                              erofs_onlinefolio_end();
   11.838381 |   2)   2.139 us    |                            }
   11.838381 |   2)               |                            z_erofs_scan_folio() {
   11.838381 |   2)   0.123 us    |                              erofs_onlinefolio_init();
   11.838381 |   2)               |                              _raw_spin_lock() {
   11.838382 |   2)   0.126 us    |                                preempt_count_add();
   11.838382 |   2)   0.394 us    |                              }
   11.838382 |   2)               |                              _raw_spin_unlock() {
   11.838382 |   2)   0.128 us    |                                preempt_count_sub();
   11.838382 |   2)   0.394 us    |                              }
   11.838382 |   2)   0.128 us    |                              erofs_onlinefolio_split();
   11.838383 |   2)   0.130 us    |                              erofs_onlinefolio_end();
   11.838383 |   2)   2.070 us    |                            }
   11.838383 |   2)               |                            z_erofs_scan_folio() {
   11.838383 |   2)   0.123 us    |                              erofs_onlinefolio_init();
   11.838384 |   2)               |                              _raw_spin_lock() {
   11.838384 |   2)   0.125 us    |                                preempt_count_add();
   11.838384 |   2)   0.391 us    |                              }
   11.838384 |   2)               |                              _raw_spin_unlock() {
   11.838384 |   2)   0.128 us    |                                preempt_count_sub();
   11.838385 |   2)   0.393 us    |                              }
   11.838385 |   2)   0.128 us    |                              erofs_onlinefolio_split();
   11.838385 |   2)   0.130 us    |                              erofs_onlinefolio_end();
   11.838385 |   2)   2.050 us    |                            }
   11.838385 |   2)               |                            z_erofs_scan_folio() {
   11.838385 |   2)   0.124 us    |                              erofs_onlinefolio_init();
   11.838386 |   2)               |                              _raw_spin_lock() {
   11.838386 |   2)   0.125 us    |                                preempt_count_add();
   11.838386 |   2)   0.391 us    |                              }
   11.838386 |   2)               |                              _raw_spin_unlock() {
   11.838386 |   2)   0.126 us    |                                preempt_count_sub();
   11.838387 |   2)   0.418 us    |                              }
   11.838387 |   2)   0.152 us    |                              erofs_onlinefolio_split();
   11.838387 |   2)   0.158 us    |                              erofs_onlinefolio_end();
   11.838387 |   2)   2.131 us    |                            }
   11.838388 |   2)               |                            z_erofs_scan_folio() {
   11.838388 |   2)   0.122 us    |                              erofs_onlinefolio_init();
   11.838388 |   2)               |                              _raw_spin_lock() {
   11.838388 |   2)   0.139 us    |                                preempt_count_add();
   11.838388 |   2)   0.424 us    |                              }
   11.838389 |   2)               |                              _raw_spin_unlock() {
   11.838389 |   2)   0.126 us    |                                preempt_count_sub();
   11.838389 |   2)   0.389 us    |                              }
   11.838389 |   2)   0.129 us    |                              erofs_onlinefolio_split();
   11.838389 |   2)   0.132 us    |                              erofs_onlinefolio_end();
   11.838390 |   2)   2.053 us    |                            }
   11.838390 |   2)               |                            z_erofs_scan_folio() {
   11.838390 |   2)   0.123 us    |                              erofs_onlinefolio_init();
   11.838390 |   2)               |                              _raw_spin_lock() {
   11.838390 |   2)   0.123 us    |                                preempt_count_add();
   11.838391 |   2)   0.391 us    |                              }
   11.838391 |   2)               |                              _raw_spin_unlock() {
   11.838391 |   2)   0.126 us    |                                preempt_count_sub();
   11.838391 |   2)   0.391 us    |                              }
   11.838391 |   2)   0.128 us    |                              erofs_onlinefolio_split();
   11.838392 |   2)   0.134 us    |                              erofs_onlinefolio_end();
   11.838392 |   2)   2.020 us    |                            }
   11.838392 |   2)               |                            z_erofs_scan_folio() {
   11.838392 |   2)   0.123 us    |                              erofs_onlinefolio_init();
   11.838392 |   2)               |                              _raw_spin_lock() {
   11.838393 |   2)   0.124 us    |                                preempt_count_add();
   11.838393 |   2)   0.390 us    |                              }
   11.838393 |   2)               |                              _raw_spin_unlock() {
   11.838393 |   2)   0.128 us    |                                preempt_count_sub();
   11.838393 |   2)   0.391 us    |                              }
   11.838393 |   2)   0.125 us    |                              erofs_onlinefolio_split();
   11.838394 |   2)   0.129 us    |                              erofs_onlinefolio_end();
   11.838394 |   2)   2.040 us    |                            }
   11.838394 |   2)               |                            z_erofs_scan_folio() {
   11.838394 |   2)   0.123 us    |                              erofs_onlinefolio_init();
   11.838395 |   2)               |                              _raw_spin_lock() {
   11.838395 |   2)   0.193 us    |                                preempt_count_add();
   11.838395 |   2)   0.462 us    |                              }
   11.838395 |   2)               |                              _raw_spin_unlock() {
   11.838395 |   2)   0.125 us    |                                preempt_count_sub();
   11.838396 |   2)   0.389 us    |                              }
   11.838396 |   2)   0.129 us    |                              erofs_onlinefolio_split();
   11.838396 |   2)   0.129 us    |                              erofs_onlinefolio_end();
   11.838396 |   2)   2.114 us    |                            }
   11.838396 |   2)               |                            z_erofs_scan_folio() {
   11.838397 |   2)   0.123 us    |                              erofs_onlinefolio_init();
   11.838397 |   2)               |                              _raw_spin_lock() {
   11.838397 |   2)   0.137 us    |                                preempt_count_add();
   11.838397 |   2)   0.402 us    |                              }
   11.838397 |   2)               |                              _raw_spin_unlock() {
   11.838398 |   2)   0.125 us    |                                preempt_count_sub();
   11.838402 |   2)   0.389 us    |                              }
   11.838403 |   2)   0.137 us    |                              erofs_onlinefolio_split();
   11.838403 |   2)   0.135 us    |                              erofs_onlinefolio_end();
   11.838403 |   2)   6.684 us    |                            }
   11.838403 |   2)               |                            z_erofs_scan_folio() {
   11.838403 |   2)   0.130 us    |                              erofs_onlinefolio_init();
   11.838404 |   2)               |                              _raw_spin_lock() {
   11.838404 |   2)   0.130 us    |                                preempt_count_add();
   11.838404 |   2)   0.405 us    |                              }
   11.838404 |   2)               |                              _raw_spin_unlock() {
   11.838404 |   2)   0.134 us    |                                preempt_count_sub();
   11.838405 |   2)   0.407 us    |                              }
   11.838405 |   2)   0.130 us    |                              erofs_onlinefolio_split();
   11.838405 |   2)   0.129 us    |                              erofs_onlinefolio_end();
   11.838405 |   2)   2.058 us    |                            }
   11.838405 |   2)               |                            z_erofs_scan_folio() {
   11.838406 |   2)   0.124 us    |                              erofs_onlinefolio_init();
   11.838406 |   2)               |                              _raw_spin_lock() {
   11.838406 |   2)   0.125 us    |                                preempt_count_add();
   11.838406 |   2)   0.391 us    |                              }
   11.838406 |   2)               |                              _raw_spin_unlock() {
   11.838407 |   2)   0.127 us    |                                preempt_count_sub();
   11.838407 |   2)   0.392 us    |                              }
   11.838407 |   2)   0.129 us    |                              erofs_onlinefolio_split();
   11.838407 |   2)   0.131 us    |                              erofs_onlinefolio_end();
   11.838407 |   2)   2.009 us    |                            }
   11.838408 |   2)               |                            z_erofs_scan_folio() {
   11.838408 |   2)   0.124 us    |                              erofs_onlinefolio_init();
   11.838408 |   2)               |                              _raw_spin_lock() {
   11.838408 |   2)   0.125 us    |                                preempt_count_add();
   11.838408 |   2)   0.393 us    |                              }
   11.838409 |   2)               |                              _raw_spin_unlock() {
   11.838409 |   2)   0.128 us    |                                preempt_count_sub();
   11.838409 |   2)   0.392 us    |                              }
   11.838409 |   2)   0.129 us    |                              erofs_onlinefolio_split();
   11.838409 |   2)   0.131 us    |                              erofs_onlinefolio_end();
   11.838410 |   2)   2.005 us    |                            }
   11.838410 |   2)               |                            z_erofs_scan_folio() {
   11.838410 |   2)   0.124 us    |                              erofs_onlinefolio_init();
   11.838410 |   2)               |                              _raw_spin_lock() {
   11.838410 |   2)   0.125 us    |                                preempt_count_add();
   11.838411 |   2)   0.392 us    |                              }
   11.838411 |   2)               |                              _raw_spin_unlock() {
   11.838411 |   2)   0.126 us    |                                preempt_count_sub();
   11.838411 |   2)   0.390 us    |                              }
   11.838411 |   2)   0.128 us    |                              erofs_onlinefolio_split();
   11.838411 |   2)   0.130 us    |                              erofs_onlinefolio_end();
   11.838412 |   2)   1.997 us    |                            }
   11.838412 |   2)               |                            z_erofs_scan_folio() {
   11.838412 |   2)   0.124 us    |                              erofs_onlinefolio_init();
   11.838412 |   2)               |                              _raw_spin_lock() {
   11.838412 |   2)   0.125 us    |                                preempt_count_add();
   11.838413 |   2)   0.390 us    |                              }
   11.838413 |   2)               |                              _raw_spin_unlock() {
   11.838413 |   2)   0.127 us    |                                preempt_count_sub();
   11.838413 |   2)   0.389 us    |                              }
   11.838413 |   2)   0.129 us    |                              erofs_onlinefolio_split();
   11.838414 |   2)   0.130 us    |                              erofs_onlinefolio_end();
   11.838414 |   2)   2.085 us    |                            }
   11.838414 |   2)               |                            z_erofs_scan_folio() {
   11.838414 |   2)   0.124 us    |                              erofs_onlinefolio_init();
   11.838415 |   2)               |                              _raw_spin_lock() {
   11.838415 |   2)   0.123 us    |                                preempt_count_add();
   11.838415 |   2)   0.417 us    |                              }
   11.838415 |   2)               |                              _raw_spin_unlock() {
   11.838415 |   2)   0.127 us    |                                preempt_count_sub();
   11.838415 |   2)   0.390 us    |                              }
   11.838416 |   2)   0.128 us    |                              erofs_onlinefolio_split();
   11.838416 |   2)   0.130 us    |                              erofs_onlinefolio_end();
   11.838416 |   2)   2.022 us    |                            }
   11.838416 |   2)               |                            z_erofs_scan_folio() {
   11.838416 |   2)   0.124 us    |                              erofs_onlinefolio_init();
   11.838417 |   2)               |                              _raw_spin_lock() {
   11.838417 |   2)   0.126 us    |                                preempt_count_add();
   11.838417 |   2)   0.390 us    |                              }
   11.838417 |   2)               |                              _raw_spin_unlock() {
   11.838417 |   2)   0.127 us    |                                preempt_count_sub();
   11.838418 |   2)   0.389 us    |                              }
   11.838418 |   2)   0.129 us    |                              erofs_onlinefolio_split();
   11.838418 |   2)   0.129 us    |                              erofs_onlinefolio_end();
   11.838418 |   2)   1.993 us    |                            }
   11.838418 |   2)               |                            z_erofs_scan_folio() {
   11.838419 |   2)   0.124 us    |                              erofs_onlinefolio_init();
   11.838419 |   2)               |                              _raw_spin_lock() {
   11.838419 |   2)   0.124 us    |                                preempt_count_add();
   11.838419 |   2)   0.389 us    |                              }
   11.838419 |   2)               |                              _raw_spin_unlock() {
   11.838419 |   2)   0.127 us    |                                preempt_count_sub();
   11.838420 |   2)   0.389 us    |                              }
   11.838420 |   2)   0.127 us    |                              erofs_onlinefolio_split();
   11.838420 |   2)   0.130 us    |                              erofs_onlinefolio_end();
   11.838420 |   2)   1.993 us    |                            }
   11.838421 |   2)               |                            z_erofs_scan_folio() {
   11.838421 |   2)   0.124 us    |                              erofs_onlinefolio_init();
   11.838421 |   2)               |                              _raw_spin_lock() {
   11.838421 |   2)   0.125 us    |                                preempt_count_add();
   11.838421 |   2)   0.390 us    |                              }
   11.838421 |   2)               |                              _raw_spin_unlock() {
   11.838422 |   2)   0.126 us    |                                preempt_count_sub();
   11.838422 |   2)   0.388 us    |                              }
   11.838422 |   2)   0.129 us    |                              erofs_onlinefolio_split();
   11.838422 |   2)   0.128 us    |                              erofs_onlinefolio_end();
   11.838423 |   2)   1.989 us    |                            }
   11.838423 |   2)               |                            z_erofs_scan_folio() {
   11.838423 |   2)   0.125 us    |                              erofs_onlinefolio_init();
   11.838423 |   2)               |                              _raw_spin_lock() {
   11.838423 |   2)   0.123 us    |                                preempt_count_add();
   11.838423 |   2)   0.388 us    |                              }
   11.838424 |   2)               |                              _raw_spin_unlock() {
   11.838424 |   2)   0.126 us    |                                preempt_count_sub();
   11.838424 |   2)   0.388 us    |                              }
   11.838424 |   2)   0.129 us    |                              erofs_onlinefolio_split();
   11.838424 |   2)   0.129 us    |                              erofs_onlinefolio_end();
   11.838425 |   2)   1.990 us    |                            }
   11.838425 |   2)               |                            z_erofs_scan_folio() {
   11.838425 |   2)   0.123 us    |                              erofs_onlinefolio_init();
   11.838425 |   2)               |                              _raw_spin_lock() {
   11.838425 |   2)   0.125 us    |                                preempt_count_add();
   11.838426 |   2)   0.390 us    |                              }
   11.838426 |   2)               |                              _raw_spin_unlock() {
   11.838426 |   2)   0.126 us    |                                preempt_count_sub();
   11.838426 |   2)   0.389 us    |                              }
   11.838426 |   2)   0.128 us    |                              erofs_onlinefolio_split();
   11.838426 |   2)   0.130 us    |                              erofs_onlinefolio_end();
   11.838427 |   2)   1.990 us    |                            }
   11.838427 |   2)               |                            z_erofs_scan_folio() {
   11.838427 |   2)   0.125 us    |                              erofs_onlinefolio_init();
   11.838427 |   2)               |                              _raw_spin_lock() {
   11.838428 |   2)   0.122 us    |                                preempt_count_add();
   11.838428 |   2)   0.387 us    |                              }
   11.838428 |   2)               |                              _raw_spin_unlock() {
   11.838428 |   2)   0.128 us    |                                preempt_count_sub();
   11.838428 |   2)   0.389 us    |                              }
   11.838428 |   2)   0.127 us    |                              erofs_onlinefolio_split();
   11.838429 |   2)   0.129 us    |                              erofs_onlinefolio_end();
   11.838429 |   2)   1.991 us    |                            }
   11.838429 |   2)               |                            z_erofs_scan_folio() {
   11.838429 |   2)   0.123 us    |                              erofs_onlinefolio_init();
   11.838430 |   2)               |                              _raw_spin_lock() {
   11.838430 |   2)   0.124 us    |                                preempt_count_add();
   11.838430 |   2)   0.415 us    |                              }
   11.838430 |   2)               |                              _raw_spin_unlock() {
   11.838430 |   2)   0.127 us    |                                preempt_count_sub();
   11.838430 |   2)   0.389 us    |                              }
   11.838431 |   2)   0.129 us    |                              erofs_onlinefolio_split();
   11.838431 |   2)   0.128 us    |                              erofs_onlinefolio_end();
   11.838431 |   2)   2.016 us    |                            }
   11.838431 |   2)               |                            z_erofs_scan_folio() {
   11.838431 |   2)   0.125 us    |                              erofs_onlinefolio_init();
   11.838432 |   2)               |                              _raw_spin_lock() {
   11.838432 |   2)   0.125 us    |                                preempt_count_add();
   11.838432 |   2)   0.389 us    |                              }
   11.838432 |   2)               |                              _raw_spin_unlock() {
   11.838432 |   2)   0.127 us    |                                preempt_count_sub();
   11.838433 |   2)   0.388 us    |                              }
   11.838433 |   2)   0.128 us    |                              erofs_onlinefolio_split();
   11.838433 |   2)   0.129 us    |                              erofs_onlinefolio_end();
   11.838433 |   2)   1.995 us    |                            }
   11.838433 |   2)               |                            z_erofs_scan_folio() {
   11.838434 |   2)   0.125 us    |                              erofs_onlinefolio_init();
   11.838434 |   2)               |                              _raw_spin_lock() {
   11.838434 |   2)   0.126 us    |                                preempt_count_add();
   11.838434 |   2)   0.389 us    |                              }
   11.838434 |   2)               |                              _raw_spin_unlock() {
   11.838434 |   2)   0.127 us    |                                preempt_count_sub();
   11.838435 |   2)   0.390 us    |                              }
   11.838435 |   2)   0.129 us    |                              erofs_onlinefolio_split();
   11.838435 |   2)   0.129 us    |                              erofs_onlinefolio_end();
   11.838435 |   2)   1.994 us    |                            }
   11.838436 |   2)               |                            z_erofs_scan_folio() {
   11.838436 |   2)   0.124 us    |                              erofs_onlinefolio_init();
   11.838436 |   2)               |                              _raw_spin_lock() {
   11.838436 |   2)   0.125 us    |                                preempt_count_add();
   11.838436 |   2)   0.389 us    |                              }
   11.838436 |   2)               |                              _raw_spin_unlock() {
   11.838437 |   2)   0.126 us    |                                preempt_count_sub();
   11.838437 |   2)   0.388 us    |                              }
   11.838437 |   2)   0.129 us    |                              erofs_onlinefolio_split();
   11.838437 |   2)   0.130 us    |                              erofs_onlinefolio_end();
   11.838438 |   2)   1.994 us    |                            }
   11.838438 |   2)               |                            z_erofs_scan_folio() {
   11.838438 |   2)   0.124 us    |                              erofs_onlinefolio_init();
   11.838438 |   2)               |                              _raw_spin_lock() {
   11.838438 |   2)   0.124 us    |                                preempt_count_add();
   11.838438 |   2)   0.389 us    |                              }
   11.838439 |   2)               |                              _raw_spin_unlock() {
   11.838439 |   2)   0.126 us    |                                preempt_count_sub();
   11.838439 |   2)   0.391 us    |                              }
   11.838439 |   2)   0.129 us    |                              erofs_onlinefolio_split();
   11.838439 |   2)   0.130 us    |                              erofs_onlinefolio_end();
   11.838440 |   2)   1.996 us    |                            }
   11.838440 |   2)               |                            z_erofs_scan_folio() {
   11.838440 |   2)   0.123 us    |                              erofs_onlinefolio_init();
   11.838440 |   2)               |                              _raw_spin_lock() {
   11.838440 |   2)   0.125 us    |                                preempt_count_add();
   11.838441 |   2)   0.458 us    |                              }
   11.838441 |   2)               |                              _raw_spin_unlock() {
   11.838441 |   2)   0.127 us    |                                preempt_count_sub();
   11.838441 |   2)   0.391 us    |                              }
   11.838441 |   2)   0.130 us    |                              erofs_onlinefolio_split();
   11.838442 |   2)   0.130 us    |                              erofs_onlinefolio_end();
   11.838442 |   2)   2.074 us    |                            }
   11.838442 |   2)               |                            z_erofs_scan_folio() {
   11.838442 |   2)   0.122 us    |                              erofs_onlinefolio_init();
   11.838442 |   2)               |                              _raw_spin_lock() {
   11.838443 |   2)   0.125 us    |                                preempt_count_add();
   11.838443 |   2)   0.390 us    |                              }
   11.838443 |   2)               |                              _raw_spin_unlock() {
   11.838443 |   2)   0.127 us    |                                preempt_count_sub();
   11.838443 |   2)   0.391 us    |                              }
   11.838443 |   2)   0.129 us    |                              erofs_onlinefolio_split();
   11.838444 |   2)   0.129 us    |                              erofs_onlinefolio_end();
   11.838444 |   2)   1.999 us    |                            }
   11.838444 |   2)               |                            z_erofs_scan_folio() {
   11.838444 |   2)   0.123 us    |                              erofs_onlinefolio_init();
   11.838445 |   2)               |                              _raw_spin_lock() {
   11.838445 |   2)   0.125 us    |                                preempt_count_add();
   11.838445 |   2)   0.390 us    |                              }
   11.838445 |   2)               |                              _raw_spin_unlock() {
   11.838445 |   2)   0.128 us    |                                preempt_count_sub();
   11.838445 |   2)   0.390 us    |                              }
   11.838446 |   2)   0.128 us    |                              erofs_onlinefolio_split();
   11.838446 |   2)   0.130 us    |                              erofs_onlinefolio_end();
   11.838446 |   2)   1.996 us    |                            }
   11.838446 |   2)               |                            z_erofs_scan_folio() {
   11.838446 |   2)   0.123 us    |                              erofs_onlinefolio_init();
   11.838447 |   2)               |                              _raw_spin_lock() {
   11.838447 |   2)   0.124 us    |                                preempt_count_add();
   11.838447 |   2)   0.418 us    |                              }
   11.838447 |   2)               |                              _raw_spin_unlock() {
   11.838447 |   2)   0.127 us    |                                preempt_count_sub();
   11.838448 |   2)   0.392 us    |                              }
   11.838448 |   2)   0.130 us    |                              erofs_onlinefolio_split();
   11.838448 |   2)   0.129 us    |                              erofs_onlinefolio_end();
   11.838448 |   2)   2.025 us    |                            }
   11.838448 |   2)               |                            z_erofs_scan_folio() {
   11.838449 |   2)   0.123 us    |                              erofs_onlinefolio_init();
   11.838449 |   2)               |                              _raw_spin_lock() {
   11.838449 |   2)   0.124 us    |                                preempt_count_add();
   11.838449 |   2)   0.390 us    |                              }
   11.838449 |   2)               |                              _raw_spin_unlock() {
   11.838450 |   2)   0.126 us    |                                preempt_count_sub();
   11.838450 |   2)   0.394 us    |                              }
   11.838450 |   2)   0.133 us    |                              erofs_onlinefolio_split();
   11.838450 |   2)   0.130 us    |                              erofs_onlinefolio_end();
   11.838450 |   2)   2.009 us    |                            }
   11.838451 |   2)               |                            z_erofs_scan_folio() {
   11.838451 |   2)   0.122 us    |                              erofs_onlinefolio_init();
   11.838451 |   2)               |                              _raw_spin_lock() {
   11.838451 |   2)   0.126 us    |                                preempt_count_add();
   11.838451 |   2)   0.390 us    |                              }
   11.838452 |   2)               |                              _raw_spin_unlock() {
   11.838452 |   2)   0.126 us    |                                preempt_count_sub();
   11.838452 |   2)   0.392 us    |                              }
   11.838452 |   2)   0.128 us    |                              erofs_onlinefolio_split();
   11.838452 |   2)   0.130 us    |                              erofs_onlinefolio_end();
   11.838453 |   2)   1.995 us    |                            }
   11.838453 |   2)               |                            z_erofs_scan_folio() {
   11.838453 |   2)   0.123 us    |                              erofs_onlinefolio_init();
   11.838453 |   2)               |                              _raw_spin_lock() {
   11.838453 |   2)   0.124 us    |                                preempt_count_add();
   11.838454 |   2)   0.389 us    |                              }
   11.838454 |   2)               |                              _raw_spin_unlock() {
   11.838454 |   2)   0.127 us    |                                preempt_count_sub();
   11.838454 |   2)   0.393 us    |                              }
   11.838454 |   2)   0.130 us    |                              erofs_onlinefolio_split();
   11.838455 |   2)   0.129 us    |                              erofs_onlinefolio_end();
   11.838455 |   2)   2.072 us    |                            }
   11.838455 |   2)               |                            z_erofs_scan_folio() {
   11.838455 |   2)   0.121 us    |                              erofs_onlinefolio_init();
   11.838455 |   2)               |                              _raw_spin_lock() {
   11.838455 |   2)   0.124 us    |                                preempt_count_add();
   11.838456 |   2)   0.390 us    |                              }
   11.838456 |   2)               |                              _raw_spin_unlock() {
   11.838456 |   2)   0.126 us    |                                preempt_count_sub();
   11.838456 |   2)   0.392 us    |                              }
   11.838456 |   2)   0.128 us    |                              erofs_onlinefolio_split();
   11.838457 |   2)   0.130 us    |                              erofs_onlinefolio_end();
   11.838457 |   2)   1.995 us    |                            }
   11.838457 |   2)               |                            z_erofs_scan_folio() {
   11.838457 |   2)   0.123 us    |                              erofs_onlinefolio_init();
   11.838457 |   2)               |                              _raw_spin_lock() {
   11.838458 |   2)   0.125 us    |                                preempt_count_add();
   11.838458 |   2)   0.388 us    |                              }
   11.838458 |   2)               |                              _raw_spin_unlock() {
   11.838458 |   2)   0.127 us    |                                preempt_count_sub();
   11.838458 |   2)   0.389 us    |                              }
   11.838459 |   2)   0.129 us    |                              erofs_onlinefolio_split();
   11.838459 |   2)   0.130 us    |                              erofs_onlinefolio_end();
   11.838459 |   2)   1.987 us    |                            }
   11.838459 |   2)               |                            z_erofs_scan_folio() {
   11.838459 |   2)   0.123 us    |                              erofs_onlinefolio_init();
   11.838460 |   2)               |                              _raw_spin_lock() {
   11.838460 |   2)   0.124 us    |                                preempt_count_add();
   11.838460 |   2)   0.389 us    |                              }
   11.838460 |   2)               |                              _raw_spin_unlock() {
   11.838460 |   2)   0.127 us    |                                preempt_count_sub();
   11.838461 |   2)   0.391 us    |                              }
   11.838461 |   2)   0.129 us    |                              erofs_onlinefolio_split();
   11.838461 |   2)   0.129 us    |                              erofs_onlinefolio_end();
   11.838461 |   2)   1.987 us    |                            }
   11.838461 |   2)               |                            z_erofs_scan_folio() {
   11.838461 |   2)   0.123 us    |                              erofs_onlinefolio_init();
   11.838462 |   2)               |                              _raw_spin_lock() {
   11.838462 |   2)   0.125 us    |                                preempt_count_add();
   11.838462 |   2)   0.389 us    |                              }
   11.838462 |   2)               |                              _raw_spin_unlock() {
   11.838462 |   2)   0.127 us    |                                preempt_count_sub();
   11.838463 |   2)   0.390 us    |                              }
   11.838463 |   2)   0.129 us    |                              erofs_onlinefolio_split();
   11.838463 |   2)   0.129 us    |                              erofs_onlinefolio_end();
   11.838463 |   2)   1.990 us    |                            }
   11.838463 |   2)               |                            z_erofs_scan_folio() {
   11.838464 |   2)   0.123 us    |                              erofs_onlinefolio_init();
   11.838464 |   2)               |                              _raw_spin_lock() {
   11.838464 |   2)   0.125 us    |                                preempt_count_add();
   11.838464 |   2)   0.388 us    |                              }
   11.838464 |   2)               |                              _raw_spin_unlock() {
   11.838464 |   2)   0.127 us    |                                preempt_count_sub();
   11.838465 |   2)   0.392 us    |                              }
   11.838465 |   2)   0.129 us    |                              erofs_onlinefolio_split();
   11.838465 |   2)   0.129 us    |                              erofs_onlinefolio_end();
   11.838465 |   2)   1.992 us    |                            }
   11.838466 |   2)               |                            z_erofs_scan_folio() {
   11.838466 |   2)   0.123 us    |                              erofs_onlinefolio_init();
   11.838466 |   2)               |                              _raw_spin_lock() {
   11.838466 |   2)   0.125 us    |                                preempt_count_add();
   11.838466 |   2)   0.390 us    |                              }
   11.838467 |   2)               |                              _raw_spin_unlock() {
   11.838467 |   2)   0.127 us    |                                preempt_count_sub();
   11.838467 |   2)   0.389 us    |                              }
   11.838467 |   2)   0.131 us    |                              erofs_onlinefolio_split();
   11.838467 |   2)   0.131 us    |                              erofs_onlinefolio_end();
   11.838468 |   2)   1.994 us    |                            }
   11.838468 |   2)               |                            z_erofs_scan_folio() {
   11.838468 |   2)   0.122 us    |                              erofs_onlinefolio_init();
   11.838468 |   2)               |                              _raw_spin_lock() {
   11.838468 |   2)   0.125 us    |                                preempt_count_add();
   11.838469 |   2)   0.390 us    |                              }
   11.838469 |   2)               |                              _raw_spin_unlock() {
   11.838469 |   2)   0.127 us    |                                preempt_count_sub();
   11.838469 |   2)   0.390 us    |                              }
   11.838469 |   2)   0.128 us    |                              erofs_onlinefolio_split();
   11.838470 |   2)   0.130 us    |                              erofs_onlinefolio_end();
   11.838470 |   2)   1.994 us    |                            }
   11.838470 |   2)               |                            z_erofs_scan_folio() {
   11.838470 |   2)   0.123 us    |                              erofs_onlinefolio_init();
   11.838470 |   2)               |                              _raw_spin_lock() {
   11.838470 |   2)   0.125 us    |                                preempt_count_add();
   11.838471 |   2)   0.416 us    |                              }
   11.838471 |   2)               |                              _raw_spin_unlock() {
   11.838471 |   2)   0.127 us    |                                preempt_count_sub();
   11.838471 |   2)   0.390 us    |                              }
   11.838471 |   2)   0.128 us    |                              erofs_onlinefolio_split();
   11.838472 |   2)   0.130 us    |                              erofs_onlinefolio_end();
   11.838472 |   2)   2.021 us    |                            }
   11.838472 |   2)               |                            z_erofs_scan_folio() {
   11.838472 |   2)   0.123 us    |                              erofs_onlinefolio_init();
   11.838472 |   2)               |                              _raw_spin_lock() {
   11.838473 |   2)   0.123 us    |                                preempt_count_add();
   11.838473 |   2)   0.390 us    |                              }
   11.838473 |   2)               |                              _raw_spin_unlock() {
   11.838473 |   2)   0.127 us    |                                preempt_count_sub();
   11.838473 |   2)   0.390 us    |                              }
   11.838474 |   2)   0.128 us    |                              erofs_onlinefolio_split();
   11.838474 |   2)   0.131 us    |                              erofs_onlinefolio_end();
   11.838474 |   2)   1.996 us    |                            }
   11.838474 |   2)               |                            z_erofs_pcluster_readmore() {
   11.838474 |   2)               |                              __filemap_get_folio_mpol() {
   11.838474 |   2)   0.399 us    |                                filemap_get_entry();
   11.838475 |   2)   0.687 us    |                              }
   11.838475 |   2)   0.130 us    |                              folio_unlock();
   11.838475 |   2)               |                              __filemap_get_folio_mpol() {
   11.838476 |   2)   0.314 us    |                                filemap_get_entry();
   11.838476 |   2)   0.587 us    |                              }
   11.838476 |   2)   0.129 us    |                              folio_unlock();
   11.838476 |   2)               |                              __filemap_get_folio_mpol() {
   11.838477 |   2)   0.314 us    |                                filemap_get_entry();
   11.838477 |   2)   0.589 us    |                              }
   11.838477 |   2)   0.129 us    |                              folio_unlock();
   11.838478 |   2)               |                              __filemap_get_folio_mpol() {
   11.838478 |   2)   0.336 us    |                                filemap_get_entry();
   11.838478 |   2)   0.613 us    |                              }
   11.838478 |   2)   0.127 us    |                              folio_unlock();
   11.838479 |   2)               |                              __filemap_get_folio_mpol() {
   11.838479 |   2)   0.312 us    |                                filemap_get_entry();
   11.838479 |   2)   0.589 us    |                              }
   11.838479 |   2)   0.129 us    |                              folio_unlock();
   11.838480 |   2)               |                              __filemap_get_folio_mpol() {
   11.838480 |   2)   0.309 us    |                                filemap_get_entry();
   11.838480 |   2)   0.585 us    |                              }
   11.838480 |   2)   0.131 us    |                              folio_unlock();
   11.838481 |   2)               |                              __filemap_get_folio_mpol() {
   11.838481 |   2)   0.316 us    |                                filemap_get_entry();
   11.838481 |   2)   0.591 us    |                              }
   11.838481 |   2)   0.128 us    |                              folio_unlock();
   11.838482 |   2)               |                              __filemap_get_folio_mpol() {
   11.838482 |   2)   0.314 us    |                                filemap_get_entry();
   11.838482 |   2)   0.588 us    |                              }
   11.838482 |   2)   0.129 us    |                              folio_unlock();
   11.838483 |   2)               |                              __filemap_get_folio_mpol() {
   11.838483 |   2)   0.308 us    |                                filemap_get_entry();
   11.838483 |   2)   0.582 us    |                              }
   11.838483 |   2)   0.211 us    |                              folio_unlock();
   11.838484 |   2)               |                              __filemap_get_folio_mpol() {
   11.838484 |   2)   0.314 us    |                                filemap_get_entry();
   11.838484 |   2)   0.587 us    |                              }
   11.838485 |   2)   0.142 us    |                              folio_unlock();
   11.838485 |   2)               |                              __filemap_get_folio_mpol() {
   11.838485 |   2)   0.310 us    |                                filemap_get_entry();
   11.838485 |   2)   0.586 us    |                              }
   11.838486 |   2)   0.129 us    |                              folio_unlock();
   11.838486 |   2)               |                              __filemap_get_folio_mpol() {
   11.838486 |   2)   0.311 us    |                                filemap_get_entry();
   11.838486 |   2)   0.586 us    |                              }
   11.838487 |   2)   0.129 us    |                              folio_unlock();
   11.838487 |   2)               |                              __filemap_get_folio_mpol() {
   11.838487 |   2)   0.312 us    |                                filemap_get_entry();
   11.838487 |   2)   0.588 us    |                              }
   11.838488 |   2)   0.131 us    |                              folio_unlock();
   11.838488 |   2)               |                              __filemap_get_folio_mpol() {
   11.838488 |   2)   0.311 us    |                                filemap_get_entry();
   11.838488 |   2)   0.587 us    |                              }
   11.838489 |   2)   0.129 us    |                              folio_unlock();
   11.838489 |   2)               |                              __filemap_get_folio_mpol() {
   11.838489 |   2)   0.319 us    |                                filemap_get_entry();
   11.838489 |   2)   0.592 us    |                              }
   11.838490 |   2)   0.128 us    |                              folio_unlock();
   11.838490 |   2)               |                              __filemap_get_folio_mpol() {
   11.838490 |   2)   0.310 us    |                                filemap_get_entry();
   11.838490 |   2)   0.585 us    |                              }
   11.838491 |   2)   0.129 us    |                              folio_unlock();
   11.838491 |   2)               |                              __filemap_get_folio_mpol() {
   11.838491 |   2)   0.314 us    |                                filemap_get_entry();
   11.838491 |   2)   0.589 us    |                              }
   11.838492 |   2)   0.128 us    |                              folio_unlock();
   11.838492 |   2)               |                              __filemap_get_folio_mpol() {
   11.838492 |   2)   0.308 us    |                                filemap_get_entry();
   11.838492 |   2)   0.584 us    |                              }
   11.838493 |   2)   0.128 us    |                              folio_unlock();
   11.838493 |   2)               |                              __filemap_get_folio_mpol() {
   11.838493 |   2)   0.314 us    |                                filemap_get_entry();
   11.838494 |   2)   0.590 us    |                              }
   11.838494 |   2)   0.129 us    |                              folio_unlock();
   11.838494 |   2)               |                              __filemap_get_folio_mpol() {
   11.838494 |   2)   0.310 us    |                                filemap_get_entry();
   11.838495 |   2)   0.585 us    |                              }
   11.838495 |   2)   0.130 us    |                              folio_unlock();
   11.838495 |   2) + 20.717 us   |                            }
   11.838495 |   2)   0.233 us    |                            z_erofs_pcluster_end();
   11.838495 |   2)               |                            z_erofs_runqueue() {
   11.838496 |   2)   0.125 us    |                              __init_swait_queue_head();
   11.838496 |   2)               |                              __kvmalloc_node_noprof() {
   11.838496 |   2)   0.128 us    |                                preempt_count_add();
   11.838496 |   2)   0.126 us    |                                preempt_count_sub();
   11.838497 |   2)   0.688 us    |                              }
   11.838497 |   2)   0.173 us    |                              erofs_map_dev();
   11.838497 |   2)               |                              _raw_spin_lock() {
   11.838497 |   2)   0.125 us    |                                preempt_count_add();
   11.838497 |   2)   0.388 us    |                              }
   11.838498 |   2)               |                              _raw_spin_unlock() {
   11.838498 |   2)   0.126 us    |                                preempt_count_sub();
   11.838498 |   2)   0.392 us    |                              }
   11.838498 |   2)   0.130 us    |                              folio_unlock();
   11.838498 |   2)               |                              kvfree() {
   11.838499 |   2)   0.129 us    |                                is_vmalloc_addr();
   11.838499 |   2)               |                                kfree() {
   11.838499 |   2)   0.125 us    |                                  preempt_count_add();
   11.838499 |   2)   0.125 us    |                                  preempt_count_sub();
   11.838499 |   2)   0.665 us    |                                }
   11.838500 |   2)   1.201 us    |                              }
   11.838500 |   2)               |                              z_erofs_decompress_queue() {
   11.838500 |   2)               |                                __kvmalloc_node_noprof() {
   11.838500 |   2)   0.127 us    |                                  preempt_count_add();
   11.838501 |   2)   0.131 us    |                                  preempt_count_sub();
   11.838501 |   2)   0.851 us    |                                }
   11.838501 |   2)   0.141 us    |                                z_erofs_do_decompressed_bvec();
   11.838501 |   2)   0.129 us    |                                z_erofs_do_decompressed_bvec();
   11.838502 |   2)   0.126 us    |                                z_erofs_do_decompressed_bvec();
   11.838502 |   2)   0.124 us    |                                z_erofs_do_decompressed_bvec();
   11.838502 |   2)   0.125 us    |                                z_erofs_do_decompressed_bvec();
   11.838503 |   2)   0.125 us    |                                z_erofs_do_decompressed_bvec();
   11.838503 |   2)   0.126 us    |                                z_erofs_do_decompressed_bvec();
   11.838503 |   2)   0.126 us    |                                z_erofs_do_decompressed_bvec();
   11.838503 |   2)   0.124 us    |                                z_erofs_do_decompressed_bvec();
   11.838504 |   2)   0.127 us    |                                z_erofs_do_decompressed_bvec();
   11.838504 |   2)   0.125 us    |                                z_erofs_do_decompressed_bvec();
   11.838504 |   2)   0.126 us    |                                z_erofs_do_decompressed_bvec();
   11.838504 |   2)   0.124 us    |                                z_erofs_do_decompressed_bvec();
   11.838505 |   2)   0.125 us    |                                z_erofs_do_decompressed_bvec();
   11.838505 |   2)   0.125 us    |                                z_erofs_do_decompressed_bvec();
   11.838505 |   2)   0.126 us    |                                z_erofs_do_decompressed_bvec();
   11.838506 |   2)   0.126 us    |                                z_erofs_do_decompressed_bvec();
   11.838506 |   2)   0.124 us    |                                z_erofs_do_decompressed_bvec();
   11.838506 |   2)   0.126 us    |                                z_erofs_do_decompressed_bvec();
   11.838506 |   2)   0.126 us    |                                z_erofs_do_decompressed_bvec();
   11.838507 |   2)   0.126 us    |                                z_erofs_do_decompressed_bvec();
   11.838507 |   2)   0.125 us    |                                z_erofs_do_decompressed_bvec();
   11.838507 |   2)   0.125 us    |                                z_erofs_do_decompressed_bvec();
   11.838507 |   2)   0.125 us    |                                z_erofs_do_decompressed_bvec();
   11.838508 |   2)   0.125 us    |                                z_erofs_do_decompressed_bvec();
   11.838508 |   2)   0.126 us    |                                z_erofs_do_decompressed_bvec();
   11.838508 |   2)   0.124 us    |                                z_erofs_do_decompressed_bvec();
   11.838508 |   2)   0.125 us    |                                z_erofs_do_decompressed_bvec();
   11.838509 |   2)   0.127 us    |                                z_erofs_do_decompressed_bvec();
   11.838509 |   2)   0.127 us    |                                z_erofs_do_decompressed_bvec();
   11.838509 |   2)   0.125 us    |                                z_erofs_do_decompressed_bvec();
   11.838509 |   2)   0.124 us    |                                z_erofs_do_decompressed_bvec();
   11.838510 |   2)   0.126 us    |                                z_erofs_do_decompressed_bvec();
   11.838510 |   2)   0.125 us    |                                z_erofs_do_decompressed_bvec();
   11.838510 |   2)   0.124 us    |                                z_erofs_do_decompressed_bvec();
   11.838511 |   2)   0.125 us    |                                z_erofs_do_decompressed_bvec();
   11.838511 |   2)   0.124 us    |                                z_erofs_do_decompressed_bvec();
   11.838511 |   2)   0.128 us    |                                z_erofs_do_decompressed_bvec();
   11.838511 |   2)   0.124 us    |                                z_erofs_do_decompressed_bvec();
   11.838512 |   2)   0.126 us    |                                z_erofs_do_decompressed_bvec();
   11.838512 |   2)   0.126 us    |                                z_erofs_do_decompressed_bvec();
   11.838512 |   2)   0.126 us    |                                z_erofs_do_decompressed_bvec();
   11.838512 |   2)   0.126 us    |                                z_erofs_do_decompressed_bvec();
   11.838513 |   2)   0.125 us    |                                z_erofs_do_decompressed_bvec();
   11.838513 |   2)   0.126 us    |                                z_erofs_do_decompressed_bvec();
   11.838513 |   2)   0.124 us    |                                z_erofs_do_decompressed_bvec();
   11.838513 |   2)   0.124 us    |                                z_erofs_do_decompressed_bvec();
   11.838514 |   2)   0.127 us    |                                z_erofs_do_decompressed_bvec();
   11.838514 |   2)   0.124 us    |                                z_erofs_do_decompressed_bvec();
   11.838514 |   2)   0.126 us    |                                z_erofs_do_decompressed_bvec();
   11.838515 |   2)   0.126 us    |                                z_erofs_do_decompressed_bvec();
   11.838515 |   2)   0.125 us    |                                z_erofs_do_decompressed_bvec();
   11.838515 |   2)   0.126 us    |                                z_erofs_do_decompressed_bvec();
   11.838515 |   2)   0.124 us    |                                z_erofs_do_decompressed_bvec();
   11.838516 |   2)   0.125 us    |                                z_erofs_do_decompressed_bvec();
   11.838516 |   2)   0.124 us    |                                z_erofs_do_decompressed_bvec();
   11.838516 |   2)   0.125 us    |                                z_erofs_do_decompressed_bvec();
   11.838517 |   2)   0.126 us    |                                z_erofs_do_decompressed_bvec();
   11.838517 |   2)   0.124 us    |                                z_erofs_do_decompressed_bvec();
   11.838517 |   2)   0.124 us    |                                z_erofs_do_decompressed_bvec();
   11.838517 |   2)   0.124 us    |                                z_erofs_do_decompressed_bvec();
   11.838518 |   2)   0.124 us    |                                z_erofs_do_decompressed_bvec();
   11.838518 |   2)   0.125 us    |                                z_erofs_do_decompressed_bvec();
   11.838518 |   2)   0.125 us    |                                z_erofs_do_decompressed_bvec();
   11.838518 |   2)               |                                z_erofs_lz4_decompress() {
   11.838519 |   2)   0.140 us    |                                  __erofs_allocpage();
   11.838519 |   2)               |                                  __erofs_allocpage() {
   11.838519 |   2)               |                                    alloc_pages_noprof() {
   11.838519 |   2)               |                                      alloc_pages_mpol() {
   11.838519 |   2)   0.124 us    |                                        policy_nodemask();
   11.838520 |   2)               |                                        __alloc_frozen_pages_noprof() {
   11.838520 |   2)               |                                          get_page_from_freelist() {
   11.838520 |   2)   0.125 us    |                                            preempt_count_add();
   11.838520 |   2)               |                                            _raw_spin_trylock() {
   11.838520 |   2)   0.122 us    |                                              preempt_count_add();
   11.838521 |   2)   0.386 us    |                                            }
   11.838521 |   2)               |                                            _raw_spin_unlock() {
   11.838521 |   2)   0.132 us    |                                              preempt_count_sub();
   11.838521 |   2)   0.401 us    |                                            }
   11.838521 |   2)   0.126 us    |                                            preempt_count_sub();
   11.838522 |   2)   1.779 us    |                                          }
   11.838522 |   2)   2.076 us    |                                        }
   11.838522 |   2)   2.617 us    |                                      }
   11.838522 |   2)   2.878 us    |                                    }
   11.838522 |   2)   3.154 us    |                                  }
   11.838522 |   2)               |                                  __erofs_allocpage() {
   11.838522 |   2)               |                                    alloc_pages_noprof() {
   11.838522 |   2)               |                                      alloc_pages_mpol() {
   11.838523 |   2)   0.123 us    |                                        policy_nodemask();
   11.838523 |   2)               |                                        __alloc_frozen_pages_noprof() {
   11.838523 |   2)               |                                          get_page_from_freelist() {
   11.838523 |   2)   0.125 us    |                                            preempt_count_add();
   11.838523 |   2)               |                                            _raw_spin_trylock() {
   11.838524 |   2)   0.123 us    |                                              preempt_count_add();
   11.838524 |   2)   0.412 us    |                                            }
   11.838524 |   2)               |                                            _raw_spin_unlock() {
   11.838524 |   2)   0.132 us    |                                              preempt_count_sub();
   11.838524 |   2)   0.392 us    |                                            }
   11.838524 |   2)   0.125 us    |                                            preempt_count_sub();
   11.838525 |   2)   1.759 us    |                                          }
   11.838525 |   2)   2.042 us    |                                        }
   11.838525 |   2)   2.566 us    |                                      }
   11.838525 |   2)   2.817 us    |                                    }
   11.838525 |   2)   3.070 us    |                                  }
   11.838525 |   2)               |                                  __erofs_allocpage() {
   11.838526 |   2)               |                                    alloc_pages_noprof() {
   11.838526 |   2)               |                                      alloc_pages_mpol() {
   11.838526 |   2)   0.124 us    |                                        policy_nodemask();
   11.838526 |   2)               |                                        __alloc_frozen_pages_noprof() {
   11.838526 |   2)               |                                          get_page_from_freelist() {
   11.838526 |   2)   0.125 us    |                                            preempt_count_add();
   11.838527 |   2)               |                                            _raw_spin_trylock() {
   11.838527 |   2)   0.123 us    |                                              preempt_count_add();
   11.838527 |   2)   0.413 us    |                                            }
   11.838527 |   2)               |                                            _raw_spin_unlock() {
   11.838527 |   2)   0.133 us    |                                              preempt_count_sub();
   11.838528 |   2)   0.397 us    |                                            }
   11.838528 |   2)   0.127 us    |                                            preempt_count_sub();
   11.838528 |   2)   1.791 us    |                                          }
   11.838528 |   2)   2.142 us    |                                        }
   11.838528 |   2)   2.663 us    |                                      }
   11.838528 |   2)   2.914 us    |                                    }
   11.838529 |   2)   3.163 us    |                                  }
   11.838529 |   2)               |                                  __erofs_allocpage() {
   11.838529 |   2)               |                                    alloc_pages_noprof() {
   11.838529 |   2)               |                                      alloc_pages_mpol() {
   11.838529 |   2)   0.124 us    |                                        policy_nodemask();
   11.838529 |   2)               |                                        __alloc_frozen_pages_noprof() {
   11.838530 |   2)               |                                          get_page_from_freelist() {
   11.838530 |   2)   0.124 us    |                                            preempt_count_add();
   11.838530 |   2)               |                                            _raw_spin_trylock() {
   11.838530 |   2)   0.130 us    |                                              preempt_count_add();
   11.838530 |   2)   0.392 us    |                                            }
   11.838530 |   2)               |                                            _raw_spin_unlock() {
   11.838531 |   2)   0.131 us    |                                              preempt_count_sub();
   11.838531 |   2)   0.394 us    |                                            }
   11.838531 |   2)   0.126 us    |                                            preempt_count_sub();
   11.838531 |   2)   1.765 us    |                                          }
   11.838531 |   2)   2.050 us    |                                        }
   11.838532 |   2)   2.604 us    |                                      }
   11.838532 |   2)   2.858 us    |                                    }
   11.838532 |   2)   3.108 us    |                                  }
   11.838532 |   2)               |                                  __erofs_allocpage() {
   11.838532 |   2)               |                                    alloc_pages_noprof() {
   11.838532 |   2)               |                                      alloc_pages_mpol() {
   11.838532 |   2)   0.125 us    |                                        policy_nodemask();
   11.838533 |   2)               |                                        __alloc_frozen_pages_noprof() {
   11.838533 |   2)               |                                          get_page_from_freelist() {
   11.838533 |   2)   0.124 us    |                                            preempt_count_add();
   11.838533 |   2)               |                                            _raw_spin_trylock() {
   11.838533 |   2)   0.124 us    |                                              preempt_count_add();
   11.838534 |   2)   0.386 us    |                                            }
   11.838534 |   2)               |                                            _raw_spin_unlock() {
   11.838534 |   2)   0.122 us    |                                              preempt_count_sub();
   11.838534 |   2)   0.387 us    |                                            }
   11.838534 |   2)   0.129 us    |                                            preempt_count_sub();
   11.838535 |   2)   1.758 us    |                                          }
   11.838535 |   2)   2.026 us    |                                        }
   11.838535 |   2)   2.581 us    |                                      }
   11.838535 |   2)   2.831 us    |                                    }
   11.838535 |   2)   3.084 us    |                                  }
   11.838535 |   2)               |                                  __erofs_allocpage() {
   11.838535 |   2)               |                                    alloc_pages_noprof() {
   11.838535 |   2)               |                                      alloc_pages_mpol() {
   11.838536 |   2)   0.124 us    |                                        policy_nodemask();
   11.838536 |   2)               |                                        __alloc_frozen_pages_noprof() {
   11.838536 |   2)               |                                          get_page_from_freelist() {
   11.838536 |   2)   0.125 us    |                                            preempt_count_add();
   11.838536 |   2)               |                                            _raw_spin_trylock() {
   11.838536 |   2)   0.123 us    |                                              preempt_count_add();
   11.838537 |   2)   0.387 us    |                                            }
   11.838537 |   2)               |                                            _raw_spin_unlock() {
   11.838537 |   2)   0.123 us    |                                              preempt_count_sub();
   11.838537 |   2)   0.390 us    |                                            }
   11.838537 |   2)   0.126 us    |                                            preempt_count_sub();
   11.838538 |   2)   1.761 us    |                                          }
   11.838538 |   2)   2.031 us    |                                        }
   11.838538 |   2)   2.555 us    |                                      }
   11.838538 |   2)   2.807 us    |                                    }
   11.838538 |   2)   3.059 us    |                                  }
   11.838538 |   2)               |                                  __erofs_allocpage() {
   11.838539 |   2)               |                                    alloc_pages_noprof() {
   11.838539 |   2)               |                                      alloc_pages_mpol() {
   11.838539 |   2)   0.124 us    |                                        policy_nodemask();
   11.838539 |   2)               |                                        __alloc_frozen_pages_noprof() {
   11.838539 |   2)               |                                          get_page_from_freelist() {
   11.838539 |   2)   0.125 us    |                                            preempt_count_add();
   11.838540 |   2)               |                                            _raw_spin_trylock() {
   11.838540 |   2)   0.124 us    |                                              preempt_count_add();
   11.838540 |   2)   0.390 us    |                                            }
   11.838540 |   2)               |                                            _raw_spin_unlock() {
   11.838540 |   2)   0.124 us    |                                              preempt_count_sub();
   11.838541 |   2)   0.389 us    |                                            }
   11.838541 |   2)   0.124 us    |                                            preempt_count_sub();
   11.838541 |   2)   1.735 us    |                                          }
   11.838541 |   2)   2.003 us    |                                        }
   11.838541 |   2)   2.527 us    |                                      }
   11.838541 |   2)   2.777 us    |                                    }
   11.838542 |   2)   3.029 us    |                                  }
   11.838542 |   2)               |                                  __erofs_allocpage() {
   11.838542 |   2)               |                                    alloc_pages_noprof() {
   11.838542 |   2)               |                                      alloc_pages_mpol() {
   11.838542 |   2)   0.123 us    |                                        policy_nodemask();
   11.838542 |   2)               |                                        __alloc_frozen_pages_noprof() {
   11.838542 |   2)               |                                          get_page_from_freelist() {
   11.838543 |   2)   0.124 us    |                                            preempt_count_add();
   11.838543 |   2)               |                                            _raw_spin_trylock() {
   11.838543 |   2)   0.127 us    |                                              preempt_count_add();
   11.838543 |   2)   0.388 us    |                                            }
   11.838543 |   2)               |                                            _raw_spin_unlock() {
   11.838543 |   2)   0.124 us    |                                              preempt_count_sub();
   11.838544 |   2)   0.389 us    |                                            }
   11.838544 |   2)   0.125 us    |                                            preempt_count_sub();
   11.838544 |   2)   1.756 us    |                                          }
   11.838544 |   2)   2.023 us    |                                        }
   11.838544 |   2)   2.547 us    |                                      }
   11.838545 |   2)   2.799 us    |                                    }
   11.838545 |   2)   3.051 us    |                                  }
   11.838545 |   2)               |                                  __erofs_allocpage() {
   11.838545 |   2)               |                                    alloc_pages_noprof() {
   11.838545 |   2)               |                                      alloc_pages_mpol() {
   11.838545 |   2)   0.123 us    |                                        policy_nodemask();
   11.838546 |   2)               |                                        __alloc_frozen_pages_noprof() {
   11.838546 |   2)               |                                          get_page_from_freelist() {
   11.838546 |   2)   0.126 us    |                                            preempt_count_add();
   11.838546 |   2)               |                                            _raw_spin_trylock() {
   11.838546 |   2)   0.122 us    |                                              preempt_count_add();
   11.838546 |   2)   0.386 us    |                                            }
   11.838547 |   2)               |                                            _raw_spin_unlock() {
   11.838547 |   2)   0.124 us    |                                              preempt_count_sub();
   11.838547 |   2)   0.389 us    |                                            }
   11.838547 |   2)   0.127 us    |                                            preempt_count_sub();
   11.838547 |   2)   1.730 us    |                                          }
   11.838548 |   2)   1.998 us    |                                        }
   11.838548 |   2)   2.519 us    |                                      }
   11.838548 |   2)   2.771 us    |                                    }
   11.838548 |   2)   3.021 us    |                                  }
   11.838548 |   2)               |                                  __erofs_allocpage() {
   11.838548 |   2)               |                                    alloc_pages_noprof() {
   11.838548 |   2)               |                                      alloc_pages_mpol() {
   11.838548 |   2)   0.123 us    |                                        policy_nodemask();
   11.838549 |   2)               |                                        __alloc_frozen_pages_noprof() {
   11.838549 |   2)               |                                          get_page_from_freelist() {
   11.838549 |   2)   0.124 us    |                                            preempt_count_add();
   11.838549 |   2)               |                                            _raw_spin_trylock() {
   11.838549 |   2)   0.124 us    |                                              preempt_count_add();
   11.838550 |   2)   0.389 us    |                                            }
   11.838550 |   2)               |                                            _raw_spin_unlock() {
   11.838550 |   2)   0.123 us    |                                              preempt_count_sub();
   11.838550 |   2)   0.386 us    |                                            }
   11.838550 |   2)   0.125 us    |                                            preempt_count_sub();
   11.838551 |   2)   1.725 us    |                                          }
   11.838551 |   2)   1.995 us    |                                        }
   11.838551 |   2)   2.518 us    |                                      }
   11.838551 |   2)   2.770 us    |                                    }
   11.838551 |   2)   3.020 us    |                                  }
   11.838551 |   2)               |                                  __erofs_allocpage() {
   11.838551 |   2)               |                                    alloc_pages_noprof() {
   11.838551 |   2)               |                                      alloc_pages_mpol() {
   11.838552 |   2)   0.124 us    |                                        policy_nodemask();
   11.838552 |   2)               |                                        __alloc_frozen_pages_noprof() {
   11.838552 |   2)               |                                          get_page_from_freelist() {
   11.838552 |   2)   0.123 us    |                                            preempt_count_add();
   11.838552 |   2)               |                                            _raw_spin_trylock() {
   11.838552 |   2)   0.123 us    |                                              preempt_count_add();
   11.838553 |   2)   0.387 us    |                                            }
   11.838553 |   2)               |                                            _raw_spin_unlock() {
   11.838553 |   2)   0.125 us    |                                              preempt_count_sub();
   11.838553 |   2)   0.388 us    |                                            }
   11.838553 |   2)   0.125 us    |                                            preempt_count_sub();
   11.838554 |   2)   1.750 us    |                                          }
   11.838554 |   2)   2.018 us    |                                        }
   11.838554 |   2)   2.538 us    |                                      }
   11.838554 |   2)   2.791 us    |                                    }
   11.838554 |   2)   3.043 us    |                                  }
   11.838554 |   2)               |                                  __erofs_allocpage() {
   11.838555 |   2)               |                                    alloc_pages_noprof() {
   11.838555 |   2)               |                                      alloc_pages_mpol() {
   11.838555 |   2)   0.124 us    |                                        policy_nodemask();
   11.838555 |   2)               |                                        __alloc_frozen_pages_noprof() {
   11.838555 |   2)               |                                          get_page_from_freelist() {
   11.838555 |   2)   0.122 us    |                                            preempt_count_add();
   11.838556 |   2)               |                                            _raw_spin_trylock() {
   11.838556 |   2)   0.123 us    |                                              preempt_count_add();
   11.838556 |   2)   0.388 us    |                                            }
   11.838556 |   2)               |                                            _raw_spin_unlock() {
   11.838556 |   2)   0.122 us    |                                              preempt_count_sub();
   11.838557 |   2)   0.386 us    |                                            }
   11.838557 |   2)   0.128 us    |                                            preempt_count_sub();
   11.838557 |   2)   1.750 us    |                                          }
   11.838557 |   2)   2.121 us    |                                        }
   11.838557 |   2)   2.644 us    |                                      }
   11.838557 |   2)   2.895 us    |                                    }
   11.838558 |   2)   3.149 us    |                                  }
   11.838558 |   2)               |                                  __erofs_allocpage() {
   11.838558 |   2)               |                                    alloc_pages_noprof() {
   11.838558 |   2)               |                                      alloc_pages_mpol() {
   11.838558 |   2)   0.123 us    |                                        policy_nodemask();
   11.838558 |   2)               |                                        __alloc_frozen_pages_noprof() {
   11.838558 |   2)               |                                          get_page_from_freelist() {
   11.838559 |   2)   0.126 us    |                                            preempt_count_add();
   11.838559 |   2)               |                                            _raw_spin_trylock() {
   11.838559 |   2)   0.124 us    |                                              preempt_count_add();
   11.838559 |   2)   0.387 us    |                                            }
   11.838559 |   2)               |                                            _raw_spin_unlock() {
   11.838560 |   2)   0.123 us    |                                              preempt_count_sub();
   11.838560 |   2)   0.387 us    |                                            }
   11.838560 |   2)   0.127 us    |                                            preempt_count_sub();
   11.838560 |   2)   1.756 us    |                                          }
   11.838560 |   2)   2.040 us    |                                        }
   11.838561 |   2)   2.565 us    |                                      }
   11.838561 |   2)   2.813 us    |                                    }
   11.838561 |   2)   3.067 us    |                                  }
   11.838561 |   2)               |                                  __erofs_allocpage() {
   11.838561 |   2)               |                                    alloc_pages_noprof() {
   11.838561 |   2)               |                                      alloc_pages_mpol() {
   11.838561 |   2)   0.124 us    |                                        policy_nodemask();
   11.838562 |   2)               |                                        __alloc_frozen_pages_noprof() {
   11.838562 |   2)               |                                          get_page_from_freelist() {
   11.838562 |   2)   0.124 us    |                                            preempt_count_add();
   11.838562 |   2)               |                                            _raw_spin_trylock() {
   11.838562 |   2)   0.123 us    |                                              preempt_count_add();
   11.838562 |   2)   0.388 us    |                                            }
   11.838563 |   2)               |                                            _raw_spin_unlock() {
   11.838563 |   2)   0.123 us    |                                              preempt_count_sub();
   11.838563 |   2)   0.388 us    |                                            }
   11.838563 |   2)   0.127 us    |                                            preempt_count_sub();
   11.838563 |   2)   1.755 us    |                                          }
   11.838564 |   2)   2.025 us    |                                        }
   11.838564 |   2)   2.548 us    |                                      }
   11.838564 |   2)   2.798 us    |                                    }
   11.838564 |   2)   3.052 us    |                                  }
   11.838564 |   2)               |                                  __erofs_allocpage() {
   11.838564 |   2)               |                                    alloc_pages_noprof() {
   11.838564 |   2)               |                                      alloc_pages_mpol() {
   11.838564 |   2)   0.124 us    |                                        policy_nodemask();
   11.838565 |   2)               |                                        __alloc_frozen_pages_noprof() {
   11.838565 |   2)               |                                          get_page_from_freelist() {
   11.838565 |   2)   0.124 us    |                                            preempt_count_add();
   11.838565 |   2)               |                                            _raw_spin_trylock() {
   11.838565 |   2)   0.123 us    |                                              preempt_count_add();
   11.838566 |   2)   0.387 us    |                                            }
   11.838566 |   2)               |                                            _raw_spin_unlock() {
   11.838566 |   2)   0.124 us    |                                              preempt_count_sub();
   11.838566 |   2)   0.388 us    |                                            }
   11.838566 |   2)   0.125 us    |                                            preempt_count_sub();
   11.838567 |   2)   1.751 us    |                                          }
   11.838567 |   2)   2.022 us    |                                        }
   11.838567 |   2)   2.548 us    |                                      }
   11.838567 |   2)   2.802 us    |                                    }
   11.838567 |   2)   3.051 us    |                                  }
   11.838567 |   2)               |                                  __erofs_allocpage() {
   11.838567 |   2)               |                                    alloc_pages_noprof() {
   11.838568 |   2)               |                                      alloc_pages_mpol() {
   11.838568 |   2)   0.124 us    |                                        policy_nodemask();
   11.838568 |   2)               |                                        __alloc_frozen_pages_noprof() {
   11.838568 |   2)               |                                          get_page_from_freelist() {
   11.838568 |   2)   0.124 us    |                                            preempt_count_add();
   11.838568 |   2)               |                                            _raw_spin_trylock() {
   11.838569 |   2)   0.124 us    |                                              preempt_count_add();
   11.838569 |   2)   0.459 us    |                                            }
   11.838569 |   2)               |                                            _raw_spin_unlock() {
   11.838569 |   2)   0.121 us    |                                              preempt_count_sub();
   11.838569 |   2)   0.401 us    |                                            }
   11.838570 |   2)   0.127 us    |                                            preempt_count_sub();
   11.838570 |   2)   1.855 us    |                                          }
   11.838570 |   2)   2.125 us    |                                        }
   11.838570 |   2)   2.650 us    |                                      }
   11.838570 |   2)   2.903 us    |                                    }
   11.838570 |   2)   3.153 us    |                                  }
   11.838571 |   2)               |                                  __erofs_allocpage() {
   11.838571 |   2)               |                                    alloc_pages_noprof() {
   11.838571 |   2)               |                                      alloc_pages_mpol() {
   11.838571 |   2)   0.122 us    |                                        policy_nodemask();
   11.838571 |   2)               |                                        __alloc_frozen_pages_noprof() {
   11.838571 |   2)               |                                          get_page_from_freelist() {
   11.838571 |   2)   0.125 us    |                                            preempt_count_add();
   11.838572 |   2)               |                                            _raw_spin_trylock() {
   11.838572 |   2)   0.124 us    |                                              preempt_count_add();
   11.838572 |   2)   0.426 us    |                                            }
   11.838572 |   2)               |                                            _raw_spin_unlock() {
   11.838572 |   2)   0.127 us    |                                              preempt_count_sub();
   11.838573 |   2)   0.395 us    |                                            }
   11.838573 |   2)   0.124 us    |                                            preempt_count_sub();
   11.838573 |   2)   1.781 us    |                                          }
   11.838573 |   2)   2.051 us    |                                        }
   11.838573 |   2)   2.571 us    |                                      }
   11.838574 |   2)   2.824 us    |                                    }
   11.838574 |   2)   3.075 us    |                                  }
   11.838574 |   2)               |                                  __erofs_allocpage() {
   11.838574 |   2)               |                                    alloc_pages_noprof() {
   11.838574 |   2)               |                                      alloc_pages_mpol() {
   11.838574 |   2)   0.123 us    |                                        policy_nodemask();
   11.838574 |   2)               |                                        __alloc_frozen_pages_noprof() {
   11.838575 |   2)               |                                          get_page_from_freelist() {
   11.838575 |   2)   0.125 us    |                                            preempt_count_add();
   11.838575 |   2)               |                                            _raw_spin_trylock() {
   11.838575 |   2)   0.125 us    |                                              preempt_count_add();
   11.838575 |   2)   0.391 us    |                                            }
   11.838575 |   2)               |                                            _raw_spin_unlock() {
   11.838576 |   2)   0.122 us    |                                              preempt_count_sub();
   11.838576 |   2)   0.388 us    |                                            }
   11.838576 |   2)   0.126 us    |                                            preempt_count_sub();
   11.838576 |   2)   1.732 us    |                                          }
   11.838576 |   2)   2.001 us    |                                        }
   11.838577 |   2)   2.522 us    |                                      }
   11.838577 |   2)   2.777 us    |                                    }
   11.838577 |   2)   3.026 us    |                                  }
   11.838577 |   2)               |                                  __erofs_allocpage() {
   11.838577 |   2)               |                                    alloc_pages_noprof() {
   11.838577 |   2)               |                                      alloc_pages_mpol() {
   11.838577 |   2)   0.125 us    |                                        policy_nodemask();
   11.838578 |   2)               |                                        __alloc_frozen_pages_noprof() {
   11.838578 |   2)               |                                          get_page_from_freelist() {
   11.838578 |   2)   0.124 us    |                                            preempt_count_add();
   11.838578 |   2)               |                                            _raw_spin_trylock() {
   11.838578 |   2)   0.123 us    |                                              preempt_count_add();
   11.838579 |   2)   0.388 us    |                                            }
   11.838579 |   2)               |                                            _raw_spin_unlock() {
   11.838579 |   2)   0.123 us    |                                              preempt_count_sub();
   11.838579 |   2)   0.386 us    |                                            }
   11.838579 |   2)   0.125 us    |                                            preempt_count_sub();
   11.838579 |   2)   1.725 us    |                                          }
   11.838580 |   2)   1.993 us    |                                        }
   11.838580 |   2)   2.514 us    |                                      }
   11.838580 |   2)   2.766 us    |                                    }
   11.838580 |   2)   3.015 us    |                                  }
   11.838580 |   2)               |                                  vm_map_ram() {
   11.838581 |   2)               |                                    alloc_vmap_area() {
   11.838581 |   2)               |                                      kmem_cache_alloc_node_noprof() {
   11.838581 |   2)   0.124 us    |                                        preempt_count_add();
   11.838581 |   2)   0.140 us    |                                        preempt_count_sub();
   11.838582 |   2)   0.783 us    |                                      }
   11.838582 |   2)               |                                      _raw_spin_lock() {
   11.838582 |   2)   0.124 us    |                                        preempt_count_add();
   11.838582 |   2)   0.389 us    |                                      }
   11.838584 |   2)               |                                      _raw_spin_unlock() {
   11.838584 |   2)   0.142 us    |                                        preempt_count_sub();
   11.838584 |   2)   0.409 us    |                                      }
   11.838584 |   2)               |                                      _raw_spin_lock() {
   11.838584 |   2)   0.124 us    |                                        preempt_count_add();
   11.838585 |   2)   0.412 us    |                                      }
   11.838585 |   2)   0.376 us    |                                      insert_vmap_area();
   11.838585 |   2)               |                                      _raw_spin_unlock() {
   11.838585 |   2)   0.141 us    |                                        preempt_count_sub();
   11.838586 |   2)   0.403 us    |                                      }
   11.838586 |   2)   5.313 us    |                                    }
   11.838586 |   2)               |                                    vmap_small_pages_range_noflush() {
   11.838586 |   2)   0.124 us    |                                      preempt_count_add();
   11.838586 |   2)   0.141 us    |                                      preempt_count_sub();
   11.838587 |   2)   0.124 us    |                                      preempt_count_add();
   11.838587 |   2)   0.125 us    |                                      preempt_count_sub();
   11.838587 |   2)   0.127 us    |                                      preempt_count_add();
   11.838588 |   2)   0.127 us    |                                      preempt_count_sub();
   11.838588 |   2)   0.125 us    |                                      preempt_count_add();
   11.838588 |   2)   0.127 us    |                                      preempt_count_sub();
   11.838588 |   2)   0.126 us    |                                      preempt_count_add();
   11.838589 |   2)   0.125 us    |                                      preempt_count_sub();
   11.838589 |   2)   0.125 us    |                                      preempt_count_add();
   11.838589 |   2)   0.127 us    |                                      preempt_count_sub();
   11.838590 |   2)   0.125 us    |                                      preempt_count_add();
   11.838590 |   2)   0.125 us    |                                      preempt_count_sub();
   11.838590 |   2)   0.125 us    |                                      preempt_count_add();
   11.838590 |   2)   0.126 us    |                                      preempt_count_sub();
   11.838591 |   2)   0.124 us    |                                      preempt_count_add();
   11.838591 |   2)   0.125 us    |                                      preempt_count_sub();
   11.838591 |   2)   0.125 us    |                                      preempt_count_add();
   11.838591 |   2)   0.125 us    |                                      preempt_count_sub();
   11.838592 |   2)   0.125 us    |                                      preempt_count_add();
   11.838592 |   2)   0.125 us    |                                      preempt_count_sub();
   11.838592 |   2)   0.126 us    |                                      preempt_count_add();
   11.838593 |   2)   0.126 us    |                                      preempt_count_sub();
   11.838593 |   2)   0.126 us    |                                      preempt_count_add();
   11.838593 |   2)   0.124 us    |                                      preempt_count_sub();
   11.838593 |   2)   0.126 us    |                                      preempt_count_add();
   11.838594 |   2)   0.126 us    |                                      preempt_count_sub();
   11.838594 |   2)   0.125 us    |                                      preempt_count_add();
   11.838594 |   2)   0.125 us    |                                      preempt_count_sub();
   11.838594 |   2)   0.126 us    |                                      preempt_count_add();
   11.838595 |   2)   0.126 us    |                                      preempt_count_sub();
   11.838595 |   2)   0.125 us    |                                      preempt_count_add();
   11.838595 |   2)   0.126 us    |                                      preempt_count_sub();
   11.838596 |   2)   0.126 us    |                                      preempt_count_add();
   11.838596 |   2)   0.125 us    |                                      preempt_count_sub();
   11.838596 |   2)   0.126 us    |                                      preempt_count_add();
   11.838596 |   2)   0.125 us    |                                      preempt_count_sub();
   11.838597 |   2)   0.125 us    |                                      preempt_count_add();
   11.838597 |   2)   0.124 us    |                                      preempt_count_sub();
   11.838597 |   2)   0.125 us    |                                      preempt_count_add();
   11.838598 |   2)   0.126 us    |                                      preempt_count_sub();
   11.838598 |   2)   0.125 us    |                                      preempt_count_add();
   11.838598 |   2)   0.126 us    |                                      preempt_count_sub();
   11.838598 |   2)   0.126 us    |                                      preempt_count_add();
   11.838599 |   2)   0.140 us    |                                      preempt_count_sub();
   11.838599 |   2)   0.124 us    |                                      preempt_count_add();
   11.838599 |   2)   0.126 us    |                                      preempt_count_sub();
   11.838600 |   2)   0.125 us    |                                      preempt_count_add();
   11.838600 |   2)   0.126 us    |                                      preempt_count_sub();
   11.838600 |   2)   0.125 us    |                                      preempt_count_add();
   11.838600 |   2)   0.125 us    |                                      preempt_count_sub();
   11.838601 |   2)   0.124 us    |                                      preempt_count_add();
   11.838601 |   2)   0.125 us    |                                      preempt_count_sub();
   11.838601 |   2)   0.126 us    |                                      preempt_count_add();
   11.838601 |   2)   0.126 us    |                                      preempt_count_sub();
   11.838602 |   2)   0.125 us    |                                      preempt_count_add();
   11.838602 |   2)   0.126 us    |                                      preempt_count_sub();
   11.838602 |   2)   0.126 us    |                                      preempt_count_add();
   11.838603 |   2)   0.128 us    |                                      preempt_count_sub();
   11.838603 |   2)   0.124 us    |                                      preempt_count_add();
   11.838603 |   2)   0.126 us    |                                      preempt_count_sub();
   11.838603 |   2)   0.125 us    |                                      preempt_count_add();
   11.838604 |   2)   0.127 us    |                                      preempt_count_sub();
   11.838604 |   2)   0.125 us    |                                      preempt_count_add();
   11.838604 |   2)   0.126 us    |                                      preempt_count_sub();
   11.838605 |   2)   0.129 us    |                                      preempt_count_add();
   11.838605 |   2)   0.127 us    |                                      preempt_count_sub();
   11.838605 |   2)   0.124 us    |                                      preempt_count_add();
   11.838605 |   2)   0.127 us    |                                      preempt_count_sub();
   11.838606 |   2)   0.123 us    |                                      preempt_count_add();
   11.838606 |   2)   0.126 us    |                                      preempt_count_sub();
   11.838606 |   2)   0.125 us    |                                      preempt_count_add();
   11.838606 |   2)   0.126 us    |                                      preempt_count_sub();
   11.838607 |   2)   0.126 us    |                                      preempt_count_add();
   11.838607 |   2)   0.126 us    |                                      preempt_count_sub();
   11.838607 |   2)   0.125 us    |                                      preempt_count_add();
   11.838608 |   2)   0.126 us    |                                      preempt_count_sub();
   11.838608 |   2)   0.124 us    |                                      preempt_count_add();
   11.838608 |   2)   0.126 us    |                                      preempt_count_sub();
   11.838608 |   2)   0.125 us    |                                      preempt_count_add();
   11.838609 |   2)   0.127 us    |                                      preempt_count_sub();
   11.838609 |   2)   0.124 us    |                                      preempt_count_add();
   11.838609 |   2)   0.128 us    |                                      preempt_count_sub();
   11.838609 |   2)   0.125 us    |                                      preempt_count_add();
   11.838610 |   2)   0.127 us    |                                      preempt_count_sub();
   11.838610 |   2)   0.126 us    |                                      preempt_count_add();
   11.838610 |   2)   0.126 us    |                                      preempt_count_sub();
   11.838611 |   2)   0.126 us    |                                      preempt_count_add();
   11.838611 |   2)   0.126 us    |                                      preempt_count_sub();
   11.838611 |   2)   0.126 us    |                                      preempt_count_add();
   11.838611 |   2)   0.125 us    |                                      preempt_count_sub();
   11.838612 |   2)   0.124 us    |                                      preempt_count_add();
   11.838612 |   2)   0.127 us    |                                      preempt_count_sub();
   11.838612 |   2)   0.126 us    |                                      preempt_count_add();
   11.838612 |   2)   0.125 us    |                                      preempt_count_sub();
   11.838613 |   2)   0.125 us    |                                      preempt_count_add();
   11.838613 |   2)   0.126 us    |                                      preempt_count_sub();
   11.838613 |   2)   0.125 us    |                                      preempt_count_add();
   11.838614 |   2)   0.125 us    |                                      preempt_count_sub();
   11.838614 |   2)   0.124 us    |                                      preempt_count_add();
   11.838614 |   2)   0.125 us    |                                      preempt_count_sub();
   11.838614 |   2)   0.122 us    |                                      preempt_count_add();
   11.838615 |   2)   0.126 us    |                                      preempt_count_sub();
   11.838615 |   2)   0.126 us    |                                      preempt_count_add();
   11.838615 |   2)   0.125 us    |                                      preempt_count_sub();
   11.838616 |   2)   0.126 us    |                                      preempt_count_add();
   11.838616 |   2)   0.127 us    |                                      preempt_count_sub();
   11.838616 |   2)   0.124 us    |                                      preempt_count_add();
   11.838617 |   2)   0.126 us    |                                      preempt_count_sub();
   11.838617 |   2)   0.125 us    |                                      preempt_count_add();
   11.838617 |   2)   0.126 us    |                                      preempt_count_sub();
   11.838617 |   2)   0.125 us    |                                      preempt_count_add();
   11.838618 |   2)   0.126 us    |                                      preempt_count_sub();
   11.838618 |   2)   0.125 us    |                                      preempt_count_add();
   11.838618 |   2)   0.125 us    |                                      preempt_count_sub();
   11.838618 |   2)   0.125 us    |                                      preempt_count_add();
   11.838619 |   2)   0.126 us    |                                      preempt_count_sub();
   11.838619 |   2)   0.125 us    |                                      preempt_count_add();
   11.838619 |   2)   0.125 us    |                                      preempt_count_sub();
   11.838619 |   2)   0.125 us    |                                      preempt_count_add();
   11.838620 |   2)   0.127 us    |                                      preempt_count_sub();
   11.838620 |   2)   0.127 us    |                                      preempt_count_add();
   11.838620 |   2)   0.125 us    |                                      preempt_count_sub();
   11.838621 |   2)   0.123 us    |                                      preempt_count_add();
   11.838621 |   2)   0.126 us    |                                      preempt_count_sub();
   11.838621 |   2)   0.125 us    |                                      preempt_count_add();
   11.838621 |   2)   0.126 us    |                                      preempt_count_sub();
   11.838622 |   2)   0.125 us    |                                      preempt_count_add();
   11.838622 |   2)   0.126 us    |                                      preempt_count_sub();
   11.838622 |   2)   0.126 us    |                                      preempt_count_add();
   11.838623 |   2)   0.125 us    |                                      preempt_count_sub();
   11.838623 |   2)   0.126 us    |                                      preempt_count_add();
   11.838623 |   2)   0.126 us    |                                      preempt_count_sub();
   11.838623 |   2)   0.124 us    |                                      preempt_count_add();
   11.838624 |   2)   0.126 us    |                                      preempt_count_sub();
   11.838624 |   2)   0.124 us    |                                      preempt_count_add();
   11.838624 |   2)   0.125 us    |                                      preempt_count_sub();
   11.838624 |   2)   0.126 us    |                                      preempt_count_add();
   11.838625 |   2)   0.126 us    |                                      preempt_count_sub();
   11.838625 |   2)   0.126 us    |                                      preempt_count_add();
   11.838625 |   2)   0.127 us    |                                      preempt_count_sub();
   11.838626 |   2)   0.125 us    |                                      preempt_count_add();
   11.838626 |   2)   0.125 us    |                                      preempt_count_sub();
   11.838626 |   2)   0.126 us    |                                      preempt_count_add();
   11.838626 |   2)   0.125 us    |                                      preempt_count_sub();
   11.838627 |   2)   0.125 us    |                                      preempt_count_add();
   11.838627 |   2)   0.126 us    |                                      preempt_count_sub();
   11.838627 |   2)   0.125 us    |                                      preempt_count_add();
   11.838628 |   2)   0.126 us    |                                      preempt_count_sub();
   11.838628 |   2)   0.126 us    |                                      preempt_count_add();
   11.838628 |   2)   0.126 us    |                                      preempt_count_sub();
   11.838628 |   2)   0.126 us    |                                      preempt_count_add();
   11.838629 |   2)   0.125 us    |                                      preempt_count_sub();
   11.838629 |   2)   0.126 us    |                                      preempt_count_add();
   11.838629 |   2)   0.126 us    |                                      preempt_count_sub();
   11.838629 |   2)   0.124 us    |                                      preempt_count_add();
   11.838630 |   2)   0.127 us    |                                      preempt_count_sub();
   11.838630 |   2)   0.124 us    |                                      preempt_count_add();
   11.838630 |   2)   0.126 us    |                                      preempt_count_sub();
   11.838631 |   2)   0.125 us    |                                      preempt_count_add();
   11.838631 |   2)   0.127 us    |                                      preempt_count_sub();
   11.838631 |   2)   0.126 us    |                                      preempt_count_add();
   11.838631 |   2)   0.125 us    |                                      preempt_count_sub();
   11.838632 |   2)   0.126 us    |                                      preempt_count_add();
   11.838632 |   2)   0.125 us    |                                      preempt_count_sub();
   11.838632 |   2)   0.125 us    |                                      preempt_count_add();
   11.838632 |   2)   0.127 us    |                                      preempt_count_sub();
   11.838633 |   2) + 46.782 us   |                                    }
   11.838633 |   2) + 52.641 us   |                                  }
   11.838633 |   2) + 40.543 us   |                                  LZ4_decompress_safe_partial();
   11.838674 |   2)               |                                  vm_unmap_ram() {
   11.838674 |   2)               |                                    find_unlink_vmap_area() {
   11.838674 |   2)               |                                      _raw_spin_lock() {
   11.838674 |   2)   0.125 us    |                                        preempt_count_add();
   11.838675 |   2)   0.410 us    |                                      }
   11.838675 |   2)               |                                      _raw_spin_unlock() {
   11.838675 |   2)   0.149 us    |                                        preempt_count_sub();
   11.838675 |   2)   0.430 us    |                                      }
   11.838676 |   2)   1.405 us    |                                    }
   11.838676 |   2)               |                                    __vunmap_range_noflush() {
   11.838676 |   2)   0.123 us    |                                      p4d_clear_huge();
   11.838676 |   2)   0.125 us    |                                      pud_clear_huge();
   11.838676 |   2)   0.127 us    |                                      pmd_clear_huge();
   11.838677 |   2)   1.559 us    |                                    }
   11.838677 |   2)               |                                    free_vmap_area_noflush() {
   11.838678 |   2)               |                                      _raw_spin_lock() {
   11.838678 |   2)   0.125 us    |                                        preempt_count_add();
   11.838678 |   2)   0.390 us    |                                      }
   11.838678 |   2)   0.270 us    |                                      insert_vmap_area();
   11.838679 |   2)               |                                      _raw_spin_unlock() {
   11.838679 |   2)   0.141 us    |                                        preempt_count_sub();
   11.838679 |   2)   0.411 us    |                                      }
   11.838679 |   2)   1.717 us    |                                    }
   11.838679 |   2)   5.378 us    |                                  }
   11.838679 |   2) ! 160.945 us  |                                }
   11.838680 |   2)               |                                erofs_onlinefolio_end() {
   11.838680 |   2)   0.128 us    |                                  folio_end_read();
   11.838680 |   2)   0.423 us    |                                }
   11.838680 |   2)               |                                erofs_onlinefolio_end() {
   11.838680 |   2)   0.128 us    |                                  folio_end_read();
   11.838681 |   2)   0.394 us    |                                }
   11.838681 |   2)               |                                erofs_onlinefolio_end() {
   11.838681 |   2)   0.129 us    |                                  folio_end_read();
   11.838681 |   2)   0.383 us    |                                }
   11.838681 |   2)               |                                erofs_onlinefolio_end() {
   11.838682 |   2)   0.128 us    |                                  folio_end_read();
   11.838682 |   2)   0.381 us    |                                }
   11.838682 |   2)               |                                erofs_onlinefolio_end() {
   11.838682 |   2)   0.129 us    |                                  folio_end_read();
   11.838682 |   2)   0.383 us    |                                }
   11.838682 |   2)               |                                erofs_onlinefolio_end() {
   11.838683 |   2)   0.216 us    |                                  folio_end_read();
   11.838683 |   2)   0.466 us    |                                }
   11.838683 |   2)               |                                erofs_onlinefolio_end() {
   11.838683 |   2)   0.142 us    |                                  folio_end_read();
   11.838683 |   2)   0.398 us    |                                }
   11.838684 |   2)               |                                erofs_onlinefolio_end() {
   11.838684 |   2)   0.128 us    |                                  folio_end_read();
   11.838684 |   2)   0.384 us    |                                }
   11.838684 |   2)               |                                erofs_onlinefolio_end() {
   11.838684 |   2)   0.130 us    |                                  folio_end_read();
   11.838684 |   2)   0.382 us    |                                }
   11.838685 |   2)               |                                erofs_onlinefolio_end() {
   11.838685 |   2)   0.130 us    |                                  folio_end_read();
   11.838685 |   2)   0.384 us    |                                }
   11.838685 |   2)               |                                erofs_onlinefolio_end() {
   11.838685 |   2)   0.127 us    |                                  folio_end_read();
   11.838686 |   2)   0.381 us    |                                }
   11.838686 |   2)               |                                erofs_onlinefolio_end() {
   11.838686 |   2)   0.130 us    |                                  folio_end_read();
   11.838686 |   2)   0.383 us    |                                }
   11.838686 |   2)               |                                erofs_onlinefolio_end() {
   11.838686 |   2)   0.130 us    |                                  folio_end_read();
   11.838687 |   2)   0.383 us    |                                }
   11.838687 |   2)               |                                erofs_onlinefolio_end() {
   11.838687 |   2)   0.129 us    |                                  folio_end_read();
   11.838687 |   2)   0.382 us    |                                }
   11.838687 |   2)               |                                erofs_onlinefolio_end() {
   11.838687 |   2)   0.131 us    |                                  folio_end_read();
   11.838688 |   2)   0.385 us    |                                }
   11.838688 |   2)               |                                erofs_onlinefolio_end() {
   11.838688 |   2)   0.128 us    |                                  folio_end_read();
   11.838688 |   2)   0.382 us    |                                }
   11.838688 |   2)               |                                erofs_onlinefolio_end() {
   11.838688 |   2)   0.129 us    |                                  folio_end_read();
   11.838689 |   2)   0.385 us    |                                }
   11.838689 |   2)               |                                erofs_onlinefolio_end() {
   11.838689 |   2)   0.129 us    |                                  folio_end_read();
   11.838689 |   2)   0.384 us    |                                }
   11.838689 |   2)               |                                erofs_onlinefolio_end() {
   11.838689 |   2)   0.128 us    |                                  folio_end_read();
   11.838690 |   2)   0.381 us    |                                }
   11.838690 |   2)               |                                erofs_onlinefolio_end() {
   11.838690 |   2)   0.129 us    |                                  folio_end_read();
   11.838690 |   2)   0.383 us    |                                }
   11.838690 |   2)               |                                erofs_onlinefolio_end() {
   11.838691 |   2)   0.130 us    |                                  folio_end_read();
   11.838691 |   2)   0.383 us    |                                }
   11.838691 |   2)               |                                erofs_onlinefolio_end() {
   11.838691 |   2)   0.127 us    |                                  folio_end_read();
   11.838691 |   2)   0.385 us    |                                }
   11.838691 |   2)               |                                erofs_onlinefolio_end() {
   11.838692 |   2)   0.127 us    |                                  folio_end_read();
   11.838692 |   2)   0.383 us    |                                }
   11.838692 |   2)               |                                erofs_onlinefolio_end() {
   11.838692 |   2)   0.131 us    |                                  folio_end_read();
   11.838692 |   2)   0.384 us    |                                }
   11.838692 |   2)               |                                erofs_onlinefolio_end() {
   11.838693 |   2)   0.130 us    |                                  folio_end_read();
   11.838693 |   2)   0.385 us    |                                }
   11.838693 |   2)               |                                erofs_onlinefolio_end() {
   11.838693 |   2)   0.131 us    |                                  folio_end_read();
   11.838693 |   2)   0.381 us    |                                }
   11.838694 |   2)               |                                erofs_onlinefolio_end() {
   11.838694 |   2)   0.128 us    |                                  folio_end_read();
   11.838694 |   2)   0.383 us    |                                }
   11.838694 |   2)               |                                erofs_onlinefolio_end() {
   11.838694 |   2)   0.128 us    |                                  folio_end_read();
   11.838694 |   2)   0.382 us    |                                }
   11.838695 |   2)               |                                erofs_onlinefolio_end() {
   11.838695 |   2)   0.128 us    |                                  folio_end_read();
   11.838695 |   2)   0.380 us    |                                }
   11.838695 |   2)               |                                erofs_onlinefolio_end() {
   11.838695 |   2)   0.132 us    |                                  folio_end_read();
   11.838695 |   2)   0.386 us    |                                }
   11.838696 |   2)               |                                erofs_onlinefolio_end() {
   11.838696 |   2)   0.129 us    |                                  folio_end_read();
   11.838696 |   2)   0.381 us    |                                }
   11.838696 |   2)               |                                erofs_onlinefolio_end() {
   11.838696 |   2)   0.132 us    |                                  folio_end_read();
   11.838697 |   2)   0.404 us    |                                }
   11.838697 |   2)               |                                erofs_onlinefolio_end() {
   11.838697 |   2)   0.129 us    |                                  folio_end_read();
   11.838697 |   2)   0.385 us    |                                }
   11.838697 |   2)               |                                erofs_onlinefolio_end() {
   11.838697 |   2)   0.133 us    |                                  folio_end_read();
   11.838698 |   2)   0.385 us    |                                }
   11.838698 |   2)               |                                erofs_onlinefolio_end() {
   11.838698 |   2)   0.130 us    |                                  folio_end_read();
   11.838698 |   2)   0.382 us    |                                }
   11.838698 |   2)               |                                erofs_onlinefolio_end() {
   11.838698 |   2)   0.130 us    |                                  folio_end_read();
   11.838699 |   2)   0.382 us    |                                }
   11.838699 |   2)               |                                erofs_onlinefolio_end() {
   11.838699 |   2)   0.132 us    |                                  folio_end_read();
   11.838699 |   2)   0.386 us    |                                }
   11.838699 |   2)               |                                erofs_onlinefolio_end() {
   11.838700 |   2)   0.130 us    |                                  folio_end_read();
   11.838700 |   2)   0.382 us    |                                }
   11.838700 |   2)               |                                erofs_onlinefolio_end() {
   11.838700 |   2)   0.127 us    |                                  folio_end_read();
   11.838700 |   2)   0.383 us    |                                }
   11.838700 |   2)               |                                erofs_onlinefolio_end() {
   11.838701 |   2)   0.128 us    |                                  folio_end_read();
   11.838701 |   2)   0.380 us    |                                }
   11.838701 |   2)               |                                erofs_onlinefolio_end() {
   11.838701 |   2)   0.128 us    |                                  folio_end_read();
   11.838701 |   2)   0.381 us    |                                }
   11.838701 |   2)               |                                erofs_onlinefolio_end() {
   11.838702 |   2)   0.129 us    |                                  folio_end_read();
   11.838702 |   2)   0.383 us    |                                }
   11.838702 |   2)               |                                erofs_onlinefolio_end() {
   11.838702 |   2)   0.128 us    |                                  folio_end_read();
   11.838702 |   2)   0.382 us    |                                }
   11.838703 |   2)               |                                erofs_onlinefolio_end() {
   11.838703 |   2)   0.128 us    |                                  folio_end_read();
   11.838703 |   2)   0.383 us    |                                }
   11.838703 |   2)               |                                erofs_onlinefolio_end() {
   11.838703 |   2)   0.129 us    |                                  folio_end_read();
   11.838703 |   2)   0.381 us    |                                }
   11.838704 |   2)               |                                erofs_onlinefolio_end() {
   11.838704 |   2)   0.128 us    |                                  folio_end_read();
   11.838704 |   2)   0.385 us    |                                }
   11.838704 |   2)               |                                erofs_onlinefolio_end() {
   11.838704 |   2)   0.129 us    |                                  folio_end_read();
   11.838704 |   2)   0.383 us    |                                }
   11.838705 |   2)               |                                erofs_onlinefolio_end() {
   11.838705 |   2)   0.132 us    |                                  folio_end_read();
   11.838705 |   2)   0.387 us    |                                }
   11.838705 |   2)               |                                erofs_onlinefolio_end() {
   11.838705 |   2)   0.128 us    |                                  folio_end_read();
   11.838706 |   2)   0.383 us    |                                }
   11.838706 |   2)               |                                erofs_onlinefolio_end() {
   11.838706 |   2)   0.130 us    |                                  folio_end_read();
   11.838706 |   2)   0.383 us    |                                }
   11.838706 |   2)               |                                erofs_onlinefolio_end() {
   11.838706 |   2)   0.128 us    |                                  folio_end_read();
   11.838707 |   2)   0.381 us    |                                }
   11.838707 |   2)               |                                erofs_onlinefolio_end() {
   11.838707 |   2)   0.129 us    |                                  folio_end_read();
   11.838707 |   2)   0.381 us    |                                }
   11.838707 |   2)               |                                erofs_onlinefolio_end() {
   11.838707 |   2)   0.129 us    |                                  folio_end_read();
   11.838708 |   2)   0.381 us    |                                }
   11.838708 |   2)               |                                erofs_onlinefolio_end() {
   11.838708 |   2)   0.130 us    |                                  folio_end_read();
   11.838708 |   2)   0.380 us    |                                }
   11.838708 |   2)               |                                erofs_onlinefolio_end() {
   11.838708 |   2)   0.128 us    |                                  folio_end_read();
   11.838709 |   2)   0.382 us    |                                }
   11.838709 |   2)               |                                erofs_onlinefolio_end() {
   11.838709 |   2)   0.131 us    |                                  folio_end_read();
   11.838709 |   2)   0.385 us    |                                }
   11.838709 |   2)               |                                erofs_onlinefolio_end() {
   11.838710 |   2)   0.203 us    |                                  folio_end_read();
   11.838710 |   2)   0.458 us    |                                }
   11.838710 |   2)               |                                erofs_onlinefolio_end() {
   11.838710 |   2)   0.129 us    |                                  folio_end_read();
   11.838710 |   2)   0.383 us    |                                }
   11.838710 |   2)               |                                erofs_onlinefolio_end() {
   11.838711 |   2)   0.129 us    |                                  folio_end_read();
   11.838711 |   2)   0.384 us    |                                }
   11.838711 |   2)               |                                erofs_onlinefolio_end() {
   11.838711 |   2)   0.128 us    |                                  folio_end_read();
   11.838711 |   2)   0.380 us    |                                }
   11.838711 |   2)               |                                erofs_onlinefolio_end() {
   11.838712 |   2)   0.127 us    |                                  folio_end_read();
   11.838712 |   2)   0.383 us    |                                }
   11.838712 |   2)               |                                erofs_onlinefolio_end() {
   11.838712 |   2)   0.128 us    |                                  folio_end_read();
   11.838712 |   2)   0.382 us    |                                }
   11.838713 |   2)               |                                erofs_onlinefolio_end() {
   11.838713 |   2)   0.128 us    |                                  folio_end_read();
   11.838713 |   2)   0.380 us    |                                }
   11.838713 |   2)               |                                erofs_onlinefolio_end() {
   11.838713 |   2)   0.128 us    |                                  folio_end_read();
   11.838713 |   2)   0.380 us    |                                }
   11.838714 |   2)               |                                kvfree() {
   11.838714 |   2)   0.123 us    |                                  is_vmalloc_addr();
   11.838714 |   2)               |                                  kfree() {
   11.838714 |   2)   0.126 us    |                                    preempt_count_add();
   11.838714 |   2)   0.126 us    |                                    preempt_count_sub();
   11.838715 |   2)   0.698 us    |                                  }
   11.838715 |   2)   1.249 us    |                                }
   11.838715 |   2)               |                                z_erofs_put_pcluster() {
   11.838715 |   2)               |                                  _raw_spin_lock() {
   11.838715 |   2)   0.125 us    |                                    preempt_count_add();
   11.838716 |   2)   0.418 us    |                                  }
   11.838716 |   2)               |                                  _raw_spin_unlock() {
   11.838716 |   2)   0.125 us    |                                    preempt_count_sub();
   11.838716 |   2)   0.389 us    |                                  }
   11.838716 |   2)   1.224 us    |                                }
   11.838716 |   2) ! 216.736 us  |                              }
   11.838717 |   2) ! 221.171 us  |                            }
   11.838717 |   2)   0.138 us    |                            erofs_put_metabuf();
   11.838717 |   2)               |                            erofs_release_pages() {
   11.838717 |   2)               |                              __folio_put() {
   11.838717 |   2)               |                                free_frozen_pages() {
   11.838717 |   2)               |                                  __free_frozen_pages() {
   11.838718 |   2)   0.125 us    |                                    preempt_count_add();
   11.838718 |   2)               |                                    _raw_spin_trylock() {
   11.838718 |   2)   0.123 us    |                                      preempt_count_add();
   11.838718 |   2)   0.388 us    |                                    }
   11.838718 |   2)   0.144 us    |                                    free_frozen_page_commit();
   11.838719 |   2)               |                                    _raw_spin_unlock() {
   11.838719 |   2)   0.131 us    |                                      preempt_count_sub();
   11.838719 |   2)   0.396 us    |                                    }
   11.838719 |   2)   0.138 us    |                                    preempt_count_sub();
   11.838720 |   2)   2.097 us    |                                  }
   11.838720 |   2)   2.354 us    |                                }
   11.838720 |   2)   2.623 us    |                              }
   11.838720 |   2)               |                              __folio_put() {
   11.838720 |   2)               |                                free_frozen_pages() {
   11.838720 |   2)               |                                  __free_frozen_pages() {
   11.838720 |   2)   0.127 us    |                                    preempt_count_add();
   11.838721 |   2)               |                                    _raw_spin_trylock() {
   11.838721 |   2)   0.123 us    |                                      preempt_count_add();
   11.838721 |   2)   0.389 us    |                                    }
   11.838721 |   2)   0.127 us    |                                    free_frozen_page_commit();
   11.838721 |   2)               |                                    _raw_spin_unlock() {
   11.838722 |   2)   0.128 us    |                                      preempt_count_sub();
   11.838722 |   2)   0.394 us    |                                    }
   11.838722 |   2)   0.127 us    |                                    preempt_count_sub();
   11.838722 |   2)   2.007 us    |                                  }
   11.838722 |   2)   2.283 us    |                                }
   11.838723 |   2)   2.532 us    |                              }
   11.838723 |   2)               |                              __folio_put() {
   11.838723 |   2)               |                                free_frozen_pages() {
   11.838723 |   2)               |                                  __free_frozen_pages() {
   11.838723 |   2)   0.126 us    |                                    preempt_count_add();
   11.838723 |   2)               |                                    _raw_spin_trylock() {
   11.838724 |   2)   0.221 us    |                                      preempt_count_add();
   11.838724 |   2)   0.484 us    |                                    }
   11.838724 |   2)   0.127 us    |                                    free_frozen_page_commit();
   11.838724 |   2)               |                                    _raw_spin_unlock() {
   11.838724 |   2)   0.124 us    |                                      preempt_count_sub();
   11.838725 |   2)   0.391 us    |                                    }
   11.838725 |   2)   0.127 us    |                                    preempt_count_sub();
   11.838725 |   2)   2.102 us    |                                  }
   11.838725 |   2)   2.375 us    |                                }
   11.838725 |   2)   2.623 us    |                              }
   11.838725 |   2)               |                              __folio_put() {
   11.838726 |   2)               |                                free_frozen_pages() {
   11.838726 |   2)               |                                  __free_frozen_pages() {
   11.838726 |   2)   0.138 us    |                                    preempt_count_add();
   11.838726 |   2)               |                                    _raw_spin_trylock() {
   11.838726 |   2)   0.124 us    |                                      preempt_count_add();
   11.838727 |   2)   0.415 us    |                                    }
   11.838727 |   2)   0.130 us    |                                    free_frozen_page_commit();
   11.838727 |   2)               |                                    _raw_spin_unlock() {
   11.838727 |   2)   0.123 us    |                                      preempt_count_sub();
   11.838727 |   2)   0.388 us    |                                    }
   11.838727 |   2)   0.125 us    |                                    preempt_count_sub();
   11.838728 |   2)   2.026 us    |                                  }
   11.838728 |   2)   2.273 us    |                                }
   11.838728 |   2)   2.522 us    |                              }
   11.838728 |   2)               |                              __folio_put() {
   11.838728 |   2)               |                                free_frozen_pages() {
   11.838728 |   2)               |                                  __free_frozen_pages() {
   11.838729 |   2)   0.129 us    |                                    preempt_count_add();
   11.838729 |   2)               |                                    _raw_spin_trylock() {
   11.838729 |   2)   0.125 us    |                                      preempt_count_add();
   11.838729 |   2)   0.392 us    |                                    }
   11.838729 |   2)   0.128 us    |                                    free_frozen_page_commit();
   11.838730 |   2)               |                                    _raw_spin_unlock() {
   11.838730 |   2)   0.125 us    |                                      preempt_count_sub();
   11.838730 |   2)   0.390 us    |                                    }
   11.838730 |   2)   0.126 us    |                                    preempt_count_sub();
   11.838730 |   2)   1.996 us    |                                  }
   11.838731 |   2)   2.269 us    |                                }
   11.838731 |   2)   2.519 us    |                              }
   11.838731 |   2)               |                              __folio_put() {
   11.838731 |   2)               |                                free_frozen_pages() {
   11.838731 |   2)               |                                  __free_frozen_pages() {
   11.838731 |   2)   0.126 us    |                                    preempt_count_add();
   11.838731 |   2)               |                                    _raw_spin_trylock() {
   11.838732 |   2)   0.124 us    |                                      preempt_count_add();
   11.838732 |   2)   0.390 us    |                                    }
   11.838732 |   2)   0.129 us    |                                    free_frozen_page_commit();
   11.838732 |   2)               |                                    _raw_spin_unlock() {
   11.838732 |   2)   0.123 us    |                                      preempt_count_sub();
   11.838733 |   2)   0.413 us    |                                    }
   11.838733 |   2)   0.125 us    |                                    preempt_count_sub();
   11.838733 |   2)   2.017 us    |                                  }
   11.838733 |   2)   2.289 us    |                                }
   11.838733 |   2)   2.540 us    |                              }
   11.838734 |   2)               |                              __folio_put() {
   11.838734 |   2)               |                                free_frozen_pages() {
   11.838734 |   2)               |                                  __free_frozen_pages() {
   11.838734 |   2)   0.124 us    |                                    preempt_count_add();
   11.838734 |   2)               |                                    _raw_spin_trylock() {
   11.838734 |   2)   0.124 us    |                                      preempt_count_add();
   11.838735 |   2)   0.390 us    |                                    }
   11.838735 |   2)   0.128 us    |                                    free_frozen_page_commit();
   11.838735 |   2)               |                                    _raw_spin_unlock() {
   11.838735 |   2)   0.122 us    |                                      preempt_count_sub();
   11.838735 |   2)   0.385 us    |                                    }
   11.838736 |   2)   0.125 us    |                                    preempt_count_sub();
   11.838736 |   2)   2.007 us    |                                  }
   11.838736 |   2)   2.282 us    |                                }
   11.838736 |   2)   2.531 us    |                              }
   11.838736 |   2)               |                              __folio_put() {
   11.838736 |   2)               |                                free_frozen_pages() {
   11.838736 |   2)               |                                  __free_frozen_pages() {
   11.838737 |   2)   0.124 us    |                                    preempt_count_add();
   11.838737 |   2)               |                                    _raw_spin_trylock() {
   11.838737 |   2)   0.124 us    |                                      preempt_count_add();
   11.838737 |   2)   0.389 us    |                                    }
   11.838737 |   2)   0.129 us    |                                    free_frozen_page_commit();
   11.838738 |   2)               |                                    _raw_spin_unlock() {
   11.838738 |   2)   0.123 us    |                                      preempt_count_sub();
   11.838738 |   2)   0.388 us    |                                    }
   11.838738 |   2)   0.127 us    |                                    preempt_count_sub();
   11.838739 |   2)   2.090 us    |                                  }
   11.838739 |   2)   2.362 us    |                                }
   11.838739 |   2)   2.614 us    |                              }
   11.838739 |   2)               |                              __folio_put() {
   11.838739 |   2)               |                                free_frozen_pages() {
   11.838739 |   2)               |                                  __free_frozen_pages() {
   11.838739 |   2)   0.124 us    |                                    preempt_count_add();
   11.838740 |   2)               |                                    _raw_spin_trylock() {
   11.838740 |   2)   0.123 us    |                                      preempt_count_add();
   11.838740 |   2)   0.390 us    |                                    }
   11.838740 |   2)   0.125 us    |                                    free_frozen_page_commit();
   11.838740 |   2)               |                                    _raw_spin_unlock() {
   11.838741 |   2)   0.123 us    |                                      preempt_count_sub();
   11.838741 |   2)   0.387 us    |                                    }
   11.838741 |   2)   0.126 us    |                                    preempt_count_sub();
   11.838741 |   2)   2.005 us    |                                  }
   11.838741 |   2)   2.277 us    |                                }
   11.838742 |   2)   2.527 us    |                              }
   11.838742 |   2)               |                              __folio_put() {
   11.838742 |   2)               |                                free_frozen_pages() {
   11.838742 |   2)               |                                  __free_frozen_pages() {
   11.838742 |   2)   0.125 us    |                                    preempt_count_add();
   11.838742 |   2)               |                                    _raw_spin_trylock() {
   11.838742 |   2)   0.122 us    |                                      preempt_count_add();
   11.838743 |   2)   0.391 us    |                                    }
   11.838743 |   2)   0.139 us    |                                    free_frozen_page_commit();
   11.838743 |   2)               |                                    _raw_spin_unlock() {
   11.838743 |   2)   0.123 us    |                                      preempt_count_sub();
   11.838744 |   2)   0.386 us    |                                    }
   11.838744 |   2)   0.125 us    |                                    preempt_count_sub();
   11.838744 |   2)   2.014 us    |                                  }
   11.838744 |   2)   2.289 us    |                                }
   11.838744 |   2)   2.538 us    |                              }
   11.838744 |   2)               |                              __folio_put() {
   11.838744 |   2)               |                                free_frozen_pages() {
   11.838745 |   2)               |                                  __free_frozen_pages() {
   11.838745 |   2)   0.125 us    |                                    preempt_count_add();
   11.838745 |   2)               |                                    _raw_spin_trylock() {
   11.838745 |   2)   0.123 us    |                                      preempt_count_add();
   11.838745 |   2)   0.388 us    |                                    }
   11.838746 |   2)   0.129 us    |                                    free_frozen_page_commit();
   11.838746 |   2)               |                                    _raw_spin_unlock() {
   11.838746 |   2)   0.122 us    |                                      preempt_count_sub();
   11.838746 |   2)   0.383 us    |                                    }
   11.838746 |   2)   0.127 us    |                                    preempt_count_sub();
   11.838747 |   2)   2.003 us    |                                  }
   11.838747 |   2)   2.278 us    |                                }
   11.838747 |   2)   2.527 us    |                              }
   11.838747 |   2)               |                              __folio_put() {
   11.838747 |   2)               |                                free_frozen_pages() {
   11.838747 |   2)               |                                  __free_frozen_pages() {
   11.838747 |   2)   0.125 us    |                                    preempt_count_add();
   11.838748 |   2)               |                                    _raw_spin_trylock() {
   11.838748 |   2)   0.123 us    |                                      preempt_count_add();
   11.838748 |   2)   0.388 us    |                                    }
   11.838748 |   2)   0.125 us    |                                    free_frozen_page_commit();
   11.838749 |   2)               |                                    _raw_spin_unlock() {
   11.838749 |   2)   0.120 us    |                                      preempt_count_sub();
   11.838749 |   2)   0.384 us    |                                    }
   11.838749 |   2)   0.126 us    |                                    preempt_count_sub();
   11.838749 |   2)   1.998 us    |                                  }
   11.838749 |   2)   2.269 us    |                                }
   11.838750 |   2)   2.519 us    |                              }
   11.838750 |   2)               |                              __folio_put() {
   11.838750 |   2)               |                                free_frozen_pages() {
   11.838750 |   2)               |                                  __free_frozen_pages() {
   11.838750 |   2)   0.125 us    |                                    preempt_count_add();
   11.838750 |   2)               |                                    _raw_spin_trylock() {
   11.838750 |   2)   0.124 us    |                                      preempt_count_add();
   11.838751 |   2)   0.391 us    |                                    }
   11.838751 |   2)   0.127 us    |                                    free_frozen_page_commit();
   11.838751 |   2)               |                                    _raw_spin_unlock() {
   11.838751 |   2)   0.122 us    |                                      preempt_count_sub();
   11.838752 |   2)   0.390 us    |                                    }
   11.838752 |   2)   0.125 us    |                                    preempt_count_sub();
   11.838752 |   2)   2.092 us    |                                  }
   11.838752 |   2)   2.365 us    |                                }
   11.838752 |   2)   2.617 us    |                              }
   11.838752 |   2)               |                              __folio_put() {
   11.838753 |   2)               |                                free_frozen_pages() {
   11.838753 |   2)               |                                  __free_frozen_pages() {
   11.838753 |   2)   0.124 us    |                                    preempt_count_add();
   11.838753 |   2)               |                                    _raw_spin_trylock() {
   11.838753 |   2)   0.124 us    |                                      preempt_count_add();
   11.838754 |   2)   0.387 us    |                                    }
   11.838754 |   2)   0.129 us    |                                    free_frozen_page_commit();
   11.838754 |   2)               |                                    _raw_spin_unlock() {
   11.838754 |   2)   0.124 us    |                                      preempt_count_sub();
   11.838754 |   2)   0.389 us    |                                    }
   11.838755 |   2)   0.125 us    |                                    preempt_count_sub();
   11.838755 |   2)   2.020 us    |                                  }
   11.838755 |   2)   2.292 us    |                                }
   11.838755 |   2)   2.541 us    |                              }
   11.838755 |   2)               |                              __folio_put() {
   11.838755 |   2)               |                                free_frozen_pages() {
   11.838755 |   2)               |                                  __free_frozen_pages() {
   11.838756 |   2)   0.126 us    |                                    preempt_count_add();
   11.838756 |   2)               |                                    _raw_spin_trylock() {
   11.838756 |   2)   0.124 us    |                                      preempt_count_add();
   11.838756 |   2)   0.390 us    |                                    }
   11.838756 |   2)   0.150 us    |                                    free_frozen_page_commit();
   11.838757 |   2)               |                                    _raw_spin_unlock() {
   11.838757 |   2)   0.122 us    |                                      preempt_count_sub();
   11.838757 |   2)   0.383 us    |                                    }
   11.838757 |   2)   0.127 us    |                                    preempt_count_sub();
   11.838757 |   2)   2.029 us    |                                  }
   11.838758 |   2)   2.300 us    |                                }
   11.838758 |   2)   2.549 us    |                              }
   11.838758 |   2)               |                              __folio_put() {
   11.838758 |   2)               |                                free_frozen_pages() {
   11.838758 |   2)               |                                  __free_frozen_pages() {
   11.838758 |   2)   0.126 us    |                                    preempt_count_add();
   11.838759 |   2)               |                                    _raw_spin_trylock() {
   11.838759 |   2)   0.125 us    |                                      preempt_count_add();
   11.838759 |   2)   0.390 us    |                                    }
   11.838759 |   2)   0.127 us    |                                    free_frozen_page_commit();
   11.838759 |   2)               |                                    _raw_spin_unlock() {
   11.838759 |   2)   0.124 us    |                                      preempt_count_sub();
   11.838760 |   2)   0.387 us    |                                    }
   11.838760 |   2)   0.125 us    |                                    preempt_count_sub();
   11.838760 |   2)   2.010 us    |                                  }
   11.838760 |   2)   2.281 us    |                                }
   11.838760 |   2)   2.532 us    |                              }
   11.838761 |   2)               |                              __folio_put() {
   11.838761 |   2)               |                                free_frozen_pages() {
   11.838761 |   2)               |                                  __free_frozen_pages() {
   11.838761 |   2)   0.126 us    |                                    preempt_count_add();
   11.838761 |   2)               |                                    _raw_spin_trylock() {
   11.838761 |   2)   0.124 us    |                                      preempt_count_add();
   11.838762 |   2)   0.388 us    |                                    }
   11.838762 |   2)   0.128 us    |                                    free_frozen_page_commit();
   11.838762 |   2)               |                                    _raw_spin_unlock() {
   11.838762 |   2)   0.124 us    |                                      preempt_count_sub();
   11.838762 |   2)   0.390 us    |                                    }
   11.838763 |   2)   0.124 us    |                                    preempt_count_sub();
   11.838763 |   2)   2.010 us    |                                  }
   11.838763 |   2)   2.283 us    |                                }
   11.838763 |   2)   2.533 us    |                              }
   11.838763 |   2)               |                              __folio_put() {
   11.838763 |   2)               |                                free_frozen_pages() {
   11.838764 |   2)               |                                  __free_frozen_pages() {
   11.838764 |   2)   0.126 us    |                                    preempt_count_add();
   11.838764 |   2)               |                                    _raw_spin_trylock() {
   11.838764 |   2)   0.123 us    |                                      preempt_count_add();
   11.838764 |   2)   0.389 us    |                                    }
   11.838764 |   2)   0.130 us    |                                    free_frozen_page_commit();
   11.838765 |   2)               |                                    _raw_spin_unlock() {
   11.838765 |   2)   0.389 us    |                                      preempt_count_sub();
   11.838765 |   2)   0.677 us    |                                    }
   11.838766 |   2)   0.127 us    |                                    preempt_count_sub();
   11.838766 |   2)   2.281 us    |                                  }
   11.838766 |   2)   2.553 us    |                                }
   11.838766 |   2)   2.801 us    |                              }
   11.838766 |   2)               |                              __folio_put() {
   11.838766 |   2)               |                                free_frozen_pages() {
   11.838766 |   2)               |                                  __free_frozen_pages() {
   11.838767 |   2)   0.126 us    |                                    preempt_count_add();
   11.838767 |   2)               |                                    _raw_spin_trylock() {
   11.838767 |   2)   0.123 us    |                                      preempt_count_add();
   11.838767 |   2)   0.389 us    |                                    }
   11.838767 |   2)   0.129 us    |                                    free_frozen_page_commit();
   11.838768 |   2)               |                                    _raw_spin_unlock() {
   11.838768 |   2)   0.135 us    |                                      preempt_count_sub();
   11.838768 |   2)   0.399 us    |                                    }
   11.838768 |   2)   0.127 us    |                                    preempt_count_sub();
   11.838769 |   2)   2.015 us    |                                  }
   11.838769 |   2)   2.288 us    |                                }
   11.838769 |   2)   2.536 us    |                              }
   11.838769 |   2)               |                              __folio_put() {
   11.838769 |   2)               |                                free_frozen_pages() {
   11.838769 |   2)               |                                  __free_frozen_pages() {
   11.838769 |   2)   0.125 us    |                                    preempt_count_add();
   11.838770 |   2)               |                                    _raw_spin_trylock() {
   11.838770 |   2)   0.122 us    |                                      preempt_count_add();
   11.838770 |   2)   0.389 us    |                                    }
   11.838770 |   2)   0.139 us    |                                    free_frozen_page_commit();
   11.838770 |   2)               |                                    _raw_spin_unlock() {
   11.838771 |   2)   0.121 us    |                                      preempt_count_sub();
   11.838771 |   2)   0.386 us    |                                    }
   11.838771 |   2)   0.126 us    |                                    preempt_count_sub();
   11.838771 |   2)   2.018 us    |                                  }
   11.838771 |   2)   2.291 us    |                                }
   11.838771 |   2)   2.542 us    |                              }
   11.838772 |   2) + 54.530 us   |                            }
   11.838772 |   2) ! 464.274 us  |                          }
   11.838772 |   2)               |                          blk_finish_plug() {
   11.838772 |   2)               |                            __blk_flush_plug() {
   11.838772 |   2)   0.123 us    |                              blk_mq_flush_plug_list();
   11.838772 |   2)   0.399 us    |                            }
   11.838773 |   2)   0.677 us    |                          }
   11.838773 |   2) ! 465.670 us  |                        }
   11.838773 |   2) # 1021.036 us |                      }
   11.838773 |   2) # 1021.600 us |                    }
   11.838773 |   2) # 1021.872 us |                  }
   11.838773 |   2) # 1022.422 us |                }
   11.838774 |   2) # 1022.692 us |              }
   11.838774 |   2) # 1023.499 us |            }
   11.838774 |   2)   0.129 us    |            folio_mark_accessed();
   11.838774 |   2) # 1024.383 us |          }
   11.838775 |   2) # 1024.656 us |        }
   11.838775 |   2) # 1025.357 us |      }
   11.838775 |   2) # 1025.940 us |    }
   11.838775 |   2) # 1026.242 us |  }
   11.838777 |   2)               |  __x64_sys_read() {
   11.838777 |   2)               |    ksys_read() {
   11.838777 |   2)   0.156 us    |      fdget_pos();
   11.838777 |   2)               |      vfs_read() {
   11.838778 |   2)   0.263 us    |        rw_verify_area();
   11.838778 |   2)               |        erofs_file_read_iter() {
   11.838778 |   2)               |          filemap_read() {
   11.838778 |   2)               |            filemap_get_pages() {
   11.838778 |   2)   0.428 us    |              filemap_get_read_batch();
   11.838779 |   2)   0.723 us    |            }
   11.838779 |   2)   0.129 us    |            folio_mark_accessed();
   11.838780 |   2)   1.560 us    |          }
   11.838780 |   2)   1.827 us    |        }
   11.838780 |   2)   2.554 us    |      }
   11.838780 |   2)   3.143 us    |    }
   11.838780 |   2)   3.472 us    |  }
   11.838782 |   2)               |  __x64_sys_read() {
   11.838782 |   2)               |    ksys_read() {
   11.838782 |   2)   0.152 us    |      fdget_pos();
   11.838782 |   2)               |      vfs_read() {
   11.838783 |   2)   0.286 us    |        rw_verify_area();
   11.838783 |   2)               |        erofs_file_read_iter() {
   11.838783 |   2)               |          filemap_read() {
   11.838783 |   2)               |            filemap_get_pages() {
   11.838784 |   2)   0.397 us    |              filemap_get_read_batch();
   11.838784 |   2)   0.671 us    |            }
   11.838784 |   2)   0.134 us    |            folio_mark_accessed();
   11.838785 |   2)   1.484 us    |          }
   11.838785 |   2)   1.815 us    |        }
   11.838785 |   2)   2.555 us    |      }
   11.838785 |   2)   3.141 us    |    }
   11.838785 |   2)   3.445 us    |  }
   11.838787 |   2)               |  __x64_sys_read() {
   11.838787 |   2)               |    ksys_read() {
   11.838787 |   2)   0.154 us    |      fdget_pos();
   11.838787 |   2)               |      vfs_read() {
   11.838788 |   2)   0.258 us    |        rw_verify_area();
   11.838788 |   2)               |        erofs_file_read_iter() {
   11.838788 |   2)               |          filemap_read() {
   11.838788 |   2)               |            filemap_get_pages() {
   11.838788 |   2)   0.364 us    |              filemap_get_read_batch();
   11.838789 |   2)   0.644 us    |            }
   11.838789 |   2)   0.132 us    |            folio_mark_accessed();
   11.838790 |   2)   1.524 us    |          }
   11.838790 |   2)   1.806 us    |        }
   11.838790 |   2)   2.519 us    |      }
   11.838790 |   2)   3.112 us    |    }
   11.838790 |   2)   3.421 us    |  }
