# tracer: function_graph
#
#     TIME        CPU  DURATION                  FUNCTION CALLS
#      |          |     |   |                     |   |   |   |
   11.753765 |   2)               |  __x64_sys_read() {
   11.753766 |   2)               |    ksys_read() {
   11.753766 |   2)   0.177 us    |      fdget_pos();
   11.753766 |   2)               |      vfs_read() {
   11.753766 |   2)   0.361 us    |        rw_verify_area();
   11.753767 |   2)               |        ext4_file_read_iter() {
   11.753767 |   2)               |          generic_file_read_iter() {
   11.753767 |   2)               |            filemap_read() {
   11.753768 |   2)               |              filemap_get_pages() {
   11.753768 |   2)   0.397 us    |                filemap_get_read_batch();
   11.753768 |   2)   0.772 us    |              }
   11.753769 |   2)   0.142 us    |              folio_mark_accessed();
   11.753769 |   2)               |              lock_mm_and_find_vma() {
   11.753769 |   2)               |                down_read_trylock() {
   11.753769 |   2)   0.146 us    |                  preempt_count_add();
   11.753770 |   2)   0.124 us    |                  preempt_count_sub();
   11.753770 |   2)   0.749 us    |                }
   11.753770 |   2)   0.414 us    |                find_vma();
   11.753771 |   2)   1.600 us    |              }
   11.753771 |   2)               |              handle_mm_fault() {
   11.753771 |   2)               |                __handle_mm_fault() {
   11.753771 |   2)               |                  pte_offset_map_rw_nolock() {
   11.753771 |   2)   0.253 us    |                    __pte_offset_map();
   11.753772 |   2)   0.542 us    |                  }
   11.753772 |   2)   0.128 us    |                  __vmf_anon_prepare();
   11.753772 |   2)               |                  vma_alloc_folio_noprof() {
   11.753772 |   2)   0.154 us    |                    get_vma_policy();
   11.753773 |   2)               |                    alloc_pages_mpol() {
   11.753773 |   2)   0.147 us    |                      policy_nodemask();
   11.753773 |   2)               |                      __alloc_frozen_pages_noprof() {
   11.753773 |   2)               |                        get_page_from_freelist() {
   11.753774 |   2)   0.127 us    |                          preempt_count_add();
   11.753774 |   2)               |                          _raw_spin_trylock() {
   11.753774 |   2)   0.134 us    |                            preempt_count_add();
   11.753774 |   2)   0.423 us    |                          }
   11.753774 |   2)               |                          _raw_spin_unlock() {
   11.753775 |   2)   0.133 us    |                            preempt_count_sub();
   11.753775 |   2)   0.398 us    |                          }
   11.753775 |   2)   0.140 us    |                          preempt_count_sub();
   11.753775 |   2)   0.177 us    |                          clear_highpages_kasan_tagged();
   11.753776 |   2)   2.548 us    |                        }
   11.753776 |   2)   2.881 us    |                      }
   11.753776 |   2)   3.464 us    |                    }
   11.753776 |   2)   4.028 us    |                  }
   11.753777 |   2)               |                  pte_offset_map_lock() {
   11.753777 |   2)   0.211 us    |                    __pte_offset_map();
   11.753777 |   2)               |                    _raw_spin_lock() {
   11.753777 |   2)   0.156 us    |                      preempt_count_add();
   11.753778 |   2)   0.466 us    |                    }
   11.753778 |   2)   1.099 us    |                  }
   11.753778 |   2)               |                  map_anon_folio_pte_nopf() {
   11.753778 |   2)   0.124 us    |                    pte_mkwrite();
   11.753778 |   2)               |                    folio_add_new_anon_rmap() {
   11.753778 |   2)   0.125 us    |                      mod_node_page_state();
   11.753779 |   2)   0.404 us    |                    }
   11.753779 |   2)               |                    folio_add_lru_vma() {
   11.753779 |   2)               |                      __folio_batch_add_and_move() {
   11.753779 |   2)   0.132 us    |                        preempt_count_add();
   11.753779 |   2)   0.131 us    |                        preempt_count_sub();
   11.753780 |   2)   0.702 us    |                      }
   11.753780 |   2)   0.981 us    |                    }
   11.753780 |   2)   2.151 us    |                  }
   11.753780 |   2)               |                  _raw_spin_unlock() {
   11.753780 |   2)   0.143 us    |                    preempt_count_sub();
   11.753781 |   2)   0.405 us    |                  }
   11.753781 |   2)   9.713 us    |                }
   11.753781 |   2)   9.988 us    |              }
   11.753781 |   2)   0.137 us    |              raw_irqentry_exit_cond_resched();
   11.753782 |   2) + 14.664 us   |            }
   11.753782 |   2) + 14.923 us   |          }
   11.753782 |   2) + 15.196 us   |        }
   11.753782 |   2) + 16.177 us   |      }
   11.753783 |   2) + 17.088 us   |    }
   11.753783 |   2) + 18.331 us   |  }
   11.753898 |   2)               |  __x64_sys_read() {
   11.753898 |   2)               |    ksys_read() {
   11.753898 |   2)   0.172 us    |      fdget_pos();
   11.753899 |   2)               |      vfs_read() {
   11.753900 |   2)   0.367 us    |        rw_verify_area();
   11.753900 |   2)               |        ext4_file_read_iter() {
   11.753900 |   2)               |          generic_file_read_iter() {
   11.753900 |   2)               |            filemap_read() {
   11.753901 |   2)               |              filemap_get_pages() {
   11.753901 |   2)   0.433 us    |                filemap_get_read_batch();
   11.753901 |   2)   0.772 us    |              }
   11.753902 |   2)   0.128 us    |              folio_mark_accessed();
   11.753902 |   2)               |              lock_mm_and_find_vma() {
   11.753902 |   2)               |                down_read_trylock() {
   11.753902 |   2)   0.147 us    |                  preempt_count_add();
   11.753903 |   2)   0.126 us    |                  preempt_count_sub();
   11.753903 |   2)   0.752 us    |                }
   11.753903 |   2)   0.445 us    |                find_vma();
   11.753904 |   2)   1.634 us    |              }
   11.753904 |   2)               |              handle_mm_fault() {
   11.753904 |   2)               |                __handle_mm_fault() {
   11.753904 |   2)               |                  pte_offset_map_rw_nolock() {
   11.753904 |   2)   0.246 us    |                    __pte_offset_map();
   11.753905 |   2)   0.543 us    |                  }
   11.753905 |   2)   0.127 us    |                  __vmf_anon_prepare();
   11.753905 |   2)               |                  vma_alloc_folio_noprof() {
   11.753905 |   2)   0.153 us    |                    get_vma_policy();
   11.753906 |   2)               |                    alloc_pages_mpol() {
   11.753906 |   2)   0.124 us    |                      policy_nodemask();
   11.753906 |   2)               |                      __alloc_frozen_pages_noprof() {
   11.753906 |   2)               |                        get_page_from_freelist() {
   11.753907 |   2)   0.144 us    |                          preempt_count_add();
   11.753907 |   2)               |                          _raw_spin_trylock() {
   11.753907 |   2)   0.137 us    |                            preempt_count_add();
   11.753907 |   2)   0.397 us    |                          }
   11.753907 |   2)               |                          _raw_spin_unlock() {
   11.753908 |   2)   0.137 us    |                            preempt_count_sub();
   11.753908 |   2)   0.411 us    |                          }
   11.753908 |   2)   0.144 us    |                          preempt_count_sub();
   11.753908 |   2)   0.153 us    |                          clear_highpages_kasan_tagged();
   11.753909 |   2)   2.750 us    |                        }
   11.753909 |   2)   3.067 us    |                      }
   11.753909 |   2)   3.634 us    |                    }
   11.753910 |   2)   4.180 us    |                  }
   11.753910 |   2)               |                  pte_offset_map_lock() {
   11.753910 |   2)   0.221 us    |                    __pte_offset_map();
   11.753910 |   2)               |                    _raw_spin_lock() {
   11.753910 |   2)   0.142 us    |                      preempt_count_add();
   11.753911 |   2)   0.427 us    |                    }
   11.753911 |   2)   1.086 us    |                  }
   11.753911 |   2)               |                  map_anon_folio_pte_nopf() {
   11.753911 |   2)   0.122 us    |                    pte_mkwrite();
   11.753911 |   2)               |                    folio_add_new_anon_rmap() {
   11.753912 |   2)   0.128 us    |                      mod_node_page_state();
   11.753912 |   2)   0.411 us    |                    }
   11.753912 |   2)               |                    folio_add_lru_vma() {
   11.753912 |   2)               |                      __folio_batch_add_and_move() {
   11.753912 |   2)   0.132 us    |                        preempt_count_add();
   11.753913 |   2)   0.131 us    |                        preempt_count_sub();
   11.753913 |   2)   0.715 us    |                      }
   11.753913 |   2)   0.997 us    |                    }
   11.753913 |   2)   2.174 us    |                  }
   11.753913 |   2)               |                  _raw_spin_unlock() {
   11.753913 |   2)   0.140 us    |                    preempt_count_sub();
   11.753914 |   2)   0.428 us    |                  }
   11.753914 |   2)   9.881 us    |                }
   11.753914 |   2) + 10.178 us   |              }
   11.753914 |   2)   0.140 us    |              raw_irqentry_exit_cond_resched();
   11.753915 |   2) + 14.792 us   |            }
   11.753915 |   2) + 15.071 us   |          }
   11.753915 |   2) + 15.340 us   |        }
   11.753916 |   2) + 16.784 us   |      }
   11.753916 |   2) + 17.452 us   |    }
   11.753916 |   2) + 17.860 us   |  }
   11.754459 |   2)               |  __x64_sys_read() {
   11.754459 |   2)               |    ksys_read() {
   11.754459 |   2)   0.155 us    |      fdget_pos();
   11.754460 |   2)               |      vfs_read() {
   11.754460 |   2)   0.344 us    |        rw_verify_area();
   11.754460 |   2)               |        erofs_file_read_iter() {
   11.754461 |   2)               |          filemap_read() {
   11.754461 |   2)               |            filemap_get_pages() {
   11.754461 |   2)   0.383 us    |              filemap_get_read_batch();
   11.754462 |   2)               |              page_cache_sync_ra() {
   11.754462 |   2)   0.128 us    |                inode_to_bdi();
   11.754462 |   2)               |                page_cache_ra_order() {
   11.754463 |   2)               |                  do_page_cache_ra() {
   11.754463 |   2)               |                    page_cache_ra_unbounded() {
   11.754463 |   2)               |                      filemap_alloc_folio_noprof() {
   11.754463 |   2)               |                        folio_alloc_noprof() {
   11.754464 |   2)               |                          alloc_pages_mpol() {
   11.754464 |   2)   0.126 us    |                            policy_nodemask();
   11.754464 |   2)               |                            __alloc_frozen_pages_noprof() {
   11.754464 |   2)               |                              get_page_from_freelist() {
   11.754464 |   2)   0.140 us    |                                preempt_count_add();
   11.754465 |   2)               |                                _raw_spin_trylock() {
   11.754465 |   2)   0.124 us    |                                  preempt_count_add();
   11.754465 |   2)   0.413 us    |                                }
   11.754465 |   2)               |                                _raw_spin_unlock() {
   11.754465 |   2)   0.135 us    |                                  preempt_count_sub();
   11.754466 |   2)   0.417 us    |                                }
   11.754466 |   2)   0.123 us    |                                preempt_count_sub();
   11.754466 |   2)   1.926 us    |                              }
   11.754466 |   2)   2.255 us    |                            }
   11.754467 |   2)   2.821 us    |                          }
   11.754467 |   2)   3.216 us    |                        }
   11.754467 |   2)   3.528 us    |                      }
   11.754467 |   2)               |                      filemap_add_folio() {
   11.754467 |   2)               |                        __filemap_add_folio() {
   11.754467 |   2)   0.123 us    |                          shmem_mapping();
   11.754468 |   2)               |                          _raw_spin_lock_irq() {
   11.754468 |   2)   0.125 us    |                            preempt_count_add();
   11.754468 |   2)   0.396 us    |                          }
   11.754468 |   2)   0.130 us    |                          mod_node_page_state();
   11.754468 |   2)               |                          _raw_spin_unlock_irq() {
   11.754469 |   2)   0.126 us    |                            preempt_count_sub();
   11.754469 |   2)   0.423 us    |                          }
   11.754469 |   2)   1.990 us    |                        }
   11.754469 |   2)               |                        folio_add_lru() {
   11.754469 |   2)               |                          __folio_batch_add_and_move() {
   11.754469 |   2)   0.124 us    |                            preempt_count_add();
   11.754470 |   2)   0.125 us    |                            preempt_count_sub();
   11.754470 |   2)   0.692 us    |                          }
   11.754470 |   2)   0.945 us    |                        }
   11.754470 |   2)   3.391 us    |                      }
   11.754471 |   2)               |                      filemap_alloc_folio_noprof() {
   11.754471 |   2)               |                        folio_alloc_noprof() {
   11.754471 |   2)               |                          alloc_pages_mpol() {
   11.754471 |   2)   0.124 us    |                            policy_nodemask();
   11.754471 |   2)               |                            __alloc_frozen_pages_noprof() {
   11.754472 |   2)               |                              get_page_from_freelist() {
   11.754472 |   2)   0.126 us    |                                preempt_count_add();
   11.754472 |   2)               |                                _raw_spin_trylock() {
   11.754472 |   2)   0.132 us    |                                  preempt_count_add();
   11.754472 |   2)   0.397 us    |                                }
   11.754472 |   2)               |                                _raw_spin_unlock() {
   11.754473 |   2)   0.125 us    |                                  preempt_count_sub();
   11.754473 |   2)   0.388 us    |                                }
   11.754473 |   2)   0.122 us    |                                preempt_count_sub();
   11.754473 |   2)   1.778 us    |                              }
   11.754473 |   2)   2.051 us    |                            }
   11.754474 |   2)   2.580 us    |                          }
   11.754474 |   2)   2.836 us    |                        }
   11.754474 |   2)   3.088 us    |                      }
   11.754474 |   2)               |                      filemap_add_folio() {
   11.754474 |   2)               |                        __filemap_add_folio() {
   11.754474 |   2)   0.124 us    |                          shmem_mapping();
   11.754474 |   2)               |                          _raw_spin_lock_irq() {
   11.754475 |   2)   0.124 us    |                            preempt_count_add();
   11.754475 |   2)   0.411 us    |                          }
   11.754475 |   2)               |                          kmem_cache_alloc_lru_noprof() {
   11.754475 |   2)   0.132 us    |                            preempt_count_add();
   11.754476 |   2)   0.131 us    |                            preempt_count_sub();
   11.754476 |   2)   0.816 us    |                          }
   11.754476 |   2)   0.140 us    |                          workingset_update_node();
   11.754477 |   2)   0.124 us    |                          workingset_update_node();
   11.754477 |   2)   0.277 us    |                          mod_node_page_state();
   11.754477 |   2)               |                          _raw_spin_unlock_irq() {
   11.754477 |   2)   0.140 us    |                            preempt_count_sub();
   11.754478 |   2)   0.485 us    |                          }
   11.754478 |   2)   3.892 us    |                        }
   11.754478 |   2)               |                        folio_add_lru() {
   11.754478 |   2)               |                          __folio_batch_add_and_move() {
   11.754478 |   2)   0.125 us    |                            preempt_count_add();
   11.754479 |   2)   0.127 us    |                            preempt_count_sub();
   11.754479 |   2)   0.671 us    |                          }
   11.754479 |   2)   0.920 us    |                        }
   11.754479 |   2)   5.208 us    |                      }
   11.754480 |   2)               |                      filemap_alloc_folio_noprof() {
   11.754480 |   2)               |                        folio_alloc_noprof() {
   11.754480 |   2)               |                          alloc_pages_mpol() {
   11.754480 |   2)   0.124 us    |                            policy_nodemask();
   11.754480 |   2)               |                            __alloc_frozen_pages_noprof() {
   11.754480 |   2)               |                              get_page_from_freelist() {
   11.754481 |   2)   0.124 us    |                                preempt_count_add();
   11.754481 |   2)               |                                _raw_spin_trylock() {
   11.754481 |   2)   0.122 us    |                                  preempt_count_add();
   11.754481 |   2)   0.386 us    |                                }
   11.754481 |   2)               |                                _raw_spin_unlock() {
   11.754481 |   2)   0.122 us    |                                  preempt_count_sub();
   11.754482 |   2)   0.386 us    |                                }
   11.754482 |   2)   0.127 us    |                                preempt_count_sub();
   11.754482 |   2)   1.754 us    |                              }
   11.754482 |   2)   2.036 us    |                            }
   11.754482 |   2)   2.561 us    |                          }
   11.754483 |   2)   2.815 us    |                        }
   11.754483 |   2)   3.065 us    |                      }
   11.754483 |   2)               |                      filemap_add_folio() {
   11.754483 |   2)               |                        __filemap_add_folio() {
   11.754483 |   2)   0.123 us    |                          shmem_mapping();
   11.754483 |   2)               |                          _raw_spin_lock_irq() {
   11.754484 |   2)   0.126 us    |                            preempt_count_add();
   11.754484 |   2)   0.398 us    |                          }
   11.754484 |   2)   0.135 us    |                          workingset_update_node();
   11.754484 |   2)   0.124 us    |                          mod_node_page_state();
   11.754485 |   2)               |                          _raw_spin_unlock_irq() {
   11.754485 |   2)   0.127 us    |                            preempt_count_sub();
   11.754485 |   2)   0.410 us    |                          }
   11.754485 |   2)   2.142 us    |                        }
   11.754485 |   2)               |                        folio_add_lru() {
   11.754485 |   2)               |                          __folio_batch_add_and_move() {
   11.754485 |   2)   0.124 us    |                            preempt_count_add();
   11.754486 |   2)   0.150 us    |                            preempt_count_sub();
   11.754486 |   2)   0.686 us    |                          }
   11.754486 |   2)   0.936 us    |                        }
   11.754486 |   2)   3.507 us    |                      }
   11.754487 |   2)               |                      filemap_alloc_folio_noprof() {
   11.754487 |   2)               |                        folio_alloc_noprof() {
   11.754487 |   2)               |                          alloc_pages_mpol() {
   11.754487 |   2)   0.126 us    |                            policy_nodemask();
   11.754487 |   2)               |                            __alloc_frozen_pages_noprof() {
   11.754487 |   2)               |                              get_page_from_freelist() {
   11.754488 |   2)   0.122 us    |                                preempt_count_add();
   11.754488 |   2)               |                                _raw_spin_trylock() {
   11.754488 |   2)   0.122 us    |                                  preempt_count_add();
   11.754488 |   2)   0.387 us    |                                }
   11.754488 |   2)               |                                _raw_spin_unlock() {
   11.754489 |   2)   0.124 us    |                                  preempt_count_sub();
   11.754489 |   2)   0.389 us    |                                }
   11.754489 |   2)   0.126 us    |                                preempt_count_sub();
   11.754489 |   2)   1.744 us    |                              }
   11.754489 |   2)   2.021 us    |                            }
   11.754489 |   2)   2.569 us    |                          }
   11.754490 |   2)   2.839 us    |                        }
   11.754490 |   2)   3.092 us    |                      }
   11.754490 |   2)               |                      filemap_add_folio() {
   11.754490 |   2)               |                        __filemap_add_folio() {
   11.754490 |   2)   0.124 us    |                          shmem_mapping();
   11.754490 |   2)               |                          _raw_spin_lock_irq() {
   11.754491 |   2)   0.125 us    |                            preempt_count_add();
   11.754491 |   2)   0.396 us    |                          }
   11.754491 |   2)   0.123 us    |                          workingset_update_node();
   11.754491 |   2)   0.126 us    |                          mod_node_page_state();
   11.754492 |   2)               |                          _raw_spin_unlock_irq() {
   11.754492 |   2)   0.125 us    |                            preempt_count_sub();
   11.754492 |   2)   0.394 us    |                          }
   11.754492 |   2)   2.135 us    |                        }
   11.754492 |   2)               |                        folio_add_lru() {
   11.754492 |   2)               |                          __folio_batch_add_and_move() {
   11.754493 |   2)   0.127 us    |                            preempt_count_add();
   11.754493 |   2)   0.127 us    |                            preempt_count_sub();
   11.754493 |   2)   0.670 us    |                          }
   11.754493 |   2)   0.921 us    |                        }
   11.754493 |   2)   3.486 us    |                      }
   11.754494 |   2)               |                      read_pages() {
   11.754494 |   2)   0.124 us    |                        blk_start_plug();
   11.754494 |   2)               |                        z_erofs_readahead() {
   11.754494 |   2)   0.136 us    |                          erofs_real_inode();
   11.754495 |   2)               |                          z_erofs_pcluster_readmore() {
   11.754495 |   2)               |                            z_erofs_map_blocks_iter() {
   11.754495 |   2)               |                              erofs_read_metabuf() {
   11.754495 |   2)               |                                erofs_bread() {
   11.754495 |   2)               |                                  read_cache_folio() {
   11.754495 |   2)               |                                    do_read_cache_folio() {
   11.754496 |   2)               |                                      __filemap_get_folio_mpol() {
   11.754496 |   2)   0.354 us    |                                        filemap_get_entry();
   11.754496 |   2)   0.641 us    |                                      }
   11.754496 |   2)   0.145 us    |                                      folio_mark_accessed();
   11.754497 |   2)   1.220 us    |                                    }
   11.754497 |   2)   1.490 us    |                                  }
   11.754497 |   2)   1.755 us    |                                }
   11.754497 |   2)   2.013 us    |                              }
   11.754497 |   2)   0.287 us    |                              wake_up_bit();
   11.754498 |   2)               |                              z_erofs_map_blocks_fo() {
   11.754498 |   2)               |                                z_erofs_load_lcluster_from_disk() {
   11.754498 |   2)               |                                  erofs_read_metabuf() {
   11.754499 |   2)   0.188 us    |                                    erofs_bread();
   11.754499 |   2)   0.440 us    |                                  }
   11.754499 |   2)   0.855 us    |                                }
   11.754499 |   2)               |                                z_erofs_load_lcluster_from_disk() {
   11.754499 |   2)               |                                  erofs_read_metabuf() {
   11.754499 |   2)   0.145 us    |                                    erofs_bread();
   11.754500 |   2)   0.398 us    |                                  }
   11.754500 |   2)   0.690 us    |                                }
   11.754500 |   2)   0.124 us    |                                erofs_unmap_metabuf();
   11.754500 |   2)   2.496 us    |                              }
   11.754501 |   2)   5.761 us    |                            }
   11.754501 |   2)   0.154 us    |                            readahead_expand();
   11.754501 |   2)   6.430 us    |                          }
   11.754502 |   2)               |                          z_erofs_scan_folio() {
   11.754502 |   2)   0.125 us    |                            erofs_onlinefolio_init();
   11.754503 |   2)               |                            kmem_cache_alloc_noprof() {
   11.754503 |   2)   0.125 us    |                              preempt_count_add();
   11.754504 |   2)               |                              __pcs_replace_empty_main() {
   11.754504 |   2)   0.177 us    |                                barn_replace_empty_sheaf();
   11.754504 |   2)   0.139 us    |                                barn_get_empty_sheaf();
   11.754505 |   2)   0.128 us    |                                preempt_count_sub();
   11.754505 |   2)               |                                __kmalloc_flags_noprof() {
   11.754505 |   2)   0.124 us    |                                  preempt_count_add();
   11.754505 |   2)   0.127 us    |                                  preempt_count_sub();
   11.754506 |   2)   0.743 us    |                                }
   11.754506 |   2)               |                                refill_objects() {
   11.754506 |   2)               |                                  __refill_objects_node() {
   11.754506 |   2)               |                                    _raw_spin_lock_irqsave() {
   11.754506 |   2)   0.125 us    |                                      preempt_count_add();
   11.754507 |   2)   0.402 us    |                                    }
   11.754507 |   2)               |                                    _raw_spin_unlock_irqrestore() {
   11.754507 |   2)   0.126 us    |                                      preempt_count_sub();
   11.754507 |   2)   0.429 us    |                                    }
   11.754508 |   2)   1.635 us    |                                  }
   11.754508 |   2)   0.144 us    |                                  mempolicy_slab_node();
   11.754508 |   2)               |                                  new_slab() {
   11.754509 |   2)               |                                    __alloc_frozen_pages_noprof() {
   11.754509 |   2)               |                                      get_page_from_freelist() {
   11.754509 |   2)   0.124 us    |                                        preempt_count_add();
   11.754509 |   2)               |                                        _raw_spin_trylock() {
   11.754509 |   2)   0.124 us    |                                          preempt_count_add();
   11.754510 |   2)   0.411 us    |                                        }
   11.754510 |   2)               |                                        _raw_spin_unlock() {
   11.754510 |   2)   0.123 us    |                                          preempt_count_sub();
   11.754510 |   2)   0.443 us    |                                        }
   11.754510 |   2)   0.125 us    |                                        preempt_count_sub();
   11.754511 |   2)   1.963 us    |                                      }
   11.754511 |   2)   2.260 us    |                                    }
   11.754511 |   2)   0.128 us    |                                    mod_node_page_state();
   11.754511 |   2)   3.057 us    |                                  }
   11.754512 |   2)               |                                  alloc_from_new_slab() {
   11.754512 |   2)   0.122 us    |                                    fixup_red_left();
   11.754512 |   2)   0.527 us    |                                  }
   11.754512 |   2)               |                                  new_slab() {
   11.754512 |   2)               |                                    __alloc_frozen_pages_noprof() {
   11.754513 |   2)               |                                      get_page_from_freelist() {
   11.754513 |   2)   0.125 us    |                                        preempt_count_add();
   11.754513 |   2)               |                                        _raw_spin_trylock() {
   11.754513 |   2)   0.122 us    |                                          preempt_count_add();
   11.754513 |   2)   0.386 us    |                                        }
   11.754513 |   2)               |                                        _raw_spin_unlock() {
   11.754514 |   2)   0.125 us    |                                          preempt_count_sub();
   11.754514 |   2)   0.415 us    |                                        }
   11.754514 |   2)   0.127 us    |                                        preempt_count_sub();
   11.754514 |   2)   1.764 us    |                                      }
   11.754514 |   2)   2.040 us    |                                    }
   11.754515 |   2)   0.126 us    |                                    mod_node_page_state();
   11.754515 |   2)   2.587 us    |                                  }
   11.754515 |   2)               |                                  alloc_from_new_slab() {
   11.754515 |   2)   0.127 us    |                                    fixup_red_left();
   11.754516 |   2)               |                                    _raw_spin_lock_irqsave() {
   11.754516 |   2)   0.125 us    |                                      preempt_count_add();
   11.754516 |   2)   0.444 us    |                                    }
   11.754516 |   2)               |                                    _raw_spin_unlock_irqrestore() {
   11.754516 |   2)   0.132 us    |                                      preempt_count_sub();
   11.754517 |   2)   0.408 us    |                                    }
   11.754517 |   2)   1.718 us    |                                  }
   11.754517 |   2) + 10.928 us   |                                }
   11.754517 |   2)   0.130 us    |                                preempt_count_add();
   11.754517 |   2) + 13.440 us   |                              }
   11.754517 |   2)   0.126 us    |                              preempt_count_sub();
   11.754518 |   2) + 14.619 us   |                            }
   11.754518 |   2)   0.125 us    |                            mutex_init_generic();
   11.754518 |   2)   0.153 us    |                            mutex_trylock();
   11.754519 |   2)               |                            _raw_spin_lock() {
   11.754519 |   2)   0.125 us    |                              preempt_count_add();
   11.754519 |   2)   0.391 us    |                            }
   11.754519 |   2)               |                            kmem_cache_alloc_lru_noprof() {
   11.754519 |   2)   0.135 us    |                              preempt_count_add();
   11.754520 |   2)   0.125 us    |                              preempt_count_sub();
   11.754520 |   2)   0.708 us    |                            }
   11.754520 |   2)               |                            kmem_cache_alloc_lru_noprof() {
   11.754520 |   2)   0.123 us    |                              preempt_count_add();
   11.754521 |   2)   0.124 us    |                              preempt_count_sub();
   11.754521 |   2)   0.659 us    |                            }
   11.754521 |   2)               |                            kmem_cache_alloc_lru_noprof() {
   11.754521 |   2)   0.124 us    |                              preempt_count_add();
   11.754521 |   2)   0.123 us    |                              preempt_count_sub();
   11.754522 |   2)   0.678 us    |                            }
   11.754522 |   2)               |                            _raw_spin_unlock() {
   11.754522 |   2)   0.140 us    |                              preempt_count_sub();
   11.754522 |   2)   0.427 us    |                            }
   11.754523 |   2)               |                            __filemap_get_folio_mpol() {
   11.754523 |   2)   0.308 us    |                              filemap_get_entry();
   11.754523 |   2)   0.588 us    |                            }
   11.754523 |   2)               |                            filemap_alloc_folio_noprof() {
   11.754524 |   2)               |                              folio_alloc_noprof() {
   11.754524 |   2)               |                                alloc_pages_mpol() {
   11.754524 |   2)   0.125 us    |                                  policy_nodemask();
   11.754524 |   2)               |                                  __alloc_frozen_pages_noprof() {
   11.754524 |   2)               |                                    get_page_from_freelist() {
   11.754524 |   2)   0.139 us    |                                      preempt_count_add();
   11.754525 |   2)               |                                      _raw_spin_trylock() {
   11.754525 |   2)   0.124 us    |                                        preempt_count_add();
   11.754525 |   2)   0.390 us    |                                      }
   11.754525 |   2)               |                                      _raw_spin_unlock() {
   11.754525 |   2)   0.124 us    |                                        preempt_count_sub();
   11.754526 |   2)   0.390 us    |                                      }
   11.754526 |   2)   0.127 us    |                                      preempt_count_sub();
   11.754526 |   2)   1.808 us    |                                    }
   11.754526 |   2)   2.111 us    |                                  }
   11.754526 |   2)   2.709 us    |                                }
   11.754527 |   2)   2.964 us    |                              }
   11.754527 |   2)   3.219 us    |                            }
   11.754527 |   2)               |                            _raw_spin_lock() {
   11.754527 |   2)   0.125 us    |                              preempt_count_add();
   11.754527 |   2)   0.392 us    |                            }
   11.754527 |   2)               |                            _raw_spin_unlock() {
   11.754528 |   2)   0.138 us    |                              preempt_count_sub();
   11.754528 |   2)   0.406 us    |                            }
   11.754528 |   2)               |                            _raw_spin_lock() {
   11.754528 |   2)   0.126 us    |                              preempt_count_add();
   11.754528 |   2)   0.415 us    |                            }
   11.754529 |   2)               |                            _raw_spin_unlock() {
   11.754529 |   2)   0.141 us    |                              preempt_count_sub();
   11.754529 |   2)   0.405 us    |                            }
   11.754529 |   2)   0.129 us    |                            erofs_onlinefolio_split();
   11.754530 |   2)   0.156 us    |                            erofs_onlinefolio_end();
   11.754530 |   2) + 27.736 us   |                          }
   11.754530 |   2)               |                          z_erofs_scan_folio() {
   11.754530 |   2)   0.127 us    |                            erofs_onlinefolio_init();
   11.754530 |   2)               |                            _raw_spin_lock() {
   11.754531 |   2)   0.124 us    |                              preempt_count_add();
   11.754531 |   2)   0.391 us    |                            }
   11.754531 |   2)               |                            _raw_spin_unlock() {
   11.754531 |   2)   0.139 us    |                              preempt_count_sub();
   11.754531 |   2)   0.445 us    |                            }
   11.754532 |   2)   0.128 us    |                            erofs_onlinefolio_split();
   11.754532 |   2)   0.132 us    |                            erofs_onlinefolio_end();
   11.754532 |   2)   2.209 us    |                          }
   11.754532 |   2)               |                          z_erofs_scan_folio() {
   11.754533 |   2)   0.126 us    |                            erofs_onlinefolio_init();
   11.754533 |   2)               |                            _raw_spin_lock() {
   11.754533 |   2)   0.125 us    |                              preempt_count_add();
   11.754533 |   2)   0.390 us    |                            }
   11.754533 |   2)               |                            _raw_spin_unlock() {
   11.754533 |   2)   0.140 us    |                              preempt_count_sub();
   11.754534 |   2)   0.405 us    |                            }
   11.754534 |   2)   0.125 us    |                            z_erofs_bvset_flip();
   11.754534 |   2)   0.233 us    |                            erofs_onlinefolio_split();
   11.754535 |   2)   0.133 us    |                            erofs_onlinefolio_end();
   11.754535 |   2)   2.467 us    |                          }
   11.754535 |   2)               |                          z_erofs_scan_folio() {
   11.754535 |   2)   0.127 us    |                            erofs_onlinefolio_init();
   11.754535 |   2)               |                            _raw_spin_lock() {
   11.754536 |   2)   0.125 us    |                              preempt_count_add();
   11.754536 |   2)   0.391 us    |                            }
   11.754536 |   2)               |                            _raw_spin_unlock() {
   11.754536 |   2)   0.125 us    |                              preempt_count_sub();
   11.754536 |   2)   0.392 us    |                            }
   11.754536 |   2)   0.132 us    |                            erofs_onlinefolio_split();
   11.754537 |   2)   0.130 us    |                            erofs_onlinefolio_end();
   11.754537 |   2)   2.059 us    |                          }
   11.754537 |   2)   0.159 us    |                          z_erofs_pcluster_readmore();
   11.754538 |   2)   0.251 us    |                          z_erofs_pcluster_end();
   11.754538 |   2)               |                          z_erofs_runqueue() {
   11.754538 |   2)   0.124 us    |                            __init_swait_queue_head();
   11.754539 |   2)               |                            __kvmalloc_node_noprof() {
   11.754539 |   2)   0.125 us    |                              preempt_count_add();
   11.754539 |   2)   0.129 us    |                              preempt_count_sub();
   11.754539 |   2)   0.911 us    |                            }
   11.754540 |   2)   0.130 us    |                            erofs_map_dev();
   11.754540 |   2)               |                            _raw_spin_lock() {
   11.754540 |   2)   0.126 us    |                              preempt_count_add();
   11.754540 |   2)   0.438 us    |                            }
   11.754541 |   2)               |                            _raw_spin_unlock() {
   11.754541 |   2)   0.126 us    |                              preempt_count_sub();
   11.754541 |   2)   0.398 us    |                            }
   11.754541 |   2)               |                            filemap_add_folio() {
   11.754541 |   2)               |                              __filemap_add_folio() {
   11.754541 |   2)   0.124 us    |                                shmem_mapping();
   11.754542 |   2)               |                                _raw_spin_lock_irq() {
   11.754542 |   2)   0.127 us    |                                  preempt_count_add();
   11.754542 |   2)   0.422 us    |                                }
   11.754542 |   2)               |                                kmem_cache_alloc_lru_noprof() {
   11.754543 |   2)   0.126 us    |                                  preempt_count_add();
   11.754543 |   2)   0.123 us    |                                  preempt_count_sub();
   11.754543 |   2)   0.740 us    |                                }
   11.754543 |   2)   0.125 us    |                                workingset_update_node();
   11.754544 |   2)   0.126 us    |                                mod_node_page_state();
   11.754544 |   2)               |                                _raw_spin_unlock_irq() {
   11.754544 |   2)   0.127 us    |                                  preempt_count_sub();
   11.754544 |   2)   0.400 us    |                                }
   11.754544 |   2)   3.205 us    |                              }
   11.754545 |   2)               |                              folio_add_lru() {
   11.754545 |   2)               |                                __folio_batch_add_and_move() {
   11.754545 |   2)   0.125 us    |                                  preempt_count_add();
   11.754545 |   2)   0.126 us    |                                  preempt_count_sub();
   11.754545 |   2)   0.663 us    |                                }
   11.754546 |   2)   0.912 us    |                              }
   11.754546 |   2)   4.538 us    |                            }
   11.754546 |   2)               |                            bio_alloc_bioset() {
   11.754546 |   2)               |                              kmem_cache_alloc_noprof() {
   11.754546 |   2)   0.125 us    |                                preempt_count_add();
   11.754546 |   2)   0.126 us    |                                preempt_count_sub();
   11.754547 |   2)   0.699 us    |                              }
   11.754547 |   2)               |                              kmem_cache_alloc_noprof() {
   11.754547 |   2)   0.124 us    |                                preempt_count_add();
   11.754547 |   2)   0.126 us    |                                preempt_count_sub();
   11.754548 |   2)   0.821 us    |                              }
   11.754548 |   2)               |                              bio_associate_blkg() {
   11.754548 |   2)   0.133 us    |                                kthread_blkcg();
   11.754549 |   2)   0.475 us    |                                bio_associate_blkg_from_css();
   11.754549 |   2)   1.267 us    |                              }
   11.754549 |   2)   3.475 us    |                            }
   11.754550 |   2)               |                            bio_add_page() {
   11.754550 |   2)   0.173 us    |                              __bio_add_page();
   11.754550 |   2)   0.462 us    |                            }
   11.754550 |   2)               |                            submit_bio() {
   11.754550 |   2)   0.134 us    |                              blkcg_set_ioprio();
   11.754551 |   2)               |                              submit_bio_noacct() {
   11.754551 |   2)               |                                submit_bio_noacct_nocheck() {
   11.754551 |   2)   0.135 us    |                                  blk_cgroup_bio_start();
   11.754551 |   2)               |                                  __submit_bio() {
   11.754551 |   2)               |                                    blk_mq_submit_bio() {
   11.754552 |   2)   0.124 us    |                                      blk_attempt_plug_merge();
   11.754552 |   2)   0.144 us    |                                      blk_mq_sched_bio_merge();
   11.754552 |   2)               |                                      __blk_mq_alloc_requests() {
   11.754553 |   2)               |                                        blk_mq_get_tag() {
   11.754553 |   2)   0.205 us    |                                          __blk_mq_get_tag();
   11.754553 |   2)   0.504 us    |                                        }
   11.754553 |   2)   0.144 us    |                                        blk_mq_rq_ctx_init.isra.0();
   11.754554 |   2)   1.348 us    |                                      }
   11.754554 |   2)   0.128 us    |                                      preempt_count_add();
   11.754554 |   2)   0.126 us    |                                      update_io_ticks();
   11.754555 |   2)   0.125 us    |                                      preempt_count_sub();
   11.754555 |   2)   0.156 us    |                                      blk_add_rq_to_plug();
   11.754555 |   2)   3.956 us    |                                    }
   11.754555 |   2)   4.223 us    |                                  }
   11.754556 |   2)   4.795 us    |                                }
   11.754556 |   2)   5.065 us    |                              }
   11.754556 |   2)   5.678 us    |                            }
   11.754556 |   2)   0.128 us    |                            z_erofs_decompress_kickoff();
   11.754556 |   2)   0.205 us    |                            z_erofs_decompress_queue();
   11.754557 |   2) + 18.716 us   |                          }
   11.754557 |   2)   0.143 us    |                          erofs_put_metabuf();
   11.754557 |   2)   0.141 us    |                          erofs_release_pages();
   11.754557 |   2) + 63.204 us   |                        }
   11.754558 |   2)               |                        blk_finish_plug() {
   11.754558 |   2)               |                          __blk_flush_plug() {
   11.754558 |   2)               |                            blk_mq_flush_plug_list() {
   11.754558 |   2)               |                              blk_mq_dispatch_queue_requests() {
   11.754558 |   2)               |                                blk_mq_issue_direct() {
   11.754559 |   2)               |                                  blk_mq_request_issue_directly() {
   11.754559 |   2)   0.130 us    |                                    blk_mq_get_budget_and_tag();
   11.754559 |   2)               |                                    __blk_mq_issue_directly() {
   11.754559 |   2)               |                                      loop_queue_rq() {
   11.754559 |   2)               |                                        blk_mq_start_request() {
   11.754560 |   2)   0.127 us    |                                          blk_add_timer();
   11.754560 |   2)   0.402 us    |                                        }
   11.754560 |   2)   0.120 us    |                                        bio_blkcg_css();
   11.754560 |   2)               |                                        _raw_spin_lock_irq() {
   11.754560 |   2)   0.126 us    |                                          preempt_count_add();
   11.754561 |   2)   0.417 us    |                                        }
   11.754561 |   2)               |                                        queue_work_on() {
   11.754561 |   2)   0.147 us    |                                          clear_pending_if_disabled();
   11.754561 |   2)               |                                          __queue_work() {
   11.754562 |   2)               |                                            _raw_spin_lock() {
   11.754562 |   2)   0.136 us    |                                              preempt_count_add();
   11.754562 |   2)   0.469 us    |                                            }
   11.754562 |   2)   0.152 us    |                                            pwq_tryinc_nr_active();
   11.754563 |   2)   0.438 us    |                                            kick_pool_pick();
   11.754563 |   2)               |                                            _raw_spin_unlock() {
   11.754563 |   2)   0.136 us    |                                              preempt_count_sub();
   11.754564 |   2)   0.401 us    |                                            }
   11.754564 |   2)               |                                            wake_up_process() {
   11.754564 |   2)               |                                              try_to_wake_up() {
   11.754564 |   2)               |                                                _raw_spin_lock_irqsave() {
   11.754564 |   2)   0.137 us    |                                                  preempt_count_add();
   11.754565 |   2)   0.443 us    |                                                }
   11.754565 |   2)               |                                                select_task_rq_fair() {
   11.754565 |   2)   0.280 us    |                                                  choose_idle_cpu();
   11.754566 |   2)   0.601 us    |                                                }
   11.754566 |   2)   0.131 us    |                                                kthread_is_per_cpu();
   11.754566 |   2)               |                                                ttwu_queue_wakelist() {
   11.754566 |   2)               |                                                  __smp_call_single_queue() {
   11.754567 |   2)   0.294 us    |                                                    call_function_single_prep_ipi();
   11.754567 |   2)               |                                                    native_send_call_func_single_ipi() {
   11.754567 |   2)   0.501 us    |                                                      x2apic_send_IPI();
   11.754568 |   2)   0.782 us    |                                                    }
   11.754568 |   2)   1.660 us    |                                                  }
   11.754568 |   2)   2.136 us    |                                                }
   11.754568 |   2)               |                                                _raw_spin_unlock_irqrestore() {
   11.754569 |   2)   0.128 us    |                                                  preempt_count_sub();
   11.754569 |   2)   0.407 us    |                                                }
   11.754569 |   2)   4.931 us    |                                              }
   11.754569 |   2)   5.197 us    |                                            }
   11.754569 |   2)   7.991 us    |                                          }
   11.754570 |   2)   8.597 us    |                                        }
   11.754570 |   2)               |                                        _raw_spin_unlock_irq() {
   11.754570 |   2)   0.129 us    |                                          preempt_count_sub();
   11.754570 |   2)   0.396 us    |                                        }
   11.754570 |   2) + 10.897 us   |                                      }
   11.754570 |   2) + 11.212 us   |                                    }
   11.754570 |   2) + 11.931 us   |                                  }
   11.754571 |   2) + 12.274 us   |                                }
   11.754571 |   2) + 12.801 us   |                              }
   11.754571 |   2) + 13.108 us   |                            }
   11.754571 |   2) + 13.407 us   |                          }
   11.754571 |   2) + 13.702 us   |                        }
   11.754571 |   2) + 77.750 us   |                      }
   11.754572 |   2) ! 108.700 us  |                    }
   11.754572 |   2) ! 109.335 us  |                  }
   11.754572 |   2) ! 109.635 us  |                }
   11.754572 |   2) ! 110.460 us  |              }
   11.754572 |   2)   0.393 us    |              filemap_get_read_batch();
   11.754573 |   2)               |              _raw_spin_lock_irq() {
   11.754573 |   2)   0.127 us    |                preempt_count_add();
   11.754574 |   2)   0.438 us    |              }
   11.754574 |   2)               |              _raw_spin_unlock_irq() {
   11.754574 |   2)   0.127 us    |                preempt_count_sub();
   11.754574 |   2)   0.403 us    |              }
   11.754642 |   2)   0.472 us    |              filemap_get_read_batch();
   11.754643 |   2) ! 181.873 us  |            }
   11.754643 |   2)   0.134 us    |            folio_mark_accessed();
   11.754644 |   2) ! 183.541 us  |          }
   11.754644 |   2) ! 183.828 us  |        }
   11.754644 |   2) ! 184.718 us  |      }
   11.754645 |   2) ! 185.362 us  |    }
   11.754645 |   2) ! 185.750 us  |  }
   11.754648 |   2)               |  __x64_sys_read() {
   11.754648 |   2)               |    ksys_read() {
   11.754648 |   2)   0.156 us    |      fdget_pos();
   11.754649 |   2)               |      vfs_read() {
   11.754649 |   2)   0.253 us    |        rw_verify_area();
   11.754649 |   2)               |        erofs_file_read_iter() {
   11.754649 |   2)               |          filemap_read() {
   11.754650 |   2)               |            filemap_get_pages() {
   11.754650 |   2)   0.526 us    |              filemap_get_read_batch();
   11.754651 |   2)               |              filemap_readahead.isra.0() {
   11.754651 |   2)               |                page_cache_async_ra() {
   11.754651 |   2)   0.125 us    |                  inode_to_bdi();
   11.754651 |   2)               |                  page_cache_ra_order() {
   11.754651 |   2)               |                    do_page_cache_ra() {
   11.754652 |   2)               |                      page_cache_ra_unbounded() {
   11.754652 |   2)               |                        filemap_alloc_folio_noprof() {
   11.754652 |   2)               |                          folio_alloc_noprof() {
   11.754652 |   2)               |                            alloc_pages_mpol() {
   11.754652 |   2)   0.124 us    |                              policy_nodemask();
   11.754653 |   2)               |                              __alloc_frozen_pages_noprof() {
   11.754653 |   2)               |                                get_page_from_freelist() {
   11.754653 |   2)   0.128 us    |                                  preempt_count_add();
   11.754653 |   2)               |                                  _raw_spin_trylock() {
   11.754653 |   2)   0.124 us    |                                    preempt_count_add();
   11.754654 |   2)   0.392 us    |                                  }
   11.754654 |   2)               |                                  _raw_spin_unlock() {
   11.754654 |   2)   0.136 us    |                                    preempt_count_sub();
   11.754654 |   2)   0.403 us    |                                  }
   11.754654 |   2)   0.127 us    |                                  preempt_count_sub();
   11.754655 |   2)   1.886 us    |                                }
   11.754655 |   2)   2.203 us    |                              }
   11.754655 |   2)   2.789 us    |                            }
   11.754655 |   2)   3.063 us    |                          }
   11.754655 |   2)   3.316 us    |                        }
   11.754655 |   2)               |                        filemap_add_folio() {
   11.754656 |   2)               |                          __filemap_add_folio() {
   11.754656 |   2)   0.123 us    |                            shmem_mapping();
   11.754656 |   2)               |                            _raw_spin_lock_irq() {
   11.754656 |   2)   0.125 us    |                              preempt_count_add();
   11.754656 |   2)   0.403 us    |                            }
   11.754657 |   2)   0.125 us    |                            workingset_update_node();
   11.754657 |   2)   0.133 us    |                            mod_node_page_state();
   11.754657 |   2)               |                            _raw_spin_unlock_irq() {
   11.754657 |   2)   0.126 us    |                              preempt_count_sub();
   11.754658 |   2)   0.421 us    |                            }
   11.754658 |   2)   2.138 us    |                          }
   11.754658 |   2)               |                          folio_add_lru() {
   11.754658 |   2)               |                            __folio_batch_add_and_move() {
   11.754658 |   2)   0.126 us    |                              preempt_count_add();
   11.754658 |   2)   0.128 us    |                              preempt_count_sub();
   11.754659 |   2)   0.674 us    |                            }
   11.754659 |   2)   0.931 us    |                          }
   11.754659 |   2)   3.491 us    |                        }
   11.754659 |   2)               |                        filemap_alloc_folio_noprof() {
   11.754659 |   2)               |                          folio_alloc_noprof() {
   11.754660 |   2)               |                            alloc_pages_mpol() {
   11.754660 |   2)   0.128 us    |                              policy_nodemask();
   11.754660 |   2)               |                              __alloc_frozen_pages_noprof() {
   11.754660 |   2)               |                                get_page_from_freelist() {
   11.754660 |   2)   0.125 us    |                                  preempt_count_add();
   11.754660 |   2)               |                                  _raw_spin_trylock() {
   11.754661 |   2)   0.125 us    |                                    preempt_count_add();
   11.754661 |   2)   0.415 us    |                                  }
   11.754661 |   2)               |                                  _raw_spin_unlock() {
   11.754661 |   2)   0.131 us    |                                    preempt_count_sub();
   11.754661 |   2)   0.402 us    |                                  }
   11.754662 |   2)   0.125 us    |                                  preempt_count_sub();
   11.754662 |   2)   1.796 us    |                                }
   11.754662 |   2)   2.070 us    |                              }
   11.754662 |   2)   2.597 us    |                            }
   11.754662 |   2)   2.850 us    |                          }
   11.754662 |   2)   3.106 us    |                        }
   11.754663 |   2)               |                        filemap_add_folio() {
   11.754663 |   2)               |                          __filemap_add_folio() {
   11.754663 |   2)   0.124 us    |                            shmem_mapping();
   11.754663 |   2)               |                            _raw_spin_lock_irq() {
   11.754663 |   2)   0.125 us    |                              preempt_count_add();
   11.754664 |   2)   0.403 us    |                            }
   11.754664 |   2)   0.124 us    |                            workingset_update_node();
   11.754664 |   2)   0.125 us    |                            mod_node_page_state();
   11.754664 |   2)               |                            _raw_spin_unlock_irq() {
   11.754664 |   2)   0.129 us    |                              preempt_count_sub();
   11.754665 |   2)   0.414 us    |                            }
   11.754665 |   2)   2.174 us    |                          }
   11.754665 |   2)               |                          folio_add_lru() {
   11.754665 |   2)               |                            __folio_batch_add_and_move() {
   11.754665 |   2)   0.125 us    |                              preempt_count_add();
   11.754666 |   2)   0.128 us    |                              preempt_count_sub();
   11.754666 |   2)   0.666 us    |                            }
   11.754666 |   2)   0.926 us    |                          }
   11.754666 |   2)   3.505 us    |                        }
   11.754666 |   2)               |                        filemap_alloc_folio_noprof() {
   11.754667 |   2)               |                          folio_alloc_noprof() {
   11.754667 |   2)               |                            alloc_pages_mpol() {
   11.754667 |   2)   0.126 us    |                              policy_nodemask();
   11.754667 |   2)               |                              __alloc_frozen_pages_noprof() {
   11.754667 |   2)               |                                get_page_from_freelist() {
   11.754667 |   2)   0.130 us    |                                  preempt_count_add();
   11.754668 |   2)               |                                  _raw_spin_trylock() {
   11.754668 |   2)   0.126 us    |                                    preempt_count_add();
   11.754668 |   2)   0.390 us    |                                  }
   11.754668 |   2)               |                                  _raw_spin_unlock() {
   11.754668 |   2)   0.126 us    |                                    preempt_count_sub();
   11.754669 |   2)   0.393 us    |                                  }
   11.754669 |   2)   0.127 us    |                                  preempt_count_sub();
   11.754669 |   2)   1.744 us    |                                }
   11.754669 |   2)   2.014 us    |                              }
   11.754669 |   2)   2.568 us    |                            }
   11.754669 |   2)   2.824 us    |                          }
   11.754670 |   2)   3.072 us    |                        }
   11.754670 |   2)               |                        filemap_add_folio() {
   11.754670 |   2)               |                          __filemap_add_folio() {
   11.754670 |   2)   0.125 us    |                            shmem_mapping();
   11.754670 |   2)               |                            _raw_spin_lock_irq() {
   11.754670 |   2)   0.130 us    |                              preempt_count_add();
   11.754671 |   2)   0.403 us    |                            }
   11.754671 |   2)   0.125 us    |                            workingset_update_node();
   11.754671 |   2)   0.126 us    |                            mod_node_page_state();
   11.754671 |   2)               |                            _raw_spin_unlock_irq() {
   11.754671 |   2)   0.127 us    |                              preempt_count_sub();
   11.754672 |   2)   0.395 us    |                            }
   11.754672 |   2)   2.090 us    |                          }
   11.754672 |   2)               |                          folio_add_lru() {
   11.754672 |   2)               |                            __folio_batch_add_and_move() {
   11.754672 |   2)   0.126 us    |                              preempt_count_add();
   11.754673 |   2)   0.127 us    |                              preempt_count_sub();
   11.754673 |   2)   0.699 us    |                            }
   11.754673 |   2)   0.960 us    |                          }
   11.754673 |   2)   3.452 us    |                        }
   11.754673 |   2)               |                        filemap_alloc_folio_noprof() {
   11.754674 |   2)               |                          folio_alloc_noprof() {
   11.754674 |   2)               |                            alloc_pages_mpol() {
   11.754674 |   2)   0.124 us    |                              policy_nodemask();
   11.754674 |   2)               |                              __alloc_frozen_pages_noprof() {
   11.754674 |   2)               |                                get_page_from_freelist() {
   11.754674 |   2)   0.127 us    |                                  preempt_count_add();
   11.754675 |   2)               |                                  _raw_spin_trylock() {
   11.754675 |   2)   0.125 us    |                                    preempt_count_add();
   11.754675 |   2)   0.387 us    |                                  }
   11.754675 |   2)               |                                  _raw_spin_unlock() {
   11.754675 |   2)   0.124 us    |                                    preempt_count_sub();
   11.754676 |   2)   0.387 us    |                                  }
   11.754676 |   2)   0.127 us    |                                  preempt_count_sub();
   11.754676 |   2)   1.754 us    |                                }
   11.754676 |   2)   2.026 us    |                              }
   11.754676 |   2)   2.551 us    |                            }
   11.754676 |   2)   2.806 us    |                          }
   11.754677 |   2)   3.053 us    |                        }
   11.754677 |   2)               |                        filemap_add_folio() {
   11.754677 |   2)               |                          __filemap_add_folio() {
   11.754677 |   2)   0.124 us    |                            shmem_mapping();
   11.754677 |   2)               |                            _raw_spin_lock_irq() {
   11.754677 |   2)   0.124 us    |                              preempt_count_add();
   11.754678 |   2)   0.398 us    |                            }
   11.754678 |   2)   0.124 us    |                            workingset_update_node();
   11.754678 |   2)   0.126 us    |                            mod_node_page_state();
   11.754678 |   2)               |                            _raw_spin_unlock_irq() {
   11.754679 |   2)   0.194 us    |                              preempt_count_sub();
   11.754679 |   2)   0.465 us    |                            }
   11.754679 |   2)   2.139 us    |                          }
   11.754679 |   2)               |                          folio_add_lru() {
   11.754679 |   2)               |                            __folio_batch_add_and_move() {
   11.754679 |   2)   0.126 us    |                              preempt_count_add();
   11.754680 |   2)   0.140 us    |                              preempt_count_sub();
   11.754680 |   2)   0.680 us    |                            }
   11.754680 |   2)   0.938 us    |                          }
   11.754680 |   2)   3.525 us    |                        }
   11.754681 |   2)               |                        filemap_alloc_folio_noprof() {
   11.754681 |   2)               |                          folio_alloc_noprof() {
   11.754681 |   2)               |                            alloc_pages_mpol() {
   11.754681 |   2)   0.127 us    |                              policy_nodemask();
   11.754681 |   2)               |                              __alloc_frozen_pages_noprof() {
   11.754681 |   2)               |                                get_page_from_freelist() {
   11.754682 |   2)   0.128 us    |                                  preempt_count_add();
   11.754682 |   2)               |                                  _raw_spin_trylock() {
   11.754682 |   2)   0.128 us    |                                    preempt_count_add();
   11.754682 |   2)   0.394 us    |                                  }
   11.754682 |   2)               |                                  _raw_spin_unlock() {
   11.754683 |   2)   0.125 us    |                                    preempt_count_sub();
   11.754683 |   2)   0.395 us    |                                  }
   11.754683 |   2)   0.130 us    |                                  preempt_count_sub();
   11.754683 |   2)   1.777 us    |                                }
   11.754683 |   2)   2.052 us    |                              }
   11.754684 |   2)   2.609 us    |                            }
   11.754684 |   2)   2.867 us    |                          }
   11.754684 |   2)   3.122 us    |                        }
   11.754684 |   2)               |                        filemap_add_folio() {
   11.754684 |   2)               |                          __filemap_add_folio() {
   11.754684 |   2)   0.128 us    |                            shmem_mapping();
   11.754684 |   2)               |                            _raw_spin_lock_irq() {
   11.754685 |   2)   0.129 us    |                              preempt_count_add();
   11.754685 |   2)   0.403 us    |                            }
   11.754685 |   2)   0.126 us    |                            workingset_update_node();
   11.754685 |   2)   0.128 us    |                            mod_node_page_state();
   11.754686 |   2)               |                            _raw_spin_unlock_irq() {
   11.754686 |   2)   0.129 us    |                              preempt_count_sub();
   11.754686 |   2)   0.398 us    |                            }
   11.754686 |   2)   2.087 us    |                          }
   11.754686 |   2)               |                          folio_add_lru() {
   11.754686 |   2)               |                            __folio_batch_add_and_move() {
   11.754687 |   2)   0.126 us    |                              preempt_count_add();
   11.754687 |   2)   0.127 us    |                              preempt_count_sub();
   11.754687 |   2)   0.666 us    |                            }
   11.754687 |   2)   0.928 us    |                          }
   11.754687 |   2)   3.418 us    |                        }
   11.754688 |   2)               |                        filemap_alloc_folio_noprof() {
   11.754688 |   2)               |                          folio_alloc_noprof() {
   11.754688 |   2)               |                            alloc_pages_mpol() {
   11.754688 |   2)   0.131 us    |                              policy_nodemask();
   11.754688 |   2)               |                              __alloc_frozen_pages_noprof() {
   11.754688 |   2)               |                                get_page_from_freelist() {
   11.754689 |   2)   0.126 us    |                                  preempt_count_add();
   11.754689 |   2)               |                                  _raw_spin_trylock() {
   11.754689 |   2)   0.125 us    |                                    preempt_count_add();
   11.754689 |   2)   0.394 us    |                                  }
   11.754689 |   2)               |                                  _raw_spin_unlock() {
   11.754690 |   2)   0.126 us    |                                    preempt_count_sub();
   11.754690 |   2)   0.395 us    |                                  }
   11.754690 |   2)   0.127 us    |                                  preempt_count_sub();
   11.754690 |   2)   1.753 us    |                                }
   11.754690 |   2)   2.048 us    |                              }
   11.754690 |   2)   2.584 us    |                            }
   11.754691 |   2)   2.840 us    |                          }
   11.754691 |   2)   3.093 us    |                        }
   11.754691 |   2)               |                        filemap_add_folio() {
   11.754691 |   2)               |                          __filemap_add_folio() {
   11.754691 |   2)   0.125 us    |                            shmem_mapping();
   11.754691 |   2)               |                            _raw_spin_lock_irq() {
   11.754692 |   2)   0.128 us    |                              preempt_count_add();
   11.754692 |   2)   0.402 us    |                            }
   11.754692 |   2)   0.129 us    |                            workingset_update_node();
   11.754692 |   2)   0.128 us    |                            mod_node_page_state();
   11.754693 |   2)               |                            _raw_spin_unlock_irq() {
   11.754693 |   2)   0.129 us    |                              preempt_count_sub();
   11.754693 |   2)   0.399 us    |                            }
   11.754693 |   2)   2.168 us    |                          }
   11.754693 |   2)               |                          folio_add_lru() {
   11.754693 |   2)               |                            __folio_batch_add_and_move() {
   11.754694 |   2)   0.128 us    |                              preempt_count_add();
   11.754694 |   2)   0.127 us    |                              preempt_count_sub();
   11.754694 |   2)   0.670 us    |                            }
   11.754694 |   2)   0.932 us    |                          }
   11.754694 |   2)   3.540 us    |                        }
   11.754695 |   2)               |                        filemap_alloc_folio_noprof() {
   11.754695 |   2)               |                          folio_alloc_noprof() {
   11.754695 |   2)               |                            alloc_pages_mpol() {
   11.754695 |   2)   0.126 us    |                              policy_nodemask();
   11.754695 |   2)               |                              __alloc_frozen_pages_noprof() {
   11.754696 |   2)               |                                get_page_from_freelist() {
   11.754696 |   2)   0.127 us    |                                  preempt_count_add();
   11.754696 |   2)               |                                  _raw_spin_trylock() {
   11.754696 |   2)   0.125 us    |                                    preempt_count_add();
   11.754696 |   2)   0.393 us    |                                  }
   11.754696 |   2)               |                                  _raw_spin_unlock() {
   11.754697 |   2)   0.125 us    |                                    preempt_count_sub();
   11.754697 |   2)   0.392 us    |                                  }
   11.754697 |   2)   0.127 us    |                                  preempt_count_sub();
   11.754697 |   2)   1.769 us    |                                }
   11.754697 |   2)   2.066 us    |                              }
   11.754698 |   2)   2.594 us    |                            }
   11.754698 |   2)   2.850 us    |                          }
   11.754698 |   2)   3.101 us    |                        }
   11.754698 |   2)               |                        filemap_add_folio() {
   11.754698 |   2)               |                          __filemap_add_folio() {
   11.754698 |   2)   0.125 us    |                            shmem_mapping();
   11.754699 |   2)               |                            _raw_spin_lock_irq() {
   11.754699 |   2)   0.128 us    |                              preempt_count_add();
   11.754699 |   2)   0.399 us    |                            }
   11.754699 |   2)   0.125 us    |                            workingset_update_node();
   11.754699 |   2)   0.129 us    |                            mod_node_page_state();
   11.754700 |   2)               |                            _raw_spin_unlock_irq() {
   11.754700 |   2)   0.129 us    |                              preempt_count_sub();
   11.754700 |   2)   0.395 us    |                            }
   11.754700 |   2)   2.047 us    |                          }
   11.754700 |   2)               |                          folio_add_lru() {
   11.754700 |   2)               |                            __folio_batch_add_and_move() {
   11.754701 |   2)   0.127 us    |                              preempt_count_add();
   11.754701 |   2)   0.128 us    |                              preempt_count_sub();
   11.754701 |   2)   0.667 us    |                            }
   11.754701 |   2)   0.929 us    |                          }
   11.754701 |   2)   3.376 us    |                        }
   11.754702 |   2)               |                        filemap_alloc_folio_noprof() {
   11.754702 |   2)               |                          folio_alloc_noprof() {
   11.754702 |   2)               |                            alloc_pages_mpol() {
   11.754702 |   2)   0.126 us    |                              policy_nodemask();
   11.754702 |   2)               |                              __alloc_frozen_pages_noprof() {
   11.754702 |   2)               |                                get_page_from_freelist() {
   11.754703 |   2)   0.127 us    |                                  preempt_count_add();
   11.754703 |   2)               |                                  _raw_spin_trylock() {
   11.754703 |   2)   0.126 us    |                                    preempt_count_add();
   11.754703 |   2)   0.391 us    |                                  }
   11.754703 |   2)               |                                  _raw_spin_unlock() {
   11.754704 |   2)   0.126 us    |                                    preempt_count_sub();
   11.754704 |   2)   0.390 us    |                                  }
   11.754704 |   2)   0.126 us    |                                  preempt_count_sub();
   11.754704 |   2)   1.741 us    |                                }
   11.754704 |   2)   2.013 us    |                              }
   11.754705 |   2)   2.540 us    |                            }
   11.754705 |   2)   2.797 us    |                          }
   11.754705 |   2)   3.046 us    |                        }
   11.754705 |   2)               |                        filemap_add_folio() {
   11.754705 |   2)               |                          __filemap_add_folio() {
   11.754705 |   2)   0.128 us    |                            shmem_mapping();
   11.754705 |   2)               |                            _raw_spin_lock_irq() {
   11.754706 |   2)   0.127 us    |                              preempt_count_add();
   11.754706 |   2)   0.399 us    |                            }
   11.754706 |   2)   0.126 us    |                            workingset_update_node();
   11.754706 |   2)   0.128 us    |                            mod_node_page_state();
   11.754707 |   2)               |                            _raw_spin_unlock_irq() {
   11.754707 |   2)   0.129 us    |                              preempt_count_sub();
   11.754707 |   2)   0.395 us    |                            }
   11.754707 |   2)   2.067 us    |                          }
   11.754707 |   2)               |                          folio_add_lru() {
   11.754707 |   2)               |                            __folio_batch_add_and_move() {
   11.754708 |   2)   0.126 us    |                              preempt_count_add();
   11.754708 |   2)   0.129 us    |                              preempt_count_sub();
   11.754708 |   2)   0.698 us    |                            }
   11.754708 |   2)   0.954 us    |                          }
   11.754708 |   2)   3.541 us    |                        }
   11.754709 |   2)               |                        filemap_alloc_folio_noprof() {
   11.754709 |   2)               |                          folio_alloc_noprof() {
   11.754709 |   2)               |                            alloc_pages_mpol() {
   11.754709 |   2)   0.126 us    |                              policy_nodemask();
   11.754709 |   2)               |                              __alloc_frozen_pages_noprof() {
   11.754710 |   2)               |                                get_page_from_freelist() {
   11.754710 |   2)   0.127 us    |                                  preempt_count_add();
   11.754710 |   2)               |                                  _raw_spin_trylock() {
   11.754710 |   2)   0.125 us    |                                    preempt_count_add();
   11.754710 |   2)   0.413 us    |                                  }
   11.754711 |   2)               |                                  _raw_spin_unlock() {
   11.754711 |   2)   0.126 us    |                                    preempt_count_sub();
   11.754711 |   2)   0.389 us    |                                  }
   11.754711 |   2)   0.128 us    |                                  preempt_count_sub();
   11.754711 |   2)   1.750 us    |                                }
   11.754711 |   2)   2.017 us    |                              }
   11.754712 |   2)   2.541 us    |                            }
   11.754712 |   2)   2.798 us    |                          }
   11.754712 |   2)   3.070 us    |                        }
   11.754712 |   2)               |                        filemap_add_folio() {
   11.754712 |   2)               |                          __filemap_add_folio() {
   11.754712 |   2)   0.126 us    |                            shmem_mapping();
   11.754713 |   2)               |                            _raw_spin_lock_irq() {
   11.754713 |   2)   0.127 us    |                              preempt_count_add();
   11.754713 |   2)   0.398 us    |                            }
   11.754713 |   2)   0.126 us    |                            workingset_update_node();
   11.754713 |   2)   0.127 us    |                            mod_node_page_state();
   11.754714 |   2)               |                            _raw_spin_unlock_irq() {
   11.754714 |   2)   0.127 us    |                              preempt_count_sub();
   11.754714 |   2)   0.395 us    |                            }
   11.754714 |   2)   2.058 us    |                          }
   11.754714 |   2)               |                          folio_add_lru() {
   11.754714 |   2)               |                            __folio_batch_add_and_move() {
   11.754715 |   2)   0.127 us    |                              preempt_count_add();
   11.754715 |   2)   0.127 us    |                              preempt_count_sub();
   11.754715 |   2)   0.661 us    |                            }
   11.754715 |   2)   0.919 us    |                          }
   11.754715 |   2)   3.419 us    |                        }
   11.754716 |   2)               |                        filemap_alloc_folio_noprof() {
   11.754716 |   2)               |                          folio_alloc_noprof() {
   11.754716 |   2)               |                            alloc_pages_mpol() {
   11.754716 |   2)   0.127 us    |                              policy_nodemask();
   11.754716 |   2)               |                              __alloc_frozen_pages_noprof() {
   11.754717 |   2)               |                                get_page_from_freelist() {
   11.754717 |   2)   0.129 us    |                                  preempt_count_add();
   11.754717 |   2)               |                                  _raw_spin_trylock() {
   11.754717 |   2)   0.126 us    |                                    preempt_count_add();
   11.754717 |   2)   0.419 us    |                                  }
   11.754717 |   2)               |                                  _raw_spin_unlock() {
   11.754718 |   2)   0.125 us    |                                    preempt_count_sub();
   11.754718 |   2)   0.419 us    |                                  }
   11.754718 |   2)   0.128 us    |                                  preempt_count_sub();
   11.754718 |   2)   1.798 us    |                                }
   11.754718 |   2)   2.080 us    |                              }
   11.754719 |   2)   2.609 us    |                            }
   11.754719 |   2)   2.866 us    |                          }
   11.754719 |   2)   3.115 us    |                        }
   11.754719 |   2)               |                        filemap_add_folio() {
   11.754719 |   2)               |                          __filemap_add_folio() {
   11.754719 |   2)   0.126 us    |                            shmem_mapping();
   11.754720 |   2)               |                            _raw_spin_lock_irq() {
   11.754720 |   2)   0.128 us    |                              preempt_count_add();
   11.754720 |   2)   0.397 us    |                            }
   11.754720 |   2)   0.128 us    |                            workingset_update_node();
   11.754720 |   2)   0.127 us    |                            mod_node_page_state();
   11.754721 |   2)               |                            _raw_spin_unlock_irq() {
   11.754721 |   2)   0.127 us    |                              preempt_count_sub();
   11.754721 |   2)   0.395 us    |                            }
   11.754721 |   2)   2.069 us    |                          }
   11.754721 |   2)               |                          folio_add_lru() {
   11.754722 |   2)               |                            __folio_batch_add_and_move() {
   11.754722 |   2)   0.130 us    |                              preempt_count_add();
   11.754722 |   2)   0.128 us    |                              preempt_count_sub();
   11.754722 |   2)   0.734 us    |                            }
   11.754722 |   2)   0.993 us    |                          }
   11.754722 |   2)   3.463 us    |                        }
   11.754723 |   2)               |                        filemap_alloc_folio_noprof() {
   11.754723 |   2)               |                          folio_alloc_noprof() {
   11.754723 |   2)               |                            alloc_pages_mpol() {
   11.754723 |   2)   0.134 us    |                              policy_nodemask();
   11.754723 |   2)               |                              __alloc_frozen_pages_noprof() {
   11.754724 |   2)               |                                get_page_from_freelist() {
   11.754724 |   2)   0.127 us    |                                  preempt_count_add();
   11.754724 |   2)               |                                  _raw_spin_trylock() {
   11.754724 |   2)   0.126 us    |                                    preempt_count_add();
   11.754724 |   2)   0.390 us    |                                  }
   11.754725 |   2)               |                                  _raw_spin_unlock() {
   11.754725 |   2)   0.126 us    |                                    preempt_count_sub();
   11.754725 |   2)   0.413 us    |                                  }
   11.754725 |   2)   0.127 us    |                                  preempt_count_sub();
   11.754725 |   2)   1.762 us    |                                }
   11.754725 |   2)   2.053 us    |                              }
   11.754726 |   2)   2.589 us    |                            }
   11.754726 |   2)   2.842 us    |                          }
   11.754726 |   2)   3.093 us    |                        }
   11.754726 |   2)               |                        filemap_add_folio() {
   11.754726 |   2)               |                          __filemap_add_folio() {
   11.754726 |   2)   0.125 us    |                            shmem_mapping();
   11.754727 |   2)               |                            _raw_spin_lock_irq() {
   11.754727 |   2)   0.127 us    |                              preempt_count_add();
   11.754727 |   2)   0.397 us    |                            }
   11.754727 |   2)   0.125 us    |                            workingset_update_node();
   11.754727 |   2)   0.128 us    |                            mod_node_page_state();
   11.754728 |   2)               |                            _raw_spin_unlock_irq() {
   11.754728 |   2)   0.126 us    |                              preempt_count_sub();
   11.754728 |   2)   0.395 us    |                            }
   11.754728 |   2)   2.040 us    |                          }
   11.754728 |   2)               |                          folio_add_lru() {
   11.754728 |   2)               |                            __folio_batch_add_and_move() {
   11.754729 |   2)   0.126 us    |                              preempt_count_add();
   11.754729 |   2)               |                              folio_batch_move_lru() {
   11.754729 |   2)               |                                _raw_spin_lock_irqsave() {
   11.754729 |   2)   0.133 us    |                                  preempt_count_add();
   11.754730 |   2)   0.427 us    |                                }
   11.754730 |   2)               |                                lru_add() {
   11.754730 |   2)   0.134 us    |                                  folio_mapping();
   11.754731 |   2)   0.128 us    |                                  mod_node_page_state();
   11.754731 |   2)   0.124 us    |                                  __mod_zone_page_state();
   11.754731 |   2)   1.274 us    |                                }
   11.754731 |   2)               |                                lru_add() {
   11.754732 |   2)   0.123 us    |                                  folio_mapping();
   11.754732 |   2)   0.125 us    |                                  mod_node_page_state();
   11.754732 |   2)   0.125 us    |                                  __mod_zone_page_state();
   11.754732 |   2)   1.104 us    |                                }
   11.754733 |   2)               |                                lru_add() {
   11.754733 |   2)   0.125 us    |                                  folio_mapping();
   11.754733 |   2)   0.125 us    |                                  mod_node_page_state();
   11.754733 |   2)   0.124 us    |                                  __mod_zone_page_state();
   11.754734 |   2)   1.103 us    |                                }
   11.754734 |   2)               |                                lru_add() {
   11.754734 |   2)   0.126 us    |                                  folio_mapping();
   11.754734 |   2)   0.128 us    |                                  mod_node_page_state();
   11.754735 |   2)   0.126 us    |                                  __mod_zone_page_state();
   11.754735 |   2)   1.129 us    |                                }
   11.754735 |   2)               |                                lru_add() {
   11.754735 |   2)   0.143 us    |                                  folio_mapping();
   11.754736 |   2)   0.123 us    |                                  mod_node_page_state();
   11.754736 |   2)   0.124 us    |                                  __mod_zone_page_state();
   11.754736 |   2)   1.145 us    |                                }
   11.754736 |   2)               |                                lru_add() {
   11.754737 |   2)   0.124 us    |                                  folio_mapping();
   11.754737 |   2)   0.124 us    |                                  mod_node_page_state();
   11.754737 |   2)   0.128 us    |                                  __mod_zone_page_state();
   11.754738 |   2)   1.166 us    |                                }
   11.754738 |   2)               |                                lru_add() {
   11.754738 |   2)   0.124 us    |                                  folio_mapping();
   11.754738 |   2)   0.123 us    |                                  mod_node_page_state();
   11.754739 |   2)   0.124 us    |                                  __mod_zone_page_state();
   11.754739 |   2)   1.113 us    |                                }
   11.754739 |   2)               |                                lru_add() {
   11.754739 |   2)   0.126 us    |                                  folio_mapping();
   11.754740 |   2)   0.126 us    |                                  mod_node_page_state();
   11.754740 |   2)   0.124 us    |                                  __mod_zone_page_state();
   11.754740 |   2)   1.101 us    |                                }
   11.754740 |   2)               |                                lru_add() {
   11.754741 |   2)   0.124 us    |                                  folio_mapping();
   11.754741 |   2)   0.125 us    |                                  mod_node_page_state();
   11.754741 |   2)   0.124 us    |                                  __mod_zone_page_state();
   11.754741 |   2)   1.100 us    |                                }
   11.754742 |   2)               |                                lru_add() {
   11.754742 |   2)   0.124 us    |                                  folio_mapping();
   11.754742 |   2)   0.125 us    |                                  mod_node_page_state();
   11.754742 |   2)   0.124 us    |                                  __mod_zone_page_state();
   11.754743 |   2)   1.097 us    |                                }
   11.754743 |   2)               |                                lru_add() {
   11.754743 |   2)   0.124 us    |                                  folio_mapping();
   11.754743 |   2)   0.125 us    |                                  mod_node_page_state();
   11.754744 |   2)   0.124 us    |                                  __mod_zone_page_state();
   11.754744 |   2)   1.097 us    |                                }
   11.754744 |   2)               |                                lru_add() {
   11.754744 |   2)   0.127 us    |                                  folio_mapping();
   11.754745 |   2)   0.124 us    |                                  mod_node_page_state();
   11.754745 |   2)   0.125 us    |                                  __mod_zone_page_state();
   11.754745 |   2)   1.098 us    |                                }
   11.754746 |   2)               |                                lru_add() {
   11.754746 |   2)   0.126 us    |                                  folio_mapping();
   11.754746 |   2)   0.125 us    |                                  mod_node_page_state();
   11.754746 |   2)   0.122 us    |                                  __mod_zone_page_state();
   11.754747 |   2)   1.101 us    |                                }
   11.754747 |   2)               |                                lru_add() {
   11.754747 |   2)   0.134 us    |                                  folio_mapping();
   11.754748 |   2)   0.125 us    |                                  mod_node_page_state();
   11.754748 |   2)   0.124 us    |                                  __mod_zone_page_state();
   11.754748 |   2)   1.118 us    |                                }
   11.754748 |   2)               |                                lru_add() {
   11.754749 |   2)   0.138 us    |                                  folio_mapping();
   11.754749 |   2)   0.123 us    |                                  mod_node_page_state();
   11.754749 |   2)   0.124 us    |                                  __mod_zone_page_state();
   11.754750 |   2)   1.160 us    |                                }
   11.754750 |   2)               |                                lru_add() {
   11.754750 |   2)   0.134 us    |                                  folio_mapping();
   11.754750 |   2)   0.126 us    |                                  mod_node_page_state();
   11.754751 |   2)   0.123 us    |                                  __mod_zone_page_state();
   11.754751 |   2)   1.107 us    |                                }
   11.754751 |   2)               |                                lru_add() {
   11.754751 |   2)   0.137 us    |                                  folio_mapping();
   11.754752 |   2)   0.125 us    |                                  mod_node_page_state();
   11.754752 |   2)   0.124 us    |                                  __mod_zone_page_state();
   11.754752 |   2)   1.110 us    |                                }
   11.754752 |   2)               |                                lru_add() {
   11.754753 |   2)   0.127 us    |                                  folio_mapping();
   11.754753 |   2)   0.126 us    |                                  mod_node_page_state();
   11.754753 |   2)   0.124 us    |                                  __mod_zone_page_state();
   11.754753 |   2)   1.100 us    |                                }
   11.754754 |   2)               |                                lru_add() {
   11.754754 |   2)   0.125 us    |                                  folio_mapping();
   11.754754 |   2)   0.289 us    |                                  mod_node_page_state();
   11.754755 |   2)   0.272 us    |                                  __mod_zone_page_state();
   11.754755 |   2)   1.509 us    |                                }
   11.754755 |   2)               |                                lru_add() {
   11.754756 |   2)   0.125 us    |                                  folio_mapping();
   11.754756 |   2)   0.126 us    |                                  mod_node_page_state();
   11.754756 |   2)   0.124 us    |                                  __mod_zone_page_state();
   11.754756 |   2)   1.119 us    |                                }
   11.754757 |   2)               |                                lru_add() {
   11.754757 |   2)   0.126 us    |                                  folio_mapping();
   11.754757 |   2)   0.126 us    |                                  mod_node_page_state();
   11.754757 |   2)   0.123 us    |                                  __mod_zone_page_state();
   11.754758 |   2)   1.105 us    |                                }
   11.754758 |   2)               |                                lru_add() {
   11.754758 |   2)   0.123 us    |                                  folio_mapping();
   11.754758 |   2)   0.124 us    |                                  mod_node_page_state();
   11.754759 |   2)   0.124 us    |                                  __mod_zone_page_state();
   11.754759 |   2)   1.120 us    |                                }
   11.754759 |   2)               |                                lru_add() {
   11.754759 |   2)   0.124 us    |                                  folio_mapping();
   11.754760 |   2)   0.124 us    |                                  mod_node_page_state();
   11.754760 |   2)   0.124 us    |                                  __mod_zone_page_state();
   11.754760 |   2)   1.097 us    |                                }
   11.754760 |   2)               |                                lru_add() {
   11.754761 |   2)   0.125 us    |                                  folio_mapping();
   11.754761 |   2)   0.124 us    |                                  mod_node_page_state();
   11.754761 |   2)   0.124 us    |                                  __mod_zone_page_state();
   11.754762 |   2)   1.099 us    |                                }
   11.754762 |   2)               |                                lru_add() {
   11.754762 |   2)   0.125 us    |                                  folio_mapping();
   11.754762 |   2)   0.127 us    |                                  mod_node_page_state();
   11.754763 |   2)   0.125 us    |                                  __mod_zone_page_state();
   11.754763 |   2)   1.148 us    |                                }
   11.754763 |   2)               |                                lru_add() {
   11.754763 |   2)   0.125 us    |                                  folio_mapping();
   11.754764 |   2)   0.125 us    |                                  mod_node_page_state();
   11.754764 |   2)   0.125 us    |                                  __mod_zone_page_state();
   11.754764 |   2)   1.097 us    |                                }
   11.754764 |   2)               |                                lru_add() {
   11.754764 |   2)   0.123 us    |                                  folio_mapping();
   11.754765 |   2)   0.124 us    |                                  mod_node_page_state();
   11.754765 |   2)   0.125 us    |                                  __mod_zone_page_state();
   11.754765 |   2)   1.094 us    |                                }
   11.754766 |   2)               |                                lru_add() {
   11.754766 |   2)   0.124 us    |                                  folio_mapping();
   11.754766 |   2)   0.127 us    |                                  mod_node_page_state();
   11.754766 |   2)   0.126 us    |                                  __mod_zone_page_state();
   11.754767 |   2)   1.124 us    |                                }
   11.754767 |   2)               |                                lru_add() {
   11.754767 |   2)   0.124 us    |                                  folio_mapping();
   11.754767 |   2)   0.126 us    |                                  mod_node_page_state();
   11.754768 |   2)   0.125 us    |                                  __mod_zone_page_state();
   11.754768 |   2)   1.094 us    |                                }
   11.754768 |   2)               |                                lru_add() {
   11.754768 |   2)   0.124 us    |                                  folio_mapping();
   11.754769 |   2)   0.125 us    |                                  mod_node_page_state();
   11.754769 |   2)   0.125 us    |                                  __mod_zone_page_state();
   11.754769 |   2)   1.094 us    |                                }
   11.754769 |   2)               |                                lru_add() {
   11.754770 |   2)   0.123 us    |                                  folio_mapping();
   11.754770 |   2)   0.127 us    |                                  mod_node_page_state();
   11.754770 |   2)   0.124 us    |                                  __mod_zone_page_state();
   11.754771 |   2)   1.093 us    |                                }
   11.754771 |   2)               |                                _raw_spin_unlock_irqrestore() {
   11.754771 |   2)   0.132 us    |                                  preempt_count_sub();
   11.754771 |   2)   0.419 us    |                                }
   11.754771 |   2)   0.143 us    |                                free_unref_folios();
   11.754772 |   2)   0.322 us    |                                folios_put_refs();
   11.754772 |   2) + 43.186 us   |                              }
   11.754772 |   2)   0.126 us    |                              preempt_count_sub();
   11.754773 |   2) + 44.125 us   |                            }
   11.754773 |   2) + 44.384 us   |                          }
   11.754773 |   2) + 46.848 us   |                        }
   11.754773 |   2)               |                        filemap_alloc_folio_noprof() {
   11.754773 |   2)               |                          folio_alloc_noprof() {
   11.754773 |   2)               |                            alloc_pages_mpol() {
   11.754774 |   2)   0.123 us    |                              policy_nodemask();
   11.754774 |   2)               |                              __alloc_frozen_pages_noprof() {
   11.754774 |   2)               |                                get_page_from_freelist() {
   11.754774 |   2)   0.124 us    |                                  preempt_count_add();
   11.754774 |   2)               |                                  _raw_spin_trylock() {
   11.754775 |   2)   0.125 us    |                                    preempt_count_add();
   11.754775 |   2)   0.414 us    |                                  }
   11.754775 |   2)               |                                  _raw_spin_unlock() {
   11.754775 |   2)   0.126 us    |                                    preempt_count_sub();
   11.754775 |   2)   0.392 us    |                                  }
   11.754776 |   2)   0.126 us    |                                  preempt_count_sub();
   11.754776 |   2)   1.797 us    |                                }
   11.754776 |   2)   2.077 us    |                              }
   11.754776 |   2)   2.608 us    |                            }
   11.754776 |   2)   2.869 us    |                          }
   11.754776 |   2)   3.125 us    |                        }
   11.754776 |   2)               |                        filemap_add_folio() {
   11.754777 |   2)               |                          __filemap_add_folio() {
   11.754777 |   2)   0.125 us    |                            shmem_mapping();
   11.754777 |   2)               |                            _raw_spin_lock_irq() {
   11.754777 |   2)   0.126 us    |                              preempt_count_add();
   11.754777 |   2)   0.401 us    |                            }
   11.754778 |   2)   0.125 us    |                            workingset_update_node();
   11.754778 |   2)   0.128 us    |                            mod_node_page_state();
   11.754778 |   2)               |                            _raw_spin_unlock_irq() {
   11.754778 |   2)   0.127 us    |                              preempt_count_sub();
   11.754779 |   2)   0.393 us    |                            }
   11.754779 |   2)   2.078 us    |                          }
   11.754779 |   2)               |                          folio_add_lru() {
   11.754779 |   2)               |                            __folio_batch_add_and_move() {
   11.754779 |   2)   0.127 us    |                              preempt_count_add();
   11.754779 |   2)   0.128 us    |                              preempt_count_sub();
   11.754780 |   2)   0.683 us    |                            }
   11.754780 |   2)   0.943 us    |                          }
   11.754780 |   2)   3.451 us    |                        }
   11.754780 |   2)               |                        filemap_alloc_folio_noprof() {
   11.754781 |   2)               |                          folio_alloc_noprof() {
   11.754781 |   2)               |                            alloc_pages_mpol() {
   11.754781 |   2)   0.127 us    |                              policy_nodemask();
   11.754781 |   2)               |                              __alloc_frozen_pages_noprof() {
   11.754781 |   2)               |                                get_page_from_freelist() {
   11.754781 |   2)   0.126 us    |                                  preempt_count_add();
   11.754782 |   2)               |                                  _raw_spin_trylock() {
   11.754782 |   2)   0.124 us    |                                    preempt_count_add();
   11.754782 |   2)   0.392 us    |                                  }
   11.754782 |   2)               |                                  _raw_spin_unlock() {
   11.754782 |   2)   0.125 us    |                                    preempt_count_sub();
   11.754782 |   2)   0.388 us    |                                  }
   11.754783 |   2)   0.126 us    |                                  preempt_count_sub();
   11.754783 |   2)   1.733 us    |                                }
   11.754783 |   2)   2.001 us    |                              }
   11.754783 |   2)   2.529 us    |                            }
   11.754783 |   2)   2.785 us    |                          }
   11.754783 |   2)   3.033 us    |                        }
   11.754784 |   2)               |                        filemap_add_folio() {
   11.754784 |   2)               |                          __filemap_add_folio() {
   11.754784 |   2)   0.126 us    |                            shmem_mapping();
   11.754784 |   2)               |                            _raw_spin_lock_irq() {
   11.754784 |   2)   0.132 us    |                              preempt_count_add();
   11.754784 |   2)   0.418 us    |                            }
   11.754785 |   2)   0.125 us    |                            workingset_update_node();
   11.754785 |   2)   0.128 us    |                            mod_node_page_state();
   11.754785 |   2)               |                            _raw_spin_unlock_irq() {
   11.754785 |   2)   0.126 us    |                              preempt_count_sub();
   11.754786 |   2)   0.489 us    |                            }
   11.754786 |   2)   2.189 us    |                          }
   11.754786 |   2)               |                          folio_add_lru() {
   11.754786 |   2)               |                            __folio_batch_add_and_move() {
   11.754786 |   2)   0.126 us    |                              preempt_count_add();
   11.754787 |   2)   0.128 us    |                              preempt_count_sub();
   11.754787 |   2)   0.667 us    |                            }
   11.754787 |   2)   0.915 us    |                          }
   11.754787 |   2)   3.507 us    |                        }
   11.754787 |   2)               |                        filemap_alloc_folio_noprof() {
   11.754788 |   2)               |                          folio_alloc_noprof() {
   11.754788 |   2)               |                            alloc_pages_mpol() {
   11.754788 |   2)   0.125 us    |                              policy_nodemask();
   11.754788 |   2)               |                              __alloc_frozen_pages_noprof() {
   11.754788 |   2)               |                                get_page_from_freelist() {
   11.754788 |   2)   0.128 us    |                                  preempt_count_add();
   11.754789 |   2)               |                                  _raw_spin_trylock() {
   11.754789 |   2)   0.127 us    |                                    preempt_count_add();
   11.754789 |   2)   0.394 us    |                                  }
   11.754789 |   2)               |                                  _raw_spin_unlock() {
   11.754789 |   2)   0.126 us    |                                    preempt_count_sub();
   11.754790 |   2)   0.389 us    |                                  }
   11.754790 |   2)   0.127 us    |                                  preempt_count_sub();
   11.754790 |   2)   1.764 us    |                                }
   11.754790 |   2)   2.037 us    |                              }
   11.754790 |   2)   2.564 us    |                            }
   11.754790 |   2)   2.822 us    |                          }
   11.754791 |   2)   3.073 us    |                        }
   11.754791 |   2)               |                        filemap_add_folio() {
   11.754791 |   2)               |                          __filemap_add_folio() {
   11.754791 |   2)   0.125 us    |                            shmem_mapping();
   11.754791 |   2)               |                            _raw_spin_lock_irq() {
   11.754791 |   2)   0.127 us    |                              preempt_count_add();
   11.754792 |   2)   0.400 us    |                            }
   11.754792 |   2)   0.125 us    |                            workingset_update_node();
   11.754792 |   2)   0.127 us    |                            mod_node_page_state();
   11.754792 |   2)               |                            _raw_spin_unlock_irq() {
   11.754792 |   2)   0.128 us    |                              preempt_count_sub();
   11.754793 |   2)   0.413 us    |                            }
   11.754793 |   2)   2.082 us    |                          }
   11.754793 |   2)               |                          folio_add_lru() {
   11.754793 |   2)               |                            __folio_batch_add_and_move() {
   11.754793 |   2)   0.128 us    |                              preempt_count_add();
   11.754793 |   2)   0.126 us    |                              preempt_count_sub();
   11.754794 |   2)   0.663 us    |                            }
   11.754794 |   2)   0.911 us    |                          }
   11.754794 |   2)   3.395 us    |                        }
   11.754794 |   2)               |                        filemap_alloc_folio_noprof() {
   11.754795 |   2)               |                          folio_alloc_noprof() {
   11.754795 |   2)               |                            alloc_pages_mpol() {
   11.754795 |   2)   0.123 us    |                              policy_nodemask();
   11.754795 |   2)               |                              __alloc_frozen_pages_noprof() {
   11.754795 |   2)               |                                get_page_from_freelist() {
   11.754795 |   2)   0.126 us    |                                  preempt_count_add();
   11.754796 |   2)               |                                  _raw_spin_trylock() {
   11.754796 |   2)   0.124 us    |                                    preempt_count_add();
   11.754796 |   2)   0.390 us    |                                  }
   11.754796 |   2)               |                                  _raw_spin_unlock() {
   11.754796 |   2)   0.126 us    |                                    preempt_count_sub();
   11.754797 |   2)   0.392 us    |                                  }
   11.754797 |   2)   0.127 us    |                                  preempt_count_sub();
   11.754797 |   2)   1.801 us    |                                }
   11.754797 |   2)   2.073 us    |                              }
   11.754797 |   2)   2.601 us    |                            }
   11.754797 |   2)   2.857 us    |                          }
   11.754797 |   2)   3.108 us    |                        }
   11.754798 |   2)               |                        filemap_add_folio() {
   11.754798 |   2)               |                          __filemap_add_folio() {
   11.754798 |   2)   0.125 us    |                            shmem_mapping();
   11.754798 |   2)               |                            _raw_spin_lock_irq() {
   11.754798 |   2)   0.127 us    |                              preempt_count_add();
   11.754799 |   2)   0.396 us    |                            }
   11.754799 |   2)   0.124 us    |                            workingset_update_node();
   11.754799 |   2)   0.126 us    |                            mod_node_page_state();
   11.754799 |   2)               |                            _raw_spin_unlock_irq() {
   11.754799 |   2)   0.126 us    |                              preempt_count_sub();
   11.754800 |   2)   0.471 us    |                            }
   11.754800 |   2)   2.164 us    |                          }
   11.754800 |   2)               |                          folio_add_lru() {
   11.754800 |   2)               |                            __folio_batch_add_and_move() {
   11.754800 |   2)   0.127 us    |                              preempt_count_add();
   11.754801 |   2)   0.127 us    |                              preempt_count_sub();
   11.754801 |   2)   0.664 us    |                            }
   11.754801 |   2)   0.912 us    |                          }
   11.754801 |   2)   3.476 us    |                        }
   11.754801 |   2)               |                        filemap_alloc_folio_noprof() {
   11.754802 |   2)               |                          folio_alloc_noprof() {
   11.754802 |   2)               |                            alloc_pages_mpol() {
   11.754802 |   2)   0.126 us    |                              policy_nodemask();
   11.754802 |   2)               |                              __alloc_frozen_pages_noprof() {
   11.754802 |   2)               |                                get_page_from_freelist() {
   11.754802 |   2)   0.126 us    |                                  preempt_count_add();
   11.754803 |   2)               |                                  _raw_spin_trylock() {
   11.754803 |   2)   0.123 us    |                                    preempt_count_add();
   11.754803 |   2)   0.388 us    |                                  }
   11.754803 |   2)               |                                  _raw_spin_unlock() {
   11.754803 |   2)   0.125 us    |                                    preempt_count_sub();
   11.754804 |   2)   0.391 us    |                                  }
   11.754804 |   2)   0.126 us    |                                  preempt_count_sub();
   11.754804 |   2)   1.752 us    |                                }
   11.754804 |   2)   2.020 us    |                              }
   11.754804 |   2)   2.550 us    |                            }
   11.754804 |   2)   2.804 us    |                          }
   11.754805 |   2)   3.056 us    |                        }
   11.754805 |   2)               |                        filemap_add_folio() {
   11.754805 |   2)               |                          __filemap_add_folio() {
   11.754805 |   2)   0.127 us    |                            shmem_mapping();
   11.754805 |   2)               |                            _raw_spin_lock_irq() {
   11.754805 |   2)   0.127 us    |                              preempt_count_add();
   11.754806 |   2)   0.399 us    |                            }
   11.754806 |   2)   0.124 us    |                            workingset_update_node();
   11.754806 |   2)   0.126 us    |                            mod_node_page_state();
   11.754806 |   2)               |                            _raw_spin_unlock_irq() {
   11.754806 |   2)   0.128 us    |                              preempt_count_sub();
   11.754807 |   2)   0.396 us    |                            }
   11.754807 |   2)   2.042 us    |                          }
   11.754807 |   2)               |                          folio_add_lru() {
   11.754807 |   2)               |                            __folio_batch_add_and_move() {
   11.754807 |   2)   0.150 us    |                              preempt_count_add();
   11.754808 |   2)   0.150 us    |                              preempt_count_sub();
   11.754808 |   2)   0.711 us    |                            }
   11.754808 |   2)   0.960 us    |                          }
   11.754808 |   2)   3.446 us    |                        }
   11.754808 |   2)               |                        read_pages() {
   11.754808 |   2)   0.125 us    |                          blk_start_plug();
   11.754809 |   2)               |                          z_erofs_readahead() {
   11.754809 |   2)   0.147 us    |                            erofs_real_inode();
   11.754809 |   2)               |                            z_erofs_pcluster_readmore() {
   11.754809 |   2)               |                              z_erofs_map_blocks_iter() {
   11.754809 |   2)               |                                z_erofs_map_blocks_fo() {
   11.754810 |   2)               |                                  z_erofs_load_lcluster_from_disk() {
   11.754810 |   2)               |                                    erofs_read_metabuf() {
   11.754810 |   2)               |                                      erofs_bread() {
   11.754810 |   2)               |                                        read_cache_folio() {
   11.754810 |   2)               |                                          do_read_cache_folio() {
   11.754811 |   2)               |                                            __filemap_get_folio_mpol() {
   11.754811 |   2)   0.348 us    |                                              filemap_get_entry();
   11.754811 |   2)   0.617 us    |                                            }
   11.754811 |   2)   0.140 us    |                                            folio_mark_accessed();
   11.754812 |   2)   1.170 us    |                                          }
   11.754812 |   2)   1.423 us    |                                        }
   11.754812 |   2)   1.710 us    |                                      }
   11.754812 |   2)   1.974 us    |                                    }
   11.754812 |   2)   2.484 us    |                                  }
   11.754812 |   2)               |                                  z_erofs_load_lcluster_from_disk() {
   11.754812 |   2)               |                                    erofs_read_metabuf() {
   11.754813 |   2)   0.147 us    |                                      erofs_bread();
   11.754813 |   2)   0.399 us    |                                    }
   11.754813 |   2)   0.722 us    |                                  }
   11.754813 |   2)   0.125 us    |                                  erofs_unmap_metabuf();
   11.754813 |   2)   3.965 us    |                                }
   11.754814 |   2)   4.282 us    |                              }
   11.754814 |   2)   0.133 us    |                              readahead_expand();
   11.754814 |   2)   4.842 us    |                            }
   11.754817 |   2)               |                            z_erofs_scan_folio() {
   11.754817 |   2)   0.127 us    |                              erofs_onlinefolio_init();
   11.754818 |   2)               |                              _raw_spin_lock() {
   11.754819 |   2)   0.127 us    |                                preempt_count_add();
   11.754819 |   2)   0.397 us    |                              }
   11.754819 |   2)               |                              _raw_spin_unlock() {
   11.754819 |   2)   0.145 us    |                                preempt_count_sub();
   11.754819 |   2)   0.412 us    |                              }
   11.754820 |   2)               |                              _raw_spin_lock() {
   11.754820 |   2)   0.126 us    |                                preempt_count_add();
   11.754820 |   2)   0.394 us    |                              }
   11.754821 |   2)               |                              _raw_spin_unlock() {
   11.754821 |   2)   0.141 us    |                                preempt_count_sub();
   11.754821 |   2)   0.407 us    |                              }
   11.754821 |   2)   0.130 us    |                              erofs_onlinefolio_split();
   11.754821 |   2)   0.132 us    |                              erofs_onlinefolio_end();
   11.754822 |   2)   4.478 us    |                            }
   11.754822 |   2)               |                            z_erofs_scan_folio() {
   11.754822 |   2)   0.124 us    |                              erofs_onlinefolio_init();
   11.754822 |   2)               |                              _raw_spin_lock() {
   11.754822 |   2)   0.127 us    |                                preempt_count_add();
   11.754823 |   2)   0.393 us    |                              }
   11.754823 |   2)               |                              _raw_spin_unlock() {
   11.754823 |   2)   0.141 us    |                                preempt_count_sub();
   11.754823 |   2)   0.405 us    |                              }
   11.754823 |   2)   0.133 us    |                              erofs_onlinefolio_split();
   11.754824 |   2)   0.132 us    |                              erofs_onlinefolio_end();
   11.754824 |   2)   2.102 us    |                            }
   11.754824 |   2)               |                            z_erofs_scan_folio() {
   11.754824 |   2)   0.128 us    |                              erofs_onlinefolio_init();
   11.754825 |   2)               |                              _raw_spin_lock() {
   11.754825 |   2)   0.125 us    |                                preempt_count_add();
   11.754825 |   2)   0.391 us    |                              }
   11.754825 |   2)               |                              _raw_spin_unlock() {
   11.754825 |   2)   0.143 us    |                                preempt_count_sub();
   11.754825 |   2)   0.408 us    |                              }
   11.754826 |   2)               |                              __erofs_allocpage() {
   11.754826 |   2)               |                                alloc_pages_noprof() {
   11.754826 |   2)               |                                  alloc_pages_mpol() {
   11.754826 |   2)   0.126 us    |                                    policy_nodemask();
   11.754826 |   2)               |                                    __alloc_frozen_pages_noprof() {
   11.754827 |   2)               |                                      get_page_from_freelist() {
   11.754827 |   2)   0.126 us    |                                        preempt_count_add();
   11.754827 |   2)               |                                        _raw_spin_trylock() {
   11.754827 |   2)   0.122 us    |                                          preempt_count_add();
   11.754827 |   2)   0.387 us    |                                        }
   11.754828 |   2)               |                                        _raw_spin_unlock() {
   11.754828 |   2)   0.132 us    |                                          preempt_count_sub();
   11.754828 |   2)   0.472 us    |                                        }
   11.754828 |   2)   0.127 us    |                                        preempt_count_sub();
   11.754828 |   2)   1.857 us    |                                      }
   11.754829 |   2)   2.164 us    |                                    }
   11.754829 |   2)   2.695 us    |                                  }
   11.754829 |   2)   2.968 us    |                                }
   11.754829 |   2)   3.287 us    |                              }
   11.754829 |   2)   0.129 us    |                              z_erofs_bvset_flip();
   11.754829 |   2)   0.185 us    |                              erofs_onlinefolio_split();
   11.754830 |   2)   0.130 us    |                              erofs_onlinefolio_end();
   11.754830 |   2)   5.941 us    |                            }
   11.754830 |   2)               |                            z_erofs_scan_folio() {
   11.754830 |   2)   0.126 us    |                              erofs_onlinefolio_init();
   11.754831 |   2)               |                              _raw_spin_lock() {
   11.754831 |   2)   0.126 us    |                                preempt_count_add();
   11.754831 |   2)   0.394 us    |                              }
   11.754831 |   2)               |                              _raw_spin_unlock() {
   11.754831 |   2)   0.140 us    |                                preempt_count_sub();
   11.754832 |   2)   0.407 us    |                              }
   11.754832 |   2)   0.130 us    |                              erofs_onlinefolio_split();
   11.754832 |   2)   0.133 us    |                              erofs_onlinefolio_end();
   11.754832 |   2)   2.085 us    |                            }
   11.754832 |   2)               |                            z_erofs_scan_folio() {
   11.754833 |   2)   0.125 us    |                              erofs_onlinefolio_init();
   11.754833 |   2)               |                              _raw_spin_lock() {
   11.754833 |   2)   0.124 us    |                                preempt_count_add();
   11.754833 |   2)   0.392 us    |                              }
   11.754833 |   2)               |                              _raw_spin_unlock() {
   11.754834 |   2)   0.126 us    |                                preempt_count_sub();
   11.754834 |   2)   0.415 us    |                              }
   11.754834 |   2)   0.132 us    |                              erofs_onlinefolio_split();
   11.754834 |   2)   0.130 us    |                              erofs_onlinefolio_end();
   11.754835 |   2)   2.111 us    |                            }
   11.754835 |   2)               |                            z_erofs_scan_folio() {
   11.754835 |   2)   0.123 us    |                              erofs_onlinefolio_init();
   11.754835 |   2)               |                              _raw_spin_lock() {
   11.754835 |   2)   0.124 us    |                                preempt_count_add();
   11.754836 |   2)   0.487 us    |                              }
   11.754836 |   2)               |                              _raw_spin_unlock() {
   11.754836 |   2)   0.127 us    |                                preempt_count_sub();
   11.754836 |   2)   0.391 us    |                              }
   11.754836 |   2)   0.272 us    |                              erofs_onlinefolio_split();
   11.754837 |   2)   0.132 us    |                              erofs_onlinefolio_end();
   11.754837 |   2)   2.297 us    |                            }
   11.754837 |   2)               |                            z_erofs_scan_folio() {
   11.754837 |   2)   0.125 us    |                              erofs_onlinefolio_init();
   11.754838 |   2)               |                              _raw_spin_lock() {
   11.754838 |   2)   0.124 us    |                                preempt_count_add();
   11.754838 |   2)   0.390 us    |                              }
   11.754838 |   2)               |                              _raw_spin_unlock() {
   11.754838 |   2)   0.126 us    |                                preempt_count_sub();
   11.754838 |   2)   0.390 us    |                              }
   11.754839 |   2)   0.133 us    |                              erofs_onlinefolio_split();
   11.754839 |   2)   0.129 us    |                              erofs_onlinefolio_end();
   11.754839 |   2)   2.070 us    |                            }
   11.754839 |   2)               |                            z_erofs_scan_folio() {
   11.754839 |   2)   0.126 us    |                              erofs_onlinefolio_init();
   11.754840 |   2)               |                              _raw_spin_lock() {
   11.754840 |   2)   0.126 us    |                                preempt_count_add();
   11.754840 |   2)   0.393 us    |                              }
   11.754840 |   2)               |                              _raw_spin_unlock() {
   11.754840 |   2)   0.126 us    |                                preempt_count_sub();
   11.754841 |   2)   0.391 us    |                              }
   11.754841 |   2)   0.126 us    |                              erofs_onlinefolio_split();
   11.754841 |   2)   0.130 us    |                              erofs_onlinefolio_end();
   11.754841 |   2)   2.049 us    |                            }
   11.754841 |   2)               |                            z_erofs_scan_folio() {
   11.754842 |   2)   0.126 us    |                              erofs_onlinefolio_init();
   11.754842 |   2)               |                              _raw_spin_lock() {
   11.754842 |   2)   0.124 us    |                                preempt_count_add();
   11.754842 |   2)   0.392 us    |                              }
   11.754842 |   2)               |                              _raw_spin_unlock() {
   11.754843 |   2)   0.126 us    |                                preempt_count_sub();
   11.754843 |   2)   0.390 us    |                              }
   11.754843 |   2)   0.128 us    |                              erofs_onlinefolio_split();
   11.754843 |   2)   0.130 us    |                              erofs_onlinefolio_end();
   11.754844 |   2)   2.054 us    |                            }
   11.754844 |   2)               |                            z_erofs_scan_folio() {
   11.754844 |   2)   0.125 us    |                              erofs_onlinefolio_init();
   11.754844 |   2)               |                              _raw_spin_lock() {
   11.754844 |   2)   0.125 us    |                                preempt_count_add();
   11.754844 |   2)   0.390 us    |                              }
   11.754845 |   2)               |                              _raw_spin_unlock() {
   11.754845 |   2)   0.126 us    |                                preempt_count_sub();
   11.754845 |   2)   0.390 us    |                              }
   11.754845 |   2)   0.128 us    |                              erofs_onlinefolio_split();
   11.754845 |   2)   0.130 us    |                              erofs_onlinefolio_end();
   11.754846 |   2)   2.042 us    |                            }
   11.754846 |   2)               |                            z_erofs_scan_folio() {
   11.754846 |   2)   0.126 us    |                              erofs_onlinefolio_init();
   11.754846 |   2)               |                              _raw_spin_lock() {
   11.754846 |   2)   0.124 us    |                                preempt_count_add();
   11.754847 |   2)   0.393 us    |                              }
   11.754847 |   2)               |                              _raw_spin_unlock() {
   11.754847 |   2)   0.126 us    |                                preempt_count_sub();
   11.754847 |   2)   0.392 us    |                              }
   11.754847 |   2)   0.129 us    |                              erofs_onlinefolio_split();
   11.754848 |   2)   0.131 us    |                              erofs_onlinefolio_end();
   11.754848 |   2)   2.104 us    |                            }
   11.754848 |   2)               |                            z_erofs_scan_folio() {
   11.754848 |   2)   0.125 us    |                              erofs_onlinefolio_init();
   11.754849 |   2)               |                              _raw_spin_lock() {
   11.754849 |   2)   0.125 us    |                                preempt_count_add();
   11.754849 |   2)   0.392 us    |                              }
   11.754849 |   2)               |                              _raw_spin_unlock() {
   11.754849 |   2)   0.127 us    |                                preempt_count_sub();
   11.754849 |   2)   0.390 us    |                              }
   11.754850 |   2)   0.128 us    |                              erofs_onlinefolio_split();
   11.754850 |   2)   0.131 us    |                              erofs_onlinefolio_end();
   11.754850 |   2)   2.035 us    |                            }
   11.754850 |   2)               |                            z_erofs_scan_folio() {
   11.754850 |   2)   0.124 us    |                              erofs_onlinefolio_init();
   11.754851 |   2)               |                              _raw_spin_lock() {
   11.754851 |   2)   0.123 us    |                                preempt_count_add();
   11.754851 |   2)   0.394 us    |                              }
   11.754851 |   2)               |                              _raw_spin_unlock() {
   11.754851 |   2)   0.126 us    |                                preempt_count_sub();
   11.754852 |   2)   0.389 us    |                              }
   11.754852 |   2)   0.128 us    |                              erofs_onlinefolio_split();
   11.754852 |   2)   0.131 us    |                              erofs_onlinefolio_end();
   11.754852 |   2)   2.059 us    |                            }
   11.754852 |   2)               |                            z_erofs_scan_folio() {
   11.754853 |   2)   0.125 us    |                              erofs_onlinefolio_init();
   11.754853 |   2)               |                              _raw_spin_lock() {
   11.754853 |   2)   0.125 us    |                                preempt_count_add();
   11.754853 |   2)   0.391 us    |                              }
   11.754853 |   2)               |                              _raw_spin_unlock() {
   11.754854 |   2)   0.125 us    |                                preempt_count_sub();
   11.754854 |   2)   0.393 us    |                              }
   11.754854 |   2)   0.129 us    |                              erofs_onlinefolio_split();
   11.754854 |   2)   0.132 us    |                              erofs_onlinefolio_end();
   11.754855 |   2)   2.041 us    |                            }
   11.754855 |   2)               |                            z_erofs_scan_folio() {
   11.754855 |   2)   0.126 us    |                              erofs_onlinefolio_init();
   11.754855 |   2)               |                              _raw_spin_lock() {
   11.754855 |   2)   0.125 us    |                                preempt_count_add();
   11.754855 |   2)   0.392 us    |                              }
   11.754856 |   2)               |                              _raw_spin_unlock() {
   11.754856 |   2)   0.127 us    |                                preempt_count_sub();
   11.754856 |   2)   0.393 us    |                              }
   11.754856 |   2)   0.128 us    |                              erofs_onlinefolio_split();
   11.754856 |   2)   0.130 us    |                              erofs_onlinefolio_end();
   11.754857 |   2)   2.039 us    |                            }
   11.754857 |   2)               |                            z_erofs_scan_folio() {
   11.754857 |   2)   0.123 us    |                              erofs_onlinefolio_init();
   11.754857 |   2)               |                              _raw_spin_lock() {
   11.754857 |   2)   0.126 us    |                                preempt_count_add();
   11.754858 |   2)   0.391 us    |                              }
   11.754858 |   2)               |                              _raw_spin_unlock() {
   11.754858 |   2)   0.125 us    |                                preempt_count_sub();
   11.754858 |   2)   0.390 us    |                              }
   11.754858 |   2)   0.127 us    |                              erofs_onlinefolio_split();
   11.754859 |   2)   0.131 us    |                              erofs_onlinefolio_end();
   11.754859 |   2)   2.055 us    |                            }
   11.754859 |   2)               |                            z_erofs_pcluster_readmore() {
   11.754859 |   2)               |                              __filemap_get_folio_mpol() {
   11.754859 |   2)   0.378 us    |                                filemap_get_entry();
   11.754860 |   2)   0.665 us    |                              }
   11.754860 |   2)   0.128 us    |                              folio_unlock();
   11.754860 |   2)               |                              __filemap_get_folio_mpol() {
   11.754861 |   2)   0.322 us    |                                filemap_get_entry();
   11.754861 |   2)   0.598 us    |                              }
   11.754861 |   2)   0.130 us    |                              folio_unlock();
   11.754861 |   2)               |                              __filemap_get_folio_mpol() {
   11.754862 |   2)   0.318 us    |                                filemap_get_entry();
   11.754862 |   2)   0.592 us    |                              }
   11.754862 |   2)   0.127 us    |                              folio_unlock();
   11.754862 |   2)               |                              __filemap_get_folio_mpol() {
   11.754863 |   2)   0.313 us    |                                filemap_get_entry();
   11.754863 |   2)   0.586 us    |                              }
   11.754863 |   2)   0.130 us    |                              folio_unlock();
   11.754864 |   2)   4.495 us    |                            }
   11.754864 |   2)   0.226 us    |                            z_erofs_pcluster_end();
   11.754864 |   2)               |                            z_erofs_runqueue() {
   11.754864 |   2)   0.124 us    |                              __init_swait_queue_head();
   11.754864 |   2)               |                              __kvmalloc_node_noprof() {
   11.754865 |   2)   0.130 us    |                                preempt_count_add();
   11.754865 |   2)   0.130 us    |                                preempt_count_sub();
   11.754865 |   2)   0.716 us    |                              }
   11.754865 |   2)   0.131 us    |                              erofs_map_dev();
   11.754866 |   2)               |                              _raw_spin_lock() {
   11.754866 |   2)   0.127 us    |                                preempt_count_add();
   11.754866 |   2)   0.396 us    |                              }
   11.754866 |   2)               |                              _raw_spin_unlock() {
   11.754866 |   2)   0.125 us    |                                preempt_count_sub();
   11.754867 |   2)   0.394 us    |                              }
   11.754867 |   2)   0.130 us    |                              folio_unlock();
   11.754867 |   2)               |                              kvfree() {
   11.754867 |   2)   0.133 us    |                                is_vmalloc_addr();
   11.754868 |   2)               |                                kfree() {
   11.754868 |   2)   0.128 us    |                                  preempt_count_add();
   11.754868 |   2)   0.129 us    |                                  preempt_count_sub();
   11.754868 |   2)   0.742 us    |                                }
   11.754868 |   2)   1.332 us    |                              }
   11.754869 |   2)               |                              z_erofs_decompress_queue() {
   11.754869 |   2)   0.143 us    |                                z_erofs_do_decompressed_bvec();
   11.754869 |   2)   0.129 us    |                                z_erofs_do_decompressed_bvec();
   11.754870 |   2)   0.128 us    |                                z_erofs_do_decompressed_bvec();
   11.754870 |   2)   0.129 us    |                                z_erofs_do_decompressed_bvec();
   11.754870 |   2)   0.128 us    |                                z_erofs_do_decompressed_bvec();
   11.754871 |   2)   0.129 us    |                                z_erofs_do_decompressed_bvec();
   11.754871 |   2)   0.129 us    |                                z_erofs_do_decompressed_bvec();
   11.754871 |   2)   0.128 us    |                                z_erofs_do_decompressed_bvec();
   11.754871 |   2)   0.129 us    |                                z_erofs_do_decompressed_bvec();
   11.754872 |   2)   0.129 us    |                                z_erofs_do_decompressed_bvec();
   11.754872 |   2)   0.128 us    |                                z_erofs_do_decompressed_bvec();
   11.754872 |   2)   0.128 us    |                                z_erofs_do_decompressed_bvec();
   11.754872 |   2)   0.127 us    |                                z_erofs_do_decompressed_bvec();
   11.754873 |   2)   0.128 us    |                                z_erofs_do_decompressed_bvec();
   11.754873 |   2)   0.128 us    |                                z_erofs_do_decompressed_bvec();
   11.754873 |   2)   0.128 us    |                                z_erofs_do_decompressed_bvec();
   11.754874 |   2)               |                                z_erofs_lz4_decompress() {
   11.754874 |   2)   0.131 us    |                                  __erofs_allocpage();
   11.754875 |   2)               |                                  __erofs_allocpage() {
   11.754875 |   2)               |                                    alloc_pages_noprof() {
   11.754875 |   2)               |                                      alloc_pages_mpol() {
   11.754875 |   2)   0.126 us    |                                        policy_nodemask();
   11.754875 |   2)               |                                        __alloc_frozen_pages_noprof() {
   11.754875 |   2)               |                                          get_page_from_freelist() {
   11.754876 |   2)   0.127 us    |                                            preempt_count_add();
   11.754876 |   2)               |                                            _raw_spin_trylock() {
   11.754876 |   2)   0.125 us    |                                              preempt_count_add();
   11.754876 |   2)   0.391 us    |                                            }
   11.754876 |   2)               |                                            _raw_spin_unlock() {
   11.754877 |   2)   0.131 us    |                                              preempt_count_sub();
   11.754877 |   2)   0.398 us    |                                            }
   11.754877 |   2)   0.127 us    |                                            preempt_count_sub();
   11.754877 |   2)   1.798 us    |                                          }
   11.754877 |   2)   2.121 us    |                                        }
   11.754878 |   2)   2.648 us    |                                      }
   11.754878 |   2)   2.907 us    |                                    }
   11.754878 |   2)   3.188 us    |                                  }
   11.754878 |   2)               |                                  __erofs_allocpage() {
   11.754878 |   2)               |                                    alloc_pages_noprof() {
   11.754878 |   2)               |                                      alloc_pages_mpol() {
   11.754878 |   2)   0.124 us    |                                        policy_nodemask();
   11.754879 |   2)               |                                        __alloc_frozen_pages_noprof() {
   11.754879 |   2)               |                                          get_page_from_freelist() {
   11.754879 |   2)   0.125 us    |                                            preempt_count_add();
   11.754879 |   2)               |                                            _raw_spin_trylock() {
   11.754879 |   2)   0.126 us    |                                              preempt_count_add();
   11.754880 |   2)   0.421 us    |                                            }
   11.754880 |   2)               |                                            _raw_spin_unlock() {
   11.754880 |   2)   0.134 us    |                                              preempt_count_sub();
   11.754880 |   2)   0.403 us    |                                            }
   11.754880 |   2)   0.125 us    |                                            preempt_count_sub();
   11.754881 |   2)   1.801 us    |                                          }
   11.754881 |   2)   2.097 us    |                                        }
   11.754881 |   2)   2.624 us    |                                      }
   11.754881 |   2)   2.972 us    |                                    }
   11.754881 |   2)   3.243 us    |                                  }
   11.754881 |   2)               |                                  __erofs_allocpage() {
   11.754881 |   2)               |                                    alloc_pages_noprof() {
   11.754882 |   2)               |                                      alloc_pages_mpol() {
   11.754882 |   2)   0.125 us    |                                        policy_nodemask();
   11.754882 |   2)               |                                        __alloc_frozen_pages_noprof() {
   11.754882 |   2)               |                                          get_page_from_freelist() {
   11.754882 |   2)   0.133 us    |                                            preempt_count_add();
   11.754883 |   2)               |                                            _raw_spin_trylock() {
   11.754883 |   2)   0.124 us    |                                              preempt_count_add();
   11.754883 |   2)   0.390 us    |                                            }
   11.754883 |   2)               |                                            _raw_spin_unlock() {
   11.754883 |   2)   0.130 us    |                                              preempt_count_sub();
   11.754883 |   2)   0.419 us    |                                            }
   11.754884 |   2)   0.126 us    |                                            preempt_count_sub();
   11.754884 |   2)   1.776 us    |                                          }
   11.754884 |   2)   2.060 us    |                                        }
   11.754884 |   2)   2.586 us    |                                      }
   11.754884 |   2)   2.854 us    |                                    }
   11.754884 |   2)   3.115 us    |                                  }
   11.754885 |   2)               |                                  vm_map_ram() {
   11.754885 |   2)               |                                    _raw_spin_lock() {
   11.754885 |   2)   0.127 us    |                                      preempt_count_add();
   11.754886 |   2)   0.417 us    |                                    }
   11.754886 |   2)               |                                    _raw_spin_unlock() {
   11.754886 |   2)   0.126 us    |                                      preempt_count_sub();
   11.754886 |   2)   0.391 us    |                                    }
   11.754887 |   2)               |                                    vmap_small_pages_range_noflush() {
   11.754887 |   2)   0.126 us    |                                      preempt_count_add();
   11.754887 |   2)   0.131 us    |                                      preempt_count_sub();
   11.754888 |   2)   0.126 us    |                                      preempt_count_add();
   11.754888 |   2)   0.128 us    |                                      preempt_count_sub();
   11.754888 |   2)   0.128 us    |                                      preempt_count_add();
   11.754889 |   2)   0.125 us    |                                      preempt_count_sub();
   11.754889 |   2)   0.124 us    |                                      preempt_count_add();
   11.754889 |   2)   0.127 us    |                                      preempt_count_sub();
   11.754889 |   2)   0.126 us    |                                      preempt_count_add();
   11.754890 |   2)   0.126 us    |                                      preempt_count_sub();
   11.754890 |   2)   0.125 us    |                                      preempt_count_add();
   11.754890 |   2)   0.127 us    |                                      preempt_count_sub();
   11.754891 |   2)   0.126 us    |                                      preempt_count_add();
   11.754891 |   2)   0.126 us    |                                      preempt_count_sub();
   11.754891 |   2)   0.127 us    |                                      preempt_count_add();
   11.754891 |   2)   0.128 us    |                                      preempt_count_sub();
   11.754892 |   2)   0.126 us    |                                      preempt_count_add();
   11.754892 |   2)   0.125 us    |                                      preempt_count_sub();
   11.754892 |   2)   0.125 us    |                                      preempt_count_add();
   11.754893 |   2)   0.125 us    |                                      preempt_count_sub();
   11.754893 |   2)   0.125 us    |                                      preempt_count_add();
   11.754893 |   2)   0.125 us    |                                      preempt_count_sub();
   11.754893 |   2)   0.126 us    |                                      preempt_count_add();
   11.754894 |   2)   0.127 us    |                                      preempt_count_sub();
   11.754894 |   2)   0.127 us    |                                      preempt_count_add();
   11.754894 |   2)   0.127 us    |                                      preempt_count_sub();
   11.754895 |   2)   0.126 us    |                                      preempt_count_add();
   11.754895 |   2)   0.125 us    |                                      preempt_count_sub();
   11.754895 |   2)   0.125 us    |                                      preempt_count_add();
   11.754895 |   2)   0.126 us    |                                      preempt_count_sub();
   11.754896 |   2)   0.124 us    |                                      preempt_count_add();
   11.754896 |   2)   0.127 us    |                                      preempt_count_sub();
   11.754896 |   2)   0.126 us    |                                      preempt_count_add();
   11.754896 |   2)   0.129 us    |                                      preempt_count_sub();
   11.754897 |   2)   0.126 us    |                                      preempt_count_add();
   11.754897 |   2)   0.126 us    |                                      preempt_count_sub();
   11.754897 |   2)   0.125 us    |                                      preempt_count_add();
   11.754898 |   2)   0.125 us    |                                      preempt_count_sub();
   11.754898 |   2)   0.125 us    |                                      preempt_count_add();
   11.754898 |   2)   0.125 us    |                                      preempt_count_sub();
   11.754898 |   2) + 11.713 us   |                                    }
   11.754899 |   2) + 13.728 us   |                                  }
   11.754899 |   2) + 17.977 us   |                                  LZ4_decompress_safe_partial();
   11.754918 |   2)               |                                  vm_unmap_ram() {
   11.754918 |   2)   0.150 us    |                                    addr_to_vb_xa();
   11.754919 |   2)               |                                    _raw_spin_lock() {
   11.754919 |   2)   0.128 us    |                                      preempt_count_add();
   11.754919 |   2)   0.435 us    |                                    }
   11.754919 |   2)               |                                    _raw_spin_unlock() {
   11.754920 |   2)   0.132 us    |                                      preempt_count_sub();
   11.754920 |   2)   0.421 us    |                                    }
   11.754920 |   2)               |                                    __vunmap_range_noflush() {
   11.754920 |   2)   0.132 us    |                                      p4d_clear_huge();
   11.754921 |   2)   0.129 us    |                                      pud_clear_huge();
   11.754921 |   2)   0.145 us    |                                      pmd_clear_huge();
   11.754921 |   2)   1.398 us    |                                    }
   11.754922 |   2)               |                                    _raw_spin_lock() {
   11.754922 |   2)   0.126 us    |                                      preempt_count_add();
   11.754922 |   2)   0.395 us    |                                    }
   11.754922 |   2)               |                                    _raw_spin_unlock() {
   11.754922 |   2)   0.129 us    |                                      preempt_count_sub();
   11.754923 |   2)   0.401 us    |                                    }
   11.754923 |   2)   5.140 us    |                                  }
   11.754923 |   2) + 48.933 us   |                                }
   11.754923 |   2)               |                                erofs_onlinefolio_end() {
   11.754923 |   2)   0.130 us    |                                  folio_end_read();
   11.754924 |   2)   0.445 us    |                                }
   11.754924 |   2)               |                                erofs_onlinefolio_end() {
   11.754924 |   2)   0.130 us    |                                  folio_end_read();
   11.754924 |   2)   0.390 us    |                                }
   11.754924 |   2)               |                                erofs_onlinefolio_end() {
   11.754925 |   2)   0.131 us    |                                  folio_end_read();
   11.754925 |   2)   0.387 us    |                                }
   11.754925 |   2)               |                                erofs_onlinefolio_end() {
   11.754925 |   2)   0.130 us    |                                  folio_end_read();
   11.754925 |   2)   0.385 us    |                                }
   11.754925 |   2)               |                                erofs_onlinefolio_end() {
   11.754926 |   2)   0.128 us    |                                  folio_end_read();
   11.754926 |   2)   0.388 us    |                                }
   11.754926 |   2)               |                                erofs_onlinefolio_end() {
   11.754926 |   2)   0.130 us    |                                  folio_end_read();
   11.754926 |   2)   0.386 us    |                                }
   11.754926 |   2)               |                                erofs_onlinefolio_end() {
   11.754927 |   2)   0.130 us    |                                  folio_end_read();
   11.754927 |   2)   0.385 us    |                                }
   11.754927 |   2)               |                                erofs_onlinefolio_end() {
   11.754927 |   2)   0.128 us    |                                  folio_end_read();
   11.754927 |   2)   0.385 us    |                                }
   11.754928 |   2)               |                                erofs_onlinefolio_end() {
   11.754928 |   2)   0.227 us    |                                  folio_end_read();
   11.754928 |   2)   0.483 us    |                                }
   11.754928 |   2)               |                                erofs_onlinefolio_end() {
   11.754928 |   2)   0.142 us    |                                  folio_end_read();
   11.754929 |   2)   0.396 us    |                                }
   11.754929 |   2)               |                                erofs_onlinefolio_end() {
   11.754929 |   2)   0.129 us    |                                  folio_end_read();
   11.754929 |   2)   0.383 us    |                                }
   11.754929 |   2)               |                                erofs_onlinefolio_end() {
   11.754929 |   2)   0.130 us    |                                  folio_end_read();
   11.754930 |   2)   0.383 us    |                                }
   11.754930 |   2)               |                                erofs_onlinefolio_end() {
   11.754930 |   2)   0.130 us    |                                  folio_end_read();
   11.754930 |   2)   0.383 us    |                                }
   11.754930 |   2)               |                                erofs_onlinefolio_end() {
   11.754930 |   2)   0.130 us    |                                  folio_end_read();
   11.754931 |   2)   0.384 us    |                                }
   11.754931 |   2)               |                                erofs_onlinefolio_end() {
   11.754931 |   2)   0.128 us    |                                  folio_end_read();
   11.754931 |   2)   0.387 us    |                                }
   11.754931 |   2)               |                                erofs_onlinefolio_end() {
   11.754931 |   2)   0.130 us    |                                  folio_end_read();
   11.754932 |   2)   0.383 us    |                                }
   11.754932 |   2)               |                                z_erofs_put_pcluster() {
   11.754932 |   2)               |                                  _raw_spin_lock() {
   11.754932 |   2)   0.127 us    |                                    preempt_count_add();
   11.754933 |   2)   0.395 us    |                                  }
   11.754933 |   2)               |                                  _raw_spin_unlock() {
   11.754933 |   2)   0.127 us    |                                    preempt_count_sub();
   11.754933 |   2)   0.416 us    |                                  }
   11.754933 |   2)   1.275 us    |                                }
   11.754934 |   2) + 64.896 us   |                              }
   11.754934 |   2) + 69.607 us   |                            }
   11.754934 |   2)   0.143 us    |                            erofs_put_metabuf();
   11.754934 |   2)               |                            erofs_release_pages() {
   11.754934 |   2)               |                              __folio_put() {
   11.754934 |   2)               |                                free_frozen_pages() {
   11.754935 |   2)               |                                  __free_frozen_pages() {
   11.754935 |   2)   0.132 us    |                                    preempt_count_add();
   11.754935 |   2)               |                                    _raw_spin_trylock() {
   11.754935 |   2)   0.124 us    |                                      preempt_count_add();
   11.754935 |   2)   0.391 us    |                                    }
   11.754936 |   2)   0.144 us    |                                    free_frozen_page_commit();
   11.754936 |   2)               |                                    _raw_spin_unlock() {
   11.754936 |   2)   0.131 us    |                                      preempt_count_sub();
   11.754936 |   2)   0.397 us    |                                    }
   11.754936 |   2)   0.125 us    |                                    preempt_count_sub();
   11.754937 |   2)   2.119 us    |                                  }
   11.754937 |   2)   2.402 us    |                                }
   11.754937 |   2)   2.673 us    |                              }
   11.754937 |   2)               |                              __folio_put() {
   11.754937 |   2)               |                                free_frozen_pages() {
   11.754937 |   2)               |                                  __free_frozen_pages() {
   11.754938 |   2)   0.126 us    |                                    preempt_count_add();
   11.754938 |   2)               |                                    _raw_spin_trylock() {
   11.754938 |   2)   0.126 us    |                                      preempt_count_add();
   11.754938 |   2)   0.390 us    |                                    }
   11.754938 |   2)   0.129 us    |                                    free_frozen_page_commit();
   11.754939 |   2)               |                                    _raw_spin_unlock() {
   11.754939 |   2)   0.131 us    |                                      preempt_count_sub();
   11.754939 |   2)   0.397 us    |                                    }
   11.754939 |   2)   0.128 us    |                                    preempt_count_sub();
   11.754939 |   2)   2.050 us    |                                  }
   11.754940 |   2)   2.301 us    |                                }
   11.754940 |   2)   2.553 us    |                              }
   11.754940 |   2)               |                              __folio_put() {
   11.754940 |   2)               |                                free_frozen_pages() {
   11.754940 |   2)               |                                  __free_frozen_pages() {
   11.754940 |   2)   0.127 us    |                                    preempt_count_add();
   11.754941 |   2)               |                                    _raw_spin_trylock() {
   11.754941 |   2)   0.123 us    |                                      preempt_count_add();
   11.754941 |   2)   0.384 us    |                                    }
   11.754941 |   2)   0.129 us    |                                    free_frozen_page_commit();
   11.754941 |   2)               |                                    _raw_spin_unlock() {
   11.754941 |   2)   0.130 us    |                                      preempt_count_sub();
   11.754942 |   2)   0.396 us    |                                    }
   11.754942 |   2)   0.126 us    |                                    preempt_count_sub();
   11.754942 |   2)   2.081 us    |                                  }
   11.754942 |   2)   2.356 us    |                                }
   11.754942 |   2)   2.609 us    |                              }
   11.754943 |   2)               |                              __folio_put() {
   11.754943 |   2)               |                                free_frozen_pages() {
   11.754943 |   2)               |                                  __free_frozen_pages() {
   11.754943 |   2)   0.125 us    |                                    preempt_count_add();
   11.754943 |   2)               |                                    _raw_spin_trylock() {
   11.754943 |   2)   0.124 us    |                                      preempt_count_add();
   11.754944 |   2)   0.392 us    |                                    }
   11.754944 |   2)   0.128 us    |                                    free_frozen_page_commit();
   11.754944 |   2)               |                                    _raw_spin_unlock() {
   11.754944 |   2)   0.131 us    |                                      preempt_count_sub();
   11.754945 |   2)   0.397 us    |                                    }
   11.754945 |   2)   0.128 us    |                                    preempt_count_sub();
   11.754945 |   2)   2.063 us    |                                  }
   11.754945 |   2)   2.340 us    |                                }
   11.754945 |   2)   2.593 us    |                              }
   11.754945 |   2) + 11.287 us   |                            }
   11.754946 |   2) ! 136.763 us  |                          }
   11.754946 |   2)               |                          blk_finish_plug() {
   11.754946 |   2)               |                            __blk_flush_plug() {
   11.754946 |   2)   0.143 us    |                              blk_mq_flush_plug_list();
   11.754946 |   2)   0.423 us    |                            }
   11.754946 |   2)   0.712 us    |                          }
   11.754947 |   2) ! 138.219 us  |                        }
   11.754947 |   2) ! 295.007 us  |                      }
   11.754947 |   2) ! 295.565 us  |                    }
   11.754947 |   2) ! 295.833 us  |                  }
   11.754947 |   2) ! 296.478 us  |                }
   11.754947 |   2) ! 296.795 us  |              }
   11.754948 |   2) ! 297.879 us  |            }
   11.754948 |   2)   0.131 us    |            folio_mark_accessed();
   11.754950 |   2) ! 300.086 us  |          }
   11.754950 |   2) ! 300.353 us  |        }
   11.754950 |   2) ! 301.128 us  |      }
   11.754950 |   2) ! 301.773 us  |    }
   11.754950 |   2) ! 302.137 us  |  }
   11.754952 |   2)               |  __x64_sys_read() {
   11.754952 |   2)               |    ksys_read() {
   11.754952 |   2)   0.158 us    |      fdget_pos();
   11.754953 |   2)               |      vfs_read() {
   11.754953 |   2)   0.263 us    |        rw_verify_area();
   11.754953 |   2)               |        erofs_file_read_iter() {
   11.754954 |   2)               |          filemap_read() {
   11.754954 |   2)               |            filemap_get_pages() {
   11.754954 |   2)   0.392 us    |              filemap_get_read_batch();
   11.754954 |   2)   0.701 us    |            }
   11.754954 |   2)   0.135 us    |            folio_mark_accessed();
   11.754956 |   2)   2.802 us    |          }
   11.754956 |   2)   3.067 us    |        }
   11.754957 |   2)   3.797 us    |      }
   11.754957 |   2)   4.389 us    |    }
   11.754957 |   2)   4.737 us    |  }
   11.754959 |   2)               |  __x64_sys_read() {
   11.754959 |   2)               |    ksys_read() {
   11.754959 |   2)   0.153 us    |      fdget_pos();
   11.754959 |   2)               |      vfs_read() {
   11.754959 |   2)   0.257 us    |        rw_verify_area();
   11.754960 |   2)               |        erofs_file_read_iter() {
   11.754960 |   2)               |          filemap_read() {
   11.754960 |   2)               |            filemap_get_pages() {
   11.754960 |   2)   0.370 us    |              filemap_get_read_batch();
   11.754961 |   2)   0.644 us    |            }
   11.754961 |   2)   0.131 us    |            folio_mark_accessed();
   11.754963 |   2)   2.744 us    |          }
   11.754963 |   2)   2.999 us    |        }
   11.754963 |   2)   3.716 us    |      }
   11.754963 |   2)   4.294 us    |    }
   11.754963 |   2)   4.605 us    |  }
   11.754965 |   2)               |  __x64_sys_read() {
   11.754965 |   2)               |    ksys_read() {
   11.754965 |   2)   0.154 us    |      fdget_pos();
   11.754965 |   2)               |      vfs_read() {
   11.754965 |   2)   0.260 us    |        rw_verify_area();
   11.754966 |   2)               |        erofs_file_read_iter() {
   11.754966 |   2)               |          filemap_read() {
   11.754966 |   2)               |            filemap_get_pages() {
   11.754966 |   2)   0.386 us    |              filemap_get_read_batch();
   11.754967 |   2)               |              filemap_readahead.isra.0() {
   11.754967 |   2)               |                page_cache_async_ra() {
   11.754967 |   2)   0.124 us    |                  inode_to_bdi();
   11.754968 |   2)               |                  page_cache_ra_order() {
   11.754968 |   2)               |                    do_page_cache_ra() {
   11.754968 |   2)               |                      page_cache_ra_unbounded() {
   11.754968 |   2)               |                        filemap_alloc_folio_noprof() {
   11.754969 |   2)               |                          folio_alloc_noprof() {
   11.754969 |   2)               |                            alloc_pages_mpol() {
   11.754969 |   2)   0.125 us    |                              policy_nodemask();
   11.754969 |   2)               |                              __alloc_frozen_pages_noprof() {
   11.754969 |   2)               |                                get_page_from_freelist() {
   11.754969 |   2)   0.123 us    |                                  preempt_count_add();
   11.754970 |   2)               |                                  _raw_spin_trylock() {
   11.754970 |   2)   0.122 us    |                                    preempt_count_add();
   11.754970 |   2)   0.391 us    |                                  }
   11.754970 |   2)               |                                  _raw_spin_unlock() {
   11.754970 |   2)   0.123 us    |                                    preempt_count_sub();
   11.754971 |   2)   0.391 us    |                                  }
   11.754971 |   2)   0.125 us    |                                  preempt_count_sub();
   11.754971 |   2)   1.795 us    |                                }
   11.754971 |   2)   2.097 us    |                              }
   11.754971 |   2)   2.643 us    |                            }
   11.754971 |   2)   2.917 us    |                          }
   11.754972 |   2)   3.172 us    |                        }
   11.754972 |   2)               |                        filemap_add_folio() {
   11.754972 |   2)               |                          __filemap_add_folio() {
   11.754972 |   2)   0.122 us    |                            shmem_mapping();
   11.754972 |   2)               |                            _raw_spin_lock_irq() {
   11.754972 |   2)   0.131 us    |                              preempt_count_add();
   11.754973 |   2)   0.402 us    |                            }
   11.754973 |   2)   0.126 us    |                            workingset_update_node();
   11.754973 |   2)   0.133 us    |                            mod_node_page_state();
   11.754973 |   2)               |                            _raw_spin_unlock_irq() {
   11.754974 |   2)   0.127 us    |                              preempt_count_sub();
   11.754974 |   2)   0.397 us    |                            }
   11.754974 |   2)   2.125 us    |                          }
   11.754974 |   2)               |                          folio_add_lru() {
   11.754974 |   2)               |                            __folio_batch_add_and_move() {
   11.754974 |   2)   0.124 us    |                              preempt_count_add();
   11.754975 |   2)   0.126 us    |                              preempt_count_sub();
   11.754975 |   2)   0.661 us    |                            }
   11.754975 |   2)   0.910 us    |                          }
   11.754975 |   2)   3.440 us    |                        }
   11.754976 |   2)               |                        filemap_alloc_folio_noprof() {
   11.754976 |   2)               |                          folio_alloc_noprof() {
   11.754976 |   2)               |                            alloc_pages_mpol() {
   11.754976 |   2)   0.126 us    |                              policy_nodemask();
   11.754976 |   2)               |                              __alloc_frozen_pages_noprof() {
   11.754976 |   2)               |                                get_page_from_freelist() {
   11.754976 |   2)   0.124 us    |                                  preempt_count_add();
   11.754977 |   2)               |                                  _raw_spin_trylock() {
   11.754977 |   2)   0.122 us    |                                    preempt_count_add();
   11.754977 |   2)   0.387 us    |                                  }
   11.754977 |   2)               |                                  _raw_spin_unlock() {
   11.754977 |   2)   0.122 us    |                                    preempt_count_sub();
   11.754978 |   2)   0.392 us    |                                  }
   11.754978 |   2)   0.128 us    |                                  preempt_count_sub();
   11.754978 |   2)   1.759 us    |                                }
   11.754978 |   2)   2.030 us    |                              }
   11.754978 |   2)   2.558 us    |                            }
   11.754978 |   2)   2.812 us    |                          }
   11.754979 |   2)   3.067 us    |                        }
   11.754979 |   2)               |                        filemap_add_folio() {
   11.754979 |   2)               |                          __filemap_add_folio() {
   11.754979 |   2)   0.123 us    |                            shmem_mapping();
   11.754979 |   2)               |                            _raw_spin_lock_irq() {
   11.754979 |   2)   0.127 us    |                              preempt_count_add();
   11.754980 |   2)   0.397 us    |                            }
   11.754980 |   2)   0.123 us    |                            workingset_update_node();
   11.754980 |   2)   0.125 us    |                            mod_node_page_state();
   11.754980 |   2)               |                            _raw_spin_unlock_irq() {
   11.754981 |   2)   0.128 us    |                              preempt_count_sub();
   11.754981 |   2)   0.396 us    |                            }
   11.754981 |   2)   2.063 us    |                          }
   11.754981 |   2)               |                          folio_add_lru() {
   11.754981 |   2)               |                            __folio_batch_add_and_move() {
   11.754981 |   2)   0.125 us    |                              preempt_count_add();
   11.754982 |   2)   0.128 us    |                              preempt_count_sub();
   11.754982 |   2)   0.658 us    |                            }
   11.754982 |   2)   0.978 us    |                          }
   11.754982 |   2)   3.471 us    |                        }
   11.754983 |   2)               |                        filemap_alloc_folio_noprof() {
   11.754983 |   2)               |                          folio_alloc_noprof() {
   11.754983 |   2)               |                            alloc_pages_mpol() {
   11.754983 |   2)   0.124 us    |                              policy_nodemask();
   11.754983 |   2)               |                              __alloc_frozen_pages_noprof() {
   11.754983 |   2)               |                                get_page_from_freelist() {
   11.754983 |   2)   0.124 us    |                                  preempt_count_add();
   11.754984 |   2)               |                                  _raw_spin_trylock() {
   11.754984 |   2)   0.123 us    |                                    preempt_count_add();
   11.754984 |   2)   0.388 us    |                                  }
   11.754984 |   2)               |                                  _raw_spin_unlock() {
   11.754984 |   2)   0.124 us    |                                    preempt_count_sub();
   11.754985 |   2)   0.387 us    |                                  }
   11.754985 |   2)   0.126 us    |                                  preempt_count_sub();
   11.754985 |   2)   1.748 us    |                                }
   11.754985 |   2)   2.021 us    |                              }
   11.754985 |   2)   2.550 us    |                            }
   11.754986 |   2)   2.804 us    |                          }
   11.754986 |   2)   3.055 us    |                        }
   11.754986 |   2)               |                        filemap_add_folio() {
   11.754986 |   2)               |                          __filemap_add_folio() {
   11.754986 |   2)   0.125 us    |                            shmem_mapping();
   11.754986 |   2)               |                            _raw_spin_lock_irq() {
   11.754986 |   2)   0.126 us    |                              preempt_count_add();
   11.754987 |   2)   0.394 us    |                            }
   11.754987 |   2)   0.123 us    |                            workingset_update_node();
   11.754987 |   2)   0.127 us    |                            mod_node_page_state();
   11.754987 |   2)               |                            _raw_spin_unlock_irq() {
   11.754988 |   2)   0.124 us    |                              preempt_count_sub();
   11.754988 |   2)   0.393 us    |                            }
   11.754988 |   2)   2.058 us    |                          }
   11.754988 |   2)               |                          folio_add_lru() {
   11.754988 |   2)               |                            __folio_batch_add_and_move() {
   11.754988 |   2)   0.127 us    |                              preempt_count_add();
   11.754989 |   2)   0.125 us    |                              preempt_count_sub();
   11.754989 |   2)   0.657 us    |                            }
   11.754989 |   2)   0.919 us    |                          }
   11.754989 |   2)   3.400 us    |                        }
   11.754990 |   2)               |                        filemap_alloc_folio_noprof() {
   11.754990 |   2)               |                          folio_alloc_noprof() {
   11.754990 |   2)               |                            alloc_pages_mpol() {
   11.754990 |   2)   0.124 us    |                              policy_nodemask();
   11.754990 |   2)               |                              __alloc_frozen_pages_noprof() {
   11.754990 |   2)               |                                get_page_from_freelist() {
   11.754990 |   2)   0.126 us    |                                  preempt_count_add();
   11.754991 |   2)               |                                  _raw_spin_trylock() {
   11.754991 |   2)   0.123 us    |                                    preempt_count_add();
   11.754991 |   2)   0.386 us    |                                  }
   11.754991 |   2)               |                                  _raw_spin_unlock() {
   11.754991 |   2)   0.122 us    |                                    preempt_count_sub();
   11.754992 |   2)   0.386 us    |                                  }
   11.754992 |   2)   0.125 us    |                                  preempt_count_sub();
   11.754992 |   2)   1.746 us    |                                }
   11.754992 |   2)   2.017 us    |                              }
   11.754992 |   2)   2.541 us    |                            }
   11.754992 |   2)   2.796 us    |                          }
   11.754993 |   2)   3.048 us    |                        }
   11.754993 |   2)               |                        filemap_add_folio() {
   11.754993 |   2)               |                          __filemap_add_folio() {
   11.754993 |   2)   0.123 us    |                            shmem_mapping();
   11.754993 |   2)               |                            _raw_spin_lock_irq() {
   11.754993 |   2)   0.126 us    |                              preempt_count_add();
   11.754994 |   2)   0.394 us    |                            }
   11.754994 |   2)   0.124 us    |                            workingset_update_node();
   11.754994 |   2)   0.123 us    |                            mod_node_page_state();
   11.754994 |   2)               |                            _raw_spin_unlock_irq() {
   11.754995 |   2)   0.127 us    |                              preempt_count_sub();
   11.754995 |   2)   0.394 us    |                            }
   11.754995 |   2)   2.054 us    |                          }
   11.754995 |   2)               |                          folio_add_lru() {
   11.754995 |   2)               |                            __folio_batch_add_and_move() {
   11.754995 |   2)   0.125 us    |                              preempt_count_add();
   11.754996 |   2)   0.126 us    |                              preempt_count_sub();
   11.754996 |   2)   0.656 us    |                            }
   11.754996 |   2)   0.904 us    |                          }
   11.754996 |   2)   3.451 us    |                        }
   11.754997 |   2)               |                        filemap_alloc_folio_noprof() {
   11.754997 |   2)               |                          folio_alloc_noprof() {
   11.754997 |   2)               |                            alloc_pages_mpol() {
   11.754997 |   2)   0.124 us    |                              policy_nodemask();
   11.754997 |   2)               |                              __alloc_frozen_pages_noprof() {
   11.754997 |   2)               |                                get_page_from_freelist() {
   11.754997 |   2)   0.126 us    |                                  preempt_count_add();
   11.754998 |   2)               |                                  _raw_spin_trylock() {
   11.754998 |   2)   0.123 us    |                                    preempt_count_add();
   11.754998 |   2)   0.385 us    |                                  }
   11.754998 |   2)               |                                  _raw_spin_unlock() {
   11.754998 |   2)   0.124 us    |                                    preempt_count_sub();
   11.754999 |   2)   0.412 us    |                                  }
   11.754999 |   2)   0.127 us    |                                  preempt_count_sub();
   11.754999 |   2)   1.756 us    |                                }
   11.754999 |   2)   2.030 us    |                              }
   11.754999 |   2)   2.551 us    |                            }
   11.754999 |   2)   2.805 us    |                          }
   11.755000 |   2)   3.055 us    |                        }
   11.755000 |   2)               |                        filemap_add_folio() {
   11.755000 |   2)               |                          __filemap_add_folio() {
   11.755000 |   2)   0.123 us    |                            shmem_mapping();
   11.755000 |   2)               |                            _raw_spin_lock_irq() {
   11.755000 |   2)   0.126 us    |                              preempt_count_add();
   11.755001 |   2)   0.399 us    |                            }
   11.755001 |   2)   0.124 us    |                            workingset_update_node();
   11.755001 |   2)   0.126 us    |                            mod_node_page_state();
   11.755001 |   2)               |                            _raw_spin_unlock_irq() {
   11.755001 |   2)   0.127 us    |                              preempt_count_sub();
   11.755002 |   2)   0.392 us    |                            }
   11.755002 |   2)   2.063 us    |                          }
   11.755002 |   2)               |                          folio_add_lru() {
   11.755002 |   2)               |                            __folio_batch_add_and_move() {
   11.755002 |   2)   0.124 us    |                              preempt_count_add();
   11.755003 |   2)   0.125 us    |                              preempt_count_sub();
   11.755003 |   2)   0.657 us    |                            }
   11.755003 |   2)   0.906 us    |                          }
   11.755003 |   2)   3.372 us    |                        }
   11.755003 |   2)               |                        filemap_alloc_folio_noprof() {
   11.755004 |   2)               |                          folio_alloc_noprof() {
   11.755004 |   2)               |                            alloc_pages_mpol() {
   11.755004 |   2)   0.123 us    |                              policy_nodemask();
   11.755004 |   2)               |                              __alloc_frozen_pages_noprof() {
   11.755004 |   2)               |                                get_page_from_freelist() {
   11.755004 |   2)   0.126 us    |                                  preempt_count_add();
   11.755005 |   2)               |                                  _raw_spin_trylock() {
   11.755005 |   2)   0.123 us    |                                    preempt_count_add();
   11.755005 |   2)   0.386 us    |                                  }
   11.755005 |   2)               |                                  _raw_spin_unlock() {
   11.755005 |   2)   0.123 us    |                                    preempt_count_sub();
   11.755006 |   2)   0.386 us    |                                  }
   11.755006 |   2)   0.126 us    |                                  preempt_count_sub();
   11.755006 |   2)   1.745 us    |                                }
   11.755006 |   2)   2.020 us    |                              }
   11.755006 |   2)   2.545 us    |                            }
   11.755006 |   2)   2.800 us    |                          }
   11.755006 |   2)   3.049 us    |                        }
   11.755007 |   2)               |                        filemap_add_folio() {
   11.755007 |   2)               |                          __filemap_add_folio() {
   11.755007 |   2)   0.127 us    |                            shmem_mapping();
   11.755007 |   2)               |                            _raw_spin_lock_irq() {
   11.755007 |   2)   0.126 us    |                              preempt_count_add();
   11.755008 |   2)   0.397 us    |                            }
   11.755008 |   2)   0.124 us    |                            workingset_update_node();
   11.755008 |   2)   0.129 us    |                            mod_node_page_state();
   11.755008 |   2)               |                            _raw_spin_unlock_irq() {
   11.755008 |   2)   0.127 us    |                              preempt_count_sub();
   11.755009 |   2)   0.401 us    |                            }
   11.755009 |   2)   2.085 us    |                          }
   11.755009 |   2)               |                          folio_add_lru() {
   11.755009 |   2)               |                            __folio_batch_add_and_move() {
   11.755009 |   2)   0.127 us    |                              preempt_count_add();
   11.755009 |   2)   0.125 us    |                              preempt_count_sub();
   11.755010 |   2)   0.663 us    |                            }
   11.755010 |   2)   0.914 us    |                          }
   11.755010 |   2)   3.404 us    |                        }
   11.755010 |   2)               |                        filemap_alloc_folio_noprof() {
   11.755011 |   2)               |                          folio_alloc_noprof() {
   11.755011 |   2)               |                            alloc_pages_mpol() {
   11.755011 |   2)   0.124 us    |                              policy_nodemask();
   11.755011 |   2)               |                              __alloc_frozen_pages_noprof() {
   11.755011 |   2)               |                                get_page_from_freelist() {
   11.755011 |   2)   0.123 us    |                                  preempt_count_add();
   11.755012 |   2)               |                                  _raw_spin_trylock() {
   11.755012 |   2)   0.122 us    |                                    preempt_count_add();
   11.755012 |   2)   0.390 us    |                                  }
   11.755012 |   2)               |                                  _raw_spin_unlock() {
   11.755012 |   2)   0.123 us    |                                    preempt_count_sub();
   11.755013 |   2)   0.386 us    |                                  }
   11.755013 |   2)   0.127 us    |                                  preempt_count_sub();
   11.755013 |   2)   1.753 us    |                                }
   11.755013 |   2)   2.025 us    |                              }
   11.755013 |   2)   2.551 us    |                            }
   11.755013 |   2)   2.805 us    |                          }
   11.755014 |   2)   3.055 us    |                        }
   11.755014 |   2)               |                        filemap_add_folio() {
   11.755014 |   2)               |                          __filemap_add_folio() {
   11.755014 |   2)   0.126 us    |                            shmem_mapping();
   11.755014 |   2)               |                            _raw_spin_lock_irq() {
   11.755014 |   2)   0.128 us    |                              preempt_count_add();
   11.755015 |   2)   0.398 us    |                            }
   11.755015 |   2)   0.125 us    |                            workingset_update_node();
   11.755015 |   2)   0.124 us    |                            mod_node_page_state();
   11.755015 |   2)               |                            _raw_spin_unlock_irq() {
   11.755015 |   2)   0.128 us    |                              preempt_count_sub();
   11.755016 |   2)   0.396 us    |                            }
   11.755016 |   2)   2.060 us    |                          }
   11.755016 |   2)               |                          folio_add_lru() {
   11.755016 |   2)               |                            __folio_batch_add_and_move() {
   11.755016 |   2)   0.125 us    |                              preempt_count_add();
   11.755017 |   2)   0.125 us    |                              preempt_count_sub();
   11.755017 |   2)   0.657 us    |                            }
   11.755017 |   2)   0.908 us    |                          }
   11.755017 |   2)   3.392 us    |                        }
   11.755017 |   2)               |                        filemap_alloc_folio_noprof() {
   11.755018 |   2)               |                          folio_alloc_noprof() {
   11.755018 |   2)               |                            alloc_pages_mpol() {
   11.755018 |   2)   0.125 us    |                              policy_nodemask();
   11.755018 |   2)               |                              __alloc_frozen_pages_noprof() {
   11.755018 |   2)               |                                get_page_from_freelist() {
   11.755018 |   2)   0.124 us    |                                  preempt_count_add();
   11.755019 |   2)               |                                  _raw_spin_trylock() {
   11.755019 |   2)   0.123 us    |                                    preempt_count_add();
   11.755019 |   2)   0.385 us    |                                  }
   11.755019 |   2)               |                                  _raw_spin_unlock() {
   11.755019 |   2)   0.123 us    |                                    preempt_count_sub();
   11.755019 |   2)   0.387 us    |                                  }
   11.755020 |   2)   0.126 us    |                                  preempt_count_sub();
   11.755020 |   2)   1.747 us    |                                }
   11.755020 |   2)   2.016 us    |                              }
   11.755020 |   2)   2.544 us    |                            }
   11.755020 |   2)   2.802 us    |                          }
   11.755020 |   2)   3.052 us    |                        }
   11.755021 |   2)               |                        filemap_add_folio() {
   11.755021 |   2)               |                          __filemap_add_folio() {
   11.755021 |   2)   0.123 us    |                            shmem_mapping();
   11.755021 |   2)               |                            _raw_spin_lock_irq() {
   11.755021 |   2)   0.125 us    |                              preempt_count_add();
   11.755022 |   2)   0.396 us    |                            }
   11.755022 |   2)   0.125 us    |                            workingset_update_node();
   11.755022 |   2)   0.126 us    |                            mod_node_page_state();
   11.755022 |   2)               |                            _raw_spin_unlock_irq() {
   11.755022 |   2)   0.127 us    |                              preempt_count_sub();
   11.755023 |   2)   0.397 us    |                            }
   11.755023 |   2)   2.074 us    |                          }
   11.755023 |   2)               |                          folio_add_lru() {
   11.755023 |   2)               |                            __folio_batch_add_and_move() {
   11.755023 |   2)   0.126 us    |                              preempt_count_add();
   11.755023 |   2)   0.126 us    |                              preempt_count_sub();
   11.755024 |   2)   0.665 us    |                            }
   11.755024 |   2)   0.912 us    |                          }
   11.755024 |   2)   3.415 us    |                        }
   11.755024 |   2)               |                        filemap_alloc_folio_noprof() {
   11.755025 |   2)               |                          folio_alloc_noprof() {
   11.755025 |   2)               |                            alloc_pages_mpol() {
   11.755025 |   2)   0.128 us    |                              policy_nodemask();
   11.755025 |   2)               |                              __alloc_frozen_pages_noprof() {
   11.755025 |   2)               |                                get_page_from_freelist() {
   11.755025 |   2)   0.125 us    |                                  preempt_count_add();
   11.755026 |   2)               |                                  _raw_spin_trylock() {
   11.755026 |   2)   0.124 us    |                                    preempt_count_add();
   11.755026 |   2)   0.388 us    |                                  }
   11.755026 |   2)               |                                  _raw_spin_unlock() {
   11.755026 |   2)   0.125 us    |                                    preempt_count_sub();
   11.755027 |   2)   0.388 us    |                                  }
   11.755027 |   2)   0.126 us    |                                  preempt_count_sub();
   11.755027 |   2)   1.775 us    |                                }
   11.755027 |   2)   2.049 us    |                              }
   11.755027 |   2)   2.583 us    |                            }
   11.755027 |   2)   2.917 us    |                          }
   11.755028 |   2)   3.167 us    |                        }
   11.755028 |   2)               |                        filemap_add_folio() {
   11.755028 |   2)               |                          __filemap_add_folio() {
   11.755028 |   2)   0.124 us    |                            shmem_mapping();
   11.755028 |   2)               |                            _raw_spin_lock_irq() {
   11.755028 |   2)   0.125 us    |                              preempt_count_add();
   11.755029 |   2)   0.395 us    |                            }
   11.755029 |   2)   0.125 us    |                            workingset_update_node();
   11.755029 |   2)   0.124 us    |                            mod_node_page_state();
   11.755029 |   2)               |                            _raw_spin_unlock_irq() {
   11.755029 |   2)   0.126 us    |                              preempt_count_sub();
   11.755030 |   2)   0.393 us    |                            }
   11.755030 |   2)   2.065 us    |                          }
   11.755030 |   2)               |                          folio_add_lru() {
   11.755030 |   2)               |                            __folio_batch_add_and_move() {
   11.755030 |   2)   0.124 us    |                              preempt_count_add();
   11.755031 |   2)   0.127 us    |                              preempt_count_sub();
   11.755031 |   2)   0.658 us    |                            }
   11.755031 |   2)   0.908 us    |                          }
   11.755031 |   2)   3.374 us    |                        }
   11.755031 |   2)               |                        filemap_alloc_folio_noprof() {
   11.755032 |   2)               |                          folio_alloc_noprof() {
   11.755032 |   2)               |                            alloc_pages_mpol() {
   11.755032 |   2)   0.125 us    |                              policy_nodemask();
   11.755032 |   2)               |                              __alloc_frozen_pages_noprof() {
   11.755032 |   2)               |                                get_page_from_freelist() {
   11.755032 |   2)   0.124 us    |                                  preempt_count_add();
   11.755033 |   2)               |                                  _raw_spin_trylock() {
   11.755033 |   2)   0.122 us    |                                    preempt_count_add();
   11.755033 |   2)   0.386 us    |                                  }
   11.755033 |   2)               |                                  _raw_spin_unlock() {
   11.755033 |   2)   0.123 us    |                                    preempt_count_sub();
   11.755033 |   2)   0.387 us    |                                  }
   11.755034 |   2)   0.124 us    |                                  preempt_count_sub();
   11.755034 |   2)   1.747 us    |                                }
   11.755034 |   2)   2.019 us    |                              }
   11.755034 |   2)   2.546 us    |                            }
   11.755034 |   2)   2.817 us    |                          }
   11.755034 |   2)   3.067 us    |                        }
   11.755035 |   2)               |                        filemap_add_folio() {
   11.755035 |   2)               |                          __filemap_add_folio() {
   11.755035 |   2)   0.122 us    |                            shmem_mapping();
   11.755035 |   2)               |                            _raw_spin_lock_irq() {
   11.755035 |   2)   0.126 us    |                              preempt_count_add();
   11.755036 |   2)   0.397 us    |                            }
   11.755036 |   2)   0.125 us    |                            workingset_update_node();
   11.755036 |   2)   0.124 us    |                            mod_node_page_state();
   11.755036 |   2)               |                            _raw_spin_unlock_irq() {
   11.755036 |   2)   0.126 us    |                              preempt_count_sub();
   11.755037 |   2)   0.392 us    |                            }
   11.755037 |   2)   2.023 us    |                          }
   11.755037 |   2)               |                          folio_add_lru() {
   11.755037 |   2)               |                            __folio_batch_add_and_move() {
   11.755037 |   2)   0.123 us    |                              preempt_count_add();
   11.755037 |   2)   0.125 us    |                              preempt_count_sub();
   11.755038 |   2)   0.661 us    |                            }
   11.755038 |   2)   0.911 us    |                          }
   11.755038 |   2)   3.332 us    |                        }
   11.755038 |   2)               |                        filemap_alloc_folio_noprof() {
   11.755038 |   2)               |                          folio_alloc_noprof() {
   11.755039 |   2)               |                            alloc_pages_mpol() {
   11.755039 |   2)   0.206 us    |                              policy_nodemask();
   11.755039 |   2)               |                              __alloc_frozen_pages_noprof() {
   11.755039 |   2)               |                                get_page_from_freelist() {
   11.755039 |   2)   0.126 us    |                                  preempt_count_add();
   11.755040 |   2)               |                                  _raw_spin_trylock() {
   11.755040 |   2)   0.122 us    |                                    preempt_count_add();
   11.755040 |   2)   0.389 us    |                                  }
   11.755040 |   2)               |                                  _raw_spin_unlock() {
   11.755040 |   2)   0.123 us    |                                    preempt_count_sub();
   11.755040 |   2)   0.389 us    |                                  }
   11.755041 |   2)   0.124 us    |                                  preempt_count_sub();
   11.755041 |   2)   1.728 us    |                                }
   11.755041 |   2)   2.003 us    |                              }
   11.755041 |   2)   2.610 us    |                            }
   11.755041 |   2)   2.864 us    |                          }
   11.755041 |   2)   3.115 us    |                        }
   11.755042 |   2)               |                        filemap_add_folio() {
   11.755042 |   2)               |                          __filemap_add_folio() {
   11.755042 |   2)   0.121 us    |                            shmem_mapping();
   11.755042 |   2)               |                            _raw_spin_lock_irq() {
   11.755042 |   2)   0.129 us    |                              preempt_count_add();
   11.755042 |   2)   0.398 us    |                            }
   11.755043 |   2)   0.126 us    |                            workingset_update_node();
   11.755043 |   2)   0.127 us    |                            mod_node_page_state();
   11.755043 |   2)               |                            _raw_spin_unlock_irq() {
   11.755043 |   2)   0.127 us    |                              preempt_count_sub();
   11.755044 |   2)   0.395 us    |                            }
   11.755044 |   2)   2.067 us    |                          }
   11.755044 |   2)               |                          folio_add_lru() {
   11.755044 |   2)               |                            __folio_batch_add_and_move() {
   11.755044 |   2)   0.124 us    |                              preempt_count_add();
   11.755044 |   2)   0.125 us    |                              preempt_count_sub();
   11.755045 |   2)   0.656 us    |                            }
   11.755045 |   2)   0.907 us    |                          }
   11.755045 |   2)   3.371 us    |                        }
   11.755045 |   2)               |                        filemap_alloc_folio_noprof() {
   11.755045 |   2)               |                          folio_alloc_noprof() {
   11.755046 |   2)               |                            alloc_pages_mpol() {
   11.755046 |   2)   0.142 us    |                              policy_nodemask();
   11.755046 |   2)               |                              __alloc_frozen_pages_noprof() {
   11.755046 |   2)               |                                get_page_from_freelist() {
   11.755046 |   2)   0.125 us    |                                  preempt_count_add();
   11.755046 |   2)               |                                  _raw_spin_trylock() {
   11.755047 |   2)   0.121 us    |                                    preempt_count_add();
   11.755047 |   2)   0.386 us    |                                  }
   11.755047 |   2)               |                                  _raw_spin_unlock() {
   11.755047 |   2)   0.122 us    |                                    preempt_count_sub();
   11.755047 |   2)   0.389 us    |                                  }
   11.755047 |   2)   0.125 us    |                                  preempt_count_sub();
   11.755048 |   2)   1.727 us    |                                }
   11.755048 |   2)   1.996 us    |                              }
   11.755048 |   2)   2.538 us    |                            }
   11.755048 |   2)   2.790 us    |                          }
   11.755048 |   2)   3.041 us    |                        }
   11.755048 |   2)               |                        filemap_add_folio() {
   11.755049 |   2)               |                          __filemap_add_folio() {
   11.755049 |   2)   0.126 us    |                            shmem_mapping();
   11.755049 |   2)               |                            _raw_spin_lock_irq() {
   11.755049 |   2)   0.129 us    |                              preempt_count_add();
   11.755049 |   2)   0.400 us    |                            }
   11.755050 |   2)   0.125 us    |                            workingset_update_node();
   11.755050 |   2)   0.125 us    |                            mod_node_page_state();
   11.755050 |   2)               |                            _raw_spin_unlock_irq() {
   11.755050 |   2)   0.127 us    |                              preempt_count_sub();
   11.755050 |   2)   0.392 us    |                            }
   11.755051 |   2)   2.065 us    |                          }
   11.755051 |   2)               |                          folio_add_lru() {
   11.755051 |   2)               |                            __folio_batch_add_and_move() {
   11.755051 |   2)   0.123 us    |                              preempt_count_add();
   11.755051 |   2)   0.126 us    |                              preempt_count_sub();
   11.755052 |   2)   0.658 us    |                            }
   11.755052 |   2)   0.907 us    |                          }
   11.755052 |   2)   3.369 us    |                        }
   11.755052 |   2)               |                        filemap_alloc_folio_noprof() {
   11.755052 |   2)               |                          folio_alloc_noprof() {
   11.755052 |   2)               |                            alloc_pages_mpol() {
   11.755053 |   2)   0.123 us    |                              policy_nodemask();
   11.755053 |   2)               |                              __alloc_frozen_pages_noprof() {
   11.755053 |   2)               |                                get_page_from_freelist() {
   11.755053 |   2)   0.127 us    |                                  preempt_count_add();
   11.755053 |   2)               |                                  _raw_spin_trylock() {
   11.755054 |   2)   0.127 us    |                                    preempt_count_add();
   11.755054 |   2)   0.392 us    |                                  }
   11.755054 |   2)               |                                  _raw_spin_unlock() {
   11.755054 |   2)   0.122 us    |                                    preempt_count_sub();
   11.755054 |   2)   0.384 us    |                                  }
   11.755054 |   2)   0.125 us    |                                  preempt_count_sub();
   11.755055 |   2)   1.733 us    |                                }
   11.755055 |   2)   2.096 us    |                              }
   11.755055 |   2)   2.617 us    |                            }
   11.755055 |   2)   2.870 us    |                          }
   11.755055 |   2)   3.119 us    |                        }
   11.755055 |   2)               |                        filemap_add_folio() {
   11.755056 |   2)               |                          __filemap_add_folio() {
   11.755056 |   2)   0.122 us    |                            shmem_mapping();
   11.755056 |   2)               |                            _raw_spin_lock_irq() {
   11.755056 |   2)   0.125 us    |                              preempt_count_add();
   11.755056 |   2)   0.411 us    |                            }
   11.755056 |   2)   0.123 us    |                            workingset_update_node();
   11.755057 |   2)   0.124 us    |                            mod_node_page_state();
   11.755057 |   2)               |                            _raw_spin_unlock_irq() {
   11.755057 |   2)   0.126 us    |                              preempt_count_sub();
   11.755057 |   2)   0.393 us    |                            }
   11.755058 |   2)   2.060 us    |                          }
   11.755058 |   2)               |                          folio_add_lru() {
   11.755058 |   2)               |                            __folio_batch_add_and_move() {
   11.755058 |   2)   0.124 us    |                              preempt_count_add();
   11.755058 |   2)   0.125 us    |                              preempt_count_sub();
   11.755059 |   2)   0.657 us    |                            }
   11.755059 |   2)   0.906 us    |                          }
   11.755059 |   2)   3.366 us    |                        }
   11.755059 |   2)               |                        filemap_alloc_folio_noprof() {
   11.755059 |   2)               |                          folio_alloc_noprof() {
   11.755059 |   2)               |                            alloc_pages_mpol() {
   11.755059 |   2)   0.124 us    |                              policy_nodemask();
   11.755060 |   2)               |                              __alloc_frozen_pages_noprof() {
   11.755060 |   2)               |                                get_page_from_freelist() {
   11.755060 |   2)   0.122 us    |                                  preempt_count_add();
   11.755060 |   2)               |                                  _raw_spin_trylock() {
   11.755060 |   2)   0.124 us    |                                    preempt_count_add();
   11.755061 |   2)   0.388 us    |                                  }
   11.755061 |   2)               |                                  _raw_spin_unlock() {
   11.755061 |   2)   0.122 us    |                                    preempt_count_sub();
   11.755061 |   2)   0.384 us    |                                  }
   11.755061 |   2)   0.125 us    |                                  preempt_count_sub();
   11.755062 |   2)   1.744 us    |                                }
   11.755062 |   2)   2.028 us    |                              }
   11.755062 |   2)   2.548 us    |                            }
   11.755062 |   2)   2.798 us    |                          }
   11.755062 |   2)   3.046 us    |                        }
   11.755062 |   2)               |                        filemap_add_folio() {
   11.755062 |   2)               |                          __filemap_add_folio() {
   11.755063 |   2)   0.124 us    |                            shmem_mapping();
   11.755063 |   2)               |                            _raw_spin_lock_irq() {
   11.755063 |   2)   0.125 us    |                              preempt_count_add();
   11.755063 |   2)   0.394 us    |                            }
   11.755063 |   2)   0.127 us    |                            workingset_update_node();
   11.755064 |   2)   0.127 us    |                            mod_node_page_state();
   11.755064 |   2)               |                            _raw_spin_unlock_irq() {
   11.755064 |   2)   0.127 us    |                              preempt_count_sub();
   11.755064 |   2)   0.397 us    |                            }
   11.755064 |   2)   2.053 us    |                          }
   11.755065 |   2)               |                          folio_add_lru() {
   11.755065 |   2)               |                            __folio_batch_add_and_move() {
   11.755065 |   2)   0.124 us    |                              preempt_count_add();
   11.755065 |   2)   0.126 us    |                              preempt_count_sub();
   11.755065 |   2)   0.680 us    |                            }
   11.755066 |   2)   0.930 us    |                          }
   11.755066 |   2)   3.386 us    |                        }
   11.755066 |   2)               |                        filemap_alloc_folio_noprof() {
   11.755066 |   2)               |                          folio_alloc_noprof() {
   11.755066 |   2)               |                            alloc_pages_mpol() {
   11.755066 |   2)   0.124 us    |                              policy_nodemask();
   11.755067 |   2)               |                              __alloc_frozen_pages_noprof() {
   11.755067 |   2)               |                                get_page_from_freelist() {
   11.755067 |   2)   0.193 us    |                                  preempt_count_add();
   11.755067 |   2)               |                                  _raw_spin_trylock() {
   11.755067 |   2)   0.136 us    |                                    preempt_count_add();
   11.755068 |   2)   0.403 us    |                                  }
   11.755068 |   2)               |                                  _raw_spin_unlock() {
   11.755068 |   2)   0.126 us    |                                    preempt_count_sub();
   11.755068 |   2)   0.391 us    |                                  }
   11.755068 |   2)   0.128 us    |                                  preempt_count_sub();
   11.755069 |   2)   1.840 us    |                                }
   11.755069 |   2)   2.112 us    |                              }
   11.755069 |   2)   2.637 us    |                            }
   11.755069 |   2)   2.892 us    |                          }
   11.755069 |   2)   3.143 us    |                        }
   11.755069 |   2)               |                        filemap_add_folio() {
   11.755069 |   2)               |                          __filemap_add_folio() {
   11.755070 |   2)   0.124 us    |                            shmem_mapping();
   11.755070 |   2)               |                            _raw_spin_lock_irq() {
   11.755070 |   2)   0.127 us    |                              preempt_count_add();
   11.755070 |   2)   0.401 us    |                            }
   11.755070 |   2)   0.127 us    |                            workingset_update_node();
   11.755071 |   2)   0.128 us    |                            mod_node_page_state();
   11.755071 |   2)               |                            _raw_spin_unlock_irq() {
   11.755071 |   2)   0.128 us    |                              preempt_count_sub();
   11.755071 |   2)   0.401 us    |                            }
   11.755071 |   2)   2.072 us    |                          }
   11.755072 |   2)               |                          folio_add_lru() {
   11.755072 |   2)               |                            __folio_batch_add_and_move() {
   11.755072 |   2)   0.124 us    |                              preempt_count_add();
   11.755072 |   2)   0.126 us    |                              preempt_count_sub();
   11.755072 |   2)   0.686 us    |                            }
   11.755073 |   2)   0.939 us    |                          }
   11.755073 |   2)   3.434 us    |                        }
   11.755073 |   2)               |                        filemap_alloc_folio_noprof() {
   11.755073 |   2)               |                          folio_alloc_noprof() {
   11.755073 |   2)               |                            alloc_pages_mpol() {
   11.755073 |   2)   0.128 us    |                              policy_nodemask();
   11.755074 |   2)               |                              __alloc_frozen_pages_noprof() {
   11.755074 |   2)               |                                get_page_from_freelist() {
   11.755074 |   2)   0.126 us    |                                  preempt_count_add();
   11.755074 |   2)               |                                  _raw_spin_trylock() {
   11.755074 |   2)   0.123 us    |                                    preempt_count_add();
   11.755075 |   2)   0.388 us    |                                  }
   11.755075 |   2)               |                                  _raw_spin_unlock() {
   11.755075 |   2)   0.123 us    |                                    preempt_count_sub();
   11.755075 |   2)   0.389 us    |                                  }
   11.755075 |   2)   0.126 us    |                                  preempt_count_sub();
   11.755076 |   2)   1.752 us    |                                }
   11.755076 |   2)   2.022 us    |                              }
   11.755076 |   2)   2.554 us    |                            }
   11.755076 |   2)   2.811 us    |                          }
   11.755076 |   2)   3.061 us    |                        }
   11.755076 |   2)               |                        filemap_add_folio() {
   11.755076 |   2)               |                          __filemap_add_folio() {
   11.755077 |   2)   0.124 us    |                            shmem_mapping();
   11.755077 |   2)               |                            _raw_spin_lock_irq() {
   11.755077 |   2)   0.126 us    |                              preempt_count_add();
   11.755077 |   2)   0.396 us    |                            }
   11.755077 |   2)   0.125 us    |                            workingset_update_node();
   11.755078 |   2)   0.124 us    |                            mod_node_page_state();
   11.755078 |   2)               |                            _raw_spin_unlock_irq() {
   11.755078 |   2)   0.126 us    |                              preempt_count_sub();
   11.755078 |   2)   0.394 us    |                            }
   11.755078 |   2)   2.062 us    |                          }
   11.755079 |   2)               |                          folio_add_lru() {
   11.755079 |   2)               |                            __folio_batch_add_and_move() {
   11.755081 |   2)               |                                irq_enter_rcu() {
   11.755082 |   2)   0.149 us    |                                  preempt_count_add();
   11.755082 |   2)   0.485 us    |                                }
   11.755088 |   2)               |                                __hrtimer_rearm_deferred() {
   11.755088 |   2)               |                                  _raw_spin_lock() {
   11.755088 |   2)   0.161 us    |                                    preempt_count_add();
   11.755089 |   2)   0.488 us    |                                  }
   11.755089 |   2)               |                                  tick_program_event() {
   11.755089 |   2)               |                                    clockevents_program_event() {
   11.755089 |   2)   1.875 us    |                                      lapic_next_event();
   11.755091 |   2)   2.395 us    |                                    }
   11.755092 |   2)   2.690 us    |                                  }
   11.755092 |   2)               |                                  _raw_spin_unlock() {
   11.755092 |   2)   0.233 us    |                                    preempt_count_sub();
   11.755092 |   2)   0.552 us    |                                  }
   11.755092 |   2)   4.425 us    |                                }
   11.755093 |   2)               |                                handle_softirqs() {
   11.755093 |   2)   0.159 us    |                                  __local_bh_disable_ip();
   11.755093 |   2)               |                                  sched_balance_softirq() {
   11.755093 |   2)               |                                    sched_balance_update_blocked_averages() {
   11.755094 |   2)               |                                      raw_spin_rq_lock_nested() {
   11.755094 |   2)               |                                        _raw_spin_lock() {
   11.755094 |   2)   0.147 us    |                                          preempt_count_add();
   11.755094 |   2)   0.441 us    |                                        }
   11.755094 |   2)   0.747 us    |                                      }
   11.755094 |   2)               |                                      update_rq_clock() {
   11.755095 |   2)   0.134 us    |                                        arch_scale_cpu_capacity();
   11.755095 |   2)   0.469 us    |                                      }
   11.755095 |   2)               |                                      __sched_balance_update_blocked_averages() {
   11.755095 |   2)               |                                        update_other_load_avgs() {
   11.755095 |   2)   0.167 us    |                                          update_rt_rq_load_avg();
   11.755096 |   2)   0.140 us    |                                          update_dl_rq_load_avg();
   11.755096 |   2)   0.781 us    |                                        }
   11.755096 |   2)   0.146 us    |                                        __update_load_avg_cfs_rq();
   11.755097 |   2)   1.410 us    |                                      }
   11.755097 |   2)               |                                      _raw_spin_unlock() {
   11.755097 |   2)   0.140 us    |                                        preempt_count_sub();
   11.755097 |   2)   0.412 us    |                                      }
   11.755097 |   2)   3.925 us    |                                    }
   11.755097 |   2)               |                                    sched_balance_domains() {
   11.755098 |   2)   0.125 us    |                                      __msecs_to_jiffies();
   11.755098 |   2)   0.689 us    |                                    }
   11.755098 |   2)   5.048 us    |                                  }
   11.755098 |   2)               |                                  rcu_core_si() {
   11.755099 |   2)               |                                    rcu_core() {
   11.755099 |   2)   0.249 us    |                                      note_gp_changes();
   11.755099 |   2)               |                                      rcu_report_qs_rdp() {
   11.755099 |   2)               |                                        _raw_spin_lock_irqsave() {
   11.755099 |   2)   0.139 us    |                                          preempt_count_add();
   11.755100 |   2)   0.443 us    |                                        }
   11.755100 |   2)               |                                        rcu_accelerate_cbs() {
   11.755100 |   2)   0.124 us    |                                          rcu_segcblist_pend_cbs();
   11.755100 |   2)               |                                          rcu_segcblist_accelerate() {
   11.755101 |   2)   0.168 us    |                                            rcu_segcblist_accelerate.part.0();
   11.755101 |   2)   0.444 us    |                                          }
   11.755101 |   2)               |                                          rcu_start_this_gp() {
   11.755101 |   2)   0.123 us    |                                            trace_rcu_this_gp();
   11.755101 |   2)   0.126 us    |                                            trace_rcu_this_gp();
   11.755102 |   2)   0.730 us    |                                          }
   11.755102 |   2)   1.937 us    |                                        }
   11.755102 |   2)               |                                        rcu_report_qs_rnp() {
   11.755102 |   2)               |                                          _raw_spin_unlock_irqrestore() {
   11.755102 |   2)   0.124 us    |                                            preempt_count_sub();
   11.755103 |   2)   0.392 us    |                                          }
   11.755103 |   2)   0.754 us    |                                        }
   11.755103 |   2)   3.762 us    |                                      }
   11.755103 |   2)   0.129 us    |                                      rcu_segcblist_nextgp();
   11.755103 |   2)   0.137 us    |                                      poll_state_synchronize_rcu_full();
   11.755104 |   2)   0.121 us    |                                      rcu_segcblist_ready_cbs();
   11.755104 |   2)   5.568 us    |                                    }
   11.755104 |   2)   5.855 us    |                                  }
   11.755105 |   2) + 11.885 us   |                                }
   11.755105 |   2)   0.137 us    |                                idle_cpu();
   11.755105 |   2)   0.136 us    |                                raw_irqentry_exit_cond_resched();
   11.755105 |   2)   0.161 us    |                              preempt_count_add();
   11.755106 |   2)   0.140 us    |                              preempt_count_sub();
   11.755106 |   2) + 27.329 us   |                            }
   11.755106 |   2) + 27.582 us   |                          }
   11.755106 |   2) + 30.041 us   |                        }
   11.755107 |   2)               |                        filemap_alloc_folio_noprof() {
   11.755107 |   2)               |                          folio_alloc_noprof() {
   11.755107 |   2)               |                            alloc_pages_mpol() {
   11.755107 |   2)   0.126 us    |                              policy_nodemask();
   11.755107 |   2)               |                              __alloc_frozen_pages_noprof() {
   11.755107 |   2)               |                                get_page_from_freelist() {
   11.755108 |   2)   0.126 us    |                                  preempt_count_add();
   11.755108 |   2)               |                                  _raw_spin_trylock() {
   11.755108 |   2)   0.128 us    |                                    preempt_count_add();
   11.755108 |   2)   0.392 us    |                                  }
   11.755109 |   2)               |                                  _raw_spin_unlock() {
   11.755109 |   2)   0.133 us    |                                    preempt_count_sub();
   11.755109 |   2)   0.633 us    |                                  }
   11.755109 |   2)   0.126 us    |                                  preempt_count_sub();
   11.755109 |   2)   2.012 us    |                                }
   11.755110 |   2)   2.298 us    |                              }
   11.755110 |   2)   2.829 us    |                            }
   11.755110 |   2)   3.094 us    |                          }
   11.755110 |   2)   3.350 us    |                        }
   11.755110 |   2)               |                        filemap_add_folio() {
   11.755110 |   2)               |                          __filemap_add_folio() {
   11.755110 |   2)   0.124 us    |                            shmem_mapping();
   11.755111 |   2)               |                            _raw_spin_lock_irq() {
   11.755111 |   2)   0.131 us    |                              preempt_count_add();
   11.755111 |   2)   0.414 us    |                            }
   11.755111 |   2)   0.126 us    |                            workingset_update_node();
   11.755112 |   2)   0.242 us    |                            mod_node_page_state();
   11.755112 |   2)               |                            _raw_spin_unlock_irq() {
   11.755112 |   2)   0.127 us    |                              preempt_count_sub();
   11.755112 |   2)   0.396 us    |                            }
   11.755113 |   2)   2.229 us    |                          }
   11.755113 |   2)               |                          folio_add_lru() {
   11.755113 |   2)               |                            __folio_batch_add_and_move() {
   11.755113 |   2)   0.127 us    |                              preempt_count_add();
   11.755113 |   2)   0.125 us    |                              preempt_count_sub();
   11.755113 |   2)   0.660 us    |                            }
   11.755114 |   2)   0.909 us    |                          }
   11.755114 |   2)   3.537 us    |                        }
   11.755114 |   2)               |                        filemap_alloc_folio_noprof() {
   11.755114 |   2)               |                          folio_alloc_noprof() {
   11.755114 |   2)               |                            alloc_pages_mpol() {
   11.755114 |   2)   0.128 us    |                              policy_nodemask();
   11.755115 |   2)               |                              __alloc_frozen_pages_noprof() {
   11.755115 |   2)               |                                get_page_from_freelist() {
   11.755115 |   2)   0.124 us    |                                  preempt_count_add();
   11.755115 |   2)               |                                  _raw_spin_trylock() {
   11.755115 |   2)   0.123 us    |                                    preempt_count_add();
   11.755116 |   2)   0.385 us    |                                  }
   11.755116 |   2)               |                                  _raw_spin_unlock() {
   11.755116 |   2)   0.122 us    |                                    preempt_count_sub();
   11.755116 |   2)   0.401 us    |                                  }
   11.755116 |   2)   0.125 us    |                                  preempt_count_sub();
   11.755117 |   2)   1.757 us    |                                }
   11.755117 |   2)   2.029 us    |                              }
   11.755117 |   2)   2.558 us    |                            }
   11.755117 |   2)   2.811 us    |                          }
   11.755117 |   2)   3.061 us    |                        }
   11.755117 |   2)               |                        filemap_add_folio() {
   11.755117 |   2)               |                          __filemap_add_folio() {
   11.755117 |   2)   0.122 us    |                            shmem_mapping();
   11.755118 |   2)               |                            _raw_spin_lock_irq() {
   11.755118 |   2)   0.124 us    |                              preempt_count_add();
   11.755118 |   2)   0.402 us    |                            }
   11.755118 |   2)   0.123 us    |                            workingset_update_node();
   11.755119 |   2)   0.125 us    |                            mod_node_page_state();
   11.755119 |   2)               |                            _raw_spin_unlock_irq() {
   11.755119 |   2)   0.127 us    |                              preempt_count_sub();
   11.755119 |   2)   0.395 us    |                            }
   11.755119 |   2)   2.058 us    |                          }
   11.755120 |   2)               |                          folio_add_lru() {
   11.755120 |   2)               |                            __folio_batch_add_and_move() {
   11.755120 |   2)   0.124 us    |                              preempt_count_add();
   11.755120 |   2)   0.125 us    |                              preempt_count_sub();
   11.755120 |   2)   0.656 us    |                            }
   11.755120 |   2)   0.904 us    |                          }
   11.755121 |   2)   3.363 us    |                        }
   11.755121 |   2)               |                        filemap_alloc_folio_noprof() {
   11.755121 |   2)               |                          folio_alloc_noprof() {
   11.755121 |   2)               |                            alloc_pages_mpol() {
   11.755121 |   2)   0.127 us    |                              policy_nodemask();
   11.755122 |   2)               |                              __alloc_frozen_pages_noprof() {
   11.755122 |   2)               |                                get_page_from_freelist() {
   11.755122 |   2)   0.125 us    |                                  preempt_count_add();
   11.755122 |   2)               |                                  _raw_spin_trylock() {
   11.755122 |   2)   0.123 us    |                                    preempt_count_add();
   11.755122 |   2)   0.385 us    |                                  }
   11.755123 |   2)               |                                  _raw_spin_unlock() {
   11.755123 |   2)   0.124 us    |                                    preempt_count_sub();
   11.755123 |   2)   0.459 us    |                                  }
   11.755123 |   2)   0.125 us    |                                  preempt_count_sub();
   11.755124 |   2)   1.820 us    |                                }
   11.755124 |   2)   2.090 us    |                              }
   11.755124 |   2)   2.617 us    |                            }
   11.755124 |   2)   2.871 us    |                          }
   11.755124 |   2)   3.121 us    |                        }
   11.755124 |   2)               |                        filemap_add_folio() {
   11.755124 |   2)               |                          __filemap_add_folio() {
   11.755124 |   2)   0.123 us    |                            shmem_mapping();
   11.755125 |   2)               |                            _raw_spin_lock_irq() {
   11.755125 |   2)   0.127 us    |                              preempt_count_add();
   11.755125 |   2)   0.399 us    |                            }
   11.755125 |   2)   0.124 us    |                            workingset_update_node();
   11.755126 |   2)   0.125 us    |                            mod_node_page_state();
   11.755126 |   2)               |                            _raw_spin_unlock_irq() {
   11.755126 |   2)   0.125 us    |                              preempt_count_sub();
   11.755126 |   2)   0.394 us    |                            }
   11.755126 |   2)   2.066 us    |                          }
   11.755127 |   2)               |                          folio_add_lru() {
   11.755127 |   2)               |                            __folio_batch_add_and_move() {
   11.755127 |   2)   0.125 us    |                              preempt_count_add();
   11.755127 |   2)   0.126 us    |                              preempt_count_sub();
   11.755127 |   2)   0.656 us    |                            }
   11.755127 |   2)   0.908 us    |                          }
   11.755128 |   2)   3.372 us    |                        }
   11.755128 |   2)               |                        filemap_alloc_folio_noprof() {
   11.755128 |   2)               |                          folio_alloc_noprof() {
   11.755128 |   2)               |                            alloc_pages_mpol() {
   11.755128 |   2)   0.128 us    |                              policy_nodemask();
   11.755129 |   2)               |                              __alloc_frozen_pages_noprof() {
   11.755129 |   2)               |                                get_page_from_freelist() {
   11.755129 |   2)   0.125 us    |                                  preempt_count_add();
   11.755129 |   2)               |                                  _raw_spin_trylock() {
   11.755129 |   2)   0.123 us    |                                    preempt_count_add();
   11.755129 |   2)   0.387 us    |                                  }
   11.755130 |   2)               |                                  _raw_spin_unlock() {
   11.755130 |   2)   0.123 us    |                                    preempt_count_sub();
   11.755130 |   2)   0.401 us    |                                  }
   11.755130 |   2)   0.126 us    |                                  preempt_count_sub();
   11.755130 |   2)   1.765 us    |                                }
   11.755131 |   2)   2.037 us    |                              }
   11.755131 |   2)   2.564 us    |                            }
   11.755131 |   2)   2.820 us    |                          }
   11.755131 |   2)   3.068 us    |                        }
   11.755131 |   2)               |                        filemap_add_folio() {
   11.755131 |   2)               |                          __filemap_add_folio() {
   11.755131 |   2)   0.124 us    |                            shmem_mapping();
   11.755132 |   2)               |                            _raw_spin_lock_irq() {
   11.755132 |   2)   0.124 us    |                              preempt_count_add();
   11.755132 |   2)   0.397 us    |                            }
   11.755132 |   2)   0.123 us    |                            workingset_update_node();
   11.755132 |   2)   0.125 us    |                            mod_node_page_state();
   11.755133 |   2)               |                            _raw_spin_unlock_irq() {
   11.755133 |   2)   0.125 us    |                              preempt_count_sub();
   11.755133 |   2)   0.392 us    |                            }
   11.755133 |   2)   2.055 us    |                          }
   11.755133 |   2)               |                          folio_add_lru() {
   11.755134 |   2)               |                            __folio_batch_add_and_move() {
   11.755134 |   2)   0.124 us    |                              preempt_count_add();
   11.755134 |   2)   0.125 us    |                              preempt_count_sub();
   11.755134 |   2)   0.658 us    |                            }
   11.755134 |   2)   0.908 us    |                          }
   11.755135 |   2)   3.362 us    |                        }
   11.755135 |   2)               |                        filemap_alloc_folio_noprof() {
   11.755135 |   2)               |                          folio_alloc_noprof() {
   11.755135 |   2)               |                            alloc_pages_mpol() {
   11.755135 |   2)   0.127 us    |                              policy_nodemask();
   11.755135 |   2)               |                              __alloc_frozen_pages_noprof() {
   11.755136 |   2)               |                                get_page_from_freelist() {
   11.755136 |   2)   0.125 us    |                                  preempt_count_add();
   11.755136 |   2)               |                                  _raw_spin_trylock() {
   11.755136 |   2)   0.123 us    |                                    preempt_count_add();
   11.755136 |   2)   0.389 us    |                                  }
   11.755137 |   2)               |                                  _raw_spin_unlock() {
   11.755137 |   2)   0.124 us    |                                    preempt_count_sub();
   11.755137 |   2)   0.412 us    |                                  }
   11.755137 |   2)   0.126 us    |                                  preempt_count_sub();
   11.755137 |   2)   1.847 us    |                                }
   11.755138 |   2)   2.119 us    |                              }
   11.755138 |   2)   2.647 us    |                            }
   11.755138 |   2)   2.903 us    |                          }
   11.755138 |   2)   3.151 us    |                        }
   11.755138 |   2)               |                        filemap_add_folio() {
   11.755138 |   2)               |                          __filemap_add_folio() {
   11.755138 |   2)   0.123 us    |                            shmem_mapping();
   11.755139 |   2)               |                            _raw_spin_lock_irq() {
   11.755139 |   2)   0.127 us    |                              preempt_count_add();
   11.755139 |   2)   0.399 us    |                            }
   11.755139 |   2)   0.124 us    |                            workingset_update_node();
   11.755140 |   2)   0.124 us    |                            mod_node_page_state();
   11.755140 |   2)               |                            _raw_spin_unlock_irq() {
   11.755140 |   2)   0.126 us    |                              preempt_count_sub();
   11.755140 |   2)   0.393 us    |                            }
   11.755140 |   2)   2.056 us    |                          }
   11.755140 |   2)               |                          folio_add_lru() {
   11.755141 |   2)               |                            __folio_batch_add_and_move() {
   11.755141 |   2)   0.125 us    |                              preempt_count_add();
   11.755141 |   2)   0.125 us    |                              preempt_count_sub();
   11.755141 |   2)   0.659 us    |                            }
   11.755141 |   2)   0.908 us    |                          }
   11.755142 |   2)   3.387 us    |                        }
   11.755142 |   2)               |                        filemap_alloc_folio_noprof() {
   11.755142 |   2)               |                          folio_alloc_noprof() {
   11.755142 |   2)               |                            alloc_pages_mpol() {
   11.755142 |   2)   0.127 us    |                              policy_nodemask();
   11.755143 |   2)               |                              __alloc_frozen_pages_noprof() {
   11.755143 |   2)               |                                get_page_from_freelist() {
   11.755143 |   2)   0.124 us    |                                  preempt_count_add();
   11.755143 |   2)               |                                  _raw_spin_trylock() {
   11.755143 |   2)   0.122 us    |                                    preempt_count_add();
   11.755143 |   2)   0.387 us    |                                  }
   11.755144 |   2)               |                                  _raw_spin_unlock() {
   11.755144 |   2)   0.125 us    |                                    preempt_count_sub();
   11.755144 |   2)   0.411 us    |                                  }
   11.755144 |   2)   0.126 us    |                                  preempt_count_sub();
   11.755144 |   2)   1.768 us    |                                }
   11.755145 |   2)   2.041 us    |                              }
   11.755145 |   2)   2.570 us    |                            }
   11.755145 |   2)   2.825 us    |                          }
   11.755145 |   2)   3.076 us    |                        }
   11.755145 |   2)               |                        filemap_add_folio() {
   11.755145 |   2)               |                          __filemap_add_folio() {
   11.755145 |   2)   0.124 us    |                            shmem_mapping();
   11.755146 |   2)               |                            _raw_spin_lock_irq() {
   11.755146 |   2)   0.127 us    |                              preempt_count_add();
   11.755146 |   2)   0.398 us    |                            }
   11.755146 |   2)   0.125 us    |                            workingset_update_node();
   11.755146 |   2)   0.125 us    |                            mod_node_page_state();
   11.755147 |   2)               |                            _raw_spin_unlock_irq() {
   11.755147 |   2)   0.126 us    |                              preempt_count_sub();
   11.755147 |   2)   0.392 us    |                            }
   11.755147 |   2)   2.065 us    |                          }
   11.755147 |   2)               |                          folio_add_lru() {
   11.755148 |   2)               |                            __folio_batch_add_and_move() {
   11.755148 |   2)   0.125 us    |                              preempt_count_add();
   11.755148 |   2)   0.125 us    |                              preempt_count_sub();
   11.755148 |   2)   0.658 us    |                            }
   11.755148 |   2)   0.908 us    |                          }
   11.755148 |   2)   3.372 us    |                        }
   11.755149 |   2)               |                        filemap_alloc_folio_noprof() {
   11.755149 |   2)               |                          folio_alloc_noprof() {
   11.755149 |   2)               |                            alloc_pages_mpol() {
   11.755149 |   2)   0.128 us    |                              policy_nodemask();
   11.755149 |   2)               |                              __alloc_frozen_pages_noprof() {
   11.755150 |   2)               |                                get_page_from_freelist() {
   11.755150 |   2)   0.125 us    |                                  preempt_count_add();
   11.755150 |   2)               |                                  _raw_spin_trylock() {
   11.755150 |   2)   0.123 us    |                                    preempt_count_add();
   11.755150 |   2)   0.387 us    |                                  }
   11.755150 |   2)               |                                  _raw_spin_unlock() {
   11.755151 |   2)   0.122 us    |                                    preempt_count_sub();
   11.755151 |   2)   0.385 us    |                                  }
   11.755151 |   2)   0.125 us    |                                  preempt_count_sub();
   11.755151 |   2)   1.824 us    |                                }
   11.755152 |   2)   2.094 us    |                              }
   11.755152 |   2)   2.623 us    |                            }
   11.755152 |   2)   2.878 us    |                          }
   11.755152 |   2)   3.125 us    |                        }
   11.755152 |   2)               |                        filemap_add_folio() {
   11.755152 |   2)               |                          __filemap_add_folio() {
   11.755152 |   2)   0.123 us    |                            shmem_mapping();
   11.755153 |   2)               |                            _raw_spin_lock_irq() {
   11.755153 |   2)   0.126 us    |                              preempt_count_add();
   11.755153 |   2)   0.397 us    |                            }
   11.755153 |   2)   0.123 us    |                            workingset_update_node();
   11.755153 |   2)   0.124 us    |                            mod_node_page_state();
   11.755154 |   2)               |                            _raw_spin_unlock_irq() {
   11.755154 |   2)   0.125 us    |                              preempt_count_sub();
   11.755154 |   2)   0.391 us    |                            }
   11.755154 |   2)   2.068 us    |                          }
   11.755154 |   2)               |                          folio_add_lru() {
   11.755155 |   2)               |                            __folio_batch_add_and_move() {
   11.755155 |   2)   0.125 us    |                              preempt_count_add();
   11.755155 |   2)   0.125 us    |                              preempt_count_sub();
   11.755155 |   2)   0.657 us    |                            }
   11.755155 |   2)   0.906 us    |                          }
   11.755155 |   2)   3.372 us    |                        }
   11.755156 |   2)               |                        filemap_alloc_folio_noprof() {
   11.755156 |   2)               |                          folio_alloc_noprof() {
   11.755156 |   2)               |                            alloc_pages_mpol() {
   11.755156 |   2)   0.131 us    |                              policy_nodemask();
   11.755156 |   2)               |                              __alloc_frozen_pages_noprof() {
   11.755157 |   2)               |                                get_page_from_freelist() {
   11.755157 |   2)   0.128 us    |                                  preempt_count_add();
   11.755157 |   2)               |                                  _raw_spin_trylock() {
   11.755157 |   2)   0.122 us    |                                    preempt_count_add();
   11.755157 |   2)   0.386 us    |                                  }
   11.755157 |   2)               |                                  _raw_spin_unlock() {
   11.755158 |   2)   0.123 us    |                                    preempt_count_sub();
   11.755158 |   2)   0.386 us    |                                  }
   11.755158 |   2)   0.125 us    |                                  preempt_count_sub();
   11.755158 |   2)   1.743 us    |                                }
   11.755158 |   2)   2.013 us    |                              }
   11.755159 |   2)   2.545 us    |                            }
   11.755159 |   2)   2.798 us    |                          }
   11.755159 |   2)   3.047 us    |                        }
   11.755159 |   2)               |                        filemap_add_folio() {
   11.755159 |   2)               |                          __filemap_add_folio() {
   11.755159 |   2)   0.124 us    |                            shmem_mapping();
   11.755160 |   2)               |                            _raw_spin_lock_irq() {
   11.755160 |   2)   0.127 us    |                              preempt_count_add();
   11.755160 |   2)   0.397 us    |                            }
   11.755160 |   2)   0.127 us    |                            workingset_update_node();
   11.755160 |   2)   0.364 us    |                            mod_node_page_state();
   11.755161 |   2)               |                            _raw_spin_unlock_irq() {
   11.755161 |   2)   0.127 us    |                              preempt_count_sub();
   11.755161 |   2)   0.396 us    |                            }
   11.755161 |   2)   2.320 us    |                          }
   11.755162 |   2)               |                          folio_add_lru() {
   11.755162 |   2)               |                            __folio_batch_add_and_move() {
   11.755162 |   2)   0.124 us    |                              preempt_count_add();
   11.755162 |   2)   0.124 us    |                              preempt_count_sub();
   11.755162 |   2)   0.657 us    |                            }
   11.755162 |   2)   0.907 us    |                          }
   11.755163 |   2)   3.630 us    |                        }
   11.755163 |   2)               |                        filemap_alloc_folio_noprof() {
   11.755163 |   2)               |                          folio_alloc_noprof() {
   11.755163 |   2)               |                            alloc_pages_mpol() {
   11.755163 |   2)   0.129 us    |                              policy_nodemask();
   11.755164 |   2)               |                              __alloc_frozen_pages_noprof() {
   11.755164 |   2)               |                                get_page_from_freelist() {
   11.755164 |   2)   0.126 us    |                                  preempt_count_add();
   11.755164 |   2)               |                                  _raw_spin_trylock() {
   11.755164 |   2)   0.122 us    |                                    preempt_count_add();
   11.755165 |   2)   0.387 us    |                                  }
   11.755165 |   2)               |                                  _raw_spin_unlock() {
   11.755165 |   2)   0.144 us    |                                    preempt_count_sub();
   11.755165 |   2)   0.508 us    |                                  }
   11.755165 |   2)   0.129 us    |                                  preempt_count_sub();
   11.755166 |   2)   1.877 us    |                                }
   11.755166 |   2)   2.230 us    |                              }
   11.755166 |   2)   2.792 us    |                            }
   11.755166 |   2)   3.049 us    |                          }
   11.755166 |   2)   3.303 us    |                        }
   11.755166 |   2)               |                        filemap_add_folio() {
   11.755167 |   2)               |                          __filemap_add_folio() {
   11.755167 |   2)   0.128 us    |                            shmem_mapping();
   11.755167 |   2)               |                            _raw_spin_lock_irq() {
   11.755167 |   2)   0.128 us    |                              preempt_count_add();
   11.755167 |   2)   0.403 us    |                            }
   11.755168 |   2)   0.125 us    |                            workingset_update_node();
   11.755168 |   2)   0.143 us    |                            mod_node_page_state();
   11.755168 |   2)               |                            _raw_spin_unlock_irq() {
   11.755168 |   2)   0.125 us    |                              preempt_count_sub();
   11.755169 |   2)   0.401 us    |                            }
   11.755169 |   2)   2.125 us    |                          }
   11.755169 |   2)               |                          folio_add_lru() {
   11.755169 |   2)               |                            __folio_batch_add_and_move() {
   11.755169 |   2)   0.125 us    |                              preempt_count_add();
   11.755169 |   2)   0.128 us    |                              preempt_count_sub();
   11.755170 |   2)   0.666 us    |                            }
   11.755170 |   2)   0.920 us    |                          }
   11.755170 |   2)   3.479 us    |                        }
   11.755170 |   2)               |                        filemap_alloc_folio_noprof() {
   11.755170 |   2)               |                          folio_alloc_noprof() {
   11.755170 |   2)               |                            alloc_pages_mpol() {
   11.755171 |   2)   0.131 us    |                              policy_nodemask();
   11.755171 |   2)               |                              __alloc_frozen_pages_noprof() {
   11.755171 |   2)               |                                get_page_from_freelist() {
   11.755171 |   2)   0.125 us    |                                  preempt_count_add();
   11.755171 |   2)               |                                  _raw_spin_trylock() {
   11.755172 |   2)   0.123 us    |                                    preempt_count_add();
   11.755172 |   2)   0.412 us    |                                  }
   11.755172 |   2)               |                                  _raw_spin_unlock() {
   11.755172 |   2)   0.126 us    |                                    preempt_count_sub();
   11.755172 |   2)   0.393 us    |                                  }
   11.755172 |   2)   0.127 us    |                                  preempt_count_sub();
   11.755173 |   2)   1.756 us    |                                }
   11.755173 |   2)   2.039 us    |                              }
   11.755173 |   2)   2.569 us    |                            }
   11.755173 |   2)   2.821 us    |                          }
   11.755173 |   2)   3.070 us    |                        }
   11.755173 |   2)               |                        filemap_add_folio() {
   11.755174 |   2)               |                          __filemap_add_folio() {
   11.755174 |   2)   0.123 us    |                            shmem_mapping();
   11.755174 |   2)               |                            _raw_spin_lock_irq() {
   11.755174 |   2)   0.124 us    |                              preempt_count_add();
   11.755174 |   2)   0.394 us    |                            }
   11.755175 |   2)   0.123 us    |                            workingset_update_node();
   11.755175 |   2)   0.125 us    |                            mod_node_page_state();
   11.755175 |   2)               |                            _raw_spin_unlock_irq() {
   11.755175 |   2)   0.127 us    |                              preempt_count_sub();
   11.755175 |   2)   0.392 us    |                            }
   11.755176 |   2)   2.061 us    |                          }
   11.755176 |   2)               |                          folio_add_lru() {
   11.755176 |   2)               |                            __folio_batch_add_and_move() {
   11.755176 |   2)   0.125 us    |                              preempt_count_add();
   11.755176 |   2)               |                              folio_batch_move_lru() {
   11.755177 |   2)               |                                _raw_spin_lock_irqsave() {
   11.755177 |   2)   0.122 us    |                                  preempt_count_add();
   11.755177 |   2)   0.397 us    |                                }
   11.755177 |   2)               |                                lru_add() {
   11.755177 |   2)   0.123 us    |                                  folio_mapping();
   11.755178 |   2)   0.123 us    |                                  mod_node_page_state();
   11.755178 |   2)   0.123 us    |                                  __mod_zone_page_state();
   11.755178 |   2)   1.150 us    |                                }
   11.755178 |   2)               |                                lru_add() {
   11.755179 |   2)   0.123 us    |                                  folio_mapping();
   11.755179 |   2)   0.125 us    |                                  mod_node_page_state();
   11.755179 |   2)   0.125 us    |                                  __mod_zone_page_state();
   11.755180 |   2)   1.103 us    |                                }
   11.755180 |   2)               |                                lru_add() {
   11.755180 |   2)   0.123 us    |                                  folio_mapping();
   11.755180 |   2)   0.126 us    |                                  mod_node_page_state();
   11.755181 |   2)   0.192 us    |                                  __mod_zone_page_state();
   11.755181 |   2)   1.193 us    |                                }
   11.755181 |   2)               |                                lru_add() {
   11.755181 |   2)   0.126 us    |                                  folio_mapping();
   11.755182 |   2)   0.127 us    |                                  mod_node_page_state();
   11.755182 |   2)   0.136 us    |                                  __mod_zone_page_state();
   11.755182 |   2)   1.137 us    |                                }
   11.755182 |   2)               |                                lru_add() {
   11.755183 |   2)   0.125 us    |                                  folio_mapping();
   11.755183 |   2)   0.126 us    |                                  mod_node_page_state();
   11.755183 |   2)   0.124 us    |                                  __mod_zone_page_state();
   11.755184 |   2)   1.122 us    |                                }
   11.755184 |   2)               |                                lru_add() {
   11.755184 |   2)   0.125 us    |                                  folio_mapping();
   11.755184 |   2)   0.125 us    |                                  mod_node_page_state();
   11.755185 |   2)   0.126 us    |                                  __mod_zone_page_state();
   11.755185 |   2)   1.120 us    |                                }
   11.755185 |   2)               |                                lru_add() {
   11.755185 |   2)   0.126 us    |                                  folio_mapping();
   11.755186 |   2)   0.126 us    |                                  mod_node_page_state();
   11.755186 |   2)   0.125 us    |                                  __mod_zone_page_state();
   11.755186 |   2)   1.126 us    |                                }
   11.755186 |   2)               |                                lru_add() {
   11.755186 |   2)   0.126 us    |                                  folio_mapping();
   11.755187 |   2)   0.127 us    |                                  mod_node_page_state();
   11.755187 |   2)   0.124 us    |                                  __mod_zone_page_state();
   11.755187 |   2)   1.124 us    |                                }
   11.755188 |   2)               |                                lru_add() {
   11.755188 |   2)   0.126 us    |                                  folio_mapping();
   11.755188 |   2)   0.126 us    |                                  mod_node_page_state();
   11.755188 |   2)   0.124 us    |                                  __mod_zone_page_state();
   11.755189 |   2)   1.124 us    |                                }
   11.755189 |   2)               |                                lru_add() {
   11.755189 |   2)   0.124 us    |                                  folio_mapping();
   11.755189 |   2)   0.127 us    |                                  mod_node_page_state();
   11.755190 |   2)   0.125 us    |                                  __mod_zone_page_state();
   11.755190 |   2)   1.124 us    |                                }
   11.755190 |   2)               |                                lru_add() {
   11.755190 |   2)   0.127 us    |                                  folio_mapping();
   11.755191 |   2)   0.125 us    |                                  mod_node_page_state();
   11.755191 |   2)   0.125 us    |                                  __mod_zone_page_state();
   11.755191 |   2)   1.128 us    |                                }
   11.755191 |   2)               |                                lru_add() {
   11.755192 |   2)   0.123 us    |                                  folio_mapping();
   11.755192 |   2)   0.127 us    |                                  mod_node_page_state();
   11.755192 |   2)   0.126 us    |                                  __mod_zone_page_state();
   11.755193 |   2)   1.122 us    |                                }
   11.755193 |   2)               |                                lru_add() {
   11.755193 |   2)   0.127 us    |                                  folio_mapping();
   11.755193 |   2)   0.126 us    |                                  mod_node_page_state();
   11.755194 |   2)   0.126 us    |                                  __mod_zone_page_state();
   11.755194 |   2)   1.134 us    |                                }
   11.755194 |   2)               |                                lru_add() {
   11.755194 |   2)   0.125 us    |                                  folio_mapping();
   11.755195 |   2)   0.125 us    |                                  mod_node_page_state();
   11.755195 |   2)   0.125 us    |                                  __mod_zone_page_state();
   11.755195 |   2)   1.121 us    |                                }
   11.755195 |   2)               |                                lru_add() {
   11.755196 |   2)   0.126 us    |                                  folio_mapping();
   11.755196 |   2)   0.126 us    |                                  mod_node_page_state();
   11.755196 |   2)   0.125 us    |                                  __mod_zone_page_state();
   11.755196 |   2)   1.126 us    |                                }
   11.755197 |   2)               |                                lru_add() {
   11.755197 |   2)   0.125 us    |                                  folio_mapping();
   11.755197 |   2)   0.203 us    |                                  mod_node_page_state();
   11.755198 |   2)   0.124 us    |                                  __mod_zone_page_state();
   11.755198 |   2)   1.200 us    |                                }
   11.755198 |   2)               |                                lru_add() {
   11.755198 |   2)   0.123 us    |                                  folio_mapping();
   11.755199 |   2)   0.138 us    |                                  mod_node_page_state();
   11.755199 |   2)   0.126 us    |                                  __mod_zone_page_state();
   11.755199 |   2)   1.138 us    |                                }
   11.755199 |   2)               |                                lru_add() {
   11.755199 |   2)   0.127 us    |                                  folio_mapping();
   11.755200 |   2)   0.125 us    |                                  mod_node_page_state();
   11.755200 |   2)   0.125 us    |                                  __mod_zone_page_state();
   11.755200 |   2)   1.101 us    |                                }
   11.755201 |   2)               |                                lru_add() {
   11.755201 |   2)   0.125 us    |                                  folio_mapping();
   11.755201 |   2)   0.127 us    |                                  mod_node_page_state();
   11.755201 |   2)   0.127 us    |                                  __mod_zone_page_state();
   11.755202 |   2)   1.127 us    |                                }
   11.755202 |   2)               |                                lru_add() {
   11.755202 |   2)   0.125 us    |                                  folio_mapping();
   11.755202 |   2)   0.129 us    |                                  mod_node_page_state();
   11.755203 |   2)   0.124 us    |                                  __mod_zone_page_state();
   11.755203 |   2)   1.130 us    |                                }
   11.755203 |   2)               |                                lru_add() {
   11.755203 |   2)   0.124 us    |                                  folio_mapping();
   11.755204 |   2)   0.126 us    |                                  mod_node_page_state();
   11.755204 |   2)   0.125 us    |                                  __mod_zone_page_state();
   11.755204 |   2)   1.122 us    |                                }
   11.755204 |   2)               |                                lru_add() {
   11.755205 |   2)   0.126 us    |                                  folio_mapping();
   11.755205 |   2)   0.126 us    |                                  mod_node_page_state();
   11.755205 |   2)   0.124 us    |                                  __mod_zone_page_state();
   11.755206 |   2)   1.126 us    |                                }
   11.755206 |   2)               |                                lru_add() {
   11.755206 |   2)   0.124 us    |                                  folio_mapping();
   11.755206 |   2)   0.125 us    |                                  mod_node_page_state();
   11.755207 |   2)   0.124 us    |                                  __mod_zone_page_state();
   11.755207 |   2)   1.118 us    |                                }
   11.755207 |   2)               |                                lru_add() {
   11.755207 |   2)   0.125 us    |                                  folio_mapping();
   11.755208 |   2)   0.128 us    |                                  mod_node_page_state();
   11.755208 |   2)   0.126 us    |                                  __mod_zone_page_state();
   11.755208 |   2)   1.128 us    |                                }
   11.755208 |   2)               |                                lru_add() {
   11.755208 |   2)   0.125 us    |                                  folio_mapping();
   11.755209 |   2)   0.128 us    |                                  mod_node_page_state();
   11.755209 |   2)   0.125 us    |                                  __mod_zone_page_state();
   11.755209 |   2)   1.124 us    |                                }
   11.755210 |   2)               |                                lru_add() {
   11.755210 |   2)   0.123 us    |                                  folio_mapping();
   11.755210 |   2)   0.125 us    |                                  mod_node_page_state();
   11.755210 |   2)   0.126 us    |                                  __mod_zone_page_state();
   11.755211 |   2)   1.125 us    |                                }
   11.755211 |   2)               |                                lru_add() {
   11.755211 |   2)   0.123 us    |                                  folio_mapping();
   11.755211 |   2)   0.127 us    |                                  mod_node_page_state();
   11.755212 |   2)   0.124 us    |                                  __mod_zone_page_state();
   11.755212 |   2)   1.122 us    |                                }
   11.755212 |   2)               |                                lru_add() {
   11.755212 |   2)   0.128 us    |                                  folio_mapping();
   11.755213 |   2)   0.125 us    |                                  mod_node_page_state();
   11.755213 |   2)   0.125 us    |                                  __mod_zone_page_state();
   11.755213 |   2)   1.121 us    |                                }
   11.755213 |   2)               |                                lru_add() {
   11.755214 |   2)   0.212 us    |                                  folio_mapping();
   11.755214 |   2)   0.126 us    |                                  mod_node_page_state();
   11.755214 |   2)   0.124 us    |                                  __mod_zone_page_state();
   11.755215 |   2)   1.202 us    |                                }
   11.755215 |   2)               |                                lru_add() {
   11.755215 |   2)   0.136 us    |                                  folio_mapping();
   11.755215 |   2)   0.126 us    |                                  mod_node_page_state();
   11.755216 |   2)   0.124 us    |                                  __mod_zone_page_state();
   11.755216 |   2)   1.157 us    |                                }
   11.755216 |   2)               |                                lru_add() {
   11.755216 |   2)   0.124 us    |                                  folio_mapping();
   11.755217 |   2)   0.260 us    |                                  mod_node_page_state();
   11.755217 |   2)   0.156 us    |                                  __mod_zone_page_state();
   11.755217 |   2)   1.283 us    |                                }
   11.755218 |   2)               |                                _raw_spin_unlock_irqrestore() {
   11.755218 |   2)   0.124 us    |                                  preempt_count_sub();
   11.755218 |   2)   0.397 us    |                                }
   11.755218 |   2)   0.123 us    |                                free_unref_folios();
   11.755219 |   2)   0.324 us    |                                folios_put_refs();
   11.755219 |   2) + 42.672 us   |                              }
   11.755219 |   2)   0.126 us    |                              preempt_count_sub();
   11.755219 |   2) + 43.495 us   |                            }
   11.755220 |   2) + 43.744 us   |                          }
   11.755220 |   2) + 46.205 us   |                        }
   11.755220 |   2)               |                        filemap_alloc_folio_noprof() {
   11.755220 |   2)               |                          folio_alloc_noprof() {
   11.755220 |   2)               |                            alloc_pages_mpol() {
   11.755220 |   2)   0.128 us    |                              policy_nodemask();
   11.755221 |   2)               |                              __alloc_frozen_pages_noprof() {
   11.755221 |   2)               |                                get_page_from_freelist() {
   11.755221 |   2)   0.126 us    |                                  preempt_count_add();
   11.755221 |   2)               |                                  _raw_spin_trylock() {
   11.755221 |   2)   0.123 us    |                                    preempt_count_add();
   11.755222 |   2)   0.385 us    |                                  }
   11.755222 |   2)               |                                  _raw_spin_unlock() {
   11.755222 |   2)   0.123 us    |                                    preempt_count_sub();
   11.755222 |   2)   0.388 us    |                                  }
   11.755222 |   2)   0.125 us    |                                  preempt_count_sub();
   11.755223 |   2)   1.760 us    |                                }
   11.755223 |   2)   2.034 us    |                              }
   11.755223 |   2)   2.564 us    |                            }
   11.755223 |   2)   2.819 us    |                          }
   11.755223 |   2)   3.078 us    |                        }
   11.755223 |   2)               |                        filemap_add_folio() {
   11.755223 |   2)               |                          __filemap_add_folio() {
   11.755223 |   2)   0.123 us    |                            shmem_mapping();
   11.755224 |   2)               |                            _raw_spin_lock_irq() {
   11.755224 |   2)   0.127 us    |                              preempt_count_add();
   11.755224 |   2)   0.400 us    |                            }
   11.755224 |   2)   0.124 us    |                            workingset_update_node();
   11.755225 |   2)   0.125 us    |                            mod_node_page_state();
   11.755225 |   2)               |                            _raw_spin_unlock_irq() {
   11.755225 |   2)   0.124 us    |                              preempt_count_sub();
   11.755225 |   2)   0.391 us    |                            }
   11.755225 |   2)   2.050 us    |                          }
   11.755226 |   2)               |                          folio_add_lru() {
   11.755226 |   2)               |                            __folio_batch_add_and_move() {
   11.755226 |   2)   0.125 us    |                              preempt_count_add();
   11.755226 |   2)   0.126 us    |                              preempt_count_sub();
   11.755226 |   2)   0.659 us    |                            }
   11.755226 |   2)   0.910 us    |                          }
   11.755227 |   2)   3.367 us    |                        }
   11.755227 |   2)               |                        filemap_alloc_folio_noprof() {
   11.755227 |   2)               |                          folio_alloc_noprof() {
   11.755227 |   2)               |                            alloc_pages_mpol() {
   11.755227 |   2)   0.127 us    |                              policy_nodemask();
   11.755228 |   2)               |                              __alloc_frozen_pages_noprof() {
   11.755228 |   2)               |                                get_page_from_freelist() {
   11.755228 |   2)   0.126 us    |                                  preempt_count_add();
   11.755228 |   2)               |                                  _raw_spin_trylock() {
   11.755228 |   2)   0.123 us    |                                    preempt_count_add();
   11.755228 |   2)   0.389 us    |                                  }
   11.755229 |   2)               |                                  _raw_spin_unlock() {
   11.755229 |   2)   0.125 us    |                                    preempt_count_sub();
   11.755229 |   2)   0.455 us    |                                  }
   11.755229 |   2)   0.126 us    |                                  preempt_count_sub();
   11.755230 |   2)   1.818 us    |                                }
   11.755230 |   2)   2.086 us    |                              }
   11.755230 |   2)   2.615 us    |                            }
   11.755230 |   2)   2.871 us    |                          }
   11.755230 |   2)   3.120 us    |                        }
   11.755230 |   2)               |                        filemap_add_folio() {
   11.755230 |   2)               |                          __filemap_add_folio() {
   11.755230 |   2)   0.124 us    |                            shmem_mapping();
   11.755231 |   2)               |                            _raw_spin_lock_irq() {
   11.755231 |   2)   0.128 us    |                              preempt_count_add();
   11.755231 |   2)   0.401 us    |                            }
   11.755231 |   2)   0.125 us    |                            workingset_update_node();
   11.755232 |   2)   0.125 us    |                            mod_node_page_state();
   11.755232 |   2)               |                            _raw_spin_unlock_irq() {
   11.755232 |   2)   0.127 us    |                              preempt_count_sub();
   11.755232 |   2)   0.394 us    |                            }
   11.755232 |   2)   2.055 us    |                          }
   11.755233 |   2)               |                          folio_add_lru() {
   11.755233 |   2)               |                            __folio_batch_add_and_move() {
   11.755233 |   2)   0.123 us    |                              preempt_count_add();
   11.755233 |   2)   0.126 us    |                              preempt_count_sub();
   11.755233 |   2)   0.658 us    |                            }
   11.755233 |   2)   0.912 us    |                          }
   11.755234 |   2)   3.365 us    |                        }
   11.755234 |   2)               |                        filemap_alloc_folio_noprof() {
   11.755234 |   2)               |                          folio_alloc_noprof() {
   11.755234 |   2)               |                            alloc_pages_mpol() {
   11.755234 |   2)   0.128 us    |                              policy_nodemask();
   11.755235 |   2)               |                              __alloc_frozen_pages_noprof() {
   11.755235 |   2)               |                                get_page_from_freelist() {
   11.755235 |   2)   0.124 us    |                                  preempt_count_add();
   11.755235 |   2)               |                                  _raw_spin_trylock() {
   11.755235 |   2)   0.125 us    |                                    preempt_count_add();
   11.755235 |   2)   0.391 us    |                                  }
   11.755236 |   2)               |                                  _raw_spin_unlock() {
   11.755236 |   2)   0.123 us    |                                    preempt_count_sub();
   11.755236 |   2)   0.387 us    |                                  }
   11.755236 |   2)   0.127 us    |                                  preempt_count_sub();
   11.755236 |   2)   1.778 us    |                                }
   11.755237 |   2)   2.048 us    |                              }
   11.755237 |   2)   2.578 us    |                            }
   11.755237 |   2)   2.835 us    |                          }
   11.755237 |   2)   3.088 us    |                        }
   11.755237 |   2)               |                        filemap_add_folio() {
   11.755237 |   2)               |                          __filemap_add_folio() {
   11.755237 |   2)   0.123 us    |                            shmem_mapping();
   11.755238 |   2)               |                            _raw_spin_lock_irq() {
   11.755238 |   2)   0.128 us    |                              preempt_count_add();
   11.755238 |   2)   0.399 us    |                            }
   11.755238 |   2)   0.124 us    |                            workingset_update_node();
   11.755239 |   2)   0.126 us    |                            mod_node_page_state();
   11.755239 |   2)               |                            _raw_spin_unlock_irq() {
   11.755239 |   2)   0.128 us    |                              preempt_count_sub();
   11.755239 |   2)   0.394 us    |                            }
   11.755239 |   2)   2.070 us    |                          }
   11.755239 |   2)               |                          folio_add_lru() {
   11.755240 |   2)               |                            __folio_batch_add_and_move() {
   11.755240 |   2)   0.126 us    |                              preempt_count_add();
   11.755240 |   2)   0.126 us    |                              preempt_count_sub();
   11.755240 |   2)   0.661 us    |                            }
   11.755240 |   2)   0.913 us    |                          }
   11.755241 |   2)   3.383 us    |                        }
   11.755241 |   2)               |                        filemap_alloc_folio_noprof() {
   11.755241 |   2)               |                          folio_alloc_noprof() {
   11.755241 |   2)               |                            alloc_pages_mpol() {
   11.755241 |   2)   0.126 us    |                              policy_nodemask();
   11.755242 |   2)               |                              __alloc_frozen_pages_noprof() {
   11.755242 |   2)               |                                get_page_from_freelist() {
   11.755242 |   2)   0.125 us    |                                  preempt_count_add();
   11.755242 |   2)               |                                  _raw_spin_trylock() {
   11.755242 |   2)   0.125 us    |                                    preempt_count_add();
   11.755242 |   2)   0.391 us    |                                  }
   11.755243 |   2)               |                                  _raw_spin_unlock() {
   11.755243 |   2)   0.124 us    |                                    preempt_count_sub();
   11.755243 |   2)   0.386 us    |                                  }
   11.755243 |   2)   0.127 us    |                                  preempt_count_sub();
   11.755243 |   2)   1.823 us    |                                }
   11.755244 |   2)   2.093 us    |                              }
   11.755244 |   2)   2.621 us    |                            }
   11.755244 |   2)   2.876 us    |                          }
   11.755244 |   2)   3.128 us    |                        }
   11.755244 |   2)               |                        filemap_add_folio() {
   11.755244 |   2)               |                          __filemap_add_folio() {
   11.755244 |   2)   0.123 us    |                            shmem_mapping();
   11.755245 |   2)               |                            _raw_spin_lock_irq() {
   11.755245 |   2)   0.126 us    |                              preempt_count_add();
   11.755245 |   2)   0.400 us    |                            }
   11.755245 |   2)   0.125 us    |                            workingset_update_node();
   11.755246 |   2)   0.124 us    |                            mod_node_page_state();
   11.755246 |   2)               |                            _raw_spin_unlock_irq() {
   11.755246 |   2)   0.128 us    |                              preempt_count_sub();
   11.755246 |   2)   0.395 us    |                            }
   11.755246 |   2)   2.055 us    |                          }
   11.755246 |   2)               |                          folio_add_lru() {
   11.755247 |   2)               |                            __folio_batch_add_and_move() {
   11.755247 |   2)   0.124 us    |                              preempt_count_add();
   11.755247 |   2)   0.126 us    |                              preempt_count_sub();
   11.755247 |   2)   0.660 us    |                            }
   11.755247 |   2)   0.914 us    |                          }
   11.755248 |   2)   3.366 us    |                        }
   11.755248 |   2)               |                        filemap_alloc_folio_noprof() {
   11.755248 |   2)               |                          folio_alloc_noprof() {
   11.755248 |   2)               |                            alloc_pages_mpol() {
   11.755248 |   2)   0.130 us    |                              policy_nodemask();
   11.755248 |   2)               |                              __alloc_frozen_pages_noprof() {
   11.755249 |   2)               |                                get_page_from_freelist() {
   11.755249 |   2)   0.124 us    |                                  preempt_count_add();
   11.755249 |   2)               |                                  _raw_spin_trylock() {
   11.755249 |   2)   0.123 us    |                                    preempt_count_add();
   11.755249 |   2)   0.386 us    |                                  }
   11.755250 |   2)               |                                  _raw_spin_unlock() {
   11.755250 |   2)   0.123 us    |                                    preempt_count_sub();
   11.755250 |   2)   0.388 us    |                                  }
   11.755250 |   2)   0.125 us    |                                  preempt_count_sub();
   11.755250 |   2)   1.734 us    |                                }
   11.755250 |   2)   2.002 us    |                              }
   11.755251 |   2)   2.528 us    |                            }
   11.755251 |   2)   2.781 us    |                          }
   11.755251 |   2)   3.035 us    |                        }
   11.755251 |   2)               |                        filemap_add_folio() {
   11.755251 |   2)               |                          __filemap_add_folio() {
   11.755251 |   2)   0.122 us    |                            shmem_mapping();
   11.755252 |   2)               |                            _raw_spin_lock_irq() {
   11.755252 |   2)   0.127 us    |                              preempt_count_add();
   11.755252 |   2)   0.400 us    |                            }
   11.755252 |   2)   0.124 us    |                            workingset_update_node();
   11.755252 |   2)   0.125 us    |                            mod_node_page_state();
   11.755253 |   2)               |                            _raw_spin_unlock_irq() {
   11.755253 |   2)   0.127 us    |                              preempt_count_sub();
   11.755253 |   2)   0.391 us    |                            }
   11.755253 |   2)   2.030 us    |                          }
   11.755253 |   2)               |                          folio_add_lru() {
   11.755253 |   2)               |                            __folio_batch_add_and_move() {
   11.755254 |   2)   0.127 us    |                              preempt_count_add();
   11.755254 |   2)   0.125 us    |                              preempt_count_sub();
   11.755254 |   2)   0.662 us    |                            }
   11.755254 |   2)   0.910 us    |                          }
   11.755254 |   2)   3.338 us    |                        }
   11.755255 |   2)               |                        filemap_alloc_folio_noprof() {
   11.755255 |   2)               |                          folio_alloc_noprof() {
   11.755255 |   2)               |                            alloc_pages_mpol() {
   11.755255 |   2)   0.126 us    |                              policy_nodemask();
   11.755255 |   2)               |                              __alloc_frozen_pages_noprof() {
   11.755255 |   2)               |                                get_page_from_freelist() {
   11.755256 |   2)   0.127 us    |                                  preempt_count_add();
   11.755256 |   2)               |                                  _raw_spin_trylock() {
   11.755256 |   2)   0.124 us    |                                    preempt_count_add();
   11.755256 |   2)   0.390 us    |                                  }
   11.755256 |   2)               |                                  _raw_spin_unlock() {
   11.755257 |   2)   0.123 us    |                                    preempt_count_sub();
   11.755257 |   2)   0.387 us    |                                  }
   11.755257 |   2)   0.124 us    |                                  preempt_count_sub();
   11.755257 |   2)   1.822 us    |                                }
   11.755257 |   2)   2.092 us    |                              }
   11.755258 |   2)   2.615 us    |                            }
   11.755258 |   2)   2.870 us    |                          }
   11.755258 |   2)   3.120 us    |                        }
   11.755258 |   2)               |                        filemap_add_folio() {
   11.755258 |   2)               |                          __filemap_add_folio() {
   11.755258 |   2)   0.124 us    |                            shmem_mapping();
   11.755259 |   2)               |                            _raw_spin_lock_irq() {
   11.755259 |   2)   0.126 us    |                              preempt_count_add();
   11.755259 |   2)   0.401 us    |                            }
   11.755259 |   2)   0.127 us    |                            workingset_update_node();
   11.755259 |   2)   0.126 us    |                            mod_node_page_state();
   11.755260 |   2)               |                            _raw_spin_unlock_irq() {
   11.755260 |   2)   0.127 us    |                              preempt_count_sub();
   11.755260 |   2)   0.394 us    |                            }
   11.755260 |   2)   2.039 us    |                          }
   11.755260 |   2)               |                          folio_add_lru() {
   11.755260 |   2)               |                            __folio_batch_add_and_move() {
   11.755261 |   2)   0.126 us    |                              preempt_count_add();
   11.755261 |   2)   0.126 us    |                              preempt_count_sub();
   11.755261 |   2)   0.661 us    |                            }
   11.755261 |   2)   0.912 us    |                          }
   11.755261 |   2)   3.374 us    |                        }
   11.755262 |   2)               |                        filemap_alloc_folio_noprof() {
   11.755262 |   2)               |                          folio_alloc_noprof() {
   11.755262 |   2)               |                            alloc_pages_mpol() {
   11.755262 |   2)   0.127 us    |                              policy_nodemask();
   11.755262 |   2)               |                              __alloc_frozen_pages_noprof() {
   11.755262 |   2)               |                                get_page_from_freelist() {
   11.755263 |   2)   0.126 us    |                                  preempt_count_add();
   11.755263 |   2)               |                                  _raw_spin_trylock() {
   11.755263 |   2)   0.125 us    |                                    preempt_count_add();
   11.755263 |   2)   0.389 us    |                                  }
   11.755263 |   2)               |                                  _raw_spin_unlock() {
   11.755264 |   2)   0.124 us    |                                    preempt_count_sub();
   11.755264 |   2)   0.390 us    |                                  }
   11.755264 |   2)   0.126 us    |                                  preempt_count_sub();
   11.755264 |   2)   1.736 us    |                                }
   11.755264 |   2)   2.004 us    |                              }
   11.755264 |   2)   2.534 us    |                            }
   11.755265 |   2)   2.786 us    |                          }
   11.755265 |   2)   3.034 us    |                        }
   11.755265 |   2)               |                        filemap_add_folio() {
   11.755265 |   2)               |                          __filemap_add_folio() {
   11.755265 |   2)   0.125 us    |                            shmem_mapping();
   11.755265 |   2)               |                            _raw_spin_lock_irq() {
   11.755266 |   2)   0.126 us    |                              preempt_count_add();
   11.755266 |   2)   0.400 us    |                            }
   11.755266 |   2)   0.125 us    |                            workingset_update_node();
   11.755266 |   2)   0.126 us    |                            mod_node_page_state();
   11.755267 |   2)               |                            _raw_spin_unlock_irq() {
   11.755267 |   2)   0.127 us    |                              preempt_count_sub();
   11.755267 |   2)   0.396 us    |                            }
   11.755267 |   2)   2.055 us    |                          }
   11.755267 |   2)               |                          folio_add_lru() {
   11.755267 |   2)               |                            __folio_batch_add_and_move() {
   11.755267 |   2)   0.125 us    |                              preempt_count_add();
   11.755268 |   2)   0.126 us    |                              preempt_count_sub();
   11.755268 |   2)   0.661 us    |                            }
   11.755268 |   2)   0.910 us    |                          }
   11.755268 |   2)   3.389 us    |                        }
   11.755269 |   2)               |                        filemap_alloc_folio_noprof() {
   11.755269 |   2)               |                          folio_alloc_noprof() {
   11.755269 |   2)               |                            alloc_pages_mpol() {
   11.755269 |   2)   0.125 us    |                              policy_nodemask();
   11.755269 |   2)               |                              __alloc_frozen_pages_noprof() {
   11.755269 |   2)               |                                get_page_from_freelist() {
   11.755269 |   2)   0.126 us    |                                  preempt_count_add();
   11.755270 |   2)               |                                  _raw_spin_trylock() {
   11.755270 |   2)   0.124 us    |                                    preempt_count_add();
   11.755270 |   2)   0.391 us    |                                  }
   11.755270 |   2)               |                                  _raw_spin_unlock() {
   11.755270 |   2)   0.125 us    |                                    preempt_count_sub();
   11.755271 |   2)   0.391 us    |                                  }
   11.755271 |   2)   0.125 us    |                                  preempt_count_sub();
   11.755271 |   2)   1.733 us    |                                }
   11.755271 |   2)   2.074 us    |                              }
   11.755271 |   2)   2.599 us    |                            }
   11.755272 |   2)   2.856 us    |                          }
   11.755272 |   2)   3.106 us    |                        }
   11.755272 |   2)               |                        filemap_add_folio() {
   11.755272 |   2)               |                          __filemap_add_folio() {
   11.755272 |   2)   0.123 us    |                            shmem_mapping();
   11.755272 |   2)               |                            _raw_spin_lock_irq() {
   11.755273 |   2)   0.126 us    |                              preempt_count_add();
   11.755273 |   2)   0.398 us    |                            }
   11.755273 |   2)   0.125 us    |                            workingset_update_node();
   11.755273 |   2)   0.126 us    |                            mod_node_page_state();
   11.755273 |   2)               |                            _raw_spin_unlock_irq() {
   11.755274 |   2)   0.125 us    |                              preempt_count_sub();
   11.755274 |   2)   0.390 us    |                            }
   11.755274 |   2)   2.040 us    |                          }
   11.755274 |   2)               |                          folio_add_lru() {
   11.755274 |   2)               |                            __folio_batch_add_and_move() {
   11.755274 |   2)   0.125 us    |                              preempt_count_add();
   11.755275 |   2)   0.127 us    |                              preempt_count_sub();
   11.755275 |   2)   0.657 us    |                            }
   11.755275 |   2)   0.906 us    |                          }
   11.755275 |   2)   3.387 us    |                        }
   11.755276 |   2)               |                        filemap_alloc_folio_noprof() {
   11.755276 |   2)               |                          folio_alloc_noprof() {
   11.755276 |   2)               |                            alloc_pages_mpol() {
   11.755276 |   2)   0.125 us    |                              policy_nodemask();
   11.755276 |   2)               |                              __alloc_frozen_pages_noprof() {
   11.755276 |   2)               |                                get_page_from_freelist() {
   11.755276 |   2)   0.126 us    |                                  preempt_count_add();
   11.755277 |   2)               |                                  _raw_spin_trylock() {
   11.755277 |   2)   0.123 us    |                                    preempt_count_add();
   11.755277 |   2)   0.411 us    |                                  }
   11.755277 |   2)               |                                  _raw_spin_unlock() {
   11.755277 |   2)   0.124 us    |                                    preempt_count_sub();
   11.755278 |   2)   0.387 us    |                                  }
   11.755278 |   2)   0.125 us    |                                  preempt_count_sub();
   11.755278 |   2)   1.750 us    |                                }
   11.755278 |   2)   2.018 us    |                              }
   11.755278 |   2)   2.540 us    |                            }
   11.755278 |   2)   2.793 us    |                          }
   11.755279 |   2)   3.044 us    |                        }
   11.755279 |   2)               |                        filemap_add_folio() {
   11.755279 |   2)               |                          __filemap_add_folio() {
   11.755279 |   2)   0.122 us    |                            shmem_mapping();
   11.755279 |   2)               |                            _raw_spin_lock_irq() {
   11.755279 |   2)   0.126 us    |                              preempt_count_add();
   11.755280 |   2)   0.399 us    |                            }
   11.755280 |   2)   0.124 us    |                            workingset_update_node();
   11.755280 |   2)   0.127 us    |                            mod_node_page_state();
   11.755280 |   2)               |                            _raw_spin_unlock_irq() {
   11.755281 |   2)   0.128 us    |                              preempt_count_sub();
   11.755281 |   2)   0.395 us    |                            }
   11.755281 |   2)   2.073 us    |                          }
   11.755281 |   2)               |                          folio_add_lru() {
   11.755281 |   2)               |                            __folio_batch_add_and_move() {
   11.755281 |   2)   0.124 us    |                              preempt_count_add();
   11.755282 |   2)   0.126 us    |                              preempt_count_sub();
   11.755282 |   2)   0.658 us    |                            }
   11.755282 |   2)   0.907 us    |                          }
   11.755282 |   2)   3.381 us    |                        }
   11.755282 |   2)               |                        filemap_alloc_folio_noprof() {
   11.755283 |   2)               |                          folio_alloc_noprof() {
   11.755283 |   2)               |                            alloc_pages_mpol() {
   11.755283 |   2)   0.127 us    |                              policy_nodemask();
   11.755283 |   2)               |                              __alloc_frozen_pages_noprof() {
   11.755283 |   2)               |                                get_page_from_freelist() {
   11.755283 |   2)   0.123 us    |                                  preempt_count_add();
   11.755284 |   2)               |                                  _raw_spin_trylock() {
   11.755284 |   2)   0.124 us    |                                    preempt_count_add();
   11.755284 |   2)   0.389 us    |                                  }
   11.755284 |   2)               |                                  _raw_spin_unlock() {
   11.755284 |   2)   0.124 us    |                                    preempt_count_sub();
   11.755285 |   2)   0.391 us    |                                  }
   11.755285 |   2)   0.128 us    |                                  preempt_count_sub();
   11.755285 |   2)   1.754 us    |                                }
   11.755285 |   2)   2.026 us    |                              }
   11.755285 |   2)   2.621 us    |                            }
   11.755285 |   2)   2.877 us    |                          }
   11.755286 |   2)   3.130 us    |                        }
   11.755286 |   2)               |                        filemap_add_folio() {
   11.755286 |   2)               |                          __filemap_add_folio() {
   11.755286 |   2)   0.125 us    |                            shmem_mapping();
   11.755286 |   2)               |                            _raw_spin_lock_irq() {
   11.755286 |   2)   0.126 us    |                              preempt_count_add();
   11.755287 |   2)   0.399 us    |                            }
   11.755287 |   2)   0.126 us    |                            workingset_update_node();
   11.755287 |   2)   0.126 us    |                            mod_node_page_state();
   11.755287 |   2)               |                            _raw_spin_unlock_irq() {
   11.755288 |   2)   0.128 us    |                              preempt_count_sub();
   11.755288 |   2)   0.398 us    |                            }
   11.755288 |   2)   2.085 us    |                          }
   11.755288 |   2)               |                          folio_add_lru() {
   11.755288 |   2)               |                            __folio_batch_add_and_move() {
   11.755288 |   2)   0.127 us    |                              preempt_count_add();
   11.755289 |   2)   0.129 us    |                              preempt_count_sub();
   11.755289 |   2)   0.665 us    |                            }
   11.755289 |   2)   0.918 us    |                          }
   11.755289 |   2)   3.404 us    |                        }
   11.755290 |   2)               |                        filemap_alloc_folio_noprof() {
   11.755290 |   2)               |                          folio_alloc_noprof() {
   11.755290 |   2)               |                            alloc_pages_mpol() {
   11.755290 |   2)   0.129 us    |                              policy_nodemask();
   11.755290 |   2)               |                              __alloc_frozen_pages_noprof() {
   11.755290 |   2)               |                                get_page_from_freelist() {
   11.755291 |   2)   0.128 us    |                                  preempt_count_add();
   11.755291 |   2)               |                                  _raw_spin_trylock() {
   11.755291 |   2)   0.124 us    |                                    preempt_count_add();
   11.755291 |   2)   0.392 us    |                                  }
   11.755291 |   2)               |                                  _raw_spin_unlock() {
   11.755291 |   2)   0.128 us    |                                    preempt_count_sub();
   11.755292 |   2)   0.418 us    |                                  }
   11.755292 |   2)   0.127 us    |                                  preempt_count_sub();
   11.755292 |   2)   1.768 us    |                                }
   11.755292 |   2)   2.040 us    |                              }
   11.755292 |   2)   2.575 us    |                            }
   11.755293 |   2)   2.833 us    |                          }
   11.755293 |   2)   3.085 us    |                        }
   11.755293 |   2)               |                        filemap_add_folio() {
   11.755293 |   2)               |                          __filemap_add_folio() {
   11.755293 |   2)   0.125 us    |                            shmem_mapping();
   11.755293 |   2)               |                            _raw_spin_lock_irq() {
   11.755293 |   2)   0.127 us    |                              preempt_count_add();
   11.755294 |   2)   0.400 us    |                            }
   11.755294 |   2)   0.126 us    |                            workingset_update_node();
   11.755294 |   2)   0.125 us    |                            mod_node_page_state();
   11.755294 |   2)               |                            _raw_spin_unlock_irq() {
   11.755295 |   2)   0.129 us    |                              preempt_count_sub();
   11.755295 |   2)   0.396 us    |                            }
   11.755295 |   2)   2.081 us    |                          }
   11.755295 |   2)               |                          folio_add_lru() {
   11.755295 |   2)               |                            __folio_batch_add_and_move() {
   11.755295 |   2)   0.126 us    |                              preempt_count_add();
   11.755296 |   2)   0.126 us    |                              preempt_count_sub();
   11.755296 |   2)   0.666 us    |                            }
   11.755296 |   2)   0.915 us    |                          }
   11.755296 |   2)   3.395 us    |                        }
   11.755297 |   2)               |                        filemap_alloc_folio_noprof() {
   11.755297 |   2)               |                          folio_alloc_noprof() {
   11.755297 |   2)               |                            alloc_pages_mpol() {
   11.755297 |   2)   0.126 us    |                              policy_nodemask();
   11.755297 |   2)               |                              __alloc_frozen_pages_noprof() {
   11.755297 |   2)               |                                get_page_from_freelist() {
   11.755297 |   2)   0.126 us    |                                  preempt_count_add();
   11.755298 |   2)               |                                  _raw_spin_trylock() {
   11.755298 |   2)   0.126 us    |                                    preempt_count_add();
   11.755298 |   2)   0.415 us    |                                  }
   11.755298 |   2)               |                                  _raw_spin_unlock() {
   11.755298 |   2)   0.124 us    |                                    preempt_count_sub();
   11.755299 |   2)   0.387 us    |                                  }
   11.755299 |   2)   0.127 us    |                                  preempt_count_sub();
   11.755299 |   2)   1.776 us    |                                }
   11.755299 |   2)   2.046 us    |                              }
   11.755299 |   2)   2.575 us    |                            }
   11.755300 |   2)   2.918 us    |                          }
   11.755300 |   2)   3.169 us    |                        }
   11.755300 |   2)               |                        filemap_add_folio() {
   11.755300 |   2)               |                          __filemap_add_folio() {
   11.755300 |   2)   0.125 us    |                            shmem_mapping();
   11.755300 |   2)               |                            _raw_spin_lock_irq() {
   11.755301 |   2)   0.172 us    |                              preempt_count_add();
   11.755301 |   2)   0.549 us    |                            }
   11.755301 |   2)   0.128 us    |                            workingset_update_node();
   11.755301 |   2)   0.124 us    |                            mod_node_page_state();
   11.755302 |   2)               |                            _raw_spin_unlock_irq() {
   11.755302 |   2)   0.126 us    |                              preempt_count_sub();
   11.755302 |   2)   0.396 us    |                            }
   11.755302 |   2)   2.308 us    |                          }
   11.755302 |   2)               |                          folio_add_lru() {
   11.755303 |   2)               |                            __folio_batch_add_and_move() {
   11.755303 |   2)   0.127 us    |                              preempt_count_add();
   11.755303 |   2)   0.126 us    |                              preempt_count_sub();
   11.755303 |   2)   0.663 us    |                            }
   11.755303 |   2)   0.912 us    |                          }
   11.755303 |   2)   3.621 us    |                        }
   11.755304 |   2)               |                        filemap_alloc_folio_noprof() {
   11.755304 |   2)               |                          folio_alloc_noprof() {
   11.755304 |   2)               |                            alloc_pages_mpol() {
   11.755304 |   2)   0.124 us    |                              policy_nodemask();
   11.755304 |   2)               |                              __alloc_frozen_pages_noprof() {
   11.755305 |   2)               |                                get_page_from_freelist() {
   11.755305 |   2)   0.126 us    |                                  preempt_count_add();
   11.755305 |   2)               |                                  _raw_spin_trylock() {
   11.755305 |   2)   0.125 us    |                                    preempt_count_add();
   11.755305 |   2)   0.412 us    |                                  }
   11.755306 |   2)               |                                  _raw_spin_unlock() {
   11.755306 |   2)   0.123 us    |                                    preempt_count_sub();
   11.755306 |   2)   0.387 us    |                                  }
   11.755306 |   2)   0.127 us    |                                  preempt_count_sub();
   11.755306 |   2)   1.772 us    |                                }
   11.755306 |   2)   2.039 us    |                              }
   11.755307 |   2)   2.566 us    |                            }
   11.755307 |   2)   2.838 us    |                          }
   11.755307 |   2)   3.085 us    |                        }
   11.755307 |   2)               |                        filemap_add_folio() {
   11.755307 |   2)               |                          __filemap_add_folio() {
   11.755307 |   2)   0.123 us    |                            shmem_mapping();
   11.755308 |   2)               |                            _raw_spin_lock_irq() {
   11.755308 |   2)   0.126 us    |                              preempt_count_add();
   11.755308 |   2)   0.399 us    |                            }
   11.755308 |   2)   0.125 us    |                            workingset_update_node();
   11.755308 |   2)   0.127 us    |                            mod_node_page_state();
   11.755309 |   2)               |                            _raw_spin_unlock_irq() {
   11.755309 |   2)   0.127 us    |                              preempt_count_sub();
   11.755309 |   2)   0.394 us    |                            }
   11.755309 |   2)   2.050 us    |                          }
   11.755309 |   2)               |                          folio_add_lru() {
   11.755309 |   2)               |                            __folio_batch_add_and_move() {
   11.755310 |   2)   0.125 us    |                              preempt_count_add();
   11.755310 |   2)   0.126 us    |                              preempt_count_sub();
   11.755310 |   2)   0.655 us    |                            }
   11.755310 |   2)   0.904 us    |                          }
   11.755310 |   2)   3.354 us    |                        }
   11.755311 |   2)               |                        filemap_alloc_folio_noprof() {
   11.755311 |   2)               |                          folio_alloc_noprof() {
   11.755311 |   2)               |                            alloc_pages_mpol() {
   11.755311 |   2)   0.126 us    |                              policy_nodemask();
   11.755311 |   2)               |                              __alloc_frozen_pages_noprof() {
   11.755311 |   2)               |                                get_page_from_freelist() {
   11.755312 |   2)   0.126 us    |                                  preempt_count_add();
   11.755312 |   2)               |                                  _raw_spin_trylock() {
   11.755312 |   2)   0.125 us    |                                    preempt_count_add();
   11.755312 |   2)   0.414 us    |                                  }
   11.755312 |   2)               |                                  _raw_spin_unlock() {
   11.755313 |   2)   0.124 us    |                                    preempt_count_sub();
   11.755313 |   2)   0.388 us    |                                  }
   11.755313 |   2)   0.127 us    |                                  preempt_count_sub();
   11.755313 |   2)   1.789 us    |                                }
   11.755313 |   2)   2.058 us    |                              }
   11.755314 |   2)   2.580 us    |                            }
   11.755314 |   2)   2.837 us    |                          }
   11.755314 |   2)   3.154 us    |                        }
   11.755314 |   2)               |                        filemap_add_folio() {
   11.755314 |   2)               |                          __filemap_add_folio() {
   11.755314 |   2)   0.124 us    |                            shmem_mapping();
   11.755315 |   2)               |                            _raw_spin_lock_irq() {
   11.755315 |   2)   0.128 us    |                              preempt_count_add();
   11.755315 |   2)   0.397 us    |                            }
   11.755315 |   2)   0.125 us    |                            workingset_update_node();
   11.755315 |   2)   0.126 us    |                            mod_node_page_state();
   11.755316 |   2)               |                            _raw_spin_unlock_irq() {
   11.755316 |   2)   0.127 us    |                              preempt_count_sub();
   11.755316 |   2)   0.398 us    |                            }
   11.755316 |   2)   2.038 us    |                          }
   11.755316 |   2)               |                          folio_add_lru() {
   11.755317 |   2)               |                            __folio_batch_add_and_move() {
   11.755317 |   2)   0.127 us    |                              preempt_count_add();
   11.755317 |   2)   0.128 us    |                              preempt_count_sub();
   11.755317 |   2)   0.659 us    |                            }
   11.755317 |   2)   0.914 us    |                          }
   11.755317 |   2)   3.443 us    |                        }
   11.755318 |   2)               |                        filemap_alloc_folio_noprof() {
   11.755318 |   2)               |                          folio_alloc_noprof() {
   11.755318 |   2)               |                            alloc_pages_mpol() {
   11.755318 |   2)   0.127 us    |                              policy_nodemask();
   11.755318 |   2)               |                              __alloc_frozen_pages_noprof() {
   11.755319 |   2)               |                                get_page_from_freelist() {
   11.755319 |   2)   0.126 us    |                                  preempt_count_add();
   11.755319 |   2)               |                                  _raw_spin_trylock() {
   11.755319 |   2)   0.123 us    |                                    preempt_count_add();
   11.755319 |   2)   0.390 us    |                                  }
   11.755320 |   2)               |                                  _raw_spin_unlock() {
   11.755320 |   2)   0.126 us    |                                    preempt_count_sub();
   11.755320 |   2)   0.440 us    |                                  }
   11.755320 |   2)   0.126 us    |                                  preempt_count_sub();
   11.755320 |   2)   1.786 us    |                                }
   11.755321 |   2)   2.057 us    |                              }
   11.755321 |   2)   2.583 us    |                            }
   11.755321 |   2)   2.861 us    |                          }
   11.755321 |   2)   3.127 us    |                        }
   11.755321 |   2)               |                        filemap_add_folio() {
   11.755321 |   2)               |                          __filemap_add_folio() {
   11.755321 |   2)   0.148 us    |                            shmem_mapping();
   11.755322 |   2)               |                            _raw_spin_lock_irq() {
   11.755322 |   2)   0.127 us    |                              preempt_count_add();
   11.755322 |   2)   0.420 us    |                            }
   11.755322 |   2)   0.127 us    |                            workingset_update_node();
   11.755322 |   2)   0.125 us    |                            mod_node_page_state();
   11.755323 |   2)               |                            _raw_spin_unlock_irq() {
   11.755323 |   2)   0.126 us    |                              preempt_count_sub();
   11.755323 |   2)   0.392 us    |                            }
   11.755323 |   2)   2.101 us    |                          }
   11.755323 |   2)               |                          folio_add_lru() {
   11.755324 |   2)               |                            __folio_batch_add_and_move() {
   11.755324 |   2)   0.126 us    |                              preempt_count_add();
   11.755324 |   2)   0.126 us    |                              preempt_count_sub();
   11.755324 |   2)   0.657 us    |                            }
   11.755324 |   2)   0.906 us    |                          }
   11.755324 |   2)   3.409 us    |                        }
   11.755325 |   2)               |                        filemap_alloc_folio_noprof() {
   11.755325 |   2)               |                          folio_alloc_noprof() {
   11.755325 |   2)               |                            alloc_pages_mpol() {
   11.755325 |   2)   0.126 us    |                              policy_nodemask();
   11.755325 |   2)               |                              __alloc_frozen_pages_noprof() {
   11.755326 |   2)               |                                get_page_from_freelist() {
   11.755326 |   2)   0.127 us    |                                  preempt_count_add();
   11.755326 |   2)               |                                  _raw_spin_trylock() {
   11.755326 |   2)   0.124 us    |                                    preempt_count_add();
   11.755326 |   2)   0.388 us    |                                  }
   11.755326 |   2)               |                                  _raw_spin_unlock() {
   11.755327 |   2)   0.127 us    |                                    preempt_count_sub();
   11.755327 |   2)   0.390 us    |                                  }
   11.755327 |   2)   0.127 us    |                                  preempt_count_sub();
   11.755327 |   2)   1.736 us    |                                }
   11.755327 |   2)   2.008 us    |                              }
   11.755328 |   2)   2.533 us    |                            }
   11.755328 |   2)   2.788 us    |                          }
   11.755328 |   2)   3.038 us    |                        }
   11.755328 |   2)               |                        filemap_add_folio() {
   11.755328 |   2)               |                          __filemap_add_folio() {
   11.755328 |   2)   0.125 us    |                            shmem_mapping();
   11.755329 |   2)               |                            _raw_spin_lock_irq() {
   11.755329 |   2)   0.126 us    |                              preempt_count_add();
   11.755329 |   2)   0.403 us    |                            }
   11.755329 |   2)   0.125 us    |                            workingset_update_node();
   11.755329 |   2)   0.127 us    |                            mod_node_page_state();
   11.755330 |   2)               |                            _raw_spin_unlock_irq() {
   11.755330 |   2)   0.126 us    |                              preempt_count_sub();
   11.755330 |   2)   0.396 us    |                            }
   11.755330 |   2)   2.031 us    |                          }
   11.755330 |   2)               |                          folio_add_lru() {
   11.755330 |   2)               |                            __folio_batch_add_and_move() {
   11.755331 |   2)   0.125 us    |                              preempt_count_add();
   11.755331 |   2)   0.127 us    |                              preempt_count_sub();
   11.755331 |   2)   0.663 us    |                            }
   11.755331 |   2)   0.909 us    |                          }
   11.755331 |   2)   3.362 us    |                        }
   11.755332 |   2)               |                        filemap_alloc_folio_noprof() {
   11.755332 |   2)               |                          folio_alloc_noprof() {
   11.755332 |   2)               |                            alloc_pages_mpol() {
   11.755332 |   2)   0.125 us    |                              policy_nodemask();
   11.755332 |   2)               |                              __alloc_frozen_pages_noprof() {
   11.755333 |   2)               |                                get_page_from_freelist() {
   11.755333 |   2)   0.127 us    |                                  preempt_count_add();
   11.755333 |   2)               |                                  _raw_spin_trylock() {
   11.755333 |   2)   0.127 us    |                                    preempt_count_add();
   11.755333 |   2)   0.415 us    |                                  }
   11.755333 |   2)               |                                  _raw_spin_unlock() {
   11.755334 |   2)   0.124 us    |                                    preempt_count_sub();
   11.755334 |   2)   0.388 us    |                                  }
   11.755334 |   2)   0.125 us    |                                  preempt_count_sub();
   11.755334 |   2)   1.781 us    |                                }
   11.755334 |   2)   2.050 us    |                              }
   11.755335 |   2)   2.577 us    |                            }
   11.755335 |   2)   2.831 us    |                          }
   11.755335 |   2)   3.082 us    |                        }
   11.755335 |   2)               |                        filemap_add_folio() {
   11.755335 |   2)               |                          __filemap_add_folio() {
   11.755335 |   2)   0.123 us    |                            shmem_mapping();
   11.755335 |   2)               |                            _raw_spin_lock_irq() {
   11.755336 |   2)   0.128 us    |                              preempt_count_add();
   11.755336 |   2)   0.403 us    |                            }
   11.755336 |   2)   0.126 us    |                            workingset_update_node();
   11.755336 |   2)   0.125 us    |                            mod_node_page_state();
   11.755337 |   2)               |                            _raw_spin_unlock_irq() {
   11.755337 |   2)   0.126 us    |                              preempt_count_sub();
   11.755337 |   2)   0.394 us    |                            }
   11.755337 |   2)   2.046 us    |                          }
   11.755337 |   2)               |                          folio_add_lru() {
   11.755337 |   2)               |                            __folio_batch_add_and_move() {
   11.755338 |   2)   0.125 us    |                              preempt_count_add();
   11.755338 |   2)   0.126 us    |                              preempt_count_sub();
   11.755338 |   2)   0.663 us    |                            }
   11.755338 |   2)   0.909 us    |                          }
   11.755338 |   2)   3.353 us    |                        }
   11.755339 |   2)               |                        filemap_alloc_folio_noprof() {
   11.755339 |   2)               |                          folio_alloc_noprof() {
   11.755339 |   2)               |                            alloc_pages_mpol() {
   11.755339 |   2)   0.125 us    |                              policy_nodemask();
   11.755339 |   2)               |                              __alloc_frozen_pages_noprof() {
   11.755339 |   2)               |                                get_page_from_freelist() {
   11.755340 |   2)   0.127 us    |                                  preempt_count_add();
   11.755340 |   2)               |                                  _raw_spin_trylock() {
   11.755340 |   2)   0.125 us    |                                    preempt_count_add();
   11.755340 |   2)   0.389 us    |                                  }
   11.755340 |   2)               |                                  _raw_spin_unlock() {
   11.755340 |   2)   0.125 us    |                                    preempt_count_sub();
   11.755341 |   2)   0.387 us    |                                  }
   11.755341 |   2)   0.126 us    |                                  preempt_count_sub();
   11.755341 |   2)   1.747 us    |                                }
   11.755341 |   2)   2.013 us    |                              }
   11.755341 |   2)   2.538 us    |                            }
   11.755342 |   2)   2.792 us    |                          }
   11.755342 |   2)   3.041 us    |                        }
   11.755342 |   2)               |                        filemap_add_folio() {
   11.755342 |   2)               |                          __filemap_add_folio() {
   11.755342 |   2)   0.127 us    |                            shmem_mapping();
   11.755342 |   2)               |                            _raw_spin_lock_irq() {
   11.755343 |   2)   0.129 us    |                              preempt_count_add();
   11.755343 |   2)   0.402 us    |                            }
   11.755343 |   2)   0.125 us    |                            workingset_update_node();
   11.755343 |   2)   0.126 us    |                            mod_node_page_state();
   11.755344 |   2)               |                            _raw_spin_unlock_irq() {
   11.755344 |   2)   0.127 us    |                              preempt_count_sub();
   11.755344 |   2)   0.398 us    |                            }
   11.755344 |   2)   2.115 us    |                          }
   11.755344 |   2)               |                          folio_add_lru() {
   11.755344 |   2)               |                            __folio_batch_add_and_move() {
   11.755344 |   2)   0.125 us    |                              preempt_count_add();
   11.755345 |   2)   0.127 us    |                              preempt_count_sub();
   11.755345 |   2)   0.660 us    |                            }
   11.755345 |   2)   0.910 us    |                          }
   11.755345 |   2)   3.423 us    |                        }
   11.755346 |   2)               |                        filemap_alloc_folio_noprof() {
   11.755346 |   2)               |                          folio_alloc_noprof() {
   11.755346 |   2)               |                            alloc_pages_mpol() {
   11.755346 |   2)   0.125 us    |                              policy_nodemask();
   11.755346 |   2)               |                              __alloc_frozen_pages_noprof() {
   11.755346 |   2)               |                                get_page_from_freelist() {
   11.755347 |   2)   0.125 us    |                                  preempt_count_add();
   11.755347 |   2)               |                                  _raw_spin_trylock() {
   11.755347 |   2)   0.124 us    |                                    preempt_count_add();
   11.755347 |   2)   0.388 us    |                                  }
   11.755347 |   2)               |                                  _raw_spin_unlock() {
   11.755347 |   2)   0.125 us    |                                    preempt_count_sub();
   11.755348 |   2)   0.386 us    |                                  }
   11.755348 |   2)   0.127 us    |                                  preempt_count_sub();
   11.755348 |   2)   1.725 us    |                                }
   11.755348 |   2)   1.994 us    |                              }
   11.755348 |   2)   2.519 us    |                            }
   11.755349 |   2)   2.772 us    |                          }
   11.755349 |   2)   3.022 us    |                        }
   11.755349 |   2)               |                        filemap_add_folio() {
   11.755349 |   2)               |                          __filemap_add_folio() {
   11.755349 |   2)   0.126 us    |                            shmem_mapping();
   11.755349 |   2)               |                            _raw_spin_lock_irq() {
   11.755349 |   2)   0.127 us    |                              preempt_count_add();
   11.755350 |   2)   0.400 us    |                            }
   11.755350 |   2)               |                            kmem_cache_alloc_lru_noprof() {
   11.755350 |   2)   0.126 us    |                              preempt_count_add();
   11.755350 |   2)   0.124 us    |                              preempt_count_sub();
   11.755351 |   2)   0.683 us    |                            }
   11.755351 |   2)   0.123 us    |                            workingset_update_node();
   11.755351 |   2)               |                            kmem_cache_alloc_lru_noprof() {
   11.755351 |   2)   0.126 us    |                              preempt_count_add();
   11.755352 |   2)   0.126 us    |                              preempt_count_sub();
   11.755352 |   2)   0.668 us    |                            }
   11.755352 |   2)   0.125 us    |                            workingset_update_node();
   11.755352 |   2)   0.126 us    |                            workingset_update_node();
   11.755353 |   2)   0.127 us    |                            mod_node_page_state();
   11.755353 |   2)               |                            _raw_spin_unlock_irq() {
   11.755353 |   2)   0.128 us    |                              preempt_count_sub();
   11.755353 |   2)   0.395 us    |                            }
   11.755353 |   2)   4.527 us    |                          }
   11.755354 |   2)               |                          folio_add_lru() {
   11.755354 |   2)               |                            __folio_batch_add_and_move() {
   11.755354 |   2)   0.126 us    |                              preempt_count_add();
   11.755354 |   2)   0.127 us    |                              preempt_count_sub();
   11.755354 |   2)   0.662 us    |                            }
   11.755355 |   2)   0.911 us    |                          }
   11.755355 |   2)   5.830 us    |                        }
   11.755355 |   2)               |                        filemap_alloc_folio_noprof() {
   11.755355 |   2)               |                          folio_alloc_noprof() {
   11.755355 |   2)               |                            alloc_pages_mpol() {
   11.755355 |   2)   0.124 us    |                              policy_nodemask();
   11.755356 |   2)               |                              __alloc_frozen_pages_noprof() {
   11.755356 |   2)               |                                get_page_from_freelist() {
   11.755356 |   2)   0.127 us    |                                  preempt_count_add();
   11.755356 |   2)               |                                  _raw_spin_trylock() {
   11.755356 |   2)   0.121 us    |                                    preempt_count_add();
   11.755357 |   2)   0.387 us    |                                  }
   11.755357 |   2)               |                                  _raw_spin_unlock() {
   11.755357 |   2)   0.124 us    |                                    preempt_count_sub();
   11.755357 |   2)   0.388 us    |                                  }
   11.755357 |   2)   0.127 us    |                                  preempt_count_sub();
   11.755358 |   2)   1.836 us    |                                }
   11.755358 |   2)   2.130 us    |                              }
   11.755358 |   2)   2.657 us    |                            }
   11.755358 |   2)   2.914 us    |                          }
   11.755358 |   2)   3.165 us    |                        }
   11.755358 |   2)               |                        filemap_add_folio() {
   11.755358 |   2)               |                          __filemap_add_folio() {
   11.755359 |   2)   0.123 us    |                            shmem_mapping();
   11.755359 |   2)               |                            _raw_spin_lock_irq() {
   11.755359 |   2)   0.128 us    |                              preempt_count_add();
   11.755359 |   2)   0.407 us    |                            }
   11.755359 |   2)   0.124 us    |                            workingset_update_node();
   11.755360 |   2)   0.128 us    |                            mod_node_page_state();
   11.755360 |   2)               |                            _raw_spin_unlock_irq() {
   11.755360 |   2)   0.126 us    |                              preempt_count_sub();
   11.755360 |   2)   0.393 us    |                            }
   11.755361 |   2)   2.112 us    |                          }
   11.755361 |   2)               |                          folio_add_lru() {
   11.755361 |   2)               |                            __folio_batch_add_and_move() {
   11.755361 |   2)   0.126 us    |                              preempt_count_add();
   11.755361 |   2)   0.128 us    |                              preempt_count_sub();
   11.755362 |   2)   0.661 us    |                            }
   11.755362 |   2)   0.909 us    |                          }
   11.755362 |   2)   3.423 us    |                        }
   11.755362 |   2)               |                        filemap_alloc_folio_noprof() {
   11.755362 |   2)               |                          folio_alloc_noprof() {
   11.755362 |   2)               |                            alloc_pages_mpol() {
   11.755362 |   2)   0.122 us    |                              policy_nodemask();
   11.755363 |   2)               |                              __alloc_frozen_pages_noprof() {
   11.755363 |   2)               |                                get_page_from_freelist() {
   11.755363 |   2)   0.126 us    |                                  preempt_count_add();
   11.755363 |   2)               |                                  _raw_spin_trylock() {
   11.755363 |   2)   0.125 us    |                                    preempt_count_add();
   11.755364 |   2)   0.391 us    |                                  }
   11.755364 |   2)               |                                  _raw_spin_unlock() {
   11.755364 |   2)   0.126 us    |                                    preempt_count_sub();
   11.755364 |   2)   0.412 us    |                                  }
   11.755364 |   2)   0.127 us    |                                  preempt_count_sub();
   11.755365 |   2)   1.792 us    |                                }
   11.755365 |   2)   2.065 us    |                              }
   11.755365 |   2)   2.589 us    |                            }
   11.755365 |   2)   2.845 us    |                          }
   11.755365 |   2)   3.093 us    |                        }
   11.755365 |   2)               |                        filemap_add_folio() {
   11.755365 |   2)               |                          __filemap_add_folio() {
   11.755366 |   2)   0.124 us    |                            shmem_mapping();
   11.755366 |   2)               |                            _raw_spin_lock_irq() {
   11.755366 |   2)   0.127 us    |                              preempt_count_add();
   11.755366 |   2)   0.424 us    |                            }
   11.755366 |   2)   0.126 us    |                            workingset_update_node();
   11.755367 |   2)   0.125 us    |                            mod_node_page_state();
   11.755367 |   2)               |                            _raw_spin_unlock_irq() {
   11.755367 |   2)   0.127 us    |                              preempt_count_sub();
   11.755367 |   2)   0.394 us    |                            }
   11.755368 |   2)   2.095 us    |                          }
   11.755368 |   2)               |                          folio_add_lru() {
   11.755368 |   2)               |                            __folio_batch_add_and_move() {
   11.755368 |   2)   0.126 us    |                              preempt_count_add();
   11.755368 |   2)   0.124 us    |                              preempt_count_sub();
   11.755368 |   2)   0.666 us    |                            }
   11.755369 |   2)   0.914 us    |                          }
   11.755369 |   2)   3.415 us    |                        }
   11.755369 |   2)               |                        filemap_alloc_folio_noprof() {
   11.755369 |   2)               |                          folio_alloc_noprof() {
   11.755369 |   2)               |                            alloc_pages_mpol() {
   11.755369 |   2)   0.124 us    |                              policy_nodemask();
   11.755370 |   2)               |                              __alloc_frozen_pages_noprof() {
   11.755370 |   2)               |                                get_page_from_freelist() {
   11.755370 |   2)   0.126 us    |                                  preempt_count_add();
   11.755370 |   2)               |                                  _raw_spin_trylock() {
   11.755370 |   2)   0.124 us    |                                    preempt_count_add();
   11.755371 |   2)   0.388 us    |                                  }
   11.755371 |   2)               |                                  _raw_spin_unlock() {
   11.755371 |   2)   0.189 us    |                                    preempt_count_sub();
   11.755371 |   2)   0.454 us    |                                  }
   11.755371 |   2)   0.127 us    |                                  preempt_count_sub();
   11.755372 |   2)   1.814 us    |                                }
   11.755372 |   2)   2.084 us    |                              }
   11.755372 |   2)   2.606 us    |                            }
   11.755372 |   2)   2.863 us    |                          }
   11.755372 |   2)   3.114 us    |                        }
   11.755372 |   2)               |                        filemap_add_folio() {
   11.755372 |   2)               |                          __filemap_add_folio() {
   11.755373 |   2)   0.126 us    |                            shmem_mapping();
   11.755373 |   2)               |                            _raw_spin_lock_irq() {
   11.755373 |   2)   0.126 us    |                              preempt_count_add();
   11.755373 |   2)   0.400 us    |                            }
   11.755373 |   2)   0.124 us    |                            workingset_update_node();
   11.755374 |   2)   0.124 us    |                            mod_node_page_state();
   11.755374 |   2)               |                            _raw_spin_unlock_irq() {
   11.755374 |   2)   0.125 us    |                              preempt_count_sub();
   11.755374 |   2)   0.394 us    |                            }
   11.755375 |   2)   2.037 us    |                          }
   11.755375 |   2)               |                          folio_add_lru() {
   11.755375 |   2)               |                            __folio_batch_add_and_move() {
   11.755375 |   2)   0.126 us    |                              preempt_count_add();
   11.755375 |   2)   0.126 us    |                              preempt_count_sub();
   11.755375 |   2)   0.661 us    |                            }
   11.755376 |   2)   0.934 us    |                          }
   11.755376 |   2)   3.368 us    |                        }
   11.755376 |   2)               |                        filemap_alloc_folio_noprof() {
   11.755376 |   2)               |                          folio_alloc_noprof() {
   11.755376 |   2)               |                            alloc_pages_mpol() {
   11.755376 |   2)   0.125 us    |                              policy_nodemask();
   11.755377 |   2)               |                              __alloc_frozen_pages_noprof() {
   11.755377 |   2)               |                                get_page_from_freelist() {
   11.755377 |   2)   0.126 us    |                                  preempt_count_add();
   11.755377 |   2)               |                                  _raw_spin_trylock() {
   11.755377 |   2)   0.123 us    |                                    preempt_count_add();
   11.755378 |   2)   0.388 us    |                                  }
   11.755378 |   2)               |                                  _raw_spin_unlock() {
   11.755378 |   2)   0.136 us    |                                    preempt_count_sub();
   11.755378 |   2)   0.427 us    |                                  }
   11.755378 |   2)   0.125 us    |                                  preempt_count_sub();
   11.755379 |   2)   1.769 us    |                                }
   11.755379 |   2)   2.038 us    |                              }
   11.755379 |   2)   2.561 us    |                            }
   11.755379 |   2)   2.816 us    |                          }
   11.755379 |   2)   3.068 us    |                        }
   11.755379 |   2)               |                        filemap_add_folio() {
   11.755379 |   2)               |                          __filemap_add_folio() {
   11.755380 |   2)   0.124 us    |                            shmem_mapping();
   11.755380 |   2)               |                            _raw_spin_lock_irq() {
   11.755380 |   2)   0.126 us    |                              preempt_count_add();
   11.755380 |   2)   0.398 us    |                            }
   11.755380 |   2)   0.124 us    |                            workingset_update_node();
   11.755381 |   2)   0.124 us    |                            mod_node_page_state();
   11.755381 |   2)               |                            _raw_spin_unlock_irq() {
   11.755381 |   2)   0.127 us    |                              preempt_count_sub();
   11.755381 |   2)   0.394 us    |                            }
   11.755381 |   2)   2.030 us    |                          }
   11.755382 |   2)               |                          folio_add_lru() {
   11.755382 |   2)               |                            __folio_batch_add_and_move() {
   11.755382 |   2)   0.124 us    |                              preempt_count_add();
   11.755382 |   2)   0.126 us    |                              preempt_count_sub();
   11.755382 |   2)   0.663 us    |                            }
   11.755382 |   2)   0.908 us    |                          }
   11.755383 |   2)   3.339 us    |                        }
   11.755383 |   2)               |                        filemap_alloc_folio_noprof() {
   11.755383 |   2)               |                          folio_alloc_noprof() {
   11.755383 |   2)               |                            alloc_pages_mpol() {
   11.755383 |   2)   0.126 us    |                              policy_nodemask();
   11.755384 |   2)               |                              __alloc_frozen_pages_noprof() {
   11.755384 |   2)               |                                get_page_from_freelist() {
   11.755384 |   2)   0.125 us    |                                  preempt_count_add();
   11.755384 |   2)               |                                  _raw_spin_trylock() {
   11.755384 |   2)   0.142 us    |                                    preempt_count_add();
   11.755385 |   2)   0.435 us    |                                  }
   11.755385 |   2)               |                                  _raw_spin_unlock() {
   11.755385 |   2)   0.126 us    |                                    preempt_count_sub();
   11.755386 |   2)   0.390 us    |                                  }
   11.755386 |   2)   0.126 us    |                                  preempt_count_sub();
   11.755386 |   2)   2.093 us    |                                }
   11.755386 |   2)   2.363 us    |                              }
   11.755386 |   2)   2.992 us    |                            }
   11.755386 |   2)   3.246 us    |                          }
   11.755386 |   2)   3.496 us    |                        }
   11.755387 |   2)               |                        filemap_add_folio() {
   11.755387 |   2)               |                          __filemap_add_folio() {
   11.755387 |   2)   0.123 us    |                            shmem_mapping();
   11.755387 |   2)               |                            _raw_spin_lock_irq() {
   11.755387 |   2)   0.126 us    |                              preempt_count_add();
   11.755388 |   2)   0.399 us    |                            }
   11.755388 |   2)   0.126 us    |                            workingset_update_node();
   11.755388 |   2)   0.127 us    |                            mod_node_page_state();
   11.755388 |   2)               |                            _raw_spin_unlock_irq() {
   11.755388 |   2)   0.126 us    |                              preempt_count_sub();
   11.755389 |   2)   0.393 us    |                            }
   11.755389 |   2)   2.034 us    |                          }
   11.755389 |   2)               |                          folio_add_lru() {
   11.755389 |   2)               |                            __folio_batch_add_and_move() {
   11.755389 |   2)   0.125 us    |                              preempt_count_add();
   11.755389 |   2)   0.127 us    |                              preempt_count_sub();
   11.755390 |   2)   0.659 us    |                            }
   11.755390 |   2)   0.909 us    |                          }
   11.755390 |   2)   3.344 us    |                        }
   11.755390 |   2)               |                        filemap_alloc_folio_noprof() {
   11.755390 |   2)               |                          folio_alloc_noprof() {
   11.755391 |   2)               |                            alloc_pages_mpol() {
   11.755391 |   2)   0.125 us    |                              policy_nodemask();
   11.755391 |   2)               |                              __alloc_frozen_pages_noprof() {
   11.755391 |   2)               |                                get_page_from_freelist() {
   11.755391 |   2)   0.126 us    |                                  preempt_count_add();
   11.755391 |   2)               |                                  _raw_spin_trylock() {
   11.755392 |   2)   0.125 us    |                                    preempt_count_add();
   11.755392 |   2)   0.390 us    |                                  }
   11.755392 |   2)               |                                  _raw_spin_unlock() {
   11.755392 |   2)   0.123 us    |                                    preempt_count_sub();
   11.755392 |   2)   0.387 us    |                                  }
   11.755393 |   2)   0.126 us    |                                  preempt_count_sub();
   11.755393 |   2)   1.756 us    |                                }
   11.755393 |   2)   2.025 us    |                              }
   11.755393 |   2)   2.552 us    |                            }
   11.755393 |   2)   2.807 us    |                          }
   11.755393 |   2)   3.060 us    |                        }
   11.755393 |   2)               |                        filemap_add_folio() {
   11.755394 |   2)               |                          __filemap_add_folio() {
   11.755394 |   2)   0.125 us    |                            shmem_mapping();
   11.755394 |   2)               |                            _raw_spin_lock_irq() {
   11.755394 |   2)   0.127 us    |                              preempt_count_add();
   11.755394 |   2)   0.398 us    |                            }
   11.755395 |   2)   0.124 us    |                            workingset_update_node();
   11.755395 |   2)   0.125 us    |                            mod_node_page_state();
   11.755395 |   2)               |                            _raw_spin_unlock_irq() {
   11.755395 |   2)   0.124 us    |                              preempt_count_sub();
   11.755396 |   2)   0.394 us    |                            }
   11.755396 |   2)   2.035 us    |                          }
   11.755396 |   2)               |                          folio_add_lru() {
   11.755396 |   2)               |                            __folio_batch_add_and_move() {
   11.755396 |   2)   0.126 us    |                              preempt_count_add();
   11.755396 |   2)   0.127 us    |                              preempt_count_sub();
   11.755397 |   2)   0.659 us    |                            }
   11.755397 |   2)   0.905 us    |                          }
   11.755397 |   2)   3.340 us    |                        }
   11.755397 |   2)               |                        filemap_alloc_folio_noprof() {
   11.755397 |   2)               |                          folio_alloc_noprof() {
   11.755397 |   2)               |                            alloc_pages_mpol() {
   11.755398 |   2)   0.126 us    |                              policy_nodemask();
   11.755405 |   2)               |                              __alloc_frozen_pages_noprof() {
   11.755405 |   2)               |                                get_page_from_freelist() {
   11.755405 |   2)   0.136 us    |                                  preempt_count_add();
   11.755406 |   2)               |                                  _raw_spin_trylock() {
   11.755406 |   2)   0.130 us    |                                    preempt_count_add();
   11.755406 |   2)   0.413 us    |                                  }
   11.755406 |   2)               |                                  _raw_spin_unlock() {
   11.755406 |   2)   0.130 us    |                                    preempt_count_sub();
   11.755407 |   2)   0.408 us    |                                  }
   11.755407 |   2)   0.129 us    |                                  preempt_count_sub();
   11.755407 |   2)   1.952 us    |                                }
   11.755407 |   2)   2.350 us    |                              }
   11.755407 |   2)   9.906 us    |                            }
   11.755407 |   2) + 10.166 us   |                          }
   11.755408 |   2) + 10.416 us   |                        }
   11.755408 |   2)               |                        filemap_add_folio() {
   11.755408 |   2)               |                          __filemap_add_folio() {
   11.755408 |   2)   0.122 us    |                            shmem_mapping();
   11.755408 |   2)               |                            _raw_spin_lock_irq() {
   11.755408 |   2)   0.130 us    |                              preempt_count_add();
   11.755409 |   2)   0.407 us    |                            }
   11.755409 |   2)   0.125 us    |                            workingset_update_node();
   11.755409 |   2)   0.127 us    |                            mod_node_page_state();
   11.755409 |   2)               |                            _raw_spin_unlock_irq() {
   11.755410 |   2)   0.124 us    |                              preempt_count_sub();
   11.755410 |   2)   0.402 us    |                            }
   11.755410 |   2)   2.083 us    |                          }
   11.755410 |   2)               |                          folio_add_lru() {
   11.755410 |   2)               |                            __folio_batch_add_and_move() {
   11.755410 |   2)   0.123 us    |                              preempt_count_add();
   11.755411 |   2)   0.125 us    |                              preempt_count_sub();
   11.755411 |   2)   0.655 us    |                            }
   11.755411 |   2)   0.907 us    |                          }
   11.755411 |   2)   3.404 us    |                        }
   11.755411 |   2)               |                        filemap_alloc_folio_noprof() {
   11.755412 |   2)               |                          folio_alloc_noprof() {
   11.755412 |   2)               |                            alloc_pages_mpol() {
   11.755412 |   2)   0.125 us    |                              policy_nodemask();
   11.755412 |   2)               |                              __alloc_frozen_pages_noprof() {
   11.755412 |   2)               |                                get_page_from_freelist() {
   11.755412 |   2)   0.124 us    |                                  preempt_count_add();
   11.755413 |   2)               |                                  _raw_spin_trylock() {
   11.755413 |   2)   0.128 us    |                                    preempt_count_add();
   11.755413 |   2)   0.393 us    |                                  }
   11.755413 |   2)               |                                  _raw_spin_unlock() {
   11.755413 |   2)   0.123 us    |                                    preempt_count_sub();
   11.755414 |   2)   0.389 us    |                                  }
   11.755414 |   2)   0.125 us    |                                  preempt_count_sub();
   11.755414 |   2)   1.742 us    |                                }
   11.755414 |   2)   2.013 us    |                              }
   11.755414 |   2)   2.546 us    |                            }
   11.755414 |   2)   2.810 us    |                          }
   11.755415 |   2)   3.064 us    |                        }
   11.755415 |   2)               |                        filemap_add_folio() {
   11.755415 |   2)               |                          __filemap_add_folio() {
   11.755415 |   2)   0.124 us    |                            shmem_mapping();
   11.755415 |   2)               |                            _raw_spin_lock_irq() {
   11.755415 |   2)   0.124 us    |                              preempt_count_add();
   11.755416 |   2)   0.400 us    |                            }
   11.755416 |   2)   0.124 us    |                            workingset_update_node();
   11.755416 |   2)   0.124 us    |                            mod_node_page_state();
   11.755416 |   2)               |                            _raw_spin_unlock_irq() {
   11.755416 |   2)   0.127 us    |                              preempt_count_sub();
   11.755417 |   2)   0.397 us    |                            }
   11.755417 |   2)   2.039 us    |                          }
   11.755417 |   2)               |                          folio_add_lru() {
   11.755417 |   2)               |                            __folio_batch_add_and_move() {
   11.755417 |   2)   0.125 us    |                              preempt_count_add();
   11.755418 |   2)   0.124 us    |                              preempt_count_sub();
   11.755418 |   2)   0.660 us    |                            }
   11.755418 |   2)   0.912 us    |                          }
   11.755418 |   2)   3.350 us    |                        }
   11.755418 |   2)               |                        filemap_alloc_folio_noprof() {
   11.755419 |   2)               |                          folio_alloc_noprof() {
   11.755419 |   2)               |                            alloc_pages_mpol() {
   11.755419 |   2)   0.124 us    |                              policy_nodemask();
   11.755419 |   2)               |                              __alloc_frozen_pages_noprof() {
   11.755419 |   2)               |                                get_page_from_freelist() {
   11.755419 |   2)   0.125 us    |                                  preempt_count_add();
   11.755420 |   2)               |                                  _raw_spin_trylock() {
   11.755420 |   2)   0.124 us    |                                    preempt_count_add();
   11.755420 |   2)   0.388 us    |                                  }
   11.755420 |   2)               |                                  _raw_spin_unlock() {
   11.755420 |   2)   0.124 us    |                                    preempt_count_sub();
   11.755420 |   2)   0.389 us    |                                  }
   11.755421 |   2)   0.125 us    |                                  preempt_count_sub();
   11.755421 |   2)   1.757 us    |                                }
   11.755421 |   2)   2.104 us    |                              }
   11.755421 |   2)   2.632 us    |                            }
   11.755421 |   2)   2.892 us    |                          }
   11.755422 |   2)   3.149 us    |                        }
   11.755422 |   2)               |                        filemap_add_folio() {
   11.755422 |   2)               |                          __filemap_add_folio() {
   11.755422 |   2)   0.124 us    |                            shmem_mapping();
   11.755422 |   2)               |                            _raw_spin_lock_irq() {
   11.755422 |   2)   0.127 us    |                              preempt_count_add();
   11.755423 |   2)   0.402 us    |                            }
   11.755423 |   2)   0.127 us    |                            workingset_update_node();
   11.755423 |   2)   0.129 us    |                            mod_node_page_state();
   11.755423 |   2)               |                            _raw_spin_unlock_irq() {
   11.755424 |   2)   0.128 us    |                              preempt_count_sub();
   11.755424 |   2)   0.406 us    |                            }
   11.755424 |   2)   2.173 us    |                          }
   11.755424 |   2)               |                          folio_add_lru() {
   11.755424 |   2)               |                            __folio_batch_add_and_move() {
   11.755424 |   2)   0.126 us    |                              preempt_count_add();
   11.755425 |   2)   0.126 us    |                              preempt_count_sub();
   11.755425 |   2)   0.671 us    |                            }
   11.755425 |   2)   0.925 us    |                          }
   11.755425 |   2)   3.505 us    |                        }
   11.755426 |   2)               |                        filemap_alloc_folio_noprof() {
   11.755426 |   2)               |                          folio_alloc_noprof() {
   11.755426 |   2)               |                            alloc_pages_mpol() {
   11.755426 |   2)   0.125 us    |                              policy_nodemask();
   11.755426 |   2)               |                              __alloc_frozen_pages_noprof() {
   11.755426 |   2)               |                                get_page_from_freelist() {
   11.755426 |   2)   0.126 us    |                                  preempt_count_add();
   11.755427 |   2)               |                                  _raw_spin_trylock() {
   11.755427 |   2)   0.125 us    |                                    preempt_count_add();
   11.755427 |   2)   0.419 us    |                                  }
   11.755427 |   2)               |                                  _raw_spin_unlock() {
   11.755427 |   2)   0.126 us    |                                    preempt_count_sub();
   11.755428 |   2)   0.392 us    |                                  }
   11.755428 |   2)   0.127 us    |                                  preempt_count_sub();
   11.755428 |   2)   1.800 us    |                                }
   11.755428 |   2)   2.076 us    |                              }
   11.755428 |   2)   2.608 us    |                            }
   11.755429 |   2)   2.869 us    |                          }
   11.755429 |   2)   3.126 us    |                        }
   11.755429 |   2)               |                        filemap_add_folio() {
   11.755429 |   2)               |                          __filemap_add_folio() {
   11.755429 |   2)   0.126 us    |                            shmem_mapping();
   11.755429 |   2)               |                            _raw_spin_lock_irq() {
   11.755430 |   2)   0.126 us    |                              preempt_count_add();
   11.755430 |   2)   0.422 us    |                            }
   11.755430 |   2)   0.125 us    |                            workingset_update_node();
   11.755430 |   2)   0.129 us    |                            mod_node_page_state();
   11.755431 |   2)               |                            _raw_spin_unlock_irq() {
   11.755431 |   2)   0.128 us    |                              preempt_count_sub();
   11.755431 |   2)   0.406 us    |                            }
   11.755431 |   2)   2.122 us    |                          }
   11.755431 |   2)               |                          folio_add_lru() {
   11.755431 |   2)               |                            __folio_batch_add_and_move() {
   11.755432 |   2)   0.127 us    |                              preempt_count_add();
   11.755432 |   2)   0.128 us    |                              preempt_count_sub();
   11.755432 |   2)   0.702 us    |                            }
   11.755432 |   2)   0.962 us    |                          }
   11.755432 |   2)   3.530 us    |                        }
   11.755433 |   2)               |                        filemap_alloc_folio_noprof() {
   11.755433 |   2)               |                          folio_alloc_noprof() {
   11.755433 |   2)               |                            alloc_pages_mpol() {
   11.755433 |   2)   0.127 us    |                              policy_nodemask();
   11.755433 |   2)               |                              __alloc_frozen_pages_noprof() {
   11.755434 |   2)               |                                get_page_from_freelist() {
   11.755434 |   2)   0.126 us    |                                  preempt_count_add();
   11.755434 |   2)               |                                  _raw_spin_trylock() {
   11.755434 |   2)   0.123 us    |                                    preempt_count_add();
   11.755434 |   2)   0.389 us    |                                  }
   11.755434 |   2)               |                                  _raw_spin_unlock() {
   11.755435 |   2)   0.123 us    |                                    preempt_count_sub();
   11.755435 |   2)   0.387 us    |                                  }
   11.755435 |   2)   0.125 us    |                                  preempt_count_sub();
   11.755435 |   2)   1.749 us    |                                }
   11.755435 |   2)   2.021 us    |                              }
   11.755436 |   2)   2.630 us    |                            }
   11.755436 |   2)   2.888 us    |                          }
   11.755436 |   2)   3.143 us    |                        }
   11.755436 |   2)               |                        filemap_add_folio() {
   11.755436 |   2)               |                          __filemap_add_folio() {
   11.755436 |   2)   0.180 us    |                            shmem_mapping();
   11.755437 |   2)               |                            _raw_spin_lock_irq() {
   11.755437 |   2)   0.124 us    |                              preempt_count_add();
   11.755437 |   2)   0.397 us    |                            }
   11.755437 |   2)   0.125 us    |                            workingset_update_node();
   11.755438 |   2)   0.125 us    |                            mod_node_page_state();
   11.755438 |   2)               |                            _raw_spin_unlock_irq() {
   11.755438 |   2)   0.125 us    |                              preempt_count_sub();
   11.755438 |   2)   0.400 us    |                            }
   11.755438 |   2)   2.204 us    |                          }
   11.755439 |   2)               |                          folio_add_lru() {
   11.755439 |   2)               |                            __folio_batch_add_and_move() {
   11.755439 |   2)   0.126 us    |                              preempt_count_add();
   11.755439 |   2)   0.126 us    |                              preempt_count_sub();
   11.755439 |   2)   0.682 us    |                            }
   11.755439 |   2)   0.935 us    |                          }
   11.755440 |   2)   3.582 us    |                        }
   11.755440 |   2)               |                        filemap_alloc_folio_noprof() {
   11.755440 |   2)               |                          folio_alloc_noprof() {
   11.755440 |   2)               |                            alloc_pages_mpol() {
   11.755440 |   2)   0.125 us    |                              policy_nodemask();
   11.755441 |   2)               |                              __alloc_frozen_pages_noprof() {
   11.755441 |   2)               |                                get_page_from_freelist() {
   11.755441 |   2)   0.126 us    |                                  preempt_count_add();
   11.755441 |   2)               |                                  _raw_spin_trylock() {
   11.755441 |   2)   0.129 us    |                                    preempt_count_add();
   11.755441 |   2)   0.394 us    |                                  }
   11.755442 |   2)               |                                  _raw_spin_unlock() {
   11.755442 |   2)   0.124 us    |                                    preempt_count_sub();
   11.755442 |   2)   0.389 us    |                                  }
   11.755442 |   2)   0.127 us    |                                  preempt_count_sub();
   11.755442 |   2)   1.763 us    |                                }
   11.755443 |   2)   2.038 us    |                              }
   11.755443 |   2)   2.562 us    |                            }
   11.755443 |   2)   2.817 us    |                          }
   11.755443 |   2)   3.071 us    |                        }
   11.755443 |   2)               |                        filemap_add_folio() {
   11.755443 |   2)               |                          __filemap_add_folio() {
   11.755443 |   2)   0.123 us    |                            shmem_mapping();
   11.755444 |   2)               |                            _raw_spin_lock_irq() {
   11.755444 |   2)   0.127 us    |                              preempt_count_add();
   11.755444 |   2)   0.400 us    |                            }
   11.755444 |   2)   0.125 us    |                            workingset_update_node();
   11.755444 |   2)   0.124 us    |                            mod_node_page_state();
   11.755445 |   2)               |                            _raw_spin_unlock_irq() {
   11.755445 |   2)   0.125 us    |                              preempt_count_sub();
   11.755445 |   2)   0.401 us    |                            }
   11.755445 |   2)   2.061 us    |                          }
   11.755445 |   2)               |                          folio_add_lru() {
   11.755446 |   2)               |                            __folio_batch_add_and_move() {
   11.755446 |   2)   0.125 us    |                              preempt_count_add();
   11.755446 |   2)               |                              folio_batch_move_lru() {
   11.755446 |   2)               |                                _raw_spin_lock_irqsave() {
   11.755446 |   2)   0.124 us    |                                  preempt_count_add();
   11.755447 |   2)   0.400 us    |                                }
   11.755447 |   2)               |                                lru_add() {
   11.755447 |   2)   0.128 us    |                                  folio_mapping();
   11.755447 |   2)   0.142 us    |                                  mod_node_page_state();
   11.755448 |   2)   0.125 us    |                                  __mod_zone_page_state();
   11.755448 |   2)   1.165 us    |                                }
   11.755448 |   2)               |                                lru_add() {
   11.755448 |   2)   0.125 us    |                                  folio_mapping();
   11.755449 |   2)   0.126 us    |                                  mod_node_page_state();
   11.755449 |   2)   0.125 us    |                                  __mod_zone_page_state();
   11.755449 |   2)   1.100 us    |                                }
   11.755449 |   2)               |                                lru_add() {
   11.755450 |   2)   0.126 us    |                                  folio_mapping();
   11.755450 |   2)   0.129 us    |                                  mod_node_page_state();
   11.755450 |   2)   0.125 us    |                                  __mod_zone_page_state();
   11.755451 |   2)   1.204 us    |                                }
   11.755451 |   2)               |                                lru_add() {
   11.755451 |   2)   0.125 us    |                                  folio_mapping();
   11.755451 |   2)   0.128 us    |                                  mod_node_page_state();
   11.755452 |   2)   0.126 us    |                                  __mod_zone_page_state();
   11.755452 |   2)   1.153 us    |                                }
   11.755452 |   2)               |                                lru_add() {
   11.755452 |   2)   0.130 us    |                                  folio_mapping();
   11.755453 |   2)   0.130 us    |                                  mod_node_page_state();
   11.755453 |   2)   0.127 us    |                                  __mod_zone_page_state();
   11.755453 |   2)   1.140 us    |                                }
   11.755453 |   2)               |                                lru_add() {
   11.755454 |   2)   0.129 us    |                                  folio_mapping();
   11.755454 |   2)   0.127 us    |                                  mod_node_page_state();
   11.755454 |   2)   0.126 us    |                                  __mod_zone_page_state();
   11.755455 |   2)   1.128 us    |                                }
   11.755455 |   2)               |                                lru_add() {
   11.755455 |   2)   0.128 us    |                                  folio_mapping();
   11.755455 |   2)   0.127 us    |                                  mod_node_page_state();
   11.755456 |   2)   0.125 us    |                                  __mod_zone_page_state();
   11.755456 |   2)   1.131 us    |                                }
   11.755456 |   2)               |                                lru_add() {
   11.755456 |   2)   0.128 us    |                                  folio_mapping();
   11.755457 |   2)   0.124 us    |                                  mod_node_page_state();
   11.755457 |   2)   0.125 us    |                                  __mod_zone_page_state();
   11.755457 |   2)   1.103 us    |                                }
   11.755457 |   2)               |                                lru_add() {
   11.755458 |   2)   0.128 us    |                                  folio_mapping();
   11.755458 |   2)   0.126 us    |                                  mod_node_page_state();
   11.755458 |   2)   0.126 us    |                                  __mod_zone_page_state();
   11.755458 |   2)   1.102 us    |                                }
   11.755459 |   2)               |                                lru_add() {
   11.755459 |   2)   0.128 us    |                                  folio_mapping();
   11.755459 |   2)   0.125 us    |                                  mod_node_page_state();
   11.755459 |   2)   0.127 us    |                                  __mod_zone_page_state();
   11.755460 |   2)   1.110 us    |                                }
   11.755460 |   2)               |                                lru_add() {
   11.755460 |   2)   0.127 us    |                                  folio_mapping();
   11.755460 |   2)   0.126 us    |                                  mod_node_page_state();
   11.755461 |   2)   0.126 us    |                                  __mod_zone_page_state();
   11.755461 |   2)   1.130 us    |                                }
   11.755461 |   2)               |                                lru_add() {
   11.755461 |   2)   0.126 us    |                                  folio_mapping();
   11.755462 |   2)   0.128 us    |                                  mod_node_page_state();
   11.755462 |   2)   0.126 us    |                                  __mod_zone_page_state();
   11.755462 |   2)   1.121 us    |                                }
   11.755462 |   2)               |                                lru_add() {
   11.755463 |   2)   0.127 us    |                                  folio_mapping();
   11.755463 |   2)   0.125 us    |                                  mod_node_page_state();
   11.755463 |   2)   0.125 us    |                                  __mod_zone_page_state();
   11.755464 |   2)   1.125 us    |                                }
   11.755464 |   2)               |                                lru_add() {
   11.755464 |   2)   0.126 us    |                                  folio_mapping();
   11.755464 |   2)   0.126 us    |                                  mod_node_page_state();
   11.755465 |   2)   0.125 us    |                                  __mod_zone_page_state();
   11.755465 |   2)   1.121 us    |                                }
   11.755465 |   2)               |                                lru_add() {
   11.755465 |   2)   0.126 us    |                                  folio_mapping();
   11.755466 |   2)   0.126 us    |                                  mod_node_page_state();
   11.755466 |   2)   0.124 us    |                                  __mod_zone_page_state();
   11.755466 |   2)   1.123 us    |                                }
   11.755466 |   2)               |                                lru_add() {
   11.755466 |   2)   0.127 us    |                                  folio_mapping();
   11.755467 |   2)   0.126 us    |                                  mod_node_page_state();
   11.755467 |   2)   0.126 us    |                                  __mod_zone_page_state();
   11.755467 |   2)   1.203 us    |                                }
   11.755468 |   2)               |                                lru_add() {
   11.755468 |   2)   0.125 us    |                                  folio_mapping();
   11.755468 |   2)   0.127 us    |                                  mod_node_page_state();
   11.755469 |   2)   0.126 us    |                                  __mod_zone_page_state();
   11.755469 |   2)   1.121 us    |                                }
   11.755469 |   2)               |                                lru_add() {
   11.755469 |   2)   0.128 us    |                                  folio_mapping();
   11.755470 |   2)   0.127 us    |                                  mod_node_page_state();
   11.755470 |   2)   0.125 us    |                                  __mod_zone_page_state();
   11.755470 |   2)   1.124 us    |                                }
   11.755470 |   2)               |                                lru_add() {
   11.755470 |   2)   0.123 us    |                                  folio_mapping();
   11.755471 |   2)   0.127 us    |                                  mod_node_page_state();
   11.755471 |   2)   0.126 us    |                                  __mod_zone_page_state();
   11.755471 |   2)   1.127 us    |                                }
   11.755472 |   2)               |                                lru_add() {
   11.755472 |   2)   0.126 us    |                                  folio_mapping();
   11.755472 |   2)   0.126 us    |                                  mod_node_page_state();
   11.755472 |   2)   0.126 us    |                                  __mod_zone_page_state();
   11.755473 |   2)   1.126 us    |                                }
   11.755473 |   2)               |                                lru_add() {
   11.755473 |   2)   0.123 us    |                                  folio_mapping();
   11.755473 |   2)   0.127 us    |                                  mod_node_page_state();
   11.755474 |   2)   0.125 us    |                                  __mod_zone_page_state();
   11.755474 |   2)   1.121 us    |                                }
   11.755474 |   2)               |                                lru_add() {
   11.755474 |   2)   0.126 us    |                                  folio_mapping();
   11.755475 |   2)   0.126 us    |                                  mod_node_page_state();
   11.755475 |   2)   0.125 us    |                                  __mod_zone_page_state();
   11.755475 |   2)   1.123 us    |                                }
   11.755475 |   2)               |                                lru_add() {
   11.755476 |   2)   0.125 us    |                                  folio_mapping();
   11.755476 |   2)   0.124 us    |                                  mod_node_page_state();
   11.755476 |   2)   0.124 us    |                                  __mod_zone_page_state();
   11.755476 |   2)   1.097 us    |                                }
   11.755477 |   2)               |                                lru_add() {
   11.755477 |   2)   0.126 us    |                                  folio_mapping();
   11.755477 |   2)   0.128 us    |                                  mod_node_page_state();
   11.755478 |   2)   0.127 us    |                                  __mod_zone_page_state();
   11.755478 |   2)   1.128 us    |                                }
   11.755478 |   2)               |                                lru_add() {
   11.755478 |   2)   0.125 us    |                                  folio_mapping();
   11.755479 |   2)   0.130 us    |                                  mod_node_page_state();
   11.755479 |   2)   0.126 us    |                                  __mod_zone_page_state();
   11.755479 |   2)   1.125 us    |                                }
   11.755479 |   2)               |                                lru_add() {
   11.755479 |   2)   0.128 us    |                                  folio_mapping();
   11.755480 |   2)   0.128 us    |                                  mod_node_page_state();
   11.755480 |   2)   0.124 us    |                                  __mod_zone_page_state();
   11.755480 |   2)   1.130 us    |                                }
   11.755481 |   2)               |                                lru_add() {
   11.755481 |   2)   0.125 us    |                                  folio_mapping();
   11.755481 |   2)   0.128 us    |                                  mod_node_page_state();
   11.755481 |   2)   0.125 us    |                                  __mod_zone_page_state();
   11.755482 |   2)   1.126 us    |                                }
   11.755482 |   2)               |                                lru_add() {
   11.755482 |   2)   0.125 us    |                                  folio_mapping();
   11.755482 |   2)   0.129 us    |                                  mod_node_page_state();
   11.755483 |   2)   0.126 us    |                                  __mod_zone_page_state();
   11.755483 |   2)   1.124 us    |                                }
   11.755483 |   2)               |                                lru_add() {
   11.755483 |   2)   0.127 us    |                                  folio_mapping();
   11.755484 |   2)   0.128 us    |                                  mod_node_page_state();
   11.755484 |   2)   0.126 us    |                                  __mod_zone_page_state();
   11.755484 |   2)   1.223 us    |                                }
   11.755485 |   2)               |                                lru_add() {
   11.755485 |   2)   0.126 us    |                                  folio_mapping();
   11.755485 |   2)   0.128 us    |                                  mod_node_page_state();
   11.755485 |   2)   0.127 us    |                                  __mod_zone_page_state();
   11.755486 |   2)   1.126 us    |                                }
   11.755486 |   2)               |                                lru_add() {
   11.755486 |   2)   0.128 us    |                                  folio_mapping();
   11.755486 |   2)   0.127 us    |                                  mod_node_page_state();
   11.755487 |   2)   0.125 us    |                                  __mod_zone_page_state();
   11.755487 |   2)   1.125 us    |                                }
   11.755487 |   2)               |                                _raw_spin_unlock_irqrestore() {
   11.755487 |   2)   0.124 us    |                                  preempt_count_sub();
   11.755487 |   2)   0.404 us    |                                }
   11.755488 |   2)   0.126 us    |                                free_unref_folios();
   11.755488 |   2)   0.326 us    |                                folios_put_refs();
   11.755488 |   2) + 42.462 us   |                              }
   11.755489 |   2)   0.124 us    |                              preempt_count_sub();
   11.755489 |   2) + 43.289 us   |                            }
   11.755489 |   2) + 43.541 us   |                          }
   11.755489 |   2) + 46.003 us   |                        }
   11.755490 |   2)               |                        filemap_alloc_folio_noprof() {
   11.755490 |   2)               |                          folio_alloc_noprof() {
   11.755490 |   2)               |                            alloc_pages_mpol() {
   11.755490 |   2)   0.129 us    |                              policy_nodemask();
   11.755490 |   2)               |                              __alloc_frozen_pages_noprof() {
   11.755490 |   2)               |                                get_page_from_freelist() {
   11.755490 |   2)   0.124 us    |                                  preempt_count_add();
   11.755491 |   2)               |                                  _raw_spin_trylock() {
   11.755491 |   2)   0.123 us    |                                    preempt_count_add();
   11.755491 |   2)   0.387 us    |                                  }
   11.755491 |   2)               |                                  _raw_spin_unlock() {
   11.755491 |   2)   0.124 us    |                                    preempt_count_sub();
   11.755492 |   2)   0.390 us    |                                  }
   11.755492 |   2)   0.126 us    |                                  preempt_count_sub();
   11.755492 |   2)   1.767 us    |                                }
   11.755492 |   2)   2.043 us    |                              }
   11.755492 |   2)   2.573 us    |                            }
   11.755492 |   2)   2.834 us    |                          }
   11.755493 |   2)   3.092 us    |                        }
   11.755493 |   2)               |                        filemap_add_folio() {
   11.755493 |   2)               |                          __filemap_add_folio() {
   11.755493 |   2)   0.124 us    |                            shmem_mapping();
   11.755493 |   2)               |                            _raw_spin_lock_irq() {
   11.755493 |   2)   0.126 us    |                              preempt_count_add();
   11.755494 |   2)   0.399 us    |                            }
   11.755494 |   2)   0.125 us    |                            workingset_update_node();
   11.755494 |   2)   0.126 us    |                            mod_node_page_state();
   11.755494 |   2)               |                            _raw_spin_unlock_irq() {
   11.755494 |   2)   0.127 us    |                              preempt_count_sub();
   11.755495 |   2)   0.397 us    |                            }
   11.755495 |   2)   2.044 us    |                          }
   11.755495 |   2)               |                          folio_add_lru() {
   11.755495 |   2)               |                            __folio_batch_add_and_move() {
   11.755495 |   2)   0.124 us    |                              preempt_count_add();
   11.755496 |   2)   0.127 us    |                              preempt_count_sub();
   11.755496 |   2)   0.660 us    |                            }
   11.755496 |   2)   0.910 us    |                          }
   11.755496 |   2)   3.350 us    |                        }
   11.755496 |   2)               |                        filemap_alloc_folio_noprof() {
   11.755497 |   2)               |                          folio_alloc_noprof() {
   11.755497 |   2)               |                            alloc_pages_mpol() {
   11.755497 |   2)   0.125 us    |                              policy_nodemask();
   11.755497 |   2)               |                              __alloc_frozen_pages_noprof() {
   11.755497 |   2)               |                                get_page_from_freelist() {
   11.755497 |   2)   0.126 us    |                                  preempt_count_add();
   11.755498 |   2)               |                                  _raw_spin_trylock() {
   11.755498 |   2)   0.123 us    |                                    preempt_count_add();
   11.755498 |   2)   0.387 us    |                                  }
   11.755498 |   2)               |                                  _raw_spin_unlock() {
   11.755498 |   2)   0.124 us    |                                    preempt_count_sub();
   11.755499 |   2)   0.384 us    |                                  }
   11.755499 |   2)   0.126 us    |                                  preempt_count_sub();
   11.755499 |   2)   1.820 us    |                                }
   11.755499 |   2)   2.088 us    |                              }
   11.755499 |   2)   2.616 us    |                            }
   11.755499 |   2)   2.891 us    |                          }
   11.755500 |   2)   3.163 us    |                        }
   11.755500 |   2)               |                        filemap_add_folio() {
   11.755500 |   2)               |                          __filemap_add_folio() {
   11.755500 |   2)   0.126 us    |                            shmem_mapping();
   11.755500 |   2)               |                            _raw_spin_lock_irq() {
   11.755500 |   2)   0.126 us    |                              preempt_count_add();
   11.755501 |   2)   0.402 us    |                            }
   11.755501 |   2)   0.124 us    |                            workingset_update_node();
   11.755501 |   2)   0.125 us    |                            mod_node_page_state();
   11.755501 |   2)               |                            _raw_spin_unlock_irq() {
   11.755502 |   2)   0.126 us    |                              preempt_count_sub();
   11.755502 |   2)   0.396 us    |                            }
   11.755502 |   2)   2.071 us    |                          }
   11.755502 |   2)               |                          folio_add_lru() {
   11.755502 |   2)               |                            __folio_batch_add_and_move() {
   11.755502 |   2)   0.125 us    |                              preempt_count_add();
   11.755503 |   2)   0.126 us    |                              preempt_count_sub();
   11.755503 |   2)   0.657 us    |                            }
   11.755503 |   2)   0.906 us    |                          }
   11.755503 |   2)   3.374 us    |                        }
   11.755504 |   2)               |                        filemap_alloc_folio_noprof() {
   11.755504 |   2)               |                          folio_alloc_noprof() {
   11.755504 |   2)               |                            alloc_pages_mpol() {
   11.755504 |   2)   0.123 us    |                              policy_nodemask();
   11.755504 |   2)               |                              __alloc_frozen_pages_noprof() {
   11.755504 |   2)               |                                get_page_from_freelist() {
   11.755504 |   2)   0.125 us    |                                  preempt_count_add();
   11.755505 |   2)               |                                  _raw_spin_trylock() {
   11.755505 |   2)   0.122 us    |                                    preempt_count_add();
   11.755505 |   2)   0.385 us    |                                  }
   11.755505 |   2)               |                                  _raw_spin_unlock() {
   11.755505 |   2)   0.124 us    |                                    preempt_count_sub();
   11.755506 |   2)   0.386 us    |                                  }
   11.755506 |   2)   0.124 us    |                                  preempt_count_sub();
   11.755506 |   2)   1.744 us    |                                }
   11.755506 |   2)   2.012 us    |                              }
   11.755506 |   2)   2.534 us    |                            }
   11.755506 |   2)   2.789 us    |                          }
   11.755507 |   2)   3.039 us    |                        }
   11.755507 |   2)               |                        filemap_add_folio() {
   11.755507 |   2)               |                          __filemap_add_folio() {
   11.755507 |   2)   0.123 us    |                            shmem_mapping();
   11.755507 |   2)               |                            _raw_spin_lock_irq() {
   11.755507 |   2)   0.126 us    |                              preempt_count_add();
   11.755508 |   2)   0.398 us    |                            }
   11.755508 |   2)   0.127 us    |                            workingset_update_node();
   11.755508 |   2)   0.126 us    |                            mod_node_page_state();
   11.755508 |   2)               |                            _raw_spin_unlock_irq() {
   11.755508 |   2)   0.125 us    |                              preempt_count_sub();
   11.755509 |   2)   0.396 us    |                            }
   11.755509 |   2)   2.061 us    |                          }
   11.755509 |   2)               |                          folio_add_lru() {
   11.755509 |   2)               |                            __folio_batch_add_and_move() {
   11.755509 |   2)   0.124 us    |                              preempt_count_add();
   11.755510 |   2)   0.125 us    |                              preempt_count_sub();
   11.755510 |   2)   0.657 us    |                            }
   11.755510 |   2)   0.907 us    |                          }
   11.755510 |   2)   3.369 us    |                        }
   11.755510 |   2)               |                        filemap_alloc_folio_noprof() {
   11.755511 |   2)               |                          folio_alloc_noprof() {
   11.755511 |   2)               |                            alloc_pages_mpol() {
   11.755511 |   2)   0.125 us    |                              policy_nodemask();
   11.755511 |   2)               |                              __alloc_frozen_pages_noprof() {
   11.755511 |   2)               |                                get_page_from_freelist() {
   11.755511 |   2)   0.125 us    |                                  preempt_count_add();
   11.755512 |   2)               |                                  _raw_spin_trylock() {
   11.755512 |   2)   0.123 us    |                                    preempt_count_add();
   11.755512 |   2)   0.412 us    |                                  }
   11.755512 |   2)               |                                  _raw_spin_unlock() {
   11.755512 |   2)   0.123 us    |                                    preempt_count_sub();
   11.755513 |   2)   0.389 us    |                                  }
   11.755513 |   2)   0.125 us    |                                  preempt_count_sub();
   11.755513 |   2)   1.877 us    |                                }
   11.755513 |   2)   2.147 us    |                              }
   11.755513 |   2)   2.671 us    |                            }
   11.755514 |   2)   2.948 us    |                          }
   11.755514 |   2)   3.200 us    |                        }
   11.755514 |   2)               |                        filemap_add_folio() {
   11.755514 |   2)               |                          __filemap_add_folio() {
   11.755514 |   2)   0.124 us    |                            shmem_mapping();
   11.755514 |   2)               |                            _raw_spin_lock_irq() {
   11.755514 |   2)   0.125 us    |                              preempt_count_add();
   11.755515 |   2)   0.399 us    |                            }
   11.755515 |   2)   0.124 us    |                            workingset_update_node();
   11.755515 |   2)   0.125 us    |                            mod_node_page_state();
   11.755515 |   2)               |                            _raw_spin_unlock_irq() {
   11.755516 |   2)   0.126 us    |                              preempt_count_sub();
   11.755516 |   2)   0.398 us    |                            }
   11.755516 |   2)   2.040 us    |                          }
   11.755516 |   2)               |                          folio_add_lru() {
   11.755516 |   2)               |                            __folio_batch_add_and_move() {
   11.755516 |   2)   0.124 us    |                              preempt_count_add();
   11.755517 |   2)   0.125 us    |                              preempt_count_sub();
   11.755517 |   2)   0.662 us    |                            }
   11.755517 |   2)   0.913 us    |                          }
   11.755517 |   2)   3.354 us    |                        }
   11.755517 |   2)               |                        filemap_alloc_folio_noprof() {
   11.755518 |   2)               |                          folio_alloc_noprof() {
   11.755518 |   2)               |                            alloc_pages_mpol() {
   11.755518 |   2)   0.124 us    |                              policy_nodemask();
   11.755518 |   2)               |                              __alloc_frozen_pages_noprof() {
   11.755518 |   2)               |                                get_page_from_freelist() {
   11.755518 |   2)   0.125 us    |                                  preempt_count_add();
   11.755519 |   2)               |                                  _raw_spin_trylock() {
   11.755519 |   2)   0.122 us    |                                    preempt_count_add();
   11.755519 |   2)   0.388 us    |                                  }
   11.755519 |   2)               |                                  _raw_spin_unlock() {
   11.755519 |   2)   0.123 us    |                                    preempt_count_sub();
   11.755520 |   2)   0.387 us    |                                  }
   11.755520 |   2)   0.126 us    |                                  preempt_count_sub();
   11.755520 |   2)   1.748 us    |                                }
   11.755520 |   2)   2.020 us    |                              }
   11.755520 |   2)   2.547 us    |                            }
   11.755520 |   2)   2.803 us    |                          }
   11.755521 |   2)   3.053 us    |                        }
   11.755521 |   2)               |                        filemap_add_folio() {
   11.755521 |   2)               |                          __filemap_add_folio() {
   11.755521 |   2)   0.124 us    |                            shmem_mapping();
   11.755521 |   2)               |                            _raw_spin_lock_irq() {
   11.755521 |   2)   0.125 us    |                              preempt_count_add();
   11.755522 |   2)   0.396 us    |                            }
   11.755522 |   2)   0.123 us    |                            workingset_update_node();
   11.755522 |   2)   0.127 us    |                            mod_node_page_state();
   11.755522 |   2)               |                            _raw_spin_unlock_irq() {
   11.755522 |   2)   0.127 us    |                              preempt_count_sub();
   11.755523 |   2)   0.395 us    |                            }
   11.755523 |   2)   2.055 us    |                          }
   11.755523 |   2)               |                          folio_add_lru() {
   11.755523 |   2)               |                            __folio_batch_add_and_move() {
   11.755523 |   2)   0.125 us    |                              preempt_count_add();
   11.755524 |   2)   0.125 us    |                              preempt_count_sub();
   11.755524 |   2)   0.660 us    |                            }
   11.755524 |   2)   0.907 us    |                          }
   11.755524 |   2)   3.363 us    |                        }
   11.755524 |   2)               |                        filemap_alloc_folio_noprof() {
   11.755525 |   2)               |                          folio_alloc_noprof() {
   11.755525 |   2)               |                            alloc_pages_mpol() {
   11.755525 |   2)   0.123 us    |                              policy_nodemask();
   11.755525 |   2)               |                              __alloc_frozen_pages_noprof() {
   11.755525 |   2)               |                                get_page_from_freelist() {
   11.755525 |   2)   0.124 us    |                                  preempt_count_add();
   11.755526 |   2)               |                                  _raw_spin_trylock() {
   11.755526 |   2)   0.124 us    |                                    preempt_count_add();
   11.755526 |   2)   0.388 us    |                                  }
   11.755526 |   2)               |                                  _raw_spin_unlock() {
   11.755526 |   2)   0.122 us    |                                    preempt_count_sub();
   11.755526 |   2)   0.386 us    |                                  }
   11.755527 |   2)   0.126 us    |                                  preempt_count_sub();
   11.755527 |   2)   1.730 us    |                                }
   11.755527 |   2)   2.068 us    |                              }
   11.755527 |   2)   2.593 us    |                            }
   11.755527 |   2)   2.846 us    |                          }
   11.755528 |   2)   3.095 us    |                        }
   11.755528 |   2)               |                        filemap_add_folio() {
   11.755528 |   2)               |                          __filemap_add_folio() {
   11.755528 |   2)   0.125 us    |                            shmem_mapping();
   11.755528 |   2)               |                            _raw_spin_lock_irq() {
   11.755528 |   2)   0.124 us    |                              preempt_count_add();
   11.755529 |   2)   0.396 us    |                            }
   11.755529 |   2)   0.124 us    |                            workingset_update_node();
   11.755529 |   2)   0.124 us    |                            mod_node_page_state();
   11.755529 |   2)               |                            _raw_spin_unlock_irq() {
   11.755529 |   2)   0.125 us    |                              preempt_count_sub();
   11.755530 |   2)   0.397 us    |                            }
   11.755530 |   2)   2.028 us    |                          }
   11.755530 |   2)               |                          folio_add_lru() {
   11.755530 |   2)               |                            __folio_batch_add_and_move() {
   11.755530 |   2)   0.125 us    |                              preempt_count_add();
   11.755530 |   2)   0.127 us    |                              preempt_count_sub();
   11.755531 |   2)   0.663 us    |                            }
   11.755531 |   2)   0.911 us    |                          }
   11.755531 |   2)   3.363 us    |                        }
   11.755531 |   2)               |                        filemap_alloc_folio_noprof() {
   11.755531 |   2)               |                          folio_alloc_noprof() {
   11.755532 |   2)               |                            alloc_pages_mpol() {
   11.755532 |   2)   0.124 us    |                              policy_nodemask();
   11.755532 |   2)               |                              __alloc_frozen_pages_noprof() {
   11.755532 |   2)               |                                get_page_from_freelist() {
   11.755532 |   2)   0.124 us    |                                  preempt_count_add();
   11.755533 |   2)               |                                  _raw_spin_trylock() {
   11.755533 |   2)   0.123 us    |                                    preempt_count_add();
   11.755533 |   2)   0.386 us    |                                  }
   11.755533 |   2)               |                                  _raw_spin_unlock() {
   11.755533 |   2)   0.122 us    |                                    preempt_count_sub();
   11.755533 |   2)   0.421 us    |                                  }
   11.755534 |   2)   0.126 us    |                                  preempt_count_sub();
   11.755534 |   2)   1.755 us    |                                }
   11.755534 |   2)   2.020 us    |                              }
   11.755534 |   2)   2.544 us    |                            }
   11.755534 |   2)   2.798 us    |                          }
   11.755534 |   2)   3.045 us    |                        }
   11.755535 |   2)               |                        filemap_add_folio() {
   11.755535 |   2)               |                          __filemap_add_folio() {
   11.755535 |   2)   0.125 us    |                            shmem_mapping();
   11.755535 |   2)               |                            _raw_spin_lock_irq() {
   11.755535 |   2)   0.127 us    |                              preempt_count_add();
   11.755536 |   2)   0.416 us    |                            }
   11.755536 |   2)   0.143 us    |                            workingset_update_node();
   11.755536 |   2)   0.126 us    |                            mod_node_page_state();
   11.755536 |   2)               |                            _raw_spin_unlock_irq() {
   11.755536 |   2)   0.126 us    |                              preempt_count_sub();
   11.755537 |   2)   0.397 us    |                            }
   11.755537 |   2)   2.119 us    |                          }
   11.755537 |   2)               |                          folio_add_lru() {
   11.755537 |   2)               |                            __folio_batch_add_and_move() {
   11.755537 |   2)   0.125 us    |                              preempt_count_add();
   11.755537 |   2)   0.125 us    |                              preempt_count_sub();
   11.755538 |   2)   0.693 us    |                            }
   11.755538 |   2)   0.944 us    |                          }
   11.755538 |   2)   3.460 us    |                        }
   11.755538 |   2)               |                        read_pages() {
   11.755538 |   2)   0.124 us    |                          blk_start_plug();
   11.755539 |   2)               |                          z_erofs_readahead() {
   11.755539 |   2)   0.173 us    |                            erofs_real_inode();
   11.755539 |   2)               |                            z_erofs_pcluster_readmore() {
   11.755539 |   2)               |                              z_erofs_map_blocks_iter() {
   11.755539 |   2)               |                                z_erofs_map_blocks_fo() {
   11.755540 |   2)               |                                  z_erofs_load_lcluster_from_disk() {
   11.755540 |   2)               |                                    erofs_read_metabuf() {
   11.755540 |   2)               |                                      erofs_bread() {
   11.755540 |   2)               |                                        read_cache_folio() {
   11.755540 |   2)               |                                          do_read_cache_folio() {
   11.755540 |   2)               |                                            __filemap_get_folio_mpol() {
   11.755540 |   2)   0.350 us    |                                              filemap_get_entry();
   11.755541 |   2)   0.620 us    |                                            }
   11.755541 |   2)   0.137 us    |                                            folio_mark_accessed();
   11.755541 |   2)   1.171 us    |                                          }
   11.755542 |   2)   1.425 us    |                                        }
   11.755542 |   2)   1.785 us    |                                      }
   11.755542 |   2)   2.043 us    |                                    }
   11.755542 |   2)   2.531 us    |                                  }
   11.755542 |   2)               |                                  z_erofs_load_lcluster_from_disk() {
   11.755542 |   2)               |                                    erofs_read_metabuf() {
   11.755542 |   2)   0.129 us    |                                      erofs_bread();
   11.755543 |   2)   0.386 us    |                                    }
   11.755543 |   2)   0.724 us    |                                  }
   11.755543 |   2)   0.124 us    |                                  erofs_unmap_metabuf();
   11.755543 |   2)   4.032 us    |                                }
   11.755544 |   2)   4.342 us    |                              }
   11.755544 |   2)   0.121 us    |                              readahead_expand();
   11.755544 |   2)   4.893 us    |                            }
   11.755556 |   2)               |                            z_erofs_scan_folio() {
   11.755556 |   2)   0.137 us    |                              erofs_onlinefolio_init();
   11.755557 |   2)               |                              _raw_spin_lock() {
   11.755557 |   2)   0.148 us    |                                preempt_count_add();
   11.755557 |   2)   0.414 us    |                              }
   11.755558 |   2)               |                              _raw_spin_unlock() {
   11.755558 |   2)   0.147 us    |                                preempt_count_sub();
   11.755558 |   2)   0.414 us    |                              }
   11.755558 |   2)               |                              _raw_spin_lock() {
   11.755558 |   2)   0.127 us    |                                preempt_count_add();
   11.755559 |   2)   0.392 us    |                              }
   11.755559 |   2)               |                              _raw_spin_unlock() {
   11.755559 |   2)   0.144 us    |                                preempt_count_sub();
   11.755559 |   2)   0.408 us    |                              }
   11.755559 |   2)   0.131 us    |                              erofs_onlinefolio_split();
   11.755560 |   2)   0.139 us    |                              erofs_onlinefolio_end();
   11.755560 |   2)   3.825 us    |                            }
   11.755560 |   2)               |                            z_erofs_scan_folio() {
   11.755560 |   2)   0.126 us    |                              erofs_onlinefolio_init();
   11.755561 |   2)               |                              _raw_spin_lock() {
   11.755561 |   2)   0.128 us    |                                preempt_count_add();
   11.755561 |   2)   0.394 us    |                              }
   11.755561 |   2)               |                              _raw_spin_unlock() {
   11.755561 |   2)   0.139 us    |                                preempt_count_sub();
   11.755562 |   2)   0.404 us    |                              }
   11.755562 |   2)   0.130 us    |                              erofs_onlinefolio_split();
   11.755562 |   2)   0.139 us    |                              erofs_onlinefolio_end();
   11.755562 |   2)   2.108 us    |                            }
   11.755562 |   2)               |                            z_erofs_scan_folio() {
   11.755563 |   2)   0.125 us    |                              erofs_onlinefolio_init();
   11.755563 |   2)               |                              _raw_spin_lock() {
   11.755563 |   2)   0.124 us    |                                preempt_count_add();
   11.755563 |   2)   0.390 us    |                              }
   11.755563 |   2)               |                              _raw_spin_unlock() {
   11.755563 |   2)   0.140 us    |                                preempt_count_sub();
   11.755564 |   2)   0.405 us    |                              }
   11.755564 |   2)               |                              __erofs_allocpage() {
   11.755564 |   2)               |                                alloc_pages_noprof() {
   11.755564 |   2)               |                                  alloc_pages_mpol() {
   11.755564 |   2)   0.125 us    |                                    policy_nodemask();
   11.755565 |   2)               |                                    __alloc_frozen_pages_noprof() {
   11.755565 |   2)               |                                      get_page_from_freelist() {
   11.755565 |   2)   0.128 us    |                                        preempt_count_add();
   11.755565 |   2)               |                                        _raw_spin_trylock() {
   11.755565 |   2)   0.124 us    |                                          preempt_count_add();
   11.755565 |   2)   0.388 us    |                                        }
   11.755566 |   2)               |                                        _raw_spin_unlock() {
   11.755566 |   2)   0.131 us    |                                          preempt_count_sub();
   11.755566 |   2)   0.394 us    |                                        }
   11.755566 |   2)   0.126 us    |                                        preempt_count_sub();
   11.755566 |   2)   1.744 us    |                                      }
   11.755567 |   2)   2.036 us    |                                    }
   11.755567 |   2)   2.562 us    |                                  }
   11.755567 |   2)   2.816 us    |                                }
   11.755567 |   2)   3.077 us    |                              }
   11.755567 |   2)   0.129 us    |                              z_erofs_bvset_flip();
   11.755567 |   2)   0.130 us    |                              erofs_onlinefolio_split();
   11.755568 |   2)   0.134 us    |                              erofs_onlinefolio_end();
   11.755568 |   2)   5.605 us    |                            }
   11.755568 |   2)               |                            z_erofs_scan_folio() {
   11.755568 |   2)   0.216 us    |                              erofs_onlinefolio_init();
   11.755569 |   2)               |                              _raw_spin_lock() {
   11.755569 |   2)   0.128 us    |                                preempt_count_add();
   11.755569 |   2)   0.393 us    |                              }
   11.755569 |   2)               |                              _raw_spin_unlock() {
   11.755569 |   2)   0.140 us    |                                preempt_count_sub();
   11.755570 |   2)   0.410 us    |                              }
   11.755570 |   2)   0.131 us    |                              erofs_onlinefolio_split();
   11.755570 |   2)   0.131 us    |                              erofs_onlinefolio_end();
   11.755570 |   2)   2.157 us    |                            }
   11.755570 |   2)               |                            z_erofs_scan_folio() {
   11.755571 |   2)   0.139 us    |                              erofs_onlinefolio_init();
   11.755571 |   2)               |                              _raw_spin_lock() {
   11.755571 |   2)   0.125 us    |                                preempt_count_add();
   11.755571 |   2)   0.393 us    |                              }
   11.755571 |   2)               |                              _raw_spin_unlock() {
   11.755572 |   2)   0.128 us    |                                preempt_count_sub();
   11.755572 |   2)   0.396 us    |                              }
   11.755572 |   2)   0.130 us    |                              erofs_onlinefolio_split();
   11.755572 |   2)   0.132 us    |                              erofs_onlinefolio_end();
   11.755572 |   2)   2.058 us    |                            }
   11.755573 |   2)               |                            z_erofs_scan_folio() {
   11.755573 |   2)   0.126 us    |                              erofs_onlinefolio_init();
   11.755573 |   2)               |                              _raw_spin_lock() {
   11.755573 |   2)   0.128 us    |                                preempt_count_add();
   11.755573 |   2)   0.395 us    |                              }
   11.755574 |   2)               |                              _raw_spin_unlock() {
   11.755574 |   2)   0.127 us    |                                preempt_count_sub();
   11.755574 |   2)   0.396 us    |                              }
   11.755574 |   2)   0.131 us    |                              erofs_onlinefolio_split();
   11.755574 |   2)   0.130 us    |                              erofs_onlinefolio_end();
   11.755575 |   2)   2.060 us    |                            }
   11.755575 |   2)               |                            z_erofs_scan_folio() {
   11.755575 |   2)   0.126 us    |                              erofs_onlinefolio_init();
   11.755575 |   2)               |                              _raw_spin_lock() {
   11.755575 |   2)   0.128 us    |                                preempt_count_add();
   11.755576 |   2)   0.394 us    |                              }
   11.755576 |   2)               |                              _raw_spin_unlock() {
   11.755576 |   2)   0.128 us    |                                preempt_count_sub();
   11.755576 |   2)   0.399 us    |                              }
   11.755576 |   2)   0.131 us    |                              erofs_onlinefolio_split();
   11.755577 |   2)   0.133 us    |                              erofs_onlinefolio_end();
   11.755577 |   2)   2.080 us    |                            }
   11.755577 |   2)               |                            z_erofs_scan_folio() {
   11.755577 |   2)   0.123 us    |                              erofs_onlinefolio_init();
   11.755577 |   2)               |                              _raw_spin_lock() {
   11.755578 |   2)   0.129 us    |                                preempt_count_add();
   11.755578 |   2)   0.396 us    |                              }
   11.755578 |   2)               |                              _raw_spin_unlock() {
   11.755578 |   2)   0.130 us    |                                preempt_count_sub();
   11.755578 |   2)   0.396 us    |                              }
   11.755579 |   2)   0.129 us    |                              erofs_onlinefolio_split();
   11.755579 |   2)   0.132 us    |                              erofs_onlinefolio_end();
   11.755579 |   2)   2.048 us    |                            }
   11.755579 |   2)               |                            z_erofs_scan_folio() {
   11.755579 |   2)   0.126 us    |                              erofs_onlinefolio_init();
   11.755580 |   2)               |                              _raw_spin_lock() {
   11.755580 |   2)   0.127 us    |                                preempt_count_add();
   11.755580 |   2)   0.395 us    |                              }
   11.755580 |   2)               |                              _raw_spin_unlock() {
   11.755580 |   2)   0.128 us    |                                preempt_count_sub();
   11.755581 |   2)   0.393 us    |                              }
   11.755581 |   2)   0.132 us    |                              erofs_onlinefolio_split();
   11.755581 |   2)   0.132 us    |                              erofs_onlinefolio_end();
   11.755581 |   2)   2.030 us    |                            }
   11.755581 |   2)               |                            z_erofs_scan_folio() {
   11.755582 |   2)   0.125 us    |                              erofs_onlinefolio_init();
   11.755582 |   2)               |                              _raw_spin_lock() {
   11.755582 |   2)   0.127 us    |                                preempt_count_add();
   11.755582 |   2)   0.393 us    |                              }
   11.755582 |   2)               |                              _raw_spin_unlock() {
   11.755583 |   2)   0.141 us    |                                preempt_count_sub();
   11.755583 |   2)   0.476 us    |                              }
   11.755583 |   2)   0.132 us    |                              erofs_onlinefolio_split();
   11.755583 |   2)   0.132 us    |                              erofs_onlinefolio_end();
   11.755584 |   2)   2.111 us    |                            }
   11.755584 |   2)               |                            z_erofs_scan_folio() {
   11.755584 |   2)   0.124 us    |                              erofs_onlinefolio_init();
   11.755584 |   2)               |                              _raw_spin_lock() {
   11.755584 |   2)   0.128 us    |                                preempt_count_add();
   11.755584 |   2)   0.395 us    |                              }
   11.755585 |   2)               |                              _raw_spin_unlock() {
   11.755585 |   2)   0.130 us    |                                preempt_count_sub();
   11.755585 |   2)   0.409 us    |                              }
   11.755585 |   2)   0.131 us    |                              erofs_onlinefolio_split();
   11.755585 |   2)   0.131 us    |                              erofs_onlinefolio_end();
   11.755586 |   2)   2.107 us    |                            }
   11.755586 |   2)               |                            z_erofs_scan_folio() {
   11.755586 |   2)   0.128 us    |                              erofs_onlinefolio_init();
   11.755586 |   2)               |                              _raw_spin_lock() {
   11.755586 |   2)   0.127 us    |                                preempt_count_add();
   11.755587 |   2)   0.394 us    |                              }
   11.755587 |   2)               |                              _raw_spin_unlock() {
   11.755587 |   2)   0.125 us    |                                preempt_count_sub();
   11.755587 |   2)   0.387 us    |                              }
   11.755587 |   2)   0.130 us    |                              erofs_onlinefolio_split();
   11.755588 |   2)   0.132 us    |                              erofs_onlinefolio_end();
   11.755588 |   2)   2.044 us    |                            }
   11.755588 |   2)               |                            z_erofs_scan_folio() {
   11.755588 |   2)   0.125 us    |                              erofs_onlinefolio_init();
   11.755588 |   2)               |                              _raw_spin_lock() {
   11.755589 |   2)   0.129 us    |                                preempt_count_add();
   11.755589 |   2)   0.396 us    |                              }
   11.755589 |   2)               |                              _raw_spin_unlock() {
   11.755589 |   2)   0.129 us    |                                preempt_count_sub();
   11.755589 |   2)   0.391 us    |                              }
   11.755590 |   2)   0.132 us    |                              erofs_onlinefolio_split();
   11.755590 |   2)   0.133 us    |                              erofs_onlinefolio_end();
   11.755590 |   2)   2.026 us    |                            }
   11.755590 |   2)               |                            z_erofs_scan_folio() {
   11.755590 |   2)   0.125 us    |                              erofs_onlinefolio_init();
   11.755591 |   2)               |                              _raw_spin_lock() {
   11.755591 |   2)   0.127 us    |                                preempt_count_add();
   11.755591 |   2)   0.391 us    |                              }
   11.755591 |   2)               |                              _raw_spin_unlock() {
   11.755591 |   2)   0.129 us    |                                preempt_count_sub();
   11.755592 |   2)   0.392 us    |                              }
   11.755592 |   2)   0.128 us    |                              erofs_onlinefolio_split();
   11.755592 |   2)   0.135 us    |                              erofs_onlinefolio_end();
   11.755592 |   2)   2.062 us    |                            }
   11.755592 |   2)               |                            z_erofs_scan_folio() {
   11.755593 |   2)   0.126 us    |                              erofs_onlinefolio_init();
   11.755593 |   2)               |                              _raw_spin_lock() {
   11.755593 |   2)   0.125 us    |                                preempt_count_add();
   11.755593 |   2)   0.423 us    |                              }
   11.755593 |   2)               |                              _raw_spin_unlock() {
   11.755594 |   2)   0.128 us    |                                preempt_count_sub();
   11.755594 |   2)   0.391 us    |                              }
   11.755594 |   2)   0.129 us    |                              erofs_onlinefolio_split();
   11.755594 |   2)   0.131 us    |                              erofs_onlinefolio_end();
   11.755594 |   2)   2.047 us    |                            }
   11.755595 |   2)               |                            z_erofs_scan_folio() {
   11.755595 |   2)   0.125 us    |                              erofs_onlinefolio_init();
   11.755595 |   2)               |                              _raw_spin_lock() {
   11.755595 |   2)   0.126 us    |                                preempt_count_add();
   11.755595 |   2)   0.391 us    |                              }
   11.755596 |   2)               |                              _raw_spin_unlock() {
   11.755596 |   2)   0.126 us    |                                preempt_count_sub();
   11.755596 |   2)   0.393 us    |                              }
   11.755596 |   2)   0.131 us    |                              erofs_onlinefolio_split();
   11.755596 |   2)   0.205 us    |                              erofs_onlinefolio_end();
   11.755597 |   2)   2.113 us    |                            }
   11.755597 |   2)               |                            z_erofs_scan_folio() {
   11.755597 |   2)   0.126 us    |                              erofs_onlinefolio_init();
   11.755597 |   2)               |                              _raw_spin_lock() {
   11.755597 |   2)   0.127 us    |                                preempt_count_add();
   11.755598 |   2)   0.394 us    |                              }
   11.755598 |   2)               |                              _raw_spin_unlock() {
   11.755598 |   2)   0.127 us    |                                preempt_count_sub();
   11.755598 |   2)   0.390 us    |                              }
   11.755598 |   2)   0.127 us    |                              erofs_onlinefolio_split();
   11.755599 |   2)   0.144 us    |                              erofs_onlinefolio_end();
   11.755599 |   2)   2.052 us    |                            }
   11.755599 |   2)               |                            z_erofs_scan_folio() {
   11.755599 |   2)   0.126 us    |                              erofs_onlinefolio_init();
   11.755599 |   2)               |                              _raw_spin_lock() {
   11.755600 |   2)   0.127 us    |                                preempt_count_add();
   11.755600 |   2)   0.395 us    |                              }
   11.755600 |   2)               |                              _raw_spin_unlock() {
   11.755600 |   2)   0.128 us    |                                preempt_count_sub();
   11.755600 |   2)   0.393 us    |                              }
   11.755601 |   2)   0.132 us    |                              erofs_onlinefolio_split();
   11.755601 |   2)   0.131 us    |                              erofs_onlinefolio_end();
   11.755601 |   2)   2.069 us    |                            }
   11.755601 |   2)               |                            z_erofs_scan_folio() {
   11.755601 |   2)   0.124 us    |                              erofs_onlinefolio_init();
   11.755602 |   2)               |                              _raw_spin_lock() {
   11.755602 |   2)   0.125 us    |                                preempt_count_add();
   11.755602 |   2)   0.392 us    |                              }
   11.755602 |   2)               |                              _raw_spin_unlock() {
   11.755602 |   2)   0.127 us    |                                preempt_count_sub();
   11.755603 |   2)   0.393 us    |                              }
   11.755603 |   2)   0.128 us    |                              erofs_onlinefolio_split();
   11.755603 |   2)   0.130 us    |                              erofs_onlinefolio_end();
   11.755603 |   2)   2.015 us    |                            }
   11.755603 |   2)               |                            z_erofs_scan_folio() {
   11.755604 |   2)   0.125 us    |                              erofs_onlinefolio_init();
   11.755604 |   2)               |                              _raw_spin_lock() {
   11.755604 |   2)   0.128 us    |                                preempt_count_add();
   11.755604 |   2)   0.393 us    |                              }
   11.755604 |   2)               |                              _raw_spin_unlock() {
   11.755604 |   2)   0.129 us    |                                preempt_count_sub();
   11.755605 |   2)   0.394 us    |                              }
   11.755605 |   2)   0.132 us    |                              erofs_onlinefolio_split();
   11.755605 |   2)   0.132 us    |                              erofs_onlinefolio_end();
   11.755605 |   2)   2.041 us    |                            }
   11.755606 |   2)               |                            z_erofs_scan_folio() {
   11.755606 |   2)   0.124 us    |                              erofs_onlinefolio_init();
   11.755606 |   2)               |                              _raw_spin_lock() {
   11.755606 |   2)   0.128 us    |                                preempt_count_add();
   11.755606 |   2)   0.396 us    |                              }
   11.755607 |   2)               |                              _raw_spin_unlock() {
   11.755607 |   2)   0.128 us    |                                preempt_count_sub();
   11.755607 |   2)   0.393 us    |                              }
   11.755607 |   2)   0.131 us    |                              erofs_onlinefolio_split();
   11.755607 |   2)   0.133 us    |                              erofs_onlinefolio_end();
   11.755608 |   2)   2.072 us    |                            }
   11.755608 |   2)               |                            z_erofs_scan_folio() {
   11.755608 |   2)   0.123 us    |                              erofs_onlinefolio_init();
   11.755608 |   2)               |                              _raw_spin_lock() {
   11.755608 |   2)   0.126 us    |                                preempt_count_add();
   11.755609 |   2)   0.395 us    |                              }
   11.755609 |   2)               |                              _raw_spin_unlock() {
   11.755609 |   2)   0.128 us    |                                preempt_count_sub();
   11.755609 |   2)   0.394 us    |                              }
   11.755609 |   2)   0.129 us    |                              erofs_onlinefolio_split();
   11.755610 |   2)   0.131 us    |                              erofs_onlinefolio_end();
   11.755610 |   2)   2.025 us    |                            }
   11.755610 |   2)               |                            z_erofs_scan_folio() {
   11.755610 |   2)   0.125 us    |                              erofs_onlinefolio_init();
   11.755610 |   2)               |                              _raw_spin_lock() {
   11.755611 |   2)   0.127 us    |                                preempt_count_add();
   11.755611 |   2)   0.473 us    |                              }
   11.755611 |   2)               |                              _raw_spin_unlock() {
   11.755611 |   2)   0.128 us    |                                preempt_count_sub();
   11.755611 |   2)   0.395 us    |                              }
   11.755612 |   2)   0.131 us    |                              erofs_onlinefolio_split();
   11.755612 |   2)   0.134 us    |                              erofs_onlinefolio_end();
   11.755612 |   2)   2.123 us    |                            }
   11.755612 |   2)               |                            z_erofs_scan_folio() {
   11.755612 |   2)   0.125 us    |                              erofs_onlinefolio_init();
   11.755613 |   2)               |                              _raw_spin_lock() {
   11.755613 |   2)   0.128 us    |                                preempt_count_add();
   11.755613 |   2)   0.409 us    |                              }
   11.755613 |   2)               |                              _raw_spin_unlock() {
   11.755613 |   2)   0.127 us    |                                preempt_count_sub();
   11.755614 |   2)   0.393 us    |                              }
   11.755614 |   2)   0.129 us    |                              erofs_onlinefolio_split();
   11.755614 |   2)   0.131 us    |                              erofs_onlinefolio_end();
   11.755614 |   2)   2.012 us    |                            }
   11.755614 |   2)               |                            z_erofs_scan_folio() {
   11.755615 |   2)   0.125 us    |                              erofs_onlinefolio_init();
   11.755615 |   2)               |                              _raw_spin_lock() {
   11.755615 |   2)   0.128 us    |                                preempt_count_add();
   11.755615 |   2)   0.393 us    |                              }
   11.755615 |   2)               |                              _raw_spin_unlock() {
   11.755615 |   2)   0.130 us    |                                preempt_count_sub();
   11.755616 |   2)   0.394 us    |                              }
   11.755616 |   2)   0.132 us    |                              erofs_onlinefolio_split();
   11.755616 |   2)   0.131 us    |                              erofs_onlinefolio_end();
   11.755616 |   2)   2.049 us    |                            }
   11.755617 |   2)               |                            z_erofs_scan_folio() {
   11.755617 |   2)   0.127 us    |                              erofs_onlinefolio_init();
   11.755617 |   2)               |                              _raw_spin_lock() {
   11.755617 |   2)   0.127 us    |                                preempt_count_add();
   11.755617 |   2)   0.394 us    |                              }
   11.755618 |   2)               |                              _raw_spin_unlock() {
   11.755618 |   2)   0.127 us    |                                preempt_count_sub();
   11.755618 |   2)   0.391 us    |                              }
   11.755618 |   2)   0.128 us    |                              erofs_onlinefolio_split();
   11.755618 |   2)   0.133 us    |                              erofs_onlinefolio_end();
   11.755619 |   2)   2.046 us    |                            }
   11.755619 |   2)               |                            z_erofs_scan_folio() {
   11.755619 |   2)   0.126 us    |                              erofs_onlinefolio_init();
   11.755619 |   2)               |                              _raw_spin_lock() {
   11.755619 |   2)   0.127 us    |                                preempt_count_add();
   11.755620 |   2)   0.394 us    |                              }
   11.755620 |   2)               |                              _raw_spin_unlock() {
   11.755620 |   2)   0.126 us    |                                preempt_count_sub();
   11.755620 |   2)   0.390 us    |                              }
   11.755620 |   2)   0.131 us    |                              erofs_onlinefolio_split();
   11.755621 |   2)   0.131 us    |                              erofs_onlinefolio_end();
   11.755621 |   2)   2.042 us    |                            }
   11.755621 |   2)               |                            z_erofs_scan_folio() {
   11.755621 |   2)   0.126 us    |                              erofs_onlinefolio_init();
   11.755621 |   2)               |                              _raw_spin_lock() {
   11.755621 |   2)   0.125 us    |                                preempt_count_add();
   11.755622 |   2)   0.393 us    |                              }
   11.755622 |   2)               |                              _raw_spin_unlock() {
   11.755622 |   2)   0.126 us    |                                preempt_count_sub();
   11.755622 |   2)   0.389 us    |                              }
   11.755622 |   2)   0.127 us    |                              erofs_onlinefolio_split();
   11.755623 |   2)   0.131 us    |                              erofs_onlinefolio_end();
   11.755623 |   2)   2.042 us    |                            }
   11.755623 |   2)               |                            z_erofs_scan_folio() {
   11.755623 |   2)   0.123 us    |                              erofs_onlinefolio_init();
   11.755624 |   2)               |                              _raw_spin_lock() {
   11.755624 |   2)   0.127 us    |                                preempt_count_add();
   11.755624 |   2)   0.395 us    |                              }
   11.755624 |   2)               |                              _raw_spin_unlock() {
   11.755624 |   2)   0.128 us    |                                preempt_count_sub();
   11.755625 |   2)   0.463 us    |                              }
   11.755625 |   2)   0.131 us    |                              erofs_onlinefolio_split();
   11.755625 |   2)   0.131 us    |                              erofs_onlinefolio_end();
   11.755625 |   2)   2.116 us    |                            }
   11.755625 |   2)               |                            z_erofs_scan_folio() {
   11.755626 |   2)   0.126 us    |                              erofs_onlinefolio_init();
   11.755626 |   2)               |                              _raw_spin_lock() {
   11.755626 |   2)   0.127 us    |                                preempt_count_add();
   11.755626 |   2)   0.392 us    |                              }
   11.755626 |   2)               |                              _raw_spin_unlock() {
   11.755626 |   2)   0.125 us    |                                preempt_count_sub();
   11.755627 |   2)   0.400 us    |                              }
   11.755627 |   2)   0.131 us    |                              erofs_onlinefolio_split();
   11.755627 |   2)   0.130 us    |                              erofs_onlinefolio_end();
   11.755627 |   2)   2.061 us    |                            }
   11.755628 |   2)               |                            z_erofs_scan_folio() {
   11.755628 |   2)   0.125 us    |                              erofs_onlinefolio_init();
   11.755628 |   2)               |                              _raw_spin_lock() {
   11.755628 |   2)   0.127 us    |                                preempt_count_add();
   11.755628 |   2)   0.395 us    |                              }
   11.755629 |   2)               |                              _raw_spin_unlock() {
   11.755629 |   2)   0.128 us    |                                preempt_count_sub();
   11.755629 |   2)   0.390 us    |                              }
   11.755629 |   2)   0.130 us    |                              erofs_onlinefolio_split();
   11.755629 |   2)   0.131 us    |                              erofs_onlinefolio_end();
   11.755630 |   2)   2.038 us    |                            }
   11.755630 |   2)               |                            z_erofs_scan_folio() {
   11.755630 |   2)   0.125 us    |                              erofs_onlinefolio_init();
   11.755630 |   2)               |                              _raw_spin_lock() {
   11.755630 |   2)   0.126 us    |                                preempt_count_add();
   11.755631 |   2)   0.391 us    |                              }
   11.755631 |   2)               |                              _raw_spin_unlock() {
   11.755631 |   2)   0.128 us    |                                preempt_count_sub();
   11.755631 |   2)   0.391 us    |                              }
   11.755631 |   2)   0.130 us    |                              erofs_onlinefolio_split();
   11.755631 |   2)   0.131 us    |                              erofs_onlinefolio_end();
   11.755632 |   2)   2.008 us    |                            }
   11.755632 |   2)               |                            z_erofs_scan_folio() {
   11.755632 |   2)   0.124 us    |                              erofs_onlinefolio_init();
   11.755632 |   2)               |                              _raw_spin_lock() {
   11.755632 |   2)   0.127 us    |                                preempt_count_add();
   11.755633 |   2)   0.392 us    |                              }
   11.755633 |   2)               |                              _raw_spin_unlock() {
   11.755633 |   2)   0.128 us    |                                preempt_count_sub();
   11.755633 |   2)   0.389 us    |                              }
   11.755633 |   2)   0.131 us    |                              erofs_onlinefolio_split();
   11.755634 |   2)   0.131 us    |                              erofs_onlinefolio_end();
   11.755634 |   2)   2.033 us    |                            }
   11.755634 |   2)               |                            z_erofs_scan_folio() {
   11.755634 |   2)   0.124 us    |                              erofs_onlinefolio_init();
   11.755634 |   2)               |                              _raw_spin_lock() {
   11.755635 |   2)   0.127 us    |                                preempt_count_add();
   11.755635 |   2)   0.395 us    |                              }
   11.755635 |   2)               |                              _raw_spin_unlock() {
   11.755635 |   2)   0.125 us    |                                preempt_count_sub();
   11.755635 |   2)   0.388 us    |                              }
   11.755636 |   2)   0.128 us    |                              erofs_onlinefolio_split();
   11.755636 |   2)   0.133 us    |                              erofs_onlinefolio_end();
   11.755636 |   2)   2.037 us    |                            }
   11.755636 |   2)               |                            z_erofs_scan_folio() {
   11.755636 |   2)   0.125 us    |                              erofs_onlinefolio_init();
   11.755637 |   2)               |                              _raw_spin_lock() {
   11.755637 |   2)   0.129 us    |                                preempt_count_add();
   11.755637 |   2)   0.395 us    |                              }
   11.755637 |   2)               |                              _raw_spin_unlock() {
   11.755637 |   2)   0.127 us    |                                preempt_count_sub();
   11.755638 |   2)   0.390 us    |                              }
   11.755638 |   2)   0.129 us    |                              erofs_onlinefolio_split();
   11.755638 |   2)   0.132 us    |                              erofs_onlinefolio_end();
   11.755638 |   2)   2.109 us    |                            }
   11.755638 |   2)               |                            z_erofs_scan_folio() {
   11.755639 |   2)   0.126 us    |                              erofs_onlinefolio_init();
   11.755639 |   2)               |                              _raw_spin_lock() {
   11.755639 |   2)   0.127 us    |                                preempt_count_add();
   11.755639 |   2)   0.395 us    |                              }
   11.755639 |   2)               |                              _raw_spin_unlock() {
   11.755640 |   2)   0.127 us    |                                preempt_count_sub();
   11.755640 |   2)   0.393 us    |                              }
   11.755640 |   2)   0.129 us    |                              erofs_onlinefolio_split();
   11.755640 |   2)   0.131 us    |                              erofs_onlinefolio_end();
   11.755641 |   2)   2.058 us    |                            }
   11.755641 |   2)               |                            z_erofs_scan_folio() {
   11.755641 |   2)   0.126 us    |                              erofs_onlinefolio_init();
   11.755641 |   2)               |                              _raw_spin_lock() {
   11.755641 |   2)   0.125 us    |                                preempt_count_add();
   11.755641 |   2)   0.392 us    |                              }
   11.755642 |   2)               |                              _raw_spin_unlock() {
   11.755642 |   2)   0.128 us    |                                preempt_count_sub();
   11.755642 |   2)   0.394 us    |                              }
   11.755642 |   2)   0.131 us    |                              erofs_onlinefolio_split();
   11.755642 |   2)   0.130 us    |                              erofs_onlinefolio_end();
   11.755643 |   2)   2.024 us    |                            }
   11.755643 |   2)               |                            z_erofs_scan_folio() {
   11.755643 |   2)   0.126 us    |                              erofs_onlinefolio_init();
   11.755643 |   2)               |                              _raw_spin_lock() {
   11.755643 |   2)   0.127 us    |                                preempt_count_add();
   11.755644 |   2)   0.396 us    |                              }
   11.755644 |   2)               |                              _raw_spin_unlock() {
   11.755644 |   2)   0.125 us    |                                preempt_count_sub();
   11.755644 |   2)   0.389 us    |                              }
   11.755644 |   2)   0.131 us    |                              erofs_onlinefolio_split();
   11.755645 |   2)   0.130 us    |                              erofs_onlinefolio_end();
   11.755645 |   2)   2.069 us    |                            }
   11.755645 |   2)               |                            z_erofs_scan_folio() {
   11.755645 |   2)   0.126 us    |                              erofs_onlinefolio_init();
   11.755645 |   2)               |                              _raw_spin_lock() {
   11.755646 |   2)   0.127 us    |                                preempt_count_add();
   11.755646 |   2)   0.394 us    |                              }
   11.755646 |   2)               |                              _raw_spin_unlock() {
   11.755646 |   2)   0.130 us    |                                preempt_count_sub();
   11.755646 |   2)   0.395 us    |                              }
   11.755647 |   2)   0.131 us    |                              erofs_onlinefolio_split();
   11.755647 |   2)   0.133 us    |                              erofs_onlinefolio_end();
   11.755647 |   2)   2.052 us    |                            }
   11.755647 |   2)               |                            z_erofs_scan_folio() {
   11.755647 |   2)   0.125 us    |                              erofs_onlinefolio_init();
   11.755648 |   2)               |                              _raw_spin_lock() {
   11.755648 |   2)   0.126 us    |                                preempt_count_add();
   11.755648 |   2)   0.390 us    |                              }
   11.755648 |   2)               |                              _raw_spin_unlock() {
   11.755648 |   2)   0.129 us    |                                preempt_count_sub();
   11.755649 |   2)   0.393 us    |                              }
   11.755649 |   2)   0.133 us    |                              erofs_onlinefolio_split();
   11.755649 |   2)   0.133 us    |                              erofs_onlinefolio_end();
   11.755649 |   2)   2.043 us    |                            }
   11.755649 |   2)               |                            z_erofs_scan_folio() {
   11.755650 |   2)   0.126 us    |                              erofs_onlinefolio_init();
   11.755650 |   2)               |                              _raw_spin_lock() {
   11.755650 |   2)   0.127 us    |                                preempt_count_add();
   11.755650 |   2)   0.397 us    |                              }
   11.755650 |   2)               |                              _raw_spin_unlock() {
   11.755650 |   2)   0.128 us    |                                preempt_count_sub();
   11.755651 |   2)   0.391 us    |                              }
   11.755651 |   2)   0.129 us    |                              erofs_onlinefolio_split();
   11.755651 |   2)   0.132 us    |                              erofs_onlinefolio_end();
   11.755651 |   2)   2.043 us    |                            }
   11.755652 |   2)               |                            z_erofs_scan_folio() {
   11.755652 |   2)   0.125 us    |                              erofs_onlinefolio_init();
   11.755652 |   2)               |                              _raw_spin_lock() {
   11.755652 |   2)   0.196 us    |                                preempt_count_add();
   11.755652 |   2)   0.466 us    |                              }
   11.755653 |   2)               |                              _raw_spin_unlock() {
   11.755653 |   2)   0.125 us    |                                preempt_count_sub();
   11.755653 |   2)   0.388 us    |                              }
   11.755653 |   2)   0.130 us    |                              erofs_onlinefolio_split();
   11.755653 |   2)   0.130 us    |                              erofs_onlinefolio_end();
   11.755654 |   2)   2.083 us    |                            }
   11.755654 |   2)               |                            z_erofs_scan_folio() {
   11.755654 |   2)   0.125 us    |                              erofs_onlinefolio_init();
   11.755654 |   2)               |                              _raw_spin_lock() {
   11.755654 |   2)   0.139 us    |                                preempt_count_add();
   11.755655 |   2)   0.405 us    |                              }
   11.755655 |   2)               |                              _raw_spin_unlock() {
   11.755655 |   2)   0.126 us    |                                preempt_count_sub();
   11.755655 |   2)   0.388 us    |                              }
   11.755655 |   2)   0.130 us    |                              erofs_onlinefolio_split();
   11.755656 |   2)   0.131 us    |                              erofs_onlinefolio_end();
   11.755656 |   2)   2.070 us    |                            }
   11.755656 |   2)               |                            z_erofs_scan_folio() {
   11.755656 |   2)   0.126 us    |                              erofs_onlinefolio_init();
   11.755656 |   2)               |                              _raw_spin_lock() {
   11.755657 |   2)   0.126 us    |                                preempt_count_add();
   11.755657 |   2)   0.396 us    |                              }
   11.755657 |   2)               |                              _raw_spin_unlock() {
   11.755657 |   2)   0.126 us    |                                preempt_count_sub();
   11.755657 |   2)   0.388 us    |                              }
   11.755658 |   2)   0.130 us    |                              erofs_onlinefolio_split();
   11.755658 |   2)   0.132 us    |                              erofs_onlinefolio_end();
   11.755658 |   2)   2.042 us    |                            }
   11.755658 |   2)               |                            z_erofs_scan_folio() {
   11.755658 |   2)   0.126 us    |                              erofs_onlinefolio_init();
   11.755659 |   2)               |                              _raw_spin_lock() {
   11.755659 |   2)   0.126 us    |                                preempt_count_add();
   11.755659 |   2)   0.392 us    |                              }
   11.755659 |   2)               |                              _raw_spin_unlock() {
   11.755659 |   2)   0.127 us    |                                preempt_count_sub();
   11.755660 |   2)   0.393 us    |                              }
   11.755660 |   2)   0.132 us    |                              erofs_onlinefolio_split();
   11.755660 |   2)   0.132 us    |                              erofs_onlinefolio_end();
   11.755660 |   2)   2.020 us    |                            }
   11.755660 |   2)               |                            z_erofs_scan_folio() {
   11.755660 |   2)   0.124 us    |                              erofs_onlinefolio_init();
   11.755661 |   2)               |                              _raw_spin_lock() {
   11.755661 |   2)   0.126 us    |                                preempt_count_add();
   11.755661 |   2)   0.391 us    |                              }
   11.755661 |   2)               |                              _raw_spin_unlock() {
   11.755661 |   2)   0.127 us    |                                preempt_count_sub();
   11.755662 |   2)   0.393 us    |                              }
   11.755662 |   2)   0.130 us    |                              erofs_onlinefolio_split();
   11.755662 |   2)   0.132 us    |                              erofs_onlinefolio_end();
   11.755662 |   2)   2.013 us    |                            }
   11.755663 |   2)               |                            z_erofs_scan_folio() {
   11.755663 |   2)   0.125 us    |                              erofs_onlinefolio_init();
   11.755663 |   2)               |                              _raw_spin_lock() {
   11.755663 |   2)   0.128 us    |                                preempt_count_add();
   11.755663 |   2)   0.395 us    |                              }
   11.755663 |   2)               |                              _raw_spin_unlock() {
   11.755664 |   2)   0.128 us    |                                preempt_count_sub();
   11.755664 |   2)   0.393 us    |                              }
   11.755664 |   2)   0.131 us    |                              erofs_onlinefolio_split();
   11.755664 |   2)   0.132 us    |                              erofs_onlinefolio_end();
   11.755665 |   2)   2.017 us    |                            }
   11.755665 |   2)               |                            z_erofs_scan_folio() {
   11.755665 |   2)   0.125 us    |                              erofs_onlinefolio_init();
   11.755665 |   2)               |                              _raw_spin_lock() {
   11.755665 |   2)   0.128 us    |                                preempt_count_add();
   11.755666 |   2)   0.394 us    |                              }
   11.755666 |   2)               |                              _raw_spin_unlock() {
   11.755666 |   2)   0.129 us    |                                preempt_count_sub();
   11.755666 |   2)   0.394 us    |                              }
   11.755666 |   2)   0.131 us    |                              erofs_onlinefolio_split();
   11.755667 |   2)   0.133 us    |                              erofs_onlinefolio_end();
   11.755667 |   2)   2.140 us    |                            }
   11.755667 |   2)               |                            z_erofs_scan_folio() {
   11.755667 |   2)   0.125 us    |                              erofs_onlinefolio_init();
   11.755667 |   2)               |                              _raw_spin_lock() {
   11.755667 |   2)   0.127 us    |                                preempt_count_add();
   11.755668 |   2)   0.396 us    |                              }
   11.755668 |   2)               |                              _raw_spin_unlock() {
   11.755668 |   2)   0.130 us    |                                preempt_count_sub();
   11.755668 |   2)   0.394 us    |                              }
   11.755668 |   2)   0.130 us    |                              erofs_onlinefolio_split();
   11.755669 |   2)   0.131 us    |                              erofs_onlinefolio_end();
   11.755669 |   2)   2.058 us    |                            }
   11.755669 |   2)               |                            z_erofs_scan_folio() {
   11.755669 |   2)   0.127 us    |                              erofs_onlinefolio_init();
   11.755670 |   2)               |                              _raw_spin_lock() {
   11.755670 |   2)   0.128 us    |                                preempt_count_add();
   11.755670 |   2)   0.398 us    |                              }
   11.755670 |   2)               |                              _raw_spin_unlock() {
   11.755670 |   2)   0.127 us    |                                preempt_count_sub();
   11.755671 |   2)   0.391 us    |                              }
   11.755671 |   2)   0.131 us    |                              erofs_onlinefolio_split();
   11.755671 |   2)   0.135 us    |                              erofs_onlinefolio_end();
   11.755671 |   2)   2.051 us    |                            }
   11.755671 |   2)               |                            z_erofs_scan_folio() {
   11.755671 |   2)   0.126 us    |                              erofs_onlinefolio_init();
   11.755672 |   2)               |                              _raw_spin_lock() {
   11.755672 |   2)   0.126 us    |                                preempt_count_add();
   11.755672 |   2)   0.392 us    |                              }
   11.755672 |   2)               |                              _raw_spin_unlock() {
   11.755672 |   2)   0.128 us    |                                preempt_count_sub();
   11.755673 |   2)   0.394 us    |                              }
   11.755673 |   2)   0.131 us    |                              erofs_onlinefolio_split();
   11.755673 |   2)   0.132 us    |                              erofs_onlinefolio_end();
   11.755673 |   2)   2.045 us    |                            }
   11.755674 |   2)               |                            z_erofs_scan_folio() {
   11.755674 |   2)   0.126 us    |                              erofs_onlinefolio_init();
   11.755674 |   2)               |                              _raw_spin_lock() {
   11.755674 |   2)   0.127 us    |                                preempt_count_add();
   11.755674 |   2)   0.394 us    |                              }
   11.755674 |   2)               |                              _raw_spin_unlock() {
   11.755675 |   2)   0.127 us    |                                preempt_count_sub();
   11.755675 |   2)   0.393 us    |                              }
   11.755675 |   2)   0.133 us    |                              erofs_onlinefolio_split();
   11.755675 |   2)   0.132 us    |                              erofs_onlinefolio_end();
   11.755676 |   2)   2.027 us    |                            }
   11.755676 |   2)               |                            z_erofs_scan_folio() {
   11.755676 |   2)   0.126 us    |                              erofs_onlinefolio_init();
   11.755676 |   2)               |                              _raw_spin_lock() {
   11.755676 |   2)   0.129 us    |                                preempt_count_add();
   11.755677 |   2)   0.393 us    |                              }
   11.755677 |   2)               |                              _raw_spin_unlock() {
   11.755677 |   2)   0.127 us    |                                preempt_count_sub();
   11.755677 |   2)   0.394 us    |                              }
   11.755677 |   2)   0.132 us    |                              erofs_onlinefolio_split();
   11.755678 |   2)   0.133 us    |                              erofs_onlinefolio_end();
   11.755678 |   2)   2.092 us    |                            }
   11.755678 |   2)               |                            z_erofs_scan_folio() {
   11.755678 |   2)   0.126 us    |                              erofs_onlinefolio_init();
   11.755678 |   2)               |                              _raw_spin_lock() {
   11.755678 |   2)   0.128 us    |                                preempt_count_add();
   11.755679 |   2)   0.397 us    |                              }
   11.755679 |   2)               |                              _raw_spin_unlock() {
   11.755679 |   2)   0.126 us    |                                preempt_count_sub();
   11.755679 |   2)   0.391 us    |                              }
   11.755679 |   2)   0.131 us    |                              erofs_onlinefolio_split();
   11.755680 |   2)   0.133 us    |                              erofs_onlinefolio_end();
   11.755680 |   2)   2.059 us    |                            }
   11.755680 |   2)               |                            z_erofs_scan_folio() {
   11.755680 |   2)   0.124 us    |                              erofs_onlinefolio_init();
   11.755681 |   2)               |                              _raw_spin_lock() {
   11.755681 |   2)   0.127 us    |                                preempt_count_add();
   11.755681 |   2)   0.394 us    |                              }
   11.755681 |   2)               |                              _raw_spin_unlock() {
   11.755681 |   2)   0.128 us    |                                preempt_count_sub();
   11.755682 |   2)   0.395 us    |                              }
   11.755682 |   2)   0.132 us    |                              erofs_onlinefolio_split();
   11.755682 |   2)   0.131 us    |                              erofs_onlinefolio_end();
   11.755682 |   2)   2.023 us    |                            }
   11.755682 |   2)               |                            z_erofs_scan_folio() {
   11.755682 |   2)   0.124 us    |                              erofs_onlinefolio_init();
   11.755683 |   2)               |                              _raw_spin_lock() {
   11.755683 |   2)   0.127 us    |                                preempt_count_add();
   11.755683 |   2)   0.419 us    |                              }
   11.755683 |   2)               |                              _raw_spin_unlock() {
   11.755683 |   2)   0.128 us    |                                preempt_count_sub();
   11.755684 |   2)   0.392 us    |                              }
   11.755684 |   2)   0.130 us    |                              erofs_onlinefolio_split();
   11.755684 |   2)   0.132 us    |                              erofs_onlinefolio_end();
   11.755684 |   2)   2.041 us    |                            }
   11.755685 |   2)               |                            z_erofs_scan_folio() {
   11.755685 |   2)   0.125 us    |                              erofs_onlinefolio_init();
   11.755685 |   2)               |                              _raw_spin_lock() {
   11.755685 |   2)   0.125 us    |                                preempt_count_add();
   11.755685 |   2)   0.392 us    |                              }
   11.755685 |   2)               |                              _raw_spin_unlock() {
   11.755686 |   2)   0.127 us    |                                preempt_count_sub();
   11.755686 |   2)   0.394 us    |                              }
   11.755686 |   2)   0.128 us    |                              erofs_onlinefolio_split();
   11.755686 |   2)   0.131 us    |                              erofs_onlinefolio_end();
   11.755687 |   2)   2.042 us    |                            }
   11.755687 |   2)               |                            z_erofs_scan_folio() {
   11.755687 |   2)   0.126 us    |                              erofs_onlinefolio_init();
   11.755687 |   2)               |                              _raw_spin_lock() {
   11.755687 |   2)   0.126 us    |                                preempt_count_add();
   11.755688 |   2)   0.394 us    |                              }
   11.755688 |   2)               |                              _raw_spin_unlock() {
   11.755688 |   2)   0.125 us    |                                preempt_count_sub();
   11.755688 |   2)   0.389 us    |                              }
   11.755688 |   2)   0.129 us    |                              erofs_onlinefolio_split();
   11.755688 |   2)   0.133 us    |                              erofs_onlinefolio_end();
   11.755689 |   2)   2.038 us    |                            }
   11.755689 |   2)               |                            z_erofs_scan_folio() {
   11.755689 |   2)   0.125 us    |                              erofs_onlinefolio_init();
   11.755689 |   2)               |                              _raw_spin_lock() {
   11.755689 |   2)   0.128 us    |                                preempt_count_add();
   11.755690 |   2)   0.394 us    |                              }
   11.755690 |   2)               |                              _raw_spin_unlock() {
   11.755690 |   2)   0.128 us    |                                preempt_count_sub();
   11.755690 |   2)   0.394 us    |                              }
   11.755690 |   2)   0.131 us    |                              erofs_onlinefolio_split();
   11.755691 |   2)   0.132 us    |                              erofs_onlinefolio_end();
   11.755691 |   2)   2.042 us    |                            }
   11.755691 |   2)               |                            z_erofs_scan_folio() {
   11.755691 |   2)   0.123 us    |                              erofs_onlinefolio_init();
   11.755692 |   2)               |                              _raw_spin_lock() {
   11.755692 |   2)   0.127 us    |                                preempt_count_add();
   11.755692 |   2)   0.394 us    |                              }
   11.755692 |   2)               |                              _raw_spin_unlock() {
   11.755692 |   2)   0.127 us    |                                preempt_count_sub();
   11.755692 |   2)   0.391 us    |                              }
   11.755693 |   2)   0.130 us    |                              erofs_onlinefolio_split();
   11.755693 |   2)   0.131 us    |                              erofs_onlinefolio_end();
   11.755693 |   2)   2.043 us    |                            }
   11.755693 |   2)               |                            z_erofs_scan_folio() {
   11.755693 |   2)   0.125 us    |                              erofs_onlinefolio_init();
   11.755694 |   2)               |                              _raw_spin_lock() {
   11.755694 |   2)   0.126 us    |                                preempt_count_add();
   11.755694 |   2)   0.460 us    |                              }
   11.755694 |   2)               |                              _raw_spin_unlock() {
   11.755694 |   2)   0.128 us    |                                preempt_count_sub();
   11.755695 |   2)   0.391 us    |                              }
   11.755695 |   2)   0.132 us    |                              erofs_onlinefolio_split();
   11.755695 |   2)   0.131 us    |                              erofs_onlinefolio_end();
   11.755695 |   2)   2.064 us    |                            }
   11.755695 |   2)               |                            z_erofs_scan_folio() {
   11.755696 |   2)   0.126 us    |                              erofs_onlinefolio_init();
   11.755696 |   2)               |                              _raw_spin_lock() {
   11.755696 |   2)   0.128 us    |                                preempt_count_add();
   11.755696 |   2)   0.406 us    |                              }
   11.755696 |   2)               |                              _raw_spin_unlock() {
   11.755697 |   2)   0.125 us    |                                preempt_count_sub();
   11.755697 |   2)   0.387 us    |                              }
   11.755697 |   2)   0.131 us    |                              erofs_onlinefolio_split();
   11.755697 |   2)   0.131 us    |                              erofs_onlinefolio_end();
   11.755698 |   2)   2.068 us    |                            }
   11.755698 |   2)               |                            z_erofs_scan_folio() {
   11.755698 |   2)   0.125 us    |                              erofs_onlinefolio_init();
   11.755698 |   2)               |                              _raw_spin_lock() {
   11.755698 |   2)   0.126 us    |                                preempt_count_add();
   11.755698 |   2)   0.393 us    |                              }
   11.755699 |   2)               |                              _raw_spin_unlock() {
   11.755699 |   2)   0.127 us    |                                preempt_count_sub();
   11.755699 |   2)   0.390 us    |                              }
   11.755699 |   2)   0.130 us    |                              erofs_onlinefolio_split();
   11.755699 |   2)   0.132 us    |                              erofs_onlinefolio_end();
   11.755700 |   2)   2.015 us    |                            }
   11.755700 |   2)               |                            z_erofs_scan_folio() {
   11.755700 |   2)   0.126 us    |                              erofs_onlinefolio_init();
   11.755700 |   2)               |                              _raw_spin_lock() {
   11.755700 |   2)   0.128 us    |                                preempt_count_add();
   11.755701 |   2)   0.393 us    |                              }
   11.755701 |   2)               |                              _raw_spin_unlock() {
   11.755701 |   2)   0.126 us    |                                preempt_count_sub();
   11.755701 |   2)   0.390 us    |                              }
   11.755701 |   2)   0.130 us    |                              erofs_onlinefolio_split();
   11.755702 |   2)   0.134 us    |                              erofs_onlinefolio_end();
   11.755702 |   2)   2.018 us    |                            }
   11.755702 |   2)               |                            z_erofs_pcluster_readmore() {
   11.755702 |   2)               |                              __filemap_get_folio_mpol() {
   11.755702 |   2)   0.420 us    |                                filemap_get_entry();
   11.755703 |   2)   0.713 us    |                              }
   11.755703 |   2)   0.134 us    |                              folio_unlock();
   11.755703 |   2)               |                              __filemap_get_folio_mpol() {
   11.755703 |   2)   0.311 us    |                                filemap_get_entry();
   11.755704 |   2)   0.589 us    |                              }
   11.755704 |   2)   0.130 us    |                              folio_unlock();
   11.755704 |   2)               |                              __filemap_get_folio_mpol() {
   11.755704 |   2)   0.309 us    |                                filemap_get_entry();
   11.755705 |   2)   0.584 us    |                              }
   11.755705 |   2)   0.130 us    |                              folio_unlock();
   11.755705 |   2)               |                              __filemap_get_folio_mpol() {
   11.755705 |   2)   0.309 us    |                                filemap_get_entry();
   11.755706 |   2)   0.585 us    |                              }
   11.755706 |   2)   0.130 us    |                              folio_unlock();
   11.755706 |   2)               |                              __filemap_get_folio_mpol() {
   11.755706 |   2)   0.313 us    |                                filemap_get_entry();
   11.755707 |   2)   0.588 us    |                              }
   11.755707 |   2)   0.130 us    |                              folio_unlock();
   11.755707 |   2)               |                              __filemap_get_folio_mpol() {
   11.755707 |   2)   0.353 us    |                                filemap_get_entry();
   11.755708 |   2)   0.629 us    |                              }
   11.755708 |   2)   0.131 us    |                              folio_unlock();
   11.755708 |   2)               |                              __filemap_get_folio_mpol() {
   11.755709 |   2)   0.310 us    |                                filemap_get_entry();
   11.755709 |   2)   0.588 us    |                              }
   11.755709 |   2)   0.130 us    |                              folio_unlock();
   11.755710 |   2)               |                              __filemap_get_folio_mpol() {
   11.755710 |   2)   0.312 us    |                                filemap_get_entry();
   11.755710 |   2)   0.586 us    |                              }
   11.755710 |   2)   0.131 us    |                              folio_unlock();
   11.755711 |   2)               |                              __filemap_get_folio_mpol() {
   11.755711 |   2)   0.306 us    |                                filemap_get_entry();
   11.755711 |   2)   0.582 us    |                              }
   11.755711 |   2)   0.132 us    |                              folio_unlock();
   11.755712 |   2)               |                              __filemap_get_folio_mpol() {
   11.755712 |   2)   0.334 us    |                                filemap_get_entry();
   11.755712 |   2)   0.610 us    |                              }
   11.755712 |   2)   0.131 us    |                              folio_unlock();
   11.755713 |   2)               |                              __filemap_get_folio_mpol() {
   11.755713 |   2)   0.309 us    |                                filemap_get_entry();
   11.755713 |   2)   0.586 us    |                              }
   11.755713 |   2)   0.129 us    |                              folio_unlock();
   11.755714 |   2)               |                              __filemap_get_folio_mpol() {
   11.755714 |   2)   0.311 us    |                                filemap_get_entry();
   11.755714 |   2)   0.587 us    |                              }
   11.755714 |   2)   0.131 us    |                              folio_unlock();
   11.755715 |   2)               |                              __filemap_get_folio_mpol() {
   11.755715 |   2)   0.310 us    |                                filemap_get_entry();
   11.755715 |   2)   0.586 us    |                              }
   11.755715 |   2)   0.130 us    |                              folio_unlock();
   11.755716 |   2)               |                              __filemap_get_folio_mpol() {
   11.755716 |   2)   0.329 us    |                                filemap_get_entry();
   11.755716 |   2)   0.603 us    |                              }
   11.755716 |   2)   0.130 us    |                              folio_unlock();
   11.755717 |   2)               |                              __filemap_get_folio_mpol() {
   11.755717 |   2)   0.310 us    |                                filemap_get_entry();
   11.755717 |   2)   0.588 us    |                              }
   11.755717 |   2)   0.132 us    |                              folio_unlock();
   11.755718 |   2)               |                              __filemap_get_folio_mpol() {
   11.755718 |   2)   0.331 us    |                                filemap_get_entry();
   11.755718 |   2)   0.606 us    |                              }
   11.755718 |   2)   0.132 us    |                              folio_unlock();
   11.755719 |   2)               |                              __filemap_get_folio_mpol() {
   11.755719 |   2)   0.309 us    |                                filemap_get_entry();
   11.755719 |   2)   0.581 us    |                              }
   11.755719 |   2)   0.133 us    |                              folio_unlock();
   11.755720 |   2)               |                              __filemap_get_folio_mpol() {
   11.755720 |   2)   0.312 us    |                                filemap_get_entry();
   11.755720 |   2)   0.587 us    |                              }
   11.755721 |   2)   0.130 us    |                              folio_unlock();
   11.755721 |   2)               |                              __filemap_get_folio_mpol() {
   11.755721 |   2)   0.313 us    |                                filemap_get_entry();
   11.755721 |   2)   0.589 us    |                              }
   11.755722 |   2)   0.129 us    |                              folio_unlock();
   11.755722 |   2)               |                              __filemap_get_folio_mpol() {
   11.755722 |   2)   0.329 us    |                                filemap_get_entry();
   11.755722 |   2)   0.603 us    |                              }
   11.755723 |   2)   0.132 us    |                              folio_unlock();
   11.755723 |   2) + 20.816 us   |                            }
   11.755723 |   2)   0.220 us    |                            z_erofs_pcluster_end();
   11.755723 |   2)               |                            z_erofs_runqueue() {
   11.755723 |   2)   0.125 us    |                              __init_swait_queue_head();
   11.755724 |   2)               |                              __kvmalloc_node_noprof() {
   11.755724 |   2)   0.125 us    |                                preempt_count_add();
   11.755724 |   2)   0.128 us    |                                preempt_count_sub();
   11.755724 |   2)   0.698 us    |                              }
   11.755725 |   2)   0.129 us    |                              erofs_map_dev();
   11.755725 |   2)               |                              _raw_spin_lock() {
   11.755725 |   2)   0.124 us    |                                preempt_count_add();
   11.755725 |   2)   0.389 us    |                              }
   11.755725 |   2)               |                              _raw_spin_unlock() {
   11.755726 |   2)   0.127 us    |                                preempt_count_sub();
   11.755726 |   2)   0.390 us    |                              }
   11.755726 |   2)   0.130 us    |                              folio_unlock();
   11.755726 |   2)               |                              kvfree() {
   11.755726 |   2)   0.132 us    |                                is_vmalloc_addr();
   11.755727 |   2)               |                                kfree() {
   11.755727 |   2)   0.127 us    |                                  preempt_count_add();
   11.755727 |   2)   0.156 us    |                                  preempt_count_sub();
   11.755727 |   2)   0.731 us    |                                }
   11.755728 |   2)   1.271 us    |                              }
   11.755728 |   2)               |                              z_erofs_decompress_queue() {
   11.755728 |   2)               |                                __kvmalloc_node_noprof() {
   11.755728 |   2)   0.126 us    |                                  preempt_count_add();
   11.755728 |   2)   0.127 us    |                                  preempt_count_sub();
   11.755729 |   2)   0.814 us    |                                }
   11.755729 |   2)   0.146 us    |                                z_erofs_do_decompressed_bvec();
   11.755729 |   2)   0.129 us    |                                z_erofs_do_decompressed_bvec();
   11.755730 |   2)   0.126 us    |                                z_erofs_do_decompressed_bvec();
   11.755730 |   2)   0.127 us    |                                z_erofs_do_decompressed_bvec();
   11.755730 |   2)   0.126 us    |                                z_erofs_do_decompressed_bvec();
   11.755730 |   2)   0.126 us    |                                z_erofs_do_decompressed_bvec();
   11.755731 |   2)   0.126 us    |                                z_erofs_do_decompressed_bvec();
   11.755731 |   2)   0.125 us    |                                z_erofs_do_decompressed_bvec();
   11.755731 |   2)   0.126 us    |                                z_erofs_do_decompressed_bvec();
   11.755731 |   2)   0.125 us    |                                z_erofs_do_decompressed_bvec();
   11.755732 |   2)   0.126 us    |                                z_erofs_do_decompressed_bvec();
   11.755732 |   2)   0.127 us    |                                z_erofs_do_decompressed_bvec();
   11.755732 |   2)   0.126 us    |                                z_erofs_do_decompressed_bvec();
   11.755733 |   2)   0.125 us    |                                z_erofs_do_decompressed_bvec();
   11.755733 |   2)   0.126 us    |                                z_erofs_do_decompressed_bvec();
   11.755733 |   2)   0.126 us    |                                z_erofs_do_decompressed_bvec();
   11.755733 |   2)   0.124 us    |                                z_erofs_do_decompressed_bvec();
   11.755734 |   2)   0.127 us    |                                z_erofs_do_decompressed_bvec();
   11.755734 |   2)   0.126 us    |                                z_erofs_do_decompressed_bvec();
   11.755734 |   2)   0.124 us    |                                z_erofs_do_decompressed_bvec();
   11.755734 |   2)   0.125 us    |                                z_erofs_do_decompressed_bvec();
   11.755735 |   2)   0.126 us    |                                z_erofs_do_decompressed_bvec();
   11.755735 |   2)   0.124 us    |                                z_erofs_do_decompressed_bvec();
   11.755735 |   2)   0.126 us    |                                z_erofs_do_decompressed_bvec();
   11.755735 |   2)   0.127 us    |                                z_erofs_do_decompressed_bvec();
   11.755736 |   2)   0.126 us    |                                z_erofs_do_decompressed_bvec();
   11.755736 |   2)   0.126 us    |                                z_erofs_do_decompressed_bvec();
   11.755736 |   2)   0.128 us    |                                z_erofs_do_decompressed_bvec();
   11.755737 |   2)   0.126 us    |                                z_erofs_do_decompressed_bvec();
   11.755737 |   2)   0.126 us    |                                z_erofs_do_decompressed_bvec();
   11.755737 |   2)   0.125 us    |                                z_erofs_do_decompressed_bvec();
   11.755737 |   2)   0.125 us    |                                z_erofs_do_decompressed_bvec();
   11.755738 |   2)   0.126 us    |                                z_erofs_do_decompressed_bvec();
   11.755738 |   2)   0.126 us    |                                z_erofs_do_decompressed_bvec();
   11.755738 |   2)   0.127 us    |                                z_erofs_do_decompressed_bvec();
   11.755738 |   2)   0.125 us    |                                z_erofs_do_decompressed_bvec();
   11.755739 |   2)   0.126 us    |                                z_erofs_do_decompressed_bvec();
   11.755739 |   2)   0.124 us    |                                z_erofs_do_decompressed_bvec();
   11.755739 |   2)   0.125 us    |                                z_erofs_do_decompressed_bvec();
   11.755739 |   2)   0.125 us    |                                z_erofs_do_decompressed_bvec();
   11.755740 |   2)   0.126 us    |                                z_erofs_do_decompressed_bvec();
   11.755740 |   2)   0.126 us    |                                z_erofs_do_decompressed_bvec();
   11.755740 |   2)   0.200 us    |                                z_erofs_do_decompressed_bvec();
   11.755741 |   2)   0.138 us    |                                z_erofs_do_decompressed_bvec();
   11.755741 |   2)   0.126 us    |                                z_erofs_do_decompressed_bvec();
   11.755741 |   2)   0.126 us    |                                z_erofs_do_decompressed_bvec();
   11.755741 |   2)   0.125 us    |                                z_erofs_do_decompressed_bvec();
   11.755742 |   2)   0.125 us    |                                z_erofs_do_decompressed_bvec();
   11.755742 |   2)   0.124 us    |                                z_erofs_do_decompressed_bvec();
   11.755742 |   2)   0.125 us    |                                z_erofs_do_decompressed_bvec();
   11.755742 |   2)   0.127 us    |                                z_erofs_do_decompressed_bvec();
   11.755743 |   2)   0.127 us    |                                z_erofs_do_decompressed_bvec();
   11.755743 |   2)   0.125 us    |                                z_erofs_do_decompressed_bvec();
   11.755743 |   2)   0.126 us    |                                z_erofs_do_decompressed_bvec();
   11.755744 |   2)   0.126 us    |                                z_erofs_do_decompressed_bvec();
   11.755744 |   2)   0.127 us    |                                z_erofs_do_decompressed_bvec();
   11.755744 |   2)   0.125 us    |                                z_erofs_do_decompressed_bvec();
   11.755744 |   2)   0.126 us    |                                z_erofs_do_decompressed_bvec();
   11.755745 |   2)   0.125 us    |                                z_erofs_do_decompressed_bvec();
   11.755745 |   2)   0.125 us    |                                z_erofs_do_decompressed_bvec();
   11.755745 |   2)   0.124 us    |                                z_erofs_do_decompressed_bvec();
   11.755745 |   2)   0.125 us    |                                z_erofs_do_decompressed_bvec();
   11.755746 |   2)   0.125 us    |                                z_erofs_do_decompressed_bvec();
   11.755746 |   2)   0.126 us    |                                z_erofs_do_decompressed_bvec();
   11.755746 |   2)               |                                z_erofs_lz4_decompress() {
   11.755746 |   2)   0.128 us    |                                  __erofs_allocpage();
   11.755747 |   2)               |                                  __erofs_allocpage() {
   11.755747 |   2)               |                                    alloc_pages_noprof() {
   11.755747 |   2)               |                                      alloc_pages_mpol() {
   11.755747 |   2)   0.125 us    |                                        policy_nodemask();
   11.755747 |   2)               |                                        __alloc_frozen_pages_noprof() {
   11.755748 |   2)               |                                          get_page_from_freelist() {
   11.755748 |   2)   0.126 us    |                                            preempt_count_add();
   11.755748 |   2)               |                                            _raw_spin_trylock() {
   11.755748 |   2)   0.123 us    |                                              preempt_count_add();
   11.755748 |   2)   0.388 us    |                                            }
   11.755748 |   2)               |                                            _raw_spin_unlock() {
   11.755749 |   2)   0.132 us    |                                              preempt_count_sub();
   11.755749 |   2)   0.395 us    |                                            }
   11.755749 |   2)   0.128 us    |                                            preempt_count_sub();
   11.755749 |   2)   1.747 us    |                                          }
   11.755749 |   2)   2.042 us    |                                        }
   11.755750 |   2)   2.584 us    |                                      }
   11.755750 |   2)   2.850 us    |                                    }
   11.755750 |   2)   3.115 us    |                                  }
   11.755750 |   2)               |                                  __erofs_allocpage() {
   11.755750 |   2)               |                                    alloc_pages_noprof() {
   11.755750 |   2)               |                                      alloc_pages_mpol() {
   11.755750 |   2)   0.125 us    |                                        policy_nodemask();
   11.755751 |   2)               |                                        __alloc_frozen_pages_noprof() {
   11.755751 |   2)               |                                          get_page_from_freelist() {
   11.755751 |   2)   0.125 us    |                                            preempt_count_add();
   11.755751 |   2)               |                                            _raw_spin_trylock() {
   11.755751 |   2)   0.122 us    |                                              preempt_count_add();
   11.755752 |   2)   0.389 us    |                                            }
   11.755752 |   2)               |                                            _raw_spin_unlock() {
   11.755752 |   2)   0.133 us    |                                              preempt_count_sub();
   11.755752 |   2)   0.421 us    |                                            }
   11.755752 |   2)   0.126 us    |                                            preempt_count_sub();
   11.755753 |   2)   1.765 us    |                                          }
   11.755753 |   2)   2.046 us    |                                        }
   11.755753 |   2)   2.567 us    |                                      }
   11.755753 |   2)   2.818 us    |                                    }
   11.755753 |   2)   3.067 us    |                                  }
   11.755753 |   2)               |                                  __erofs_allocpage() {
   11.755753 |   2)               |                                    alloc_pages_noprof() {
   11.755753 |   2)               |                                      alloc_pages_mpol() {
   11.755754 |   2)   0.124 us    |                                        policy_nodemask();
   11.755754 |   2)               |                                        __alloc_frozen_pages_noprof() {
   11.755754 |   2)               |                                          get_page_from_freelist() {
   11.755754 |   2)   0.124 us    |                                            preempt_count_add();
   11.755754 |   2)               |                                            _raw_spin_trylock() {
   11.755755 |   2)   0.124 us    |                                              preempt_count_add();
   11.755755 |   2)   0.386 us    |                                            }
   11.755755 |   2)               |                                            _raw_spin_unlock() {
   11.755755 |   2)   0.131 us    |                                              preempt_count_sub();
   11.755755 |   2)   0.394 us    |                                            }
   11.755756 |   2)   0.126 us    |                                            preempt_count_sub();
   11.755756 |   2)   1.829 us    |                                          }
   11.755756 |   2)   2.108 us    |                                        }
   11.755756 |   2)   2.630 us    |                                      }
   11.755756 |   2)   2.883 us    |                                    }
   11.755756 |   2)   3.130 us    |                                  }
   11.755756 |   2)               |                                  __erofs_allocpage() {
   11.755757 |   2)               |                                    alloc_pages_noprof() {
   11.755757 |   2)               |                                      alloc_pages_mpol() {
   11.755757 |   2)   0.124 us    |                                        policy_nodemask();
   11.755757 |   2)               |                                        __alloc_frozen_pages_noprof() {
   11.755757 |   2)               |                                          get_page_from_freelist() {
   11.755757 |   2)   0.127 us    |                                            preempt_count_add();
   11.755758 |   2)               |                                            _raw_spin_trylock() {
   11.755758 |   2)   0.123 us    |                                              preempt_count_add();
   11.755758 |   2)   0.389 us    |                                            }
   11.755758 |   2)               |                                            _raw_spin_unlock() {
   11.755758 |   2)   0.135 us    |                                              preempt_count_sub();
   11.755759 |   2)   0.396 us    |                                            }
   11.755759 |   2)   0.126 us    |                                            preempt_count_sub();
   11.755759 |   2)   1.771 us    |                                          }
   11.755759 |   2)   2.051 us    |                                        }
   11.755759 |   2)   2.572 us    |                                      }
   11.755759 |   2)   2.824 us    |                                    }
   11.755760 |   2)   3.074 us    |                                  }
   11.755760 |   2)               |                                  __erofs_allocpage() {
   11.755760 |   2)               |                                    alloc_pages_noprof() {
   11.755760 |   2)               |                                      alloc_pages_mpol() {
   11.755760 |   2)   0.125 us    |                                        policy_nodemask();
   11.755760 |   2)               |                                        __alloc_frozen_pages_noprof() {
   11.755760 |   2)               |                                          get_page_from_freelist() {
   11.755761 |   2)   0.126 us    |                                            preempt_count_add();
   11.755761 |   2)               |                                            _raw_spin_trylock() {
   11.755761 |   2)   0.125 us    |                                              preempt_count_add();
   11.755761 |   2)   0.390 us    |                                            }
   11.755761 |   2)               |                                            _raw_spin_unlock() {
   11.755761 |   2)   0.125 us    |                                              preempt_count_sub();
   11.755762 |   2)   0.389 us    |                                            }
   11.755762 |   2)   0.126 us    |                                            preempt_count_sub();
   11.755762 |   2)   1.753 us    |                                          }
   11.755762 |   2)   2.023 us    |                                        }
   11.755762 |   2)   2.548 us    |                                      }
   11.755763 |   2)   2.797 us    |                                    }
   11.755763 |   2)   3.049 us    |                                  }
   11.755763 |   2)               |                                  __erofs_allocpage() {
   11.755763 |   2)               |                                    alloc_pages_noprof() {
   11.755763 |   2)               |                                      alloc_pages_mpol() {
   11.755763 |   2)   0.124 us    |                                        policy_nodemask();
   11.755764 |   2)               |                                        __alloc_frozen_pages_noprof() {
   11.755764 |   2)               |                                          get_page_from_freelist() {
   11.755764 |   2)   0.126 us    |                                            preempt_count_add();
   11.755764 |   2)               |                                            _raw_spin_trylock() {
   11.755764 |   2)   0.125 us    |                                              preempt_count_add();
   11.755764 |   2)   0.388 us    |                                            }
   11.755765 |   2)               |                                            _raw_spin_unlock() {
   11.755765 |   2)   0.123 us    |                                              preempt_count_sub();
   11.755765 |   2)   0.388 us    |                                            }
   11.755765 |   2)   0.126 us    |                                            preempt_count_sub();
   11.755765 |   2)   1.732 us    |                                          }
   11.755766 |   2)   2.000 us    |                                        }
   11.755766 |   2)   2.523 us    |                                      }
   11.755766 |   2)   2.772 us    |                                    }
   11.755766 |   2)   3.021 us    |                                  }
   11.755766 |   2)               |                                  __erofs_allocpage() {
   11.755766 |   2)               |                                    alloc_pages_noprof() {
   11.755766 |   2)               |                                      alloc_pages_mpol() {
   11.755766 |   2)   0.124 us    |                                        policy_nodemask();
   11.755767 |   2)               |                                        __alloc_frozen_pages_noprof() {
   11.755767 |   2)               |                                          get_page_from_freelist() {
   11.755767 |   2)   0.127 us    |                                            preempt_count_add();
   11.755767 |   2)               |                                            _raw_spin_trylock() {
   11.755767 |   2)   0.125 us    |                                              preempt_count_add();
   11.755768 |   2)   0.390 us    |                                            }
   11.755768 |   2)               |                                            _raw_spin_unlock() {
   11.755768 |   2)   0.191 us    |                                              preempt_count_sub();
   11.755768 |   2)   0.456 us    |                                            }
   11.755768 |   2)   0.128 us    |                                            preempt_count_sub();
   11.755769 |   2)   1.822 us    |                                          }
   11.755769 |   2)   2.096 us    |                                        }
   11.755769 |   2)   2.622 us    |                                      }
   11.755769 |   2)   2.875 us    |                                    }
   11.755769 |   2)   3.126 us    |                                  }
   11.755769 |   2)               |                                  __erofs_allocpage() {
   11.755769 |   2)               |                                    alloc_pages_noprof() {
   11.755770 |   2)               |                                      alloc_pages_mpol() {
   11.755770 |   2)   0.127 us    |                                        policy_nodemask();
   11.755770 |   2)               |                                        __alloc_frozen_pages_noprof() {
   11.755770 |   2)               |                                          get_page_from_freelist() {
   11.755770 |   2)   0.125 us    |                                            preempt_count_add();
   11.755770 |   2)               |                                            _raw_spin_trylock() {
   11.755771 |   2)   0.124 us    |                                              preempt_count_add();
   11.755771 |   2)   0.388 us    |                                            }
   11.755771 |   2)               |                                            _raw_spin_unlock() {
   11.755771 |   2)   0.125 us    |                                              preempt_count_sub();
   11.755771 |   2)   0.460 us    |                                            }
   11.755772 |   2)   0.126 us    |                                            preempt_count_sub();
   11.755772 |   2)   1.827 us    |                                          }
   11.755772 |   2)   2.096 us    |                                        }
   11.755772 |   2)   2.624 us    |                                      }
   11.755772 |   2)   2.875 us    |                                    }
   11.755772 |   2)   3.134 us    |                                  }
   11.755773 |   2)               |                                  __erofs_allocpage() {
   11.755773 |   2)               |                                    alloc_pages_noprof() {
   11.755773 |   2)               |                                      alloc_pages_mpol() {
   11.755773 |   2)   0.125 us    |                                        policy_nodemask();
   11.755773 |   2)               |                                        __alloc_frozen_pages_noprof() {
   11.755773 |   2)               |                                          get_page_from_freelist() {
   11.755773 |   2)   0.125 us    |                                            preempt_count_add();
   11.755774 |   2)               |                                            _raw_spin_trylock() {
   11.755774 |   2)   0.123 us    |                                              preempt_count_add();
   11.755774 |   2)   0.388 us    |                                            }
   11.755774 |   2)               |                                            _raw_spin_unlock() {
   11.755774 |   2)   0.125 us    |                                              preempt_count_sub();
   11.755775 |   2)   0.388 us    |                                            }
   11.755775 |   2)   0.128 us    |                                            preempt_count_sub();
   11.755775 |   2)   1.752 us    |                                          }
   11.755775 |   2)   2.021 us    |                                        }
   11.755775 |   2)   2.547 us    |                                      }
   11.755776 |   2)   2.800 us    |                                    }
   11.755776 |   2)   3.050 us    |                                  }
   11.755776 |   2)               |                                  __erofs_allocpage() {
   11.755776 |   2)               |                                    alloc_pages_noprof() {
   11.755776 |   2)               |                                      alloc_pages_mpol() {
   11.755776 |   2)   0.126 us    |                                        policy_nodemask();
   11.755776 |   2)               |                                        __alloc_frozen_pages_noprof() {
   11.755777 |   2)               |                                          get_page_from_freelist() {
   11.755777 |   2)   0.126 us    |                                            preempt_count_add();
   11.755777 |   2)               |                                            _raw_spin_trylock() {
   11.755777 |   2)   0.125 us    |                                              preempt_count_add();
   11.755777 |   2)   0.388 us    |                                            }
   11.755777 |   2)               |                                            _raw_spin_unlock() {
   11.755778 |   2)   0.124 us    |                                              preempt_count_sub();
   11.755778 |   2)   0.389 us    |                                            }
   11.755778 |   2)   0.127 us    |                                            preempt_count_sub();
   11.755778 |   2)   1.749 us    |                                          }
   11.755778 |   2)   2.020 us    |                                        }
   11.755779 |   2)   2.541 us    |                                      }
   11.755779 |   2)   2.793 us    |                                    }
   11.755779 |   2)   3.044 us    |                                  }
   11.755779 |   2)               |                                  __erofs_allocpage() {
   11.755779 |   2)               |                                    alloc_pages_noprof() {
   11.755779 |   2)               |                                      alloc_pages_mpol() {
   11.755779 |   2)   0.125 us    |                                        policy_nodemask();
   11.755780 |   2)               |                                        __alloc_frozen_pages_noprof() {
   11.755780 |   2)               |                                          get_page_from_freelist() {
   11.755780 |   2)   0.125 us    |                                            preempt_count_add();
   11.755780 |   2)               |                                            _raw_spin_trylock() {
   11.755780 |   2)   0.127 us    |                                              preempt_count_add();
   11.755781 |   2)   0.390 us    |                                            }
   11.755781 |   2)               |                                            _raw_spin_unlock() {
   11.755781 |   2)   0.125 us    |                                              preempt_count_sub();
   11.755781 |   2)   0.464 us    |                                            }
   11.755781 |   2)   0.127 us    |                                            preempt_count_sub();
   11.755782 |   2)   1.830 us    |                                          }
   11.755782 |   2)   2.167 us    |                                        }
   11.755782 |   2)   2.687 us    |                                      }
   11.755782 |   2)   2.937 us    |                                    }
   11.755782 |   2)   3.187 us    |                                  }
   11.755782 |   2)               |                                  __erofs_allocpage() {
   11.755782 |   2)               |                                    alloc_pages_noprof() {
   11.755783 |   2)               |                                      alloc_pages_mpol() {
   11.755783 |   2)   0.125 us    |                                        policy_nodemask();
   11.755783 |   2)               |                                        __alloc_frozen_pages_noprof() {
   11.755783 |   2)               |                                          get_page_from_freelist() {
   11.755783 |   2)   0.127 us    |                                            preempt_count_add();
   11.755783 |   2)               |                                            _raw_spin_trylock() {
   11.755784 |   2)   0.124 us    |                                              preempt_count_add();
   11.755784 |   2)   0.387 us    |                                            }
   11.755784 |   2)               |                                            _raw_spin_unlock() {
   11.755784 |   2)   0.125 us    |                                              preempt_count_sub();
   11.755784 |   2)   0.388 us    |                                            }
   11.755785 |   2)   0.128 us    |                                            preempt_count_sub();
   11.755785 |   2)   1.747 us    |                                          }
   11.755785 |   2)   2.016 us    |                                        }
   11.755785 |   2)   2.544 us    |                                      }
   11.755785 |   2)   2.796 us    |                                    }
   11.755785 |   2)   3.046 us    |                                  }
   11.755786 |   2)               |                                  __erofs_allocpage() {
   11.755786 |   2)               |                                    alloc_pages_noprof() {
   11.755786 |   2)               |                                      alloc_pages_mpol() {
   11.755786 |   2)   0.124 us    |                                        policy_nodemask();
   11.755786 |   2)               |                                        __alloc_frozen_pages_noprof() {
   11.755786 |   2)               |                                          get_page_from_freelist() {
   11.755786 |   2)   0.126 us    |                                            preempt_count_add();
   11.755787 |   2)               |                                            _raw_spin_trylock() {
   11.755787 |   2)   0.123 us    |                                              preempt_count_add();
   11.755787 |   2)   0.386 us    |                                            }
   11.755787 |   2)               |                                            _raw_spin_unlock() {
   11.755787 |   2)   0.124 us    |                                              preempt_count_sub();
   11.755788 |   2)   0.384 us    |                                            }
   11.755788 |   2)   0.126 us    |                                            preempt_count_sub();
   11.755788 |   2)   1.742 us    |                                          }
   11.755788 |   2)   2.010 us    |                                        }
   11.755788 |   2)   2.532 us    |                                      }
   11.755788 |   2)   2.784 us    |                                    }
   11.755789 |   2)   3.033 us    |                                  }
   11.755789 |   2)               |                                  __erofs_allocpage() {
   11.755789 |   2)               |                                    alloc_pages_noprof() {
   11.755789 |   2)               |                                      alloc_pages_mpol() {
   11.755789 |   2)   0.124 us    |                                        policy_nodemask();
   11.755789 |   2)               |                                        __alloc_frozen_pages_noprof() {
   11.755789 |   2)               |                                          get_page_from_freelist() {
   11.755790 |   2)   0.124 us    |                                            preempt_count_add();
   11.755790 |   2)               |                                            _raw_spin_trylock() {
   11.755790 |   2)   0.125 us    |                                              preempt_count_add();
   11.755790 |   2)   0.387 us    |                                            }
   11.755790 |   2)               |                                            _raw_spin_unlock() {
   11.755790 |   2)   0.124 us    |                                              preempt_count_sub();
   11.755791 |   2)   0.386 us    |                                            }
   11.755791 |   2)   0.126 us    |                                            preempt_count_sub();
   11.755791 |   2)   1.723 us    |                                          }
   11.755791 |   2)   1.991 us    |                                        }
   11.755791 |   2)   2.510 us    |                                      }
   11.755792 |   2)   2.761 us    |                                    }
   11.755792 |   2)   3.010 us    |                                  }
   11.755792 |   2)               |                                  __erofs_allocpage() {
   11.755792 |   2)               |                                    alloc_pages_noprof() {
   11.755792 |   2)               |                                      alloc_pages_mpol() {
   11.755792 |   2)   0.124 us    |                                        policy_nodemask();
   11.755792 |   2)               |                                        __alloc_frozen_pages_noprof() {
   11.755793 |   2)               |                                          get_page_from_freelist() {
   11.755793 |   2)   0.125 us    |                                            preempt_count_add();
   11.755793 |   2)               |                                            _raw_spin_trylock() {
   11.755793 |   2)   0.124 us    |                                              preempt_count_add();
   11.755793 |   2)   0.388 us    |                                            }
   11.755794 |   2)               |                                            _raw_spin_unlock() {
   11.755794 |   2)   0.125 us    |                                              preempt_count_sub();
   11.755794 |   2)   0.389 us    |                                            }
   11.755794 |   2)   0.128 us    |                                            preempt_count_sub();
   11.755794 |   2)   1.748 us    |                                          }
   11.755794 |   2)   2.021 us    |                                        }
   11.755795 |   2)   2.542 us    |                                      }
   11.755795 |   2)   2.794 us    |                                    }
   11.755795 |   2)   3.048 us    |                                  }
   11.755795 |   2)               |                                  __erofs_allocpage() {
   11.755795 |   2)               |                                    alloc_pages_noprof() {
   11.755795 |   2)               |                                      alloc_pages_mpol() {
   11.755795 |   2)   0.124 us    |                                        policy_nodemask();
   11.755796 |   2)               |                                        __alloc_frozen_pages_noprof() {
   11.755796 |   2)               |                                          get_page_from_freelist() {
   11.755796 |   2)   0.125 us    |                                            preempt_count_add();
   11.755796 |   2)               |                                            _raw_spin_trylock() {
   11.755796 |   2)   0.124 us    |                                              preempt_count_add();
   11.755797 |   2)   0.389 us    |                                            }
   11.755797 |   2)               |                                            _raw_spin_unlock() {
   11.755797 |   2)   0.124 us    |                                              preempt_count_sub();
   11.755797 |   2)   0.386 us    |                                            }
   11.755797 |   2)   0.127 us    |                                            preempt_count_sub();
   11.755798 |   2)   1.752 us    |                                          }
   11.755798 |   2)   2.019 us    |                                        }
   11.755798 |   2)   2.544 us    |                                      }
   11.755798 |   2)   2.797 us    |                                    }
   11.755798 |   2)   3.065 us    |                                  }
   11.755798 |   2)               |                                  __erofs_allocpage() {
   11.755798 |   2)               |                                    alloc_pages_noprof() {
   11.755799 |   2)               |                                      alloc_pages_mpol() {
   11.755799 |   2)   0.124 us    |                                        policy_nodemask();
   11.755799 |   2)               |                                        __alloc_frozen_pages_noprof() {
   11.755799 |   2)               |                                          get_page_from_freelist() {
   11.755799 |   2)   0.126 us    |                                            preempt_count_add();
   11.755799 |   2)               |                                            _raw_spin_trylock() {
   11.755800 |   2)   0.125 us    |                                              preempt_count_add();
   11.755800 |   2)   0.388 us    |                                            }
   11.755800 |   2)               |                                            _raw_spin_unlock() {
   11.755800 |   2)   0.124 us    |                                              preempt_count_sub();
   11.755800 |   2)   0.388 us    |                                            }
   11.755801 |   2)   0.128 us    |                                            preempt_count_sub();
   11.755801 |   2)   1.752 us    |                                          }
   11.755801 |   2)   2.022 us    |                                        }
   11.755801 |   2)   2.547 us    |                                      }
   11.755801 |   2)   2.798 us    |                                    }
   11.755801 |   2)   3.051 us    |                                  }
   11.755802 |   2)               |                                  __erofs_allocpage() {
   11.755802 |   2)               |                                    alloc_pages_noprof() {
   11.755802 |   2)               |                                      alloc_pages_mpol() {
   11.755802 |   2)   0.127 us    |                                        policy_nodemask();
   11.755802 |   2)               |                                        __alloc_frozen_pages_noprof() {
   11.755802 |   2)               |                                          get_page_from_freelist() {
   11.755802 |   2)   0.126 us    |                                            preempt_count_add();
   11.755803 |   2)               |                                            _raw_spin_trylock() {
   11.755803 |   2)   0.125 us    |                                              preempt_count_add();
   11.755803 |   2)   0.390 us    |                                            }
   11.755803 |   2)               |                                            _raw_spin_unlock() {
   11.755803 |   2)   0.125 us    |                                              preempt_count_sub();
   11.755804 |   2)   0.390 us    |                                            }
   11.755804 |   2)   0.129 us    |                                            preempt_count_sub();
   11.755804 |   2)   1.755 us    |                                          }
   11.755804 |   2)   2.025 us    |                                        }
   11.755804 |   2)   2.552 us    |                                      }
   11.755804 |   2)   2.803 us    |                                    }
   11.755805 |   2)   3.054 us    |                                  }
   11.755805 |   2)               |                                  __erofs_allocpage() {
   11.755805 |   2)               |                                    alloc_pages_noprof() {
   11.755805 |   2)               |                                      alloc_pages_mpol() {
   11.755805 |   2)   0.126 us    |                                        policy_nodemask();
   11.755805 |   2)               |                                        __alloc_frozen_pages_noprof() {
   11.755805 |   2)               |                                          get_page_from_freelist() {
   11.755806 |   2)   0.126 us    |                                            preempt_count_add();
   11.755806 |   2)               |                                            _raw_spin_trylock() {
   11.755806 |   2)   0.126 us    |                                              preempt_count_add();
   11.755806 |   2)   0.388 us    |                                            }
   11.755806 |   2)               |                                            _raw_spin_unlock() {
   11.755807 |   2)   0.125 us    |                                              preempt_count_sub();
   11.755807 |   2)   0.389 us    |                                            }
   11.755807 |   2)   0.127 us    |                                            preempt_count_sub();
   11.755807 |   2)   1.749 us    |                                          }
   11.755807 |   2)   2.020 us    |                                        }
   11.755808 |   2)   2.547 us    |                                      }
   11.755808 |   2)   2.798 us    |                                    }
   11.755808 |   2)   3.050 us    |                                  }
   11.755808 |   2)               |                                  vm_map_ram() {
   11.755808 |   2)               |                                    alloc_vmap_area() {
   11.755809 |   2)               |                                      kmem_cache_alloc_node_noprof() {
   11.755809 |   2)   0.126 us    |                                        preempt_count_add();
   11.755809 |   2)   0.228 us    |                                        preempt_count_sub();
   11.755810 |   2)   0.902 us    |                                      }
   11.755810 |   2)               |                                      kmem_cache_alloc_node_noprof() {
   11.755810 |   2)   0.125 us    |                                        preempt_count_add();
   11.755810 |   2)   0.138 us    |                                        preempt_count_sub();
   11.755811 |   2)   0.700 us    |                                      }
   11.755811 |   2)               |                                      _raw_spin_lock() {
   11.755811 |   2)   0.129 us    |                                        preempt_count_add();
   11.755811 |   2)   0.397 us    |                                      }
   11.755814 |   2)               |                                      _raw_spin_unlock() {
   11.755814 |   2)   0.141 us    |                                        preempt_count_sub();
   11.755814 |   2)   0.424 us    |                                      }
   11.755814 |   2)               |                                      _raw_spin_lock() {
   11.755814 |   2)   0.127 us    |                                        preempt_count_add();
   11.755815 |   2)   0.408 us    |                                      }
   11.755815 |   2)   0.432 us    |                                      insert_vmap_area();
   11.755815 |   2)               |                                      _raw_spin_unlock() {
   11.755816 |   2)   0.130 us    |                                        preempt_count_sub();
   11.755816 |   2)   0.393 us    |                                      }
   11.755816 |   2)   7.753 us    |                                    }
   11.755816 |   2)               |                                    vmap_small_pages_range_noflush() {
   11.755816 |   2)   0.126 us    |                                      preempt_count_add();
   11.755817 |   2)   0.127 us    |                                      preempt_count_sub();
   11.755817 |   2)   0.125 us    |                                      preempt_count_add();
   11.755817 |   2)   0.127 us    |                                      preempt_count_sub();
   11.755818 |   2)   0.125 us    |                                      preempt_count_add();
   11.755818 |   2)   0.127 us    |                                      preempt_count_sub();
   11.755818 |   2)   0.125 us    |                                      preempt_count_add();
   11.755818 |   2)   0.128 us    |                                      preempt_count_sub();
   11.755819 |   2)   0.128 us    |                                      preempt_count_add();
   11.755819 |   2)   0.127 us    |                                      preempt_count_sub();
   11.755819 |   2)   0.127 us    |                                      preempt_count_add();
   11.755820 |   2)   0.128 us    |                                      preempt_count_sub();
   11.755820 |   2)   0.125 us    |                                      preempt_count_add();
   11.755820 |   2)   0.128 us    |                                      preempt_count_sub();
   11.755820 |   2)   0.125 us    |                                      preempt_count_add();
   11.755821 |   2)   0.127 us    |                                      preempt_count_sub();
   11.755821 |   2)   0.126 us    |                                      preempt_count_add();
   11.755821 |   2)   0.130 us    |                                      preempt_count_sub();
   11.755822 |   2)   0.125 us    |                                      preempt_count_add();
   11.755822 |   2)   0.130 us    |                                      preempt_count_sub();
   11.755822 |   2)   0.126 us    |                                      preempt_count_add();
   11.755822 |   2)   0.127 us    |                                      preempt_count_sub();
   11.755823 |   2)   0.128 us    |                                      preempt_count_add();
   11.755823 |   2)   0.127 us    |                                      preempt_count_sub();
   11.755823 |   2)   0.125 us    |                                      preempt_count_add();
   11.755823 |   2)   0.127 us    |                                      preempt_count_sub();
   11.755824 |   2)   0.127 us    |                                      preempt_count_add();
   11.755824 |   2)   0.127 us    |                                      preempt_count_sub();
   11.755824 |   2)   0.125 us    |                                      preempt_count_add();
   11.755825 |   2)   0.128 us    |                                      preempt_count_sub();
   11.755825 |   2)   0.128 us    |                                      preempt_count_add();
   11.755825 |   2)   0.127 us    |                                      preempt_count_sub();
   11.755825 |   2)   0.125 us    |                                      preempt_count_add();
   11.755826 |   2)   0.127 us    |                                      preempt_count_sub();
   11.755826 |   2)   0.125 us    |                                      preempt_count_add();
   11.755826 |   2)   0.127 us    |                                      preempt_count_sub();
   11.755827 |   2)   0.127 us    |                                      preempt_count_add();
   11.755827 |   2)   0.127 us    |                                      preempt_count_sub();
   11.755827 |   2)   0.125 us    |                                      preempt_count_add();
   11.755827 |   2)   0.126 us    |                                      preempt_count_sub();
   11.755828 |   2)   0.127 us    |                                      preempt_count_add();
   11.755828 |   2)   0.183 us    |                                      preempt_count_sub();
   11.755828 |   2)   0.126 us    |                                      preempt_count_add();
   11.755829 |   2)   0.127 us    |                                      preempt_count_sub();
   11.755829 |   2)   0.127 us    |                                      preempt_count_add();
   11.755829 |   2)   0.127 us    |                                      preempt_count_sub();
   11.755829 |   2)   0.126 us    |                                      preempt_count_add();
   11.755830 |   2)   0.129 us    |                                      preempt_count_sub();
   11.755830 |   2)   0.125 us    |                                      preempt_count_add();
   11.755830 |   2)   0.126 us    |                                      preempt_count_sub();
   11.755831 |   2)   0.127 us    |                                      preempt_count_add();
   11.755831 |   2)   0.128 us    |                                      preempt_count_sub();
   11.755831 |   2)   0.129 us    |                                      preempt_count_add();
   11.755831 |   2)   0.126 us    |                                      preempt_count_sub();
   11.755832 |   2)   0.127 us    |                                      preempt_count_add();
   11.755832 |   2)   0.129 us    |                                      preempt_count_sub();
   11.755832 |   2)   0.128 us    |                                      preempt_count_add();
   11.755832 |   2)   0.128 us    |                                      preempt_count_sub();
   11.755833 |   2)   0.126 us    |                                      preempt_count_add();
   11.755833 |   2)   0.129 us    |                                      preempt_count_sub();
   11.755833 |   2)   0.126 us    |                                      preempt_count_add();
   11.755834 |   2)   0.126 us    |                                      preempt_count_sub();
   11.755834 |   2)   0.128 us    |                                      preempt_count_add();
   11.755834 |   2)   0.128 us    |                                      preempt_count_sub();
   11.755834 |   2)   0.126 us    |                                      preempt_count_add();
   11.755835 |   2)   0.129 us    |                                      preempt_count_sub();
   11.755835 |   2)   0.128 us    |                                      preempt_count_add();
   11.755835 |   2)   0.129 us    |                                      preempt_count_sub();
   11.755836 |   2)   0.127 us    |                                      preempt_count_add();
   11.755836 |   2)   0.125 us    |                                      preempt_count_sub();
   11.755836 |   2)   0.128 us    |                                      preempt_count_add();
   11.755836 |   2)   0.128 us    |                                      preempt_count_sub();
   11.755837 |   2)   0.128 us    |                                      preempt_count_add();
   11.755837 |   2)   0.127 us    |                                      preempt_count_sub();
   11.755837 |   2)   0.127 us    |                                      preempt_count_add();
   11.755837 |   2)   0.128 us    |                                      preempt_count_sub();
   11.755838 |   2)   0.128 us    |                                      preempt_count_add();
   11.755838 |   2)   0.126 us    |                                      preempt_count_sub();
   11.755838 |   2)   0.125 us    |                                      preempt_count_add();
   11.755839 |   2)   0.128 us    |                                      preempt_count_sub();
   11.755839 |   2)   0.125 us    |                                      preempt_count_add();
   11.755839 |   2)   0.130 us    |                                      preempt_count_sub();
   11.755839 |   2)   0.128 us    |                                      preempt_count_add();
   11.755840 |   2)   0.127 us    |                                      preempt_count_sub();
   11.755840 |   2)   0.126 us    |                                      preempt_count_add();
   11.755840 |   2)   0.130 us    |                                      preempt_count_sub();
   11.755841 |   2)   0.127 us    |                                      preempt_count_add();
   11.755841 |   2)   0.128 us    |                                      preempt_count_sub();
   11.755841 |   2)   0.125 us    |                                      preempt_count_add();
   11.755841 |   2)   0.132 us    |                                      preempt_count_sub();
   11.755842 |   2)   0.128 us    |                                      preempt_count_add();
   11.755842 |   2)   0.128 us    |                                      preempt_count_sub();
   11.755842 |   2)   0.127 us    |                                      preempt_count_add();
   11.755843 |   2)   0.130 us    |                                      preempt_count_sub();
   11.755843 |   2)   0.127 us    |                                      preempt_count_add();
   11.755843 |   2)   0.126 us    |                                      preempt_count_sub();
   11.755843 |   2)   0.125 us    |                                      preempt_count_add();
   11.755844 |   2)   0.127 us    |                                      preempt_count_sub();
   11.755844 |   2)   0.128 us    |                                      preempt_count_add();
   11.755844 |   2)   0.127 us    |                                      preempt_count_sub();
   11.755844 |   2)   0.125 us    |                                      preempt_count_add();
   11.755845 |   2)   0.126 us    |                                      preempt_count_sub();
   11.755845 |   2)   0.127 us    |                                      preempt_count_add();
   11.755845 |   2)   0.125 us    |                                      preempt_count_sub();
   11.755846 |   2)   0.129 us    |                                      preempt_count_add();
   11.755846 |   2)   0.127 us    |                                      preempt_count_sub();
   11.755846 |   2)   0.124 us    |                                      preempt_count_add();
   11.755846 |   2)   0.128 us    |                                      preempt_count_sub();
   11.755847 |   2)   0.125 us    |                                      preempt_count_add();
   11.755847 |   2)   0.126 us    |                                      preempt_count_sub();
   11.755847 |   2)   0.127 us    |                                      preempt_count_add();
   11.755847 |   2)   0.126 us    |                                      preempt_count_sub();
   11.755848 |   2)   0.126 us    |                                      preempt_count_add();
   11.755848 |   2)   0.128 us    |                                      preempt_count_sub();
   11.755848 |   2)   0.127 us    |                                      preempt_count_add();
   11.755849 |   2)   0.126 us    |                                      preempt_count_sub();
   11.755849 |   2)   0.125 us    |                                      preempt_count_add();
   11.755849 |   2)   0.126 us    |                                      preempt_count_sub();
   11.755850 |   2)   0.127 us    |                                      preempt_count_add();
   11.755850 |   2)   0.126 us    |                                      preempt_count_sub();
   11.755850 |   2)   0.126 us    |                                      preempt_count_add();
   11.755850 |   2)   0.126 us    |                                      preempt_count_sub();
   11.755851 |   2)   0.126 us    |                                      preempt_count_add();
   11.755851 |   2)   0.127 us    |                                      preempt_count_sub();
   11.755851 |   2)   0.127 us    |                                      preempt_count_add();
   11.755851 |   2)   0.128 us    |                                      preempt_count_sub();
   11.755852 |   2)   0.126 us    |                                      preempt_count_add();
   11.755852 |   2)   0.127 us    |                                      preempt_count_sub();
   11.755852 |   2)   0.127 us    |                                      preempt_count_add();
   11.755853 |   2)   0.127 us    |                                      preempt_count_sub();
   11.755853 |   2)   0.127 us    |                                      preempt_count_add();
   11.755853 |   2)   0.126 us    |                                      preempt_count_sub();
   11.755853 |   2)   0.127 us    |                                      preempt_count_add();
   11.755854 |   2)   0.128 us    |                                      preempt_count_sub();
   11.755854 |   2)   0.127 us    |                                      preempt_count_add();
   11.755854 |   2)   0.127 us    |                                      preempt_count_sub();
   11.755854 |   2)   0.128 us    |                                      preempt_count_add();
   11.755855 |   2)   0.128 us    |                                      preempt_count_sub();
   11.755855 |   2)   0.128 us    |                                      preempt_count_add();
   11.755855 |   2)   0.127 us    |                                      preempt_count_sub();
   11.755856 |   2)   0.126 us    |                                      preempt_count_add();
   11.755856 |   2)   0.128 us    |                                      preempt_count_sub();
   11.755856 |   2)   0.126 us    |                                      preempt_count_add();
   11.755856 |   2)   0.127 us    |                                      preempt_count_sub();
   11.755857 |   2)   0.128 us    |                                      preempt_count_add();
   11.755857 |   2)   0.126 us    |                                      preempt_count_sub();
   11.755857 |   2)   0.127 us    |                                      preempt_count_add();
   11.755858 |   2)   0.128 us    |                                      preempt_count_sub();
   11.755858 |   2)   0.126 us    |                                      preempt_count_add();
   11.755858 |   2)   0.127 us    |                                      preempt_count_sub();
   11.755858 |   2)   0.126 us    |                                      preempt_count_add();
   11.755859 |   2)   0.127 us    |                                      preempt_count_sub();
   11.755859 |   2)   0.127 us    |                                      preempt_count_add();
   11.755859 |   2)   0.126 us    |                                      preempt_count_sub();
   11.755860 |   2)   0.128 us    |                                      preempt_count_add();
   11.755860 |   2)   0.127 us    |                                      preempt_count_sub();
   11.755860 |   2)   0.128 us    |                                      preempt_count_add();
   11.755860 |   2)   0.128 us    |                                      preempt_count_sub();
   11.755861 |   2)   0.127 us    |                                      preempt_count_add();
   11.755861 |   2)   0.127 us    |                                      preempt_count_sub();
   11.755861 |   2)   0.126 us    |                                      preempt_count_add();
   11.755861 |   2)   0.127 us    |                                      preempt_count_sub();
   11.755862 |   2)   0.126 us    |                                      preempt_count_add();
   11.755862 |   2)   0.126 us    |                                      preempt_count_sub();
   11.755862 |   2)   0.125 us    |                                      preempt_count_add();
   11.755863 |   2)   0.127 us    |                                      preempt_count_sub();
   11.755863 |   2)   0.128 us    |                                      preempt_count_add();
   11.755863 |   2)   0.128 us    |                                      preempt_count_sub();
   11.755863 |   2) + 47.220 us   |                                    }
   11.755864 |   2) + 55.489 us   |                                  }
   11.755864 |   2) + 49.970 us   |                                  LZ4_decompress_safe_partial();
   11.755914 |   2)               |                                  vm_unmap_ram() {
   11.755914 |   2)               |                                    find_unlink_vmap_area() {
   11.755914 |   2)               |                                      _raw_spin_lock() {
   11.755914 |   2)   0.125 us    |                                        preempt_count_add();
   11.755915 |   2)   0.406 us    |                                      }
   11.755915 |   2)               |                                      _raw_spin_unlock() {
   11.755915 |   2)   0.127 us    |                                        preempt_count_sub();
   11.755915 |   2)   0.404 us    |                                      }
   11.755916 |   2)   1.380 us    |                                    }
   11.755916 |   2)               |                                    __vunmap_range_noflush() {
   11.755916 |   2)   0.124 us    |                                      p4d_clear_huge();
   11.755916 |   2)   0.124 us    |                                      pud_clear_huge();
   11.755917 |   2)   0.127 us    |                                      pmd_clear_huge();
   11.755917 |   2)   1.600 us    |                                    }
   11.755917 |   2)               |                                    free_vmap_area_noflush() {
   11.755918 |   2)               |                                      _raw_spin_lock() {
   11.755918 |   2)   0.125 us    |                                        preempt_count_add();
   11.755918 |   2)   0.389 us    |                                      }
   11.755918 |   2)   0.300 us    |                                      insert_vmap_area();
   11.755919 |   2)               |                                      _raw_spin_unlock() {
   11.755919 |   2)   0.126 us    |                                        preempt_count_sub();
   11.755919 |   2)   0.394 us    |                                      }
   11.755919 |   2)   1.725 us    |                                    }
   11.755919 |   2)   5.368 us    |                                  }
   11.755919 |   2) ! 173.174 us  |                                }
   11.755920 |   2)               |                                erofs_onlinefolio_end() {
   11.755920 |   2)   0.130 us    |                                  folio_end_read();
   11.755920 |   2)   0.392 us    |                                }
   11.755920 |   2)               |                                erofs_onlinefolio_end() {
   11.755921 |   2)   0.206 us    |                                  folio_end_read();
   11.755921 |   2)   0.459 us    |                                }
   11.755921 |   2)               |                                erofs_onlinefolio_end() {
   11.755921 |   2)   0.142 us    |                                  folio_end_read();
   11.755921 |   2)   0.394 us    |                                }
   11.755921 |   2)               |                                erofs_onlinefolio_end() {
   11.755922 |   2)   0.128 us    |                                  folio_end_read();
   11.755922 |   2)   0.385 us    |                                }
   11.755922 |   2)               |                                erofs_onlinefolio_end() {
   11.755922 |   2)   0.130 us    |                                  folio_end_read();
   11.755922 |   2)   0.383 us    |                                }
   11.755923 |   2)               |                                erofs_onlinefolio_end() {
   11.755923 |   2)   0.130 us    |                                  folio_end_read();
   11.755923 |   2)   0.384 us    |                                }
   11.755923 |   2)               |                                erofs_onlinefolio_end() {
   11.755923 |   2)   0.130 us    |                                  folio_end_read();
   11.755923 |   2)   0.387 us    |                                }
   11.755924 |   2)               |                                erofs_onlinefolio_end() {
   11.755924 |   2)   0.129 us    |                                  folio_end_read();
   11.755924 |   2)   0.381 us    |                                }
   11.755924 |   2)               |                                erofs_onlinefolio_end() {
   11.755924 |   2)   0.131 us    |                                  folio_end_read();
   11.755925 |   2)   0.384 us    |                                }
   11.755925 |   2)               |                                erofs_onlinefolio_end() {
   11.755925 |   2)   0.130 us    |                                  folio_end_read();
   11.755925 |   2)   0.385 us    |                                }
   11.755925 |   2)               |                                erofs_onlinefolio_end() {
   11.755925 |   2)   0.131 us    |                                  folio_end_read();
   11.755926 |   2)   0.385 us    |                                }
   11.755926 |   2)               |                                erofs_onlinefolio_end() {
   11.755926 |   2)   0.129 us    |                                  folio_end_read();
   11.755926 |   2)   0.381 us    |                                }
   11.755926 |   2)               |                                erofs_onlinefolio_end() {
   11.755926 |   2)   0.130 us    |                                  folio_end_read();
   11.755927 |   2)   0.383 us    |                                }
   11.755927 |   2)               |                                erofs_onlinefolio_end() {
   11.755927 |   2)   0.129 us    |                                  folio_end_read();
   11.755927 |   2)   0.383 us    |                                }
   11.755927 |   2)               |                                erofs_onlinefolio_end() {
   11.755927 |   2)   0.130 us    |                                  folio_end_read();
   11.755928 |   2)   0.384 us    |                                }
   11.755928 |   2)               |                                erofs_onlinefolio_end() {
   11.755928 |   2)   0.129 us    |                                  folio_end_read();
   11.755928 |   2)   0.383 us    |                                }
   11.755928 |   2)               |                                erofs_onlinefolio_end() {
   11.755928 |   2)   0.131 us    |                                  folio_end_read();
   11.755929 |   2)   0.388 us    |                                }
   11.755929 |   2)               |                                erofs_onlinefolio_end() {
   11.755929 |   2)   0.130 us    |                                  folio_end_read();
   11.755929 |   2)   0.384 us    |                                }
   11.755929 |   2)               |                                erofs_onlinefolio_end() {
   11.755929 |   2)   0.130 us    |                                  folio_end_read();
   11.755930 |   2)   0.383 us    |                                }
   11.755930 |   2)               |                                erofs_onlinefolio_end() {
   11.755930 |   2)   0.131 us    |                                  folio_end_read();
   11.755930 |   2)   0.388 us    |                                }
   11.755930 |   2)               |                                erofs_onlinefolio_end() {
   11.755931 |   2)   0.131 us    |                                  folio_end_read();
   11.755931 |   2)   0.385 us    |                                }
   11.755931 |   2)               |                                erofs_onlinefolio_end() {
   11.755931 |   2)   0.130 us    |                                  folio_end_read();
   11.755931 |   2)   0.385 us    |                                }
   11.755931 |   2)               |                                erofs_onlinefolio_end() {
   11.755932 |   2)   0.130 us    |                                  folio_end_read();
   11.755932 |   2)   0.382 us    |                                }
   11.755932 |   2)               |                                erofs_onlinefolio_end() {
   11.755932 |   2)   0.129 us    |                                  folio_end_read();
   11.755932 |   2)   0.383 us    |                                }
   11.755933 |   2)               |                                erofs_onlinefolio_end() {
   11.755933 |   2)   0.129 us    |                                  folio_end_read();
   11.755933 |   2)   0.382 us    |                                }
   11.755933 |   2)               |                                erofs_onlinefolio_end() {
   11.755933 |   2)   0.130 us    |                                  folio_end_read();
   11.755933 |   2)   0.383 us    |                                }
   11.755934 |   2)               |                                erofs_onlinefolio_end() {
   11.755934 |   2)   0.130 us    |                                  folio_end_read();
   11.755934 |   2)   0.383 us    |                                }
   11.755934 |   2)               |                                erofs_onlinefolio_end() {
   11.755934 |   2)   0.130 us    |                                  folio_end_read();
   11.755935 |   2)   0.381 us    |                                }
   11.755935 |   2)               |                                erofs_onlinefolio_end() {
   11.755935 |   2)   0.130 us    |                                  folio_end_read();
   11.755935 |   2)   0.381 us    |                                }
   11.755935 |   2)               |                                erofs_onlinefolio_end() {
   11.755935 |   2)   0.129 us    |                                  folio_end_read();
   11.755936 |   2)   0.384 us    |                                }
   11.755936 |   2)               |                                erofs_onlinefolio_end() {
   11.755936 |   2)   0.128 us    |                                  folio_end_read();
   11.755936 |   2)   0.386 us    |                                }
   11.755936 |   2)               |                                erofs_onlinefolio_end() {
   11.755936 |   2)   0.129 us    |                                  folio_end_read();
   11.755937 |   2)   0.383 us    |                                }
   11.755937 |   2)               |                                erofs_onlinefolio_end() {
   11.755937 |   2)   0.129 us    |                                  folio_end_read();
   11.755937 |   2)   0.381 us    |                                }
   11.755937 |   2)               |                                erofs_onlinefolio_end() {
   11.755937 |   2)   0.132 us    |                                  folio_end_read();
   11.755938 |   2)   0.384 us    |                                }
   11.755938 |   2)               |                                erofs_onlinefolio_end() {
   11.755938 |   2)   0.131 us    |                                  folio_end_read();
   11.755938 |   2)   0.385 us    |                                }
   11.755938 |   2)               |                                erofs_onlinefolio_end() {
   11.755939 |   2)   0.129 us    |                                  folio_end_read();
   11.755939 |   2)   0.381 us    |                                }
   11.755939 |   2)               |                                erofs_onlinefolio_end() {
   11.755939 |   2)   0.128 us    |                                  folio_end_read();
   11.755939 |   2)   0.383 us    |                                }
   11.755939 |   2)               |                                erofs_onlinefolio_end() {
   11.755940 |   2)   0.127 us    |                                  folio_end_read();
   11.755940 |   2)   0.380 us    |                                }
   11.755940 |   2)               |                                erofs_onlinefolio_end() {
   11.755940 |   2)   0.129 us    |                                  folio_end_read();
   11.755940 |   2)   0.384 us    |                                }
   11.755940 |   2)               |                                erofs_onlinefolio_end() {
   11.755941 |   2)   0.129 us    |                                  folio_end_read();
   11.755941 |   2)   0.383 us    |                                }
   11.755941 |   2)               |                                erofs_onlinefolio_end() {
   11.755941 |   2)   0.129 us    |                                  folio_end_read();
   11.755941 |   2)   0.383 us    |                                }
   11.755942 |   2)               |                                erofs_onlinefolio_end() {
   11.755942 |   2)   0.128 us    |                                  folio_end_read();
   11.755942 |   2)   0.381 us    |                                }
   11.755942 |   2)               |                                erofs_onlinefolio_end() {
   11.755942 |   2)   0.130 us    |                                  folio_end_read();
   11.755942 |   2)   0.385 us    |                                }
   11.755943 |   2)               |                                erofs_onlinefolio_end() {
   11.755943 |   2)   0.129 us    |                                  folio_end_read();
   11.755943 |   2)   0.383 us    |                                }
   11.755943 |   2)               |                                erofs_onlinefolio_end() {
   11.755943 |   2)   0.129 us    |                                  folio_end_read();
   11.755943 |   2)   0.380 us    |                                }
   11.755944 |   2)               |                                erofs_onlinefolio_end() {
   11.755944 |   2)   0.128 us    |                                  folio_end_read();
   11.755944 |   2)   0.381 us    |                                }
   11.755944 |   2)               |                                erofs_onlinefolio_end() {
   11.755944 |   2)   0.129 us    |                                  folio_end_read();
   11.755945 |   2)   0.382 us    |                                }
   11.755945 |   2)               |                                erofs_onlinefolio_end() {
   11.755945 |   2)   0.130 us    |                                  folio_end_read();
   11.755945 |   2)   0.385 us    |                                }
   11.755945 |   2)               |                                erofs_onlinefolio_end() {
   11.755945 |   2)   0.129 us    |                                  folio_end_read();
   11.755946 |   2)   0.383 us    |                                }
   11.755946 |   2)               |                                erofs_onlinefolio_end() {
   11.755946 |   2)   0.129 us    |                                  folio_end_read();
   11.755946 |   2)   0.381 us    |                                }
   11.755946 |   2)               |                                erofs_onlinefolio_end() {
   11.755946 |   2)   0.127 us    |                                  folio_end_read();
   11.755947 |   2)   0.382 us    |                                }
   11.755947 |   2)               |                                erofs_onlinefolio_end() {
   11.755947 |   2)   0.129 us    |                                  folio_end_read();
   11.755947 |   2)   0.382 us    |                                }
   11.755947 |   2)               |                                erofs_onlinefolio_end() {
   11.755947 |   2)   0.207 us    |                                  folio_end_read();
   11.755948 |   2)   0.460 us    |                                }
   11.755948 |   2)               |                                erofs_onlinefolio_end() {
   11.755948 |   2)   0.130 us    |                                  folio_end_read();
   11.755948 |   2)   0.382 us    |                                }
   11.755948 |   2)               |                                erofs_onlinefolio_end() {
   11.755949 |   2)   0.129 us    |                                  folio_end_read();
   11.755949 |   2)   0.383 us    |                                }
   11.755949 |   2)               |                                erofs_onlinefolio_end() {
   11.755949 |   2)   0.129 us    |                                  folio_end_read();
   11.755949 |   2)   0.381 us    |                                }
   11.755949 |   2)               |                                erofs_onlinefolio_end() {
   11.755950 |   2)   0.128 us    |                                  folio_end_read();
   11.755950 |   2)   0.384 us    |                                }
   11.755950 |   2)               |                                erofs_onlinefolio_end() {
   11.755950 |   2)   0.129 us    |                                  folio_end_read();
   11.755950 |   2)   0.386 us    |                                }
   11.755950 |   2)               |                                erofs_onlinefolio_end() {
   11.755951 |   2)   0.128 us    |                                  folio_end_read();
   11.755951 |   2)   0.384 us    |                                }
   11.755951 |   2)               |                                erofs_onlinefolio_end() {
   11.755951 |   2)   0.130 us    |                                  folio_end_read();
   11.755951 |   2)   0.384 us    |                                }
   11.755952 |   2)               |                                erofs_onlinefolio_end() {
   11.755952 |   2)   0.129 us    |                                  folio_end_read();
   11.755952 |   2)   0.385 us    |                                }
   11.755952 |   2)               |                                erofs_onlinefolio_end() {
   11.755952 |   2)   0.128 us    |                                  folio_end_read();
   11.755952 |   2)   0.382 us    |                                }
   11.755953 |   2)               |                                erofs_onlinefolio_end() {
   11.755953 |   2)   0.128 us    |                                  folio_end_read();
   11.755953 |   2)   0.382 us    |                                }
   11.755953 |   2)               |                                erofs_onlinefolio_end() {
   11.755953 |   2)   0.129 us    |                                  folio_end_read();
   11.755953 |   2)   0.385 us    |                                }
   11.755954 |   2)               |                                kvfree() {
   11.755954 |   2)   0.124 us    |                                  is_vmalloc_addr();
   11.755954 |   2)               |                                  kfree() {
   11.755954 |   2)   0.126 us    |                                    preempt_count_add();
   11.755955 |   2)   0.126 us    |                                    preempt_count_sub();
   11.755955 |   2)   0.736 us    |                                  }
   11.755955 |   2)   1.270 us    |                                }
   11.755955 |   2)               |                                z_erofs_put_pcluster() {
   11.755955 |   2)               |                                  _raw_spin_lock() {
   11.755955 |   2)   0.124 us    |                                    preempt_count_add();
   11.755956 |   2)   0.392 us    |                                  }
   11.755956 |   2)               |                                  _raw_spin_unlock() {
   11.755956 |   2)   0.127 us    |                                    preempt_count_sub();
   11.755956 |   2)   0.397 us    |                                  }
   11.755956 |   2)   1.238 us    |                                }
   11.755957 |   2) ! 228.803 us  |                              }
   11.755957 |   2) ! 233.388 us  |                            }
   11.755957 |   2)   0.146 us    |                            erofs_put_metabuf();
   11.755957 |   2)               |                            erofs_release_pages() {
   11.755957 |   2)               |                              __folio_put() {
   11.755957 |   2)               |                                free_frozen_pages() {
   11.755958 |   2)               |                                  __free_frozen_pages() {
   11.755958 |   2)   0.125 us    |                                    preempt_count_add();
   11.755958 |   2)               |                                    _raw_spin_trylock() {
   11.755958 |   2)   0.124 us    |                                      preempt_count_add();
   11.755958 |   2)   0.391 us    |                                    }
   11.755959 |   2)   0.143 us    |                                    free_frozen_page_commit();
   11.755959 |   2)               |                                    _raw_spin_unlock() {
   11.755959 |   2)   0.134 us    |                                      preempt_count_sub();
   11.755959 |   2)   0.399 us    |                                    }
   11.755959 |   2)   0.127 us    |                                    preempt_count_sub();
   11.755960 |   2)   2.139 us    |                                  }
   11.755960 |   2)   2.401 us    |                                }
   11.755960 |   2)   2.658 us    |                              }
   11.755960 |   2)               |                              __folio_put() {
   11.755960 |   2)               |                                free_frozen_pages() {
   11.755960 |   2)               |                                  __free_frozen_pages() {
   11.755961 |   2)   0.125 us    |                                    preempt_count_add();
   11.755961 |   2)               |                                    _raw_spin_trylock() {
   11.755961 |   2)   0.123 us    |                                      preempt_count_add();
   11.755961 |   2)   0.390 us    |                                    }
   11.755961 |   2)   0.130 us    |                                    free_frozen_page_commit();
   11.755962 |   2)               |                                    _raw_spin_unlock() {
   11.755962 |   2)   0.129 us    |                                      preempt_count_sub();
   11.755962 |   2)   0.392 us    |                                    }
   11.755962 |   2)   0.127 us    |                                    preempt_count_sub();
   11.755963 |   2)   2.113 us    |                                  }
   11.755963 |   2)   2.361 us    |                                }
   11.755963 |   2)   2.614 us    |                              }
   11.755963 |   2)               |                              __folio_put() {
   11.755963 |   2)               |                                free_frozen_pages() {
   11.755963 |   2)               |                                  __free_frozen_pages() {
   11.755963 |   2)   0.127 us    |                                    preempt_count_add();
   11.755964 |   2)               |                                    _raw_spin_trylock() {
   11.755964 |   2)   0.125 us    |                                      preempt_count_add();
   11.755964 |   2)   0.388 us    |                                    }
   11.755964 |   2)   0.128 us    |                                    free_frozen_page_commit();
   11.755964 |   2)               |                                    _raw_spin_unlock() {
   11.755964 |   2)   0.130 us    |                                      preempt_count_sub();
   11.755965 |   2)   0.392 us    |                                    }
   11.755965 |   2)   0.128 us    |                                    preempt_count_sub();
   11.755965 |   2)   2.041 us    |                                  }
   11.755965 |   2)   2.288 us    |                                }
   11.755965 |   2)   2.538 us    |                              }
   11.755966 |   2)               |                              __folio_put() {
   11.755966 |   2)               |                                free_frozen_pages() {
   11.755966 |   2)               |                                  __free_frozen_pages() {
   11.755966 |   2)   0.127 us    |                                    preempt_count_add();
   11.755966 |   2)               |                                    _raw_spin_trylock() {
   11.755966 |   2)   0.124 us    |                                      preempt_count_add();
   11.755967 |   2)   0.388 us    |                                    }
   11.755967 |   2)   0.127 us    |                                    free_frozen_page_commit();
   11.755967 |   2)               |                                    _raw_spin_unlock() {
   11.755967 |   2)   0.133 us    |                                      preempt_count_sub();
   11.755967 |   2)   0.397 us    |                                    }
   11.755968 |   2)   0.127 us    |                                    preempt_count_sub();
   11.755968 |   2)   2.031 us    |                                  }
   11.755968 |   2)   2.280 us    |                                }
   11.755968 |   2)   2.529 us    |                              }
   11.755968 |   2)               |                              __folio_put() {
   11.755968 |   2)               |                                free_frozen_pages() {
   11.755969 |   2)               |                                  __free_frozen_pages() {
   11.755969 |   2)   0.128 us    |                                    preempt_count_add();
   11.755969 |   2)               |                                    _raw_spin_trylock() {
   11.755969 |   2)   0.123 us    |                                      preempt_count_add();
   11.755969 |   2)   0.388 us    |                                    }
   11.755969 |   2)   0.140 us    |                                    free_frozen_page_commit();
   11.755970 |   2)               |                                    _raw_spin_unlock() {
   11.755970 |   2)   0.125 us    |                                      preempt_count_sub();
   11.755970 |   2)   0.387 us    |                                    }
   11.755970 |   2)   0.125 us    |                                    preempt_count_sub();
   11.755971 |   2)   1.991 us    |                                  }
   11.755971 |   2)   2.262 us    |                                }
   11.755971 |   2)   2.511 us    |                              }
   11.755971 |   2)               |                              __folio_put() {
   11.755971 |   2)               |                                free_frozen_pages() {
   11.755971 |   2)               |                                  __free_frozen_pages() {
   11.755971 |   2)   0.125 us    |                                    preempt_count_add();
   11.755972 |   2)               |                                    _raw_spin_trylock() {
   11.755972 |   2)   0.123 us    |                                      preempt_count_add();
   11.755972 |   2)   0.388 us    |                                    }
   11.755972 |   2)   0.127 us    |                                    free_frozen_page_commit();
   11.755972 |   2)               |                                    _raw_spin_unlock() {
   11.755972 |   2)   0.125 us    |                                      preempt_count_sub();
   11.755973 |   2)   0.390 us    |                                    }
   11.755973 |   2)   0.127 us    |                                    preempt_count_sub();
   11.755973 |   2)   2.009 us    |                                  }
   11.755973 |   2)   2.256 us    |                                }
   11.755973 |   2)   2.506 us    |                              }
   11.755974 |   2)               |                              __folio_put() {
   11.755974 |   2)               |                                free_frozen_pages() {
   11.755974 |   2)               |                                  __free_frozen_pages() {
   11.755974 |   2)   0.126 us    |                                    preempt_count_add();
   11.755974 |   2)               |                                    _raw_spin_trylock() {
   11.755974 |   2)   0.123 us    |                                      preempt_count_add();
   11.755975 |   2)   0.388 us    |                                    }
   11.755975 |   2)   0.127 us    |                                    free_frozen_page_commit();
   11.755975 |   2)               |                                    _raw_spin_unlock() {
   11.755975 |   2)   0.190 us    |                                      preempt_count_sub();
   11.755975 |   2)   0.457 us    |                                    }
   11.755976 |   2)   0.126 us    |                                    preempt_count_sub();
   11.755976 |   2)   2.072 us    |                                  }
   11.755976 |   2)   2.343 us    |                                }
   11.755976 |   2)   2.592 us    |                              }
   11.755976 |   2)               |                              __folio_put() {
   11.755976 |   2)               |                                free_frozen_pages() {
   11.755977 |   2)               |                                  __free_frozen_pages() {
   11.755977 |   2)   0.126 us    |                                    preempt_count_add();
   11.755977 |   2)               |                                    _raw_spin_trylock() {
   11.755977 |   2)   0.124 us    |                                      preempt_count_add();
   11.755977 |   2)   0.387 us    |                                    }
   11.755977 |   2)   0.126 us    |                                    free_frozen_page_commit();
   11.755978 |   2)               |                                    _raw_spin_unlock() {
   11.755978 |   2)   0.139 us    |                                      preempt_count_sub();
   11.755978 |   2)   0.400 us    |                                    }
   11.755978 |   2)   0.128 us    |                                    preempt_count_sub();
   11.755979 |   2)   2.017 us    |                                  }
   11.755979 |   2)   2.290 us    |                                }
   11.755979 |   2)   2.541 us    |                              }
   11.755979 |   2)               |                              __folio_put() {
   11.755979 |   2)               |                                free_frozen_pages() {
   11.755979 |   2)               |                                  __free_frozen_pages() {
   11.755979 |   2)   0.125 us    |                                    preempt_count_add();
   11.755980 |   2)               |                                    _raw_spin_trylock() {
   11.755980 |   2)   0.123 us    |                                      preempt_count_add();
   11.755980 |   2)   0.389 us    |                                    }
   11.755980 |   2)   0.126 us    |                                    free_frozen_page_commit();
   11.755980 |   2)               |                                    _raw_spin_unlock() {
   11.755981 |   2)   0.121 us    |                                      preempt_count_sub();
   11.755981 |   2)   0.386 us    |                                    }
   11.755981 |   2)   0.127 us    |                                    preempt_count_sub();
   11.755981 |   2)   2.025 us    |                                  }
   11.755981 |   2)   2.274 us    |                                }
   11.755982 |   2)   2.523 us    |                              }
   11.755982 |   2)               |                              __folio_put() {
   11.755982 |   2)               |                                free_frozen_pages() {
   11.755982 |   2)               |                                  __free_frozen_pages() {
   11.755982 |   2)   0.125 us    |                                    preempt_count_add();
   11.755982 |   2)               |                                    _raw_spin_trylock() {
   11.755982 |   2)   0.124 us    |                                      preempt_count_add();
   11.755983 |   2)   0.388 us    |                                    }
   11.755983 |   2)   0.125 us    |                                    free_frozen_page_commit();
   11.755983 |   2)               |                                    _raw_spin_unlock() {
   11.755983 |   2)   0.125 us    |                                      preempt_count_sub();
   11.755983 |   2)   0.389 us    |                                    }
   11.755984 |   2)   0.125 us    |                                    preempt_count_sub();
   11.755984 |   2)   2.000 us    |                                  }
   11.755984 |   2)   2.247 us    |                                }
   11.755984 |   2)   2.497 us    |                              }
   11.755984 |   2)               |                              __folio_put() {
   11.755984 |   2)               |                                free_frozen_pages() {
   11.755985 |   2)               |                                  __free_frozen_pages() {
   11.755985 |   2)   0.125 us    |                                    preempt_count_add();
   11.755985 |   2)               |                                    _raw_spin_trylock() {
   11.755985 |   2)   0.123 us    |                                      preempt_count_add();
   11.755985 |   2)   0.386 us    |                                    }
   11.755985 |   2)   0.126 us    |                                    free_frozen_page_commit();
   11.755986 |   2)               |                                    _raw_spin_unlock() {
   11.755986 |   2)   0.122 us    |                                      preempt_count_sub();
   11.755986 |   2)   0.387 us    |                                    }
   11.755986 |   2)   0.126 us    |                                    preempt_count_sub();
   11.755987 |   2)   2.006 us    |                                  }
   11.755987 |   2)   2.256 us    |                                }
   11.755987 |   2)   2.507 us    |                              }
   11.755987 |   2)               |                              __folio_put() {
   11.755987 |   2)               |                                free_frozen_pages() {
   11.755987 |   2)               |                                  __free_frozen_pages() {
   11.755987 |   2)   0.127 us    |                                    preempt_count_add();
   11.755988 |   2)               |                                    _raw_spin_trylock() {
   11.755988 |   2)   0.123 us    |                                      preempt_count_add();
   11.755988 |   2)   0.387 us    |                                    }
   11.755988 |   2)   0.128 us    |                                    free_frozen_page_commit();
   11.755988 |   2)               |                                    _raw_spin_unlock() {
   11.755989 |   2)   0.125 us    |                                      preempt_count_sub();
   11.755989 |   2)   0.389 us    |                                    }
   11.755989 |   2)   0.128 us    |                                    preempt_count_sub();
   11.755989 |   2)   2.279 us    |                                  }
   11.755990 |   2)   2.555 us    |                                }
   11.755990 |   2)   2.803 us    |                              }
   11.755990 |   2)               |                              __folio_put() {
   11.755990 |   2)               |                                free_frozen_pages() {
   11.755990 |   2)               |                                  __free_frozen_pages() {
   11.755990 |   2)   0.125 us    |                                    preempt_count_add();
   11.755991 |   2)               |                                    _raw_spin_trylock() {
   11.755991 |   2)   0.127 us    |                                      preempt_count_add();
   11.755991 |   2)   0.393 us    |                                    }
   11.755991 |   2)   0.129 us    |                                    free_frozen_page_commit();
   11.755991 |   2)               |                                    _raw_spin_unlock() {
   11.755991 |   2)   0.125 us    |                                      preempt_count_sub();
   11.755992 |   2)   0.388 us    |                                    }
   11.755992 |   2)   0.126 us    |                                    preempt_count_sub();
   11.755992 |   2)   2.008 us    |                                  }
   11.755992 |   2)   2.282 us    |                                }
   11.755992 |   2)   2.532 us    |                              }
   11.755993 |   2)               |                              __folio_put() {
   11.755993 |   2)               |                                free_frozen_pages() {
   11.755993 |   2)               |                                  __free_frozen_pages() {
   11.755993 |   2)   0.126 us    |                                    preempt_count_add();
   11.755993 |   2)               |                                    _raw_spin_trylock() {
   11.755993 |   2)   0.123 us    |                                      preempt_count_add();
   11.755994 |   2)   0.390 us    |                                    }
   11.755994 |   2)   0.128 us    |                                    free_frozen_page_commit();
   11.755994 |   2)               |                                    _raw_spin_unlock() {
   11.755994 |   2)   0.124 us    |                                      preempt_count_sub();
   11.755994 |   2)   0.387 us    |                                    }
   11.755995 |   2)   0.127 us    |                                    preempt_count_sub();
   11.755995 |   2)   2.007 us    |                                  }
   11.755995 |   2)   2.279 us    |                                }
   11.755995 |   2)   2.529 us    |                              }
   11.755995 |   2)               |                              __folio_put() {
   11.755995 |   2)               |                                free_frozen_pages() {
   11.755995 |   2)               |                                  __free_frozen_pages() {
   11.755996 |   2)   0.126 us    |                                    preempt_count_add();
   11.755996 |   2)               |                                    _raw_spin_trylock() {
   11.755996 |   2)   0.124 us    |                                      preempt_count_add();
   11.755996 |   2)   0.389 us    |                                    }
   11.755996 |   2)   0.129 us    |                                    free_frozen_page_commit();
   11.755997 |   2)               |                                    _raw_spin_unlock() {
   11.755997 |   2)   0.125 us    |                                      preempt_count_sub();
   11.755997 |   2)   0.390 us    |                                    }
   11.755997 |   2)   0.128 us    |                                    preempt_count_sub();
   11.755998 |   2)   2.011 us    |                                  }
   11.755998 |   2)   2.257 us    |                                }
   11.755998 |   2)   2.509 us    |                              }
   11.755998 |   2)               |                              __folio_put() {
   11.755998 |   2)               |                                free_frozen_pages() {
   11.755998 |   2)               |                                  __free_frozen_pages() {
   11.755998 |   2)   0.125 us    |                                    preempt_count_add();
   11.755999 |   2)               |                                    _raw_spin_trylock() {
   11.755999 |   2)   0.124 us    |                                      preempt_count_add();
   11.755999 |   2)   0.389 us    |                                    }
   11.755999 |   2)   0.128 us    |                                    free_frozen_page_commit();
   11.755999 |   2)               |                                    _raw_spin_unlock() {
   11.755999 |   2)   0.124 us    |                                      preempt_count_sub();
   11.756000 |   2)   0.388 us    |                                    }
   11.756000 |   2)   0.126 us    |                                    preempt_count_sub();
   11.756000 |   2)   2.008 us    |                                  }
   11.756000 |   2)   2.255 us    |                                }
   11.756000 |   2)   2.504 us    |                              }
   11.756001 |   2)               |                              __folio_put() {
   11.756001 |   2)               |                                free_frozen_pages() {
   11.756001 |   2)               |                                  __free_frozen_pages() {
   11.756001 |   2)   0.126 us    |                                    preempt_count_add();
   11.756001 |   2)               |                                    _raw_spin_trylock() {
   11.756001 |   2)   0.124 us    |                                      preempt_count_add();
   11.756002 |   2)   0.394 us    |                                    }
   11.756002 |   2)   0.128 us    |                                    free_frozen_page_commit();
   11.756002 |   2)               |                                    _raw_spin_unlock() {
   11.756002 |   2)   0.121 us    |                                      preempt_count_sub();
   11.756002 |   2)   0.384 us    |                                    }
   11.756003 |   2)   0.126 us    |                                    preempt_count_sub();
   11.756003 |   2)   2.073 us    |                                  }
   11.756003 |   2)   2.322 us    |                                }
   11.756003 |   2)   2.572 us    |                              }
   11.756003 |   2)               |                              __folio_put() {
   11.756003 |   2)               |                                free_frozen_pages() {
   11.756004 |   2)               |                                  __free_frozen_pages() {
   11.756004 |   2)   0.124 us    |                                    preempt_count_add();
   11.756004 |   2)               |                                    _raw_spin_trylock() {
   11.756004 |   2)   0.123 us    |                                      preempt_count_add();
   11.756004 |   2)   0.388 us    |                                    }
   11.756004 |   2)   0.127 us    |                                    free_frozen_page_commit();
   11.756005 |   2)               |                                    _raw_spin_unlock() {
   11.756005 |   2)   0.126 us    |                                      preempt_count_sub();
   11.756005 |   2)   0.389 us    |                                    }
   11.756005 |   2)   0.127 us    |                                    preempt_count_sub();
   11.756005 |   2)   1.983 us    |                                  }
   11.756006 |   2)   2.230 us    |                                }
   11.756006 |   2)   2.480 us    |                              }
   11.756006 |   2)               |                              __folio_put() {
   11.756006 |   2)               |                                free_frozen_pages() {
   11.756006 |   2)               |                                  __free_frozen_pages() {
   11.756006 |   2)   0.127 us    |                                    preempt_count_add();
   11.756007 |   2)               |                                    _raw_spin_trylock() {
   11.756007 |   2)   0.125 us    |                                      preempt_count_add();
   11.756007 |   2)   0.392 us    |                                    }
   11.756007 |   2)   0.129 us    |                                    free_frozen_page_commit();
   11.756007 |   2)               |                                    _raw_spin_unlock() {
   11.756007 |   2)   0.123 us    |                                      preempt_count_sub();
   11.756008 |   2)   0.388 us    |                                    }
   11.756008 |   2)   0.126 us    |                                    preempt_count_sub();
   11.756008 |   2)   1.992 us    |                                  }
   11.756008 |   2)   2.265 us    |                                }
   11.756008 |   2)   2.517 us    |                              }
   11.756009 |   2)               |                              __folio_put() {
   11.756009 |   2)               |                                free_frozen_pages() {
   11.756009 |   2)               |                                  __free_frozen_pages() {
   11.756009 |   2)   0.126 us    |                                    preempt_count_add();
   11.756009 |   2)               |                                    _raw_spin_trylock() {
   11.756009 |   2)   0.126 us    |                                      preempt_count_add();
   11.756010 |   2)   0.393 us    |                                    }
   11.756010 |   2)   0.128 us    |                                    free_frozen_page_commit();
   11.756010 |   2)               |                                    _raw_spin_unlock() {
   11.756010 |   2)   0.127 us    |                                      preempt_count_sub();
   11.756010 |   2)   0.391 us    |                                    }
   11.756011 |   2)   0.127 us    |                                    preempt_count_sub();
   11.756011 |   2)   2.015 us    |                                  }
   11.756011 |   2)   2.263 us    |                                }
   11.756011 |   2)   2.515 us    |                              }
   11.756011 |   2) + 54.052 us   |                            }
   11.756011 |   2) ! 472.749 us  |                          }
   11.756012 |   2)               |                          blk_finish_plug() {
   11.756012 |   2)               |                            __blk_flush_plug() {
   11.756012 |   2)   0.126 us    |                              blk_mq_flush_plug_list();
   11.756012 |   2)   0.402 us    |                            }
   11.756012 |   2)   0.687 us    |                          }
   11.756012 |   2) ! 474.144 us  |                        }
   11.756012 |   2) # 1044.369 us |                      }
   11.756013 |   2) # 1044.900 us |                    }
   11.756013 |   2) # 1045.171 us |                  }
   11.756013 |   2) # 1045.867 us |                }
   11.756013 |   2) # 1046.280 us |              }
   11.756013 |   2) # 1047.140 us |            }
   11.756013 |   2)   0.135 us    |            folio_mark_accessed();
   11.756014 |   2) # 1048.028 us |          }
   11.756014 |   2) # 1048.289 us |        }
   11.756014 |   2) # 1049.004 us |      }
   11.756014 |   2) # 1049.588 us |    }
   11.756015 |   2) # 1049.897 us |  }
   11.756017 |   2)               |  __x64_sys_read() {
   11.756017 |   2)               |    ksys_read() {
   11.756017 |   2)   0.163 us    |      fdget_pos();
   11.756017 |   2)               |      vfs_read() {
   11.756017 |   2)   0.266 us    |        rw_verify_area();
   11.756018 |   2)               |        erofs_file_read_iter() {
   11.756018 |   2)               |          filemap_read() {
   11.756018 |   2)               |            filemap_get_pages() {
   11.756018 |   2)   0.434 us    |              filemap_get_read_batch();
   11.756019 |   2)   0.723 us    |            }
   11.756019 |   2)   0.129 us    |            folio_mark_accessed();
   11.756020 |   2)   1.669 us    |          }
   11.756020 |   2)   1.935 us    |        }
   11.756020 |   2)   2.674 us    |      }
   11.756020 |   2)   3.288 us    |    }
   11.756020 |   2)   3.657 us    |  }
   11.756022 |   2)               |  __x64_sys_read() {
   11.756022 |   2)               |    ksys_read() {
   11.756022 |   2)   0.152 us    |      fdget_pos();
   11.756022 |   2)               |      vfs_read() {
   11.756023 |   2)   0.258 us    |        rw_verify_area();
   11.756023 |   2)               |        erofs_file_read_iter() {
   11.756023 |   2)               |          filemap_read() {
   11.756023 |   2)               |            filemap_get_pages() {
   11.756023 |   2)   0.367 us    |              filemap_get_read_batch();
   11.756024 |   2)   0.664 us    |            }
   11.756024 |   2)   0.131 us    |            folio_mark_accessed();
   11.756025 |   2)   1.582 us    |          }
   11.756025 |   2)   1.864 us    |        }
   11.756025 |   2)   2.578 us    |      }
   11.756025 |   2)   3.165 us    |    }
   11.756025 |   2)   3.476 us    |  }
   11.756027 |   2)               |  __x64_sys_read() {
   11.756027 |   2)               |    ksys_read() {
   11.756027 |   2)   0.154 us    |      fdget_pos();
   11.756027 |   2)               |      vfs_read() {
   11.756028 |   2)   0.262 us    |        rw_verify_area();
   11.756028 |   2)               |        erofs_file_read_iter() {
   11.756028 |   2)               |          filemap_read() {
   11.756028 |   2)               |            filemap_get_pages() {
   11.756028 |   2)   0.378 us    |              filemap_get_read_batch();
   11.756029 |   2)   0.658 us    |            }
   11.756029 |   2)   0.133 us    |            folio_mark_accessed();
   11.756030 |   2)   1.450 us    |          }
   11.756030 |   2)   1.704 us    |        }
   11.756030 |   2)   2.428 us    |      }
   11.756030 |   2)   3.012 us    |    }
   11.756030 |   2)   3.324 us    |  }
