# tracer: function_graph
#
#     TIME        CPU  DURATION                  FUNCTION CALLS
#      |          |     |   |                     |   |   |   |
   12.121445 |   2)               |  __x64_sys_read() {
   12.121445 |   2)               |    ksys_read() {
   12.121445 |   2)   0.197 us    |      fdget_pos();
   12.121446 |   2)               |      vfs_read() {
   12.121446 |   2)   0.343 us    |        rw_verify_area();
   12.121447 |   2)               |        ext4_file_read_iter() {
   12.121447 |   2)               |          generic_file_read_iter() {
   12.121447 |   2)               |            filemap_read() {
   12.121447 |   2)               |              filemap_get_pages() {
   12.121447 |   2)   0.442 us    |                filemap_get_read_batch();
   12.121448 |   2)   0.761 us    |              }
   12.121448 |   2)   0.154 us    |              folio_mark_accessed();
   12.121449 |   2)               |              lock_mm_and_find_vma() {
   12.121449 |   2)               |                down_read_trylock() {
   12.121449 |   2)   0.125 us    |                  preempt_count_add();
   12.121449 |   2)   0.127 us    |                  preempt_count_sub();
   12.121450 |   2)   0.703 us    |                }
   12.121450 |   2)   0.409 us    |                find_vma();
   12.121450 |   2)   1.577 us    |              }
   12.121451 |   2)               |              handle_mm_fault() {
   12.121451 |   2)               |                __handle_mm_fault() {
   12.121451 |   2)               |                  pte_offset_map_rw_nolock() {
   12.121451 |   2)   0.227 us    |                    __pte_offset_map();
   12.121451 |   2)   0.511 us    |                  }
   12.121452 |   2)   0.135 us    |                  __vmf_anon_prepare();
   12.121452 |   2)               |                  vma_alloc_folio_noprof() {
   12.121452 |   2)   0.153 us    |                    get_vma_policy();
   12.121452 |   2)               |                    alloc_pages_mpol() {
   12.121453 |   2)   0.138 us    |                      policy_nodemask();
   12.121453 |   2)               |                      __alloc_frozen_pages_noprof() {
   12.121453 |   2)               |                        get_page_from_freelist() {
   12.121453 |   2)   0.124 us    |                          preempt_count_add();
   12.121453 |   2)               |                          _raw_spin_trylock() {
   12.121454 |   2)   0.134 us    |                            preempt_count_add();
   12.121454 |   2)   0.398 us    |                          }
   12.121454 |   2)               |                          _raw_spin_unlock() {
   12.121454 |   2)   0.135 us    |                            preempt_count_sub();
   12.121454 |   2)   0.424 us    |                          }
   12.121455 |   2)   0.148 us    |                          preempt_count_sub();
   12.121455 |   2)   0.153 us    |                          clear_highpages_kasan_tagged();
   12.121455 |   2)   2.354 us    |                        }
   12.121456 |   2)   2.683 us    |                      }
   12.121456 |   2)   3.239 us    |                    }
   12.121456 |   2)   3.830 us    |                  }
   12.121456 |   2)               |                  pte_offset_map_lock() {
   12.121456 |   2)   0.207 us    |                    __pte_offset_map();
   12.121456 |   2)               |                    _raw_spin_lock() {
   12.121457 |   2)   0.141 us    |                      preempt_count_add();
   12.121457 |   2)   0.410 us    |                    }
   12.121457 |   2)   1.053 us    |                  }
   12.121457 |   2)               |                  map_anon_folio_pte_nopf() {
   12.121457 |   2)   0.124 us    |                    pte_mkwrite();
   12.121458 |   2)               |                    folio_add_new_anon_rmap() {
   12.121458 |   2)   0.127 us    |                      mod_node_page_state();
   12.121458 |   2)   0.413 us    |                    }
   12.121458 |   2)               |                    folio_add_lru_vma() {
   12.121458 |   2)               |                      __folio_batch_add_and_move() {
   12.121459 |   2)   0.132 us    |                        preempt_count_add();
   12.121459 |   2)   0.132 us    |                        preempt_count_sub();
   12.121459 |   2)   0.704 us    |                      }
   12.121459 |   2)   0.974 us    |                    }
   12.121459 |   2)   2.189 us    |                  }
   12.121460 |   2)               |                  _raw_spin_unlock() {
   12.121460 |   2)   0.141 us    |                    preempt_count_sub();
   12.121460 |   2)   0.411 us    |                  }
   12.121460 |   2)   9.520 us    |                }
   12.121460 |   2)   9.795 us    |              }
   12.121461 |   2)   0.129 us    |              raw_irqentry_exit_cond_resched();
   12.121461 |   2) + 14.427 us   |            }
   12.121462 |   2) + 14.703 us   |          }
   12.121462 |   2) + 15.009 us   |        }
   12.121462 |   2) + 15.986 us   |      }
   12.121462 |   2) + 16.880 us   |    }
   12.121462 |   2) + 17.980 us   |  }
   12.121563 |   2)               |  __x64_sys_read() {
   12.121564 |   2)               |    ksys_read() {
   12.121564 |   2)   0.151 us    |      fdget_pos();
   12.121564 |   2)               |      vfs_read() {
   12.121565 |   2)   0.334 us    |        rw_verify_area();
   12.121565 |   2)               |        ext4_file_read_iter() {
   12.121565 |   2)               |          generic_file_read_iter() {
   12.121565 |   2)               |            filemap_read() {
   12.121566 |   2)               |              filemap_get_pages() {
   12.121566 |   2)   0.434 us    |                filemap_get_read_batch();
   12.121566 |   2)   0.769 us    |              }
   12.121567 |   2)   0.143 us    |              folio_mark_accessed();
   12.121567 |   2)               |              lock_mm_and_find_vma() {
   12.121567 |   2)               |                down_read_trylock() {
   12.121567 |   2)   0.126 us    |                  preempt_count_add();
   12.121568 |   2)   0.126 us    |                  preempt_count_sub();
   12.121568 |   2)   0.703 us    |                }
   12.121568 |   2)   0.413 us    |                find_vma();
   12.121569 |   2)   1.555 us    |              }
   12.121569 |   2)               |              handle_mm_fault() {
   12.121569 |   2)               |                __handle_mm_fault() {
   12.121569 |   2)               |                  pte_offset_map_rw_nolock() {
   12.121569 |   2)   0.221 us    |                    __pte_offset_map();
   12.121570 |   2)   0.503 us    |                  }
   12.121570 |   2)   0.136 us    |                  __vmf_anon_prepare();
   12.121570 |   2)               |                  vma_alloc_folio_noprof() {
   12.121570 |   2)   0.154 us    |                    get_vma_policy();
   12.121571 |   2)               |                    alloc_pages_mpol() {
   12.121571 |   2)   0.124 us    |                      policy_nodemask();
   12.121571 |   2)               |                      __alloc_frozen_pages_noprof() {
   12.121571 |   2)               |                        get_page_from_freelist() {
   12.121571 |   2)   0.125 us    |                          preempt_count_add();
   12.121572 |   2)               |                          _raw_spin_trylock() {
   12.121572 |   2)   0.135 us    |                            preempt_count_add();
   12.121572 |   2)   0.401 us    |                          }
   12.121572 |   2)               |                          _raw_spin_unlock() {
   12.121572 |   2)   0.134 us    |                            preempt_count_sub();
   12.121573 |   2)   0.447 us    |                          }
   12.121573 |   2)   0.141 us    |                          preempt_count_sub();
   12.121573 |   2)   0.160 us    |                          clear_highpages_kasan_tagged();
   12.121574 |   2)   2.326 us    |                        }
   12.121574 |   2)   2.648 us    |                      }
   12.121574 |   2)   3.202 us    |                    }
   12.121574 |   2)   3.768 us    |                  }
   12.121574 |   2)               |                  pte_offset_map_lock() {
   12.121574 |   2)   0.223 us    |                    __pte_offset_map();
   12.121575 |   2)               |                    _raw_spin_lock() {
   12.121575 |   2)   0.144 us    |                      preempt_count_add();
   12.121575 |   2)   0.419 us    |                    }
   12.121575 |   2)   1.059 us    |                  }
   12.121575 |   2)               |                  map_anon_folio_pte_nopf() {
   12.121576 |   2)   0.123 us    |                    pte_mkwrite();
   12.121576 |   2)               |                    folio_add_new_anon_rmap() {
   12.121576 |   2)   0.125 us    |                      mod_node_page_state();
   12.121576 |   2)   0.411 us    |                    }
   12.121576 |   2)               |                    folio_add_lru_vma() {
   12.121577 |   2)               |                      __folio_batch_add_and_move() {
   12.121577 |   2)   0.134 us    |                        preempt_count_add();
   12.121577 |   2)   0.133 us    |                        preempt_count_sub();
   12.121577 |   2)   0.705 us    |                      }
   12.121577 |   2)   0.973 us    |                    }
   12.121578 |   2)   2.173 us    |                  }
   12.121578 |   2)               |                  _raw_spin_unlock() {
   12.121578 |   2)   0.145 us    |                    preempt_count_sub();
   12.121578 |   2)   0.412 us    |                  }
   12.121578 |   2)   9.393 us    |                }
   12.121579 |   2)   9.669 us    |              }
   12.121579 |   2)   0.131 us    |              raw_irqentry_exit_cond_resched();
   12.121580 |   2) + 14.124 us   |            }
   12.121580 |   2) + 14.380 us   |          }
   12.121580 |   2) + 14.657 us   |        }
   12.121580 |   2) + 15.914 us   |      }
   12.121580 |   2) + 16.579 us   |    }
   12.121580 |   2) + 16.969 us   |  }
   12.122108 |   2)               |  __x64_sys_read() {
   12.122108 |   2)               |    ksys_read() {
   12.122108 |   2)   0.153 us    |      fdget_pos();
   12.122108 |   2)               |      vfs_read() {
   12.122108 |   2)   0.321 us    |        rw_verify_area();
   12.122109 |   2)               |        erofs_ishare_file_read_iter() {
   12.122109 |   2)               |          filemap_read() {
   12.122109 |   2)               |            filemap_get_pages() {
   12.122110 |   2)   0.427 us    |              filemap_get_read_batch();
   12.122110 |   2)               |              page_cache_sync_ra() {
   12.122110 |   2)   0.124 us    |                inode_to_bdi();
   12.122111 |   2)               |                page_cache_ra_order() {
   12.122111 |   2)               |                  do_page_cache_ra() {
   12.122111 |   2)               |                    page_cache_ra_unbounded() {
   12.122112 |   2)               |                      filemap_alloc_folio_noprof() {
   12.122112 |   2)               |                        folio_alloc_noprof() {
   12.122112 |   2)               |                          alloc_pages_mpol() {
   12.122112 |   2)   0.126 us    |                            policy_nodemask();
   12.122112 |   2)               |                            __alloc_frozen_pages_noprof() {
   12.122113 |   2)               |                              get_page_from_freelist() {
   12.122113 |   2)   0.142 us    |                                preempt_count_add();
   12.122113 |   2)               |                                _raw_spin_trylock() {
   12.122113 |   2)   0.137 us    |                                  preempt_count_add();
   12.122113 |   2)   0.408 us    |                                }
   12.122114 |   2)               |                                _raw_spin_unlock() {
   12.122114 |   2)   0.122 us    |                                  preempt_count_sub();
   12.122114 |   2)   0.397 us    |                                }
   12.122114 |   2)   0.143 us    |                                preempt_count_sub();
   12.122114 |   2)   1.912 us    |                              }
   12.122115 |   2)   2.236 us    |                            }
   12.122115 |   2)   2.787 us    |                          }
   12.122115 |   2)   3.053 us    |                        }
   12.122115 |   2)   3.335 us    |                      }
   12.122115 |   2)               |                      filemap_add_folio() {
   12.122115 |   2)               |                        __filemap_add_folio() {
   12.122116 |   2)   0.122 us    |                          shmem_mapping();
   12.122116 |   2)               |                          _raw_spin_lock_irq() {
   12.122116 |   2)   0.144 us    |                            preempt_count_add();
   12.122116 |   2)   0.428 us    |                          }
   12.122116 |   2)   0.129 us    |                          mod_node_page_state();
   12.122117 |   2)               |                          _raw_spin_unlock_irq() {
   12.122117 |   2)   0.142 us    |                            preempt_count_sub();
   12.122117 |   2)   0.423 us    |                          }
   12.122117 |   2)   2.040 us    |                        }
   12.122118 |   2)               |                        folio_add_lru() {
   12.122118 |   2)               |                          __folio_batch_add_and_move() {
   12.122118 |   2)   0.124 us    |                            preempt_count_add();
   12.122118 |   2)   0.125 us    |                            preempt_count_sub();
   12.122118 |   2)   0.672 us    |                          }
   12.122118 |   2)   0.940 us    |                        }
   12.122119 |   2)   3.418 us    |                      }
   12.122119 |   2)               |                      filemap_alloc_folio_noprof() {
   12.122119 |   2)               |                        folio_alloc_noprof() {
   12.122119 |   2)               |                          alloc_pages_mpol() {
   12.122119 |   2)   0.124 us    |                            policy_nodemask();
   12.122120 |   2)               |                            __alloc_frozen_pages_noprof() {
   12.122120 |   2)               |                              get_page_from_freelist() {
   12.122120 |   2)   0.125 us    |                                preempt_count_add();
   12.122120 |   2)               |                                _raw_spin_trylock() {
   12.122120 |   2)   0.123 us    |                                  preempt_count_add();
   12.122121 |   2)   0.386 us    |                                }
   12.122121 |   2)               |                                _raw_spin_unlock() {
   12.122121 |   2)   0.132 us    |                                  preempt_count_sub();
   12.122121 |   2)   0.435 us    |                                }
   12.122121 |   2)   0.125 us    |                                preempt_count_sub();
   12.122122 |   2)   1.803 us    |                              }
   12.122122 |   2)   2.090 us    |                            }
   12.122122 |   2)   2.614 us    |                          }
   12.122122 |   2)   2.869 us    |                        }
   12.122122 |   2)   3.123 us    |                      }
   12.122122 |   2)               |                      filemap_add_folio() {
   12.122122 |   2)               |                        __filemap_add_folio() {
   12.122123 |   2)   0.126 us    |                          shmem_mapping();
   12.122123 |   2)               |                          _raw_spin_lock_irq() {
   12.122123 |   2)   0.126 us    |                            preempt_count_add();
   12.122123 |   2)   0.402 us    |                          }
   12.122123 |   2)               |                          kmem_cache_alloc_lru_noprof() {
   12.122124 |   2)   0.131 us    |                            preempt_count_add();
   12.122124 |   2)   0.130 us    |                            preempt_count_sub();
   12.122124 |   2)   0.710 us    |                          }
   12.122124 |   2)   0.125 us    |                          workingset_update_node();
   12.122125 |   2)   0.125 us    |                          workingset_update_node();
   12.122125 |   2)   0.124 us    |                          mod_node_page_state();
   12.122125 |   2)               |                          _raw_spin_unlock_irq() {
   12.122125 |   2)   0.126 us    |                            preempt_count_sub();
   12.122126 |   2)   0.608 us    |                          }
   12.122126 |   2)   3.572 us    |                        }
   12.122126 |   2)               |                        folio_add_lru() {
   12.122126 |   2)               |                          __folio_batch_add_and_move() {
   12.122126 |   2)   0.141 us    |                            preempt_count_add();
   12.122127 |   2)   0.138 us    |                            preempt_count_sub();
   12.122127 |   2)   0.689 us    |                          }
   12.122127 |   2)   0.944 us    |                        }
   12.122127 |   2)   4.922 us    |                      }
   12.122128 |   2)               |                      filemap_alloc_folio_noprof() {
   12.122128 |   2)               |                        folio_alloc_noprof() {
   12.122128 |   2)               |                          alloc_pages_mpol() {
   12.122128 |   2)   0.127 us    |                            policy_nodemask();
   12.122128 |   2)               |                            __alloc_frozen_pages_noprof() {
   12.122128 |   2)               |                              get_page_from_freelist() {
   12.122129 |   2)   0.124 us    |                                preempt_count_add();
   12.122129 |   2)               |                                _raw_spin_trylock() {
   12.122129 |   2)   0.123 us    |                                  preempt_count_add();
   12.122129 |   2)   0.387 us    |                                }
   12.122129 |   2)               |                                _raw_spin_unlock() {
   12.122129 |   2)   0.123 us    |                                  preempt_count_sub();
   12.122130 |   2)   0.418 us    |                                }
   12.122130 |   2)   0.126 us    |                                preempt_count_sub();
   12.122130 |   2)   1.784 us    |                              }
   12.122130 |   2)   2.057 us    |                            }
   12.122130 |   2)   2.585 us    |                          }
   12.122131 |   2)   2.853 us    |                        }
   12.122131 |   2)   3.105 us    |                      }
   12.122131 |   2)               |                      filemap_add_folio() {
   12.122131 |   2)               |                        __filemap_add_folio() {
   12.122131 |   2)   0.143 us    |                          shmem_mapping();
   12.122131 |   2)               |                          _raw_spin_lock_irq() {
   12.122132 |   2)   0.126 us    |                            preempt_count_add();
   12.122132 |   2)   0.399 us    |                          }
   12.122132 |   2)   0.125 us    |                          workingset_update_node();
   12.122132 |   2)   0.125 us    |                          mod_node_page_state();
   12.122133 |   2)               |                          _raw_spin_unlock_irq() {
   12.122133 |   2)   0.126 us    |                            preempt_count_sub();
   12.122133 |   2)   0.413 us    |                          }
   12.122133 |   2)   2.115 us    |                        }
   12.122133 |   2)               |                        folio_add_lru() {
   12.122133 |   2)               |                          __folio_batch_add_and_move() {
   12.122134 |   2)   0.124 us    |                            preempt_count_add();
   12.122134 |   2)   0.125 us    |                            preempt_count_sub();
   12.122134 |   2)   0.661 us    |                          }
   12.122134 |   2)   0.937 us    |                        }
   12.122134 |   2)   3.472 us    |                      }
   12.122135 |   2)               |                      filemap_alloc_folio_noprof() {
   12.122135 |   2)               |                        folio_alloc_noprof() {
   12.122135 |   2)               |                          alloc_pages_mpol() {
   12.122135 |   2)   0.124 us    |                            policy_nodemask();
   12.122135 |   2)               |                            __alloc_frozen_pages_noprof() {
   12.122135 |   2)               |                              get_page_from_freelist() {
   12.122136 |   2)   0.125 us    |                                preempt_count_add();
   12.122136 |   2)               |                                _raw_spin_trylock() {
   12.122136 |   2)   0.122 us    |                                  preempt_count_add();
   12.122136 |   2)   0.387 us    |                                }
   12.122136 |   2)               |                                _raw_spin_unlock() {
   12.122137 |   2)   0.122 us    |                                  preempt_count_sub();
   12.122137 |   2)   0.384 us    |                                }
   12.122137 |   2)   0.132 us    |                                preempt_count_sub();
   12.122137 |   2)   1.749 us    |                              }
   12.122137 |   2)   2.020 us    |                            }
   12.122137 |   2)   2.544 us    |                          }
   12.122138 |   2)   2.797 us    |                        }
   12.122138 |   2)   3.048 us    |                      }
   12.122138 |   2)               |                      filemap_add_folio() {
   12.122138 |   2)               |                        __filemap_add_folio() {
   12.122138 |   2)   0.124 us    |                          shmem_mapping();
   12.122138 |   2)               |                          _raw_spin_lock_irq() {
   12.122139 |   2)   0.125 us    |                            preempt_count_add();
   12.122139 |   2)   0.396 us    |                          }
   12.122139 |   2)   0.124 us    |                          workingset_update_node();
   12.122139 |   2)   0.125 us    |                          mod_node_page_state();
   12.122140 |   2)               |                          _raw_spin_unlock_irq() {
   12.122140 |   2)   0.128 us    |                            preempt_count_sub();
   12.122140 |   2)   0.395 us    |                          }
   12.122140 |   2)   2.170 us    |                        }
   12.122140 |   2)               |                        folio_add_lru() {
   12.122140 |   2)               |                          __folio_batch_add_and_move() {
   12.122141 |   2)   0.126 us    |                            preempt_count_add();
   12.122141 |   2)   0.126 us    |                            preempt_count_sub();
   12.122141 |   2)   0.660 us    |                          }
   12.122141 |   2)   0.930 us    |                        }
   12.122141 |   2)   3.514 us    |                      }
   12.122142 |   2)               |                      read_pages() {
   12.122142 |   2)   0.139 us    |                        blk_start_plug();
   12.122142 |   2)               |                        z_erofs_readahead() {
   12.122142 |   2)               |                          erofs_real_inode() {
   12.122142 |   2)               |                            _raw_spin_lock() {
   12.122143 |   2)   0.125 us    |                              preempt_count_add();
   12.122143 |   2)   0.390 us    |                            }
   12.122143 |   2)   0.133 us    |                            igrab();
   12.122143 |   2)               |                            _raw_spin_unlock() {
   12.122143 |   2)   0.137 us    |                              preempt_count_sub();
   12.122144 |   2)   0.400 us    |                            }
   12.122144 |   2)   1.572 us    |                          }
   12.122144 |   2)               |                          z_erofs_pcluster_readmore() {
   12.122144 |   2)               |                            z_erofs_map_blocks_iter() {
   12.122144 |   2)               |                              erofs_read_metabuf() {
   12.122145 |   2)               |                                erofs_bread() {
   12.122145 |   2)               |                                  read_cache_folio() {
   12.122145 |   2)               |                                    do_read_cache_folio() {
   12.122145 |   2)               |                                      __filemap_get_folio_mpol() {
   12.122145 |   2)   0.385 us    |                                        filemap_get_entry();
   12.122146 |   2)   0.671 us    |                                      }
   12.122146 |   2)   0.139 us    |                                      folio_mark_accessed();
   12.122146 |   2)   1.275 us    |                                    }
   12.122146 |   2)   1.528 us    |                                  }
   12.122146 |   2)   1.826 us    |                                }
   12.122146 |   2)   2.104 us    |                              }
   12.122147 |   2)   0.168 us    |                              wake_up_bit();
   12.122147 |   2)               |                              z_erofs_map_blocks_fo() {
   12.122147 |   2)               |                                z_erofs_load_lcluster_from_disk() {
   12.122148 |   2)               |                                  erofs_read_metabuf() {
   12.122148 |   2)   0.157 us    |                                    erofs_bread();
   12.122148 |   2)   0.410 us    |                                  }
   12.122148 |   2)   0.804 us    |                                }
   12.122148 |   2)               |                                z_erofs_load_lcluster_from_disk() {
   12.122149 |   2)               |                                  erofs_read_metabuf() {
   12.122149 |   2)   0.128 us    |                                    erofs_bread();
   12.122149 |   2)   0.378 us    |                                  }
   12.122149 |   2)   0.683 us    |                                }
   12.122149 |   2)   0.124 us    |                                erofs_unmap_metabuf();
   12.122150 |   2)   2.474 us    |                              }
   12.122150 |   2)   5.676 us    |                            }
   12.122150 |   2)   0.152 us    |                            readahead_expand();
   12.122150 |   2)   6.329 us    |                          }
   12.122151 |   2)               |                          z_erofs_scan_folio() {
   12.122152 |   2)   0.125 us    |                            erofs_onlinefolio_init();
   12.122152 |   2)               |                            kmem_cache_alloc_noprof() {
   12.122153 |   2)   0.127 us    |                              preempt_count_add();
   12.122153 |   2)   0.147 us    |                              preempt_count_sub();
   12.122153 |   2)   0.778 us    |                            }
   12.122153 |   2)   0.123 us    |                            mutex_init_generic();
   12.122154 |   2)   0.158 us    |                            mutex_trylock();
   12.122154 |   2)               |                            _raw_spin_lock() {
   12.122154 |   2)   0.125 us    |                              preempt_count_add();
   12.122154 |   2)   0.420 us    |                            }
   12.122155 |   2)               |                            kmem_cache_alloc_lru_noprof() {
   12.122155 |   2)   0.132 us    |                              preempt_count_add();
   12.122155 |   2)   0.124 us    |                              preempt_count_sub();
   12.122155 |   2)   0.671 us    |                            }
   12.122155 |   2)               |                            kmem_cache_alloc_lru_noprof() {
   12.122156 |   2)   0.125 us    |                              preempt_count_add();
   12.122156 |   2)   0.126 us    |                              preempt_count_sub();
   12.122156 |   2)   0.665 us    |                            }
   12.122156 |   2)               |                            kmem_cache_alloc_lru_noprof() {
   12.122156 |   2)   0.129 us    |                              preempt_count_add();
   12.122157 |   2)   0.126 us    |                              preempt_count_sub();
   12.122157 |   2)   0.667 us    |                            }
   12.122157 |   2)               |                            _raw_spin_unlock() {
   12.122157 |   2)   0.134 us    |                              preempt_count_sub();
   12.122158 |   2)   0.479 us    |                            }
   12.122158 |   2)               |                            __filemap_get_folio_mpol() {
   12.122158 |   2)   0.320 us    |                              filemap_get_entry();
   12.122159 |   2)   0.598 us    |                            }
   12.122159 |   2)               |                            filemap_alloc_folio_noprof() {
   12.122159 |   2)               |                              folio_alloc_noprof() {
   12.122159 |   2)               |                                alloc_pages_mpol() {
   12.122159 |   2)   0.126 us    |                                  policy_nodemask();
   12.122159 |   2)               |                                  __alloc_frozen_pages_noprof() {
   12.122160 |   2)               |                                    get_page_from_freelist() {
   12.122160 |   2)   0.140 us    |                                      preempt_count_add();
   12.122160 |   2)               |                                      _raw_spin_trylock() {
   12.122160 |   2)   0.123 us    |                                        preempt_count_add();
   12.122160 |   2)   0.388 us    |                                      }
   12.122160 |   2)               |                                      _raw_spin_unlock() {
   12.122161 |   2)   0.133 us    |                                        preempt_count_sub();
   12.122161 |   2)   0.397 us    |                                      }
   12.122161 |   2)   0.125 us    |                                      preempt_count_sub();
   12.122161 |   2)   1.799 us    |                                    }
   12.122161 |   2)   2.100 us    |                                  }
   12.122162 |   2)   2.629 us    |                                }
   12.122162 |   2)   2.887 us    |                              }
   12.122162 |   2)   3.145 us    |                            }
   12.122162 |   2)               |                            _raw_spin_lock() {
   12.122162 |   2)   0.138 us    |                              preempt_count_add();
   12.122162 |   2)   0.406 us    |                            }
   12.122163 |   2)               |                            _raw_spin_unlock() {
   12.122163 |   2)   0.140 us    |                              preempt_count_sub();
   12.122163 |   2)   0.402 us    |                            }
   12.122163 |   2)               |                            _raw_spin_lock() {
   12.122163 |   2)   0.125 us    |                              preempt_count_add();
   12.122164 |   2)   0.390 us    |                            }
   12.122164 |   2)               |                            _raw_spin_unlock() {
   12.122164 |   2)   0.125 us    |                              preempt_count_sub();
   12.122164 |   2)   0.414 us    |                            }
   12.122164 |   2)   0.132 us    |                            erofs_onlinefolio_split();
   12.122165 |   2)   0.155 us    |                            erofs_onlinefolio_end();
   12.122165 |   2) + 13.749 us   |                          }
   12.122165 |   2)               |                          z_erofs_scan_folio() {
   12.122165 |   2)   0.124 us    |                            erofs_onlinefolio_init();
   12.122166 |   2)               |                            _raw_spin_lock() {
   12.122166 |   2)   0.125 us    |                              preempt_count_add();
   12.122166 |   2)   0.393 us    |                            }
   12.122166 |   2)               |                            _raw_spin_unlock() {
   12.122166 |   2)   0.125 us    |                              preempt_count_sub();
   12.122167 |   2)   0.388 us    |                            }
   12.122167 |   2)   0.130 us    |                            erofs_onlinefolio_split();
   12.122167 |   2)   0.130 us    |                            erofs_onlinefolio_end();
   12.122167 |   2)   2.133 us    |                          }
   12.122168 |   2)               |                          z_erofs_scan_folio() {
   12.122168 |   2)   0.125 us    |                            erofs_onlinefolio_init();
   12.122168 |   2)               |                            _raw_spin_lock() {
   12.122168 |   2)   0.127 us    |                              preempt_count_add();
   12.122168 |   2)   0.410 us    |                            }
   12.122168 |   2)               |                            _raw_spin_unlock() {
   12.122169 |   2)   0.126 us    |                              preempt_count_sub();
   12.122169 |   2)   0.404 us    |                            }
   12.122169 |   2)   0.125 us    |                            z_erofs_bvset_flip();
   12.122169 |   2)   0.128 us    |                            erofs_onlinefolio_split();
   12.122170 |   2)   0.130 us    |                            erofs_onlinefolio_end();
   12.122170 |   2)   2.397 us    |                          }
   12.122170 |   2)               |                          z_erofs_scan_folio() {
   12.122170 |   2)   0.125 us    |                            erofs_onlinefolio_init();
   12.122170 |   2)               |                            _raw_spin_lock() {
   12.122171 |   2)   0.125 us    |                              preempt_count_add();
   12.122171 |   2)   0.413 us    |                            }
   12.122171 |   2)               |                            _raw_spin_unlock() {
   12.122171 |   2)   0.126 us    |                              preempt_count_sub();
   12.122171 |   2)   0.391 us    |                            }
   12.122172 |   2)   0.127 us    |                            erofs_onlinefolio_split();
   12.122172 |   2)   0.130 us    |                            erofs_onlinefolio_end();
   12.122172 |   2)   2.080 us    |                          }
   12.122172 |   2)   0.310 us    |                          z_erofs_pcluster_readmore();
   12.122173 |   2)   0.244 us    |                          z_erofs_pcluster_end();
   12.122173 |   2)               |                          z_erofs_runqueue() {
   12.122173 |   2)   0.123 us    |                            __init_swait_queue_head();
   12.122174 |   2)               |                            __kvmalloc_node_noprof() {
   12.122174 |   2)   0.127 us    |                              preempt_count_add();
   12.122174 |   2)   0.143 us    |                              preempt_count_sub();
   12.122174 |   2)   0.811 us    |                            }
   12.122175 |   2)   0.139 us    |                            erofs_map_dev();
   12.122175 |   2)               |                            _raw_spin_lock() {
   12.122175 |   2)   0.127 us    |                              preempt_count_add();
   12.122175 |   2)   0.419 us    |                            }
   12.122176 |   2)               |                            _raw_spin_unlock() {
   12.122176 |   2)   0.126 us    |                              preempt_count_sub();
   12.122176 |   2)   0.398 us    |                            }
   12.122176 |   2)               |                            filemap_add_folio() {
   12.122176 |   2)               |                              __filemap_add_folio() {
   12.122176 |   2)   0.124 us    |                                shmem_mapping();
   12.122177 |   2)               |                                _raw_spin_lock_irq() {
   12.122177 |   2)   0.129 us    |                                  preempt_count_add();
   12.122177 |   2)   0.424 us    |                                }
   12.122177 |   2)               |                                kmem_cache_alloc_lru_noprof() {
   12.122177 |   2)   0.136 us    |                                  preempt_count_add();
   12.122178 |   2)   0.125 us    |                                  preempt_count_sub();
   12.122178 |   2)   0.734 us    |                                }
   12.122178 |   2)   0.127 us    |                                workingset_update_node();
   12.122179 |   2)   0.124 us    |                                mod_node_page_state();
   12.122179 |   2)               |                                _raw_spin_unlock_irq() {
   12.122179 |   2)   0.128 us    |                                  preempt_count_sub();
   12.122179 |   2)   0.400 us    |                                }
   12.122179 |   2)   3.102 us    |                              }
   12.122179 |   2)               |                              folio_add_lru() {
   12.122180 |   2)               |                                __folio_batch_add_and_move() {
   12.122180 |   2)   0.126 us    |                                  preempt_count_add();
   12.122180 |   2)   0.127 us    |                                  preempt_count_sub();
   12.122180 |   2)   0.688 us    |                                }
   12.122180 |   2)   0.939 us    |                              }
   12.122181 |   2)   4.439 us    |                            }
   12.122181 |   2)               |                            bio_alloc_bioset() {
   12.122181 |   2)               |                              kmem_cache_alloc_noprof() {
   12.122181 |   2)   0.125 us    |                                preempt_count_add();
   12.122181 |   2)   0.128 us    |                                preempt_count_sub();
   12.122182 |   2)   0.696 us    |                              }
   12.122182 |   2)               |                              kmem_cache_alloc_noprof() {
   12.122182 |   2)   0.128 us    |                                preempt_count_add();
   12.122182 |   2)   0.129 us    |                                preempt_count_sub();
   12.122183 |   2)   0.686 us    |                              }
   12.122183 |   2)               |                              bio_associate_blkg() {
   12.122183 |   2)   0.133 us    |                                kthread_blkcg();
   12.122183 |   2)   0.435 us    |                                bio_associate_blkg_from_css();
   12.122184 |   2)   1.221 us    |                              }
   12.122184 |   2)   3.286 us    |                            }
   12.122184 |   2)               |                            bio_add_page() {
   12.122184 |   2)   0.144 us    |                              __bio_add_page();
   12.122185 |   2)   0.443 us    |                            }
   12.122185 |   2)               |                            submit_bio() {
   12.122185 |   2)   0.134 us    |                              blkcg_set_ioprio();
   12.122185 |   2)               |                              submit_bio_noacct() {
   12.122186 |   2)               |                                submit_bio_noacct_nocheck() {
   12.122186 |   2)   0.137 us    |                                  blk_cgroup_bio_start();
   12.122186 |   2)               |                                  __submit_bio() {
   12.122186 |   2)               |                                    blk_mq_submit_bio() {
   12.122186 |   2)   0.123 us    |                                      blk_attempt_plug_merge();
   12.122187 |   2)   0.164 us    |                                      blk_mq_sched_bio_merge();
   12.122187 |   2)               |                                      __blk_mq_alloc_requests() {
   12.122187 |   2)               |                                        blk_mq_get_tag() {
   12.122187 |   2)   0.198 us    |                                          __blk_mq_get_tag();
   12.122188 |   2)   0.498 us    |                                        }
   12.122188 |   2)   0.140 us    |                                        blk_mq_rq_ctx_init.isra.0();
   12.122188 |   2)   1.159 us    |                                      }
   12.122189 |   2)   0.126 us    |                                      preempt_count_add();
   12.122189 |   2)               |                                      update_io_ticks() {
   12.122189 |   2)               |                                        bdev_count_inflight() {
   12.122189 |   2)   0.322 us    |                                          bdev_count_inflight_rw.part.0();
   12.122190 |   2)   0.590 us    |                                        }
   12.122190 |   2)   0.943 us    |                                      }
   12.122190 |   2)   0.147 us    |                                      preempt_count_sub();
   12.122190 |   2)   0.158 us    |                                      blk_add_rq_to_plug();
   12.122191 |   2)   4.573 us    |                                    }
   12.122191 |   2)   4.843 us    |                                  }
   12.122191 |   2)   5.469 us    |                                }
   12.122191 |   2)   5.763 us    |                              }
   12.122191 |   2)   6.357 us    |                            }
   12.122191 |   2)   0.133 us    |                            z_erofs_decompress_kickoff();
   12.122192 |   2)   0.184 us    |                            z_erofs_decompress_queue();
   12.122192 |   2) + 18.849 us   |                          }
   12.122192 |   2)   0.147 us    |                          erofs_put_metabuf();
   12.122193 |   2)   0.140 us    |                          erofs_release_pages();
   12.122193 |   2)               |                          iput() {
   12.122193 |   2)   0.138 us    |                            iput.part.0();
   12.122193 |   2)   0.410 us    |                          }
   12.122193 |   2) + 51.286 us   |                        }
   12.122194 |   2)               |                        blk_finish_plug() {
   12.122194 |   2)               |                          __blk_flush_plug() {
   12.122194 |   2)               |                            blk_mq_flush_plug_list() {
   12.122194 |   2)               |                              blk_mq_dispatch_queue_requests() {
   12.122194 |   2)               |                                blk_mq_issue_direct() {
   12.122195 |   2)               |                                  blk_mq_request_issue_directly() {
   12.122195 |   2)   0.131 us    |                                    blk_mq_get_budget_and_tag();
   12.122195 |   2)               |                                    __blk_mq_issue_directly() {
   12.122195 |   2)               |                                      loop_queue_rq() {
   12.122195 |   2)               |                                        blk_mq_start_request() {
   12.122195 |   2)   0.129 us    |                                          blk_add_timer();
   12.122196 |   2)   0.415 us    |                                        }
   12.122196 |   2)   0.125 us    |                                        bio_blkcg_css();
   12.122196 |   2)               |                                        _raw_spin_lock_irq() {
   12.122196 |   2)   0.126 us    |                                          preempt_count_add();
   12.122197 |   2)   0.445 us    |                                        }
   12.122197 |   2)               |                                        queue_work_on() {
   12.122197 |   2)   0.147 us    |                                          clear_pending_if_disabled();
   12.122197 |   2)               |                                          __queue_work() {
   12.122198 |   2)               |                                            _raw_spin_lock() {
   12.122198 |   2)   0.135 us    |                                              preempt_count_add();
   12.122198 |   2)   0.430 us    |                                            }
   12.122198 |   2)   0.143 us    |                                            pwq_tryinc_nr_active();
   12.122198 |   2)   0.384 us    |                                            kick_pool_pick();
   12.122199 |   2)               |                                            _raw_spin_unlock() {
   12.122199 |   2)   0.133 us    |                                              preempt_count_sub();
   12.122199 |   2)   0.402 us    |                                            }
   12.122200 |   2)               |                                            wake_up_process() {
   12.122200 |   2)               |                                              try_to_wake_up() {
   12.122200 |   2)               |                                                _raw_spin_lock_irqsave() {
   12.122200 |   2)   0.136 us    |                                                  preempt_count_add();
   12.122200 |   2)   0.422 us    |                                                }
   12.122201 |   2)               |                                                select_task_rq_fair() {
   12.122201 |   2)   0.124 us    |                                                  choose_idle_cpu();
   12.122201 |   2)   0.492 us    |                                                }
   12.122201 |   2)   0.127 us    |                                                kthread_is_per_cpu();
   12.122202 |   2)               |                                                ttwu_queue_wakelist() {
   12.122202 |   2)               |                                                  __smp_call_single_queue() {
   12.122202 |   2)   0.255 us    |                                                    call_function_single_prep_ipi();
   12.122203 |   2)               |                                                    native_send_call_func_single_ipi() {
   12.122203 |   2)   0.450 us    |                                                      x2apic_send_IPI();
   12.122203 |   2)   0.723 us    |                                                    }
   12.122203 |   2)   1.526 us    |                                                  }
   12.122204 |   2)   1.972 us    |                                                }
   12.122204 |   2)               |                                                _raw_spin_unlock_irqrestore() {
   12.122204 |   2)   0.122 us    |                                                  preempt_count_sub();
   12.122204 |   2)   0.425 us    |                                                }
   12.122204 |   2)   4.566 us    |                                              }
   12.122204 |   2)   4.827 us    |                                            }
   12.122205 |   2)   7.466 us    |                                          }
   12.122205 |   2)   8.084 us    |                                        }
   12.122205 |   2)               |                                        _raw_spin_unlock_irq() {
   12.122205 |   2)   0.126 us    |                                          preempt_count_sub();
   12.122205 |   2)   0.411 us    |                                        }
   12.122206 |   2) + 10.432 us   |                                      }
   12.122206 |   2) + 10.735 us   |                                    }
   12.122206 |   2) + 11.285 us   |                                  }
   12.122206 |   2) + 11.676 us   |                                }
   12.122206 |   2) + 12.298 us   |                              }
   12.122206 |   2) + 12.580 us   |                            }
   12.122207 |   2) + 12.887 us   |                          }
   12.122207 |   2) + 13.187 us   |                        }
   12.122207 |   2) + 65.254 us   |                      }
   12.122207 |   2) + 95.691 us   |                    }
   12.122207 |   2) + 96.305 us   |                  }
   12.122207 |   2) + 96.593 us   |                }
   12.122208 |   2) + 97.223 us   |              }
   12.122208 |   2)   0.399 us    |              filemap_get_read_batch();
   12.122209 |   2)               |              _raw_spin_lock_irq() {
   12.122209 |   2)   0.124 us    |                preempt_count_add();
   12.122209 |   2)   0.437 us    |              }
   12.122209 |   2)               |              _raw_spin_unlock_irq() {
   12.122209 |   2)   0.127 us    |                preempt_count_sub();
   12.122210 |   2)   0.412 us    |              }
   12.122289 |   2)   0.423 us    |              filemap_get_read_batch();
   12.122290 |   2) ! 180.261 us  |            }
   12.122290 |   2)   0.155 us    |            folio_mark_accessed();
   12.122291 |   2) ! 181.598 us  |          }
   12.122291 |   2) ! 181.907 us  |        }
   12.122291 |   2) ! 182.790 us  |      }
   12.122291 |   2) ! 183.420 us  |    }
   12.122291 |   2) ! 183.786 us  |  }
   12.122294 |   2)               |  __x64_sys_read() {
   12.122295 |   2)               |    ksys_read() {
   12.122295 |   2)   0.167 us    |      fdget_pos();
   12.122295 |   2)               |      vfs_read() {
   12.122295 |   2)   0.267 us    |        rw_verify_area();
   12.122296 |   2)               |        erofs_ishare_file_read_iter() {
   12.122296 |   2)               |          filemap_read() {
   12.122296 |   2)               |            filemap_get_pages() {
   12.122296 |   2)   0.469 us    |              filemap_get_read_batch();
   12.122297 |   2)               |              filemap_readahead.isra.0() {
   12.122297 |   2)               |                page_cache_async_ra() {
   12.122297 |   2)   0.127 us    |                  inode_to_bdi();
   12.122297 |   2)               |                  page_cache_ra_order() {
   12.122298 |   2)               |                    do_page_cache_ra() {
   12.122298 |   2)               |                      page_cache_ra_unbounded() {
   12.122298 |   2)               |                        filemap_alloc_folio_noprof() {
   12.122298 |   2)               |                          folio_alloc_noprof() {
   12.122298 |   2)               |                            alloc_pages_mpol() {
   12.122299 |   2)   0.125 us    |                              policy_nodemask();
   12.122299 |   2)               |                              __alloc_frozen_pages_noprof() {
   12.122299 |   2)               |                                get_page_from_freelist() {
   12.122299 |   2)   0.125 us    |                                  preempt_count_add();
   12.122299 |   2)               |                                  _raw_spin_trylock() {
   12.122300 |   2)   0.125 us    |                                    preempt_count_add();
   12.122300 |   2)   0.395 us    |                                  }
   12.122300 |   2)               |                                  _raw_spin_unlock() {
   12.122300 |   2)   0.135 us    |                                    preempt_count_sub();
   12.122300 |   2)   0.400 us    |                                  }
   12.122301 |   2)   0.131 us    |                                  preempt_count_sub();
   12.122301 |   2)   1.822 us    |                                }
   12.122301 |   2)   2.146 us    |                              }
   12.122301 |   2)   2.702 us    |                            }
   12.122301 |   2)   2.969 us    |                          }
   12.122301 |   2)   3.220 us    |                        }
   12.122302 |   2)               |                        filemap_add_folio() {
   12.122302 |   2)               |                          __filemap_add_folio() {
   12.122302 |   2)   0.124 us    |                            shmem_mapping();
   12.122302 |   2)               |                            _raw_spin_lock_irq() {
   12.122302 |   2)   0.125 us    |                              preempt_count_add();
   12.122303 |   2)   0.403 us    |                            }
   12.122303 |   2)   0.125 us    |                            workingset_update_node();
   12.122303 |   2)   0.133 us    |                            mod_node_page_state();
   12.122303 |   2)               |                            _raw_spin_unlock_irq() {
   12.122303 |   2)   0.130 us    |                              preempt_count_sub();
   12.122304 |   2)   0.400 us    |                            }
   12.122304 |   2)   2.144 us    |                          }
   12.122304 |   2)               |                          folio_add_lru() {
   12.122304 |   2)               |                            __folio_batch_add_and_move() {
   12.122304 |   2)   0.126 us    |                              preempt_count_add();
   12.122305 |   2)   0.126 us    |                              preempt_count_sub();
   12.122305 |   2)   0.672 us    |                            }
   12.122305 |   2)   0.932 us    |                          }
   12.122305 |   2)   3.482 us    |                        }
   12.122305 |   2)               |                        filemap_alloc_folio_noprof() {
   12.122306 |   2)               |                          folio_alloc_noprof() {
   12.122306 |   2)               |                            alloc_pages_mpol() {
   12.122306 |   2)   0.124 us    |                              policy_nodemask();
   12.122306 |   2)               |                              __alloc_frozen_pages_noprof() {
   12.122306 |   2)               |                                get_page_from_freelist() {
   12.122306 |   2)   0.126 us    |                                  preempt_count_add();
   12.122307 |   2)               |                                  _raw_spin_trylock() {
   12.122307 |   2)   0.125 us    |                                    preempt_count_add();
   12.122307 |   2)   0.389 us    |                                  }
   12.122307 |   2)               |                                  _raw_spin_unlock() {
   12.122307 |   2)   0.131 us    |                                    preempt_count_sub();
   12.122308 |   2)   0.422 us    |                                  }
   12.122308 |   2)   0.132 us    |                                  preempt_count_sub();
   12.122308 |   2)   1.830 us    |                                }
   12.122308 |   2)   2.103 us    |                              }
   12.122308 |   2)   2.716 us    |                            }
   12.122309 |   2)   2.972 us    |                          }
   12.122309 |   2)   3.226 us    |                        }
   12.122309 |   2)               |                        filemap_add_folio() {
   12.122309 |   2)               |                          __filemap_add_folio() {
   12.122309 |   2)   0.125 us    |                            shmem_mapping();
   12.122309 |   2)               |                            _raw_spin_lock_irq() {
   12.122309 |   2)   0.125 us    |                              preempt_count_add();
   12.122310 |   2)   0.398 us    |                            }
   12.122310 |   2)   0.125 us    |                            workingset_update_node();
   12.122310 |   2)   0.125 us    |                            mod_node_page_state();
   12.122310 |   2)               |                            _raw_spin_unlock_irq() {
   12.122311 |   2)   0.129 us    |                              preempt_count_sub();
   12.122311 |   2)   0.402 us    |                            }
   12.122311 |   2)   2.072 us    |                          }
   12.122311 |   2)               |                          folio_add_lru() {
   12.122311 |   2)               |                            __folio_batch_add_and_move() {
   12.122311 |   2)   0.127 us    |                              preempt_count_add();
   12.122312 |   2)   0.126 us    |                              preempt_count_sub();
   12.122312 |   2)   0.661 us    |                            }
   12.122312 |   2)   0.922 us    |                          }
   12.122312 |   2)   3.396 us    |                        }
   12.122313 |   2)               |                        filemap_alloc_folio_noprof() {
   12.122313 |   2)               |                          folio_alloc_noprof() {
   12.122313 |   2)               |                            alloc_pages_mpol() {
   12.122313 |   2)   0.124 us    |                              policy_nodemask();
   12.122313 |   2)               |                              __alloc_frozen_pages_noprof() {
   12.122313 |   2)               |                                get_page_from_freelist() {
   12.122313 |   2)   0.127 us    |                                  preempt_count_add();
   12.122314 |   2)               |                                  _raw_spin_trylock() {
   12.122314 |   2)   0.131 us    |                                    preempt_count_add();
   12.122314 |   2)   0.396 us    |                                  }
   12.122314 |   2)               |                                  _raw_spin_unlock() {
   12.122314 |   2)   0.133 us    |                                    preempt_count_sub();
   12.122315 |   2)   0.395 us    |                                  }
   12.122315 |   2)   0.128 us    |                                  preempt_count_sub();
   12.122315 |   2)   1.790 us    |                                }
   12.122315 |   2)   2.065 us    |                              }
   12.122315 |   2)   2.610 us    |                            }
   12.122316 |   2)   2.862 us    |                          }
   12.122316 |   2)   3.114 us    |                        }
   12.122316 |   2)               |                        filemap_add_folio() {
   12.122316 |   2)               |                          __filemap_add_folio() {
   12.122316 |   2)   0.125 us    |                            shmem_mapping();
   12.122316 |   2)               |                            _raw_spin_lock_irq() {
   12.122316 |   2)   0.128 us    |                              preempt_count_add();
   12.122317 |   2)   0.403 us    |                            }
   12.122317 |   2)   0.128 us    |                            workingset_update_node();
   12.122317 |   2)   0.128 us    |                            mod_node_page_state();
   12.122317 |   2)               |                            _raw_spin_unlock_irq() {
   12.122318 |   2)   0.131 us    |                              preempt_count_sub();
   12.122318 |   2)   0.404 us    |                            }
   12.122318 |   2)   2.055 us    |                          }
   12.122318 |   2)               |                          folio_add_lru() {
   12.122318 |   2)               |                            __folio_batch_add_and_move() {
   12.122318 |   2)   0.127 us    |                              preempt_count_add();
   12.122319 |   2)   0.127 us    |                              preempt_count_sub();
   12.122319 |   2)   0.689 us    |                            }
   12.122319 |   2)   0.949 us    |                          }
   12.122319 |   2)   3.403 us    |                        }
   12.122320 |   2)               |                        filemap_alloc_folio_noprof() {
   12.122320 |   2)               |                          folio_alloc_noprof() {
   12.122320 |   2)               |                            alloc_pages_mpol() {
   12.122320 |   2)   0.127 us    |                              policy_nodemask();
   12.122320 |   2)               |                              __alloc_frozen_pages_noprof() {
   12.122320 |   2)               |                                get_page_from_freelist() {
   12.122321 |   2)   0.126 us    |                                  preempt_count_add();
   12.122321 |   2)               |                                  _raw_spin_trylock() {
   12.122321 |   2)   0.124 us    |                                    preempt_count_add();
   12.122321 |   2)   0.392 us    |                                  }
   12.122321 |   2)               |                                  _raw_spin_unlock() {
   12.122321 |   2)   0.124 us    |                                    preempt_count_sub();
   12.122322 |   2)   0.388 us    |                                  }
   12.122322 |   2)   0.126 us    |                                  preempt_count_sub();
   12.122322 |   2)   1.768 us    |                                }
   12.122322 |   2)   2.052 us    |                              }
   12.122322 |   2)   2.702 us    |                            }
   12.122323 |   2)   2.958 us    |                          }
   12.122323 |   2)   3.210 us    |                        }
   12.122323 |   2)               |                        filemap_add_folio() {
   12.122323 |   2)               |                          __filemap_add_folio() {
   12.122323 |   2)   0.123 us    |                            shmem_mapping();
   12.122323 |   2)               |                            _raw_spin_lock_irq() {
   12.122324 |   2)   0.126 us    |                              preempt_count_add();
   12.122324 |   2)   0.396 us    |                            }
   12.122324 |   2)   0.126 us    |                            workingset_update_node();
   12.122324 |   2)   0.124 us    |                            mod_node_page_state();
   12.122325 |   2)               |                            _raw_spin_unlock_irq() {
   12.122325 |   2)   0.127 us    |                              preempt_count_sub();
   12.122325 |   2)   0.395 us    |                            }
   12.122325 |   2)   2.051 us    |                          }
   12.122325 |   2)               |                          folio_add_lru() {
   12.122325 |   2)               |                            __folio_batch_add_and_move() {
   12.122325 |   2)   0.126 us    |                              preempt_count_add();
   12.122326 |   2)   0.125 us    |                              preempt_count_sub();
   12.122326 |   2)   0.667 us    |                            }
   12.122326 |   2)   0.925 us    |                          }
   12.122326 |   2)   3.425 us    |                        }
   12.122327 |   2)               |                        filemap_alloc_folio_noprof() {
   12.122327 |   2)               |                          folio_alloc_noprof() {
   12.122327 |   2)               |                            alloc_pages_mpol() {
   12.122327 |   2)   0.124 us    |                              policy_nodemask();
   12.122327 |   2)               |                              __alloc_frozen_pages_noprof() {
   12.122327 |   2)               |                                get_page_from_freelist() {
   12.122328 |   2)   0.128 us    |                                  preempt_count_add();
   12.122328 |   2)               |                                  _raw_spin_trylock() {
   12.122328 |   2)   0.124 us    |                                    preempt_count_add();
   12.122328 |   2)   0.388 us    |                                  }
   12.122328 |   2)               |                                  _raw_spin_unlock() {
   12.122328 |   2)   0.125 us    |                                    preempt_count_sub();
   12.122329 |   2)   0.414 us    |                                  }
   12.122329 |   2)   0.127 us    |                                  preempt_count_sub();
   12.122329 |   2)   1.758 us    |                                }
   12.122329 |   2)   2.033 us    |                              }
   12.122329 |   2)   2.572 us    |                            }
   12.122330 |   2)   2.827 us    |                          }
   12.122330 |   2)   3.076 us    |                        }
   12.122330 |   2)               |                        filemap_add_folio() {
   12.122330 |   2)               |                          __filemap_add_folio() {
   12.122330 |   2)   0.123 us    |                            shmem_mapping();
   12.122330 |   2)               |                            _raw_spin_lock_irq() {
   12.122330 |   2)   0.126 us    |                              preempt_count_add();
   12.122331 |   2)   0.394 us    |                            }
   12.122331 |   2)   0.124 us    |                            workingset_update_node();
   12.122331 |   2)   0.125 us    |                            mod_node_page_state();
   12.122331 |   2)               |                            _raw_spin_unlock_irq() {
   12.122332 |   2)   0.127 us    |                              preempt_count_sub();
   12.122332 |   2)   0.395 us    |                            }
   12.122332 |   2)   2.044 us    |                          }
   12.122332 |   2)               |                          folio_add_lru() {
   12.122332 |   2)               |                            __folio_batch_add_and_move() {
   12.122332 |   2)   0.126 us    |                              preempt_count_add();
   12.122333 |   2)   0.128 us    |                              preempt_count_sub();
   12.122333 |   2)   0.687 us    |                            }
   12.122333 |   2)   0.947 us    |                          }
   12.122333 |   2)   3.415 us    |                        }
   12.122334 |   2)               |                        filemap_alloc_folio_noprof() {
   12.122334 |   2)               |                          folio_alloc_noprof() {
   12.122334 |   2)               |                            alloc_pages_mpol() {
   12.122334 |   2)   0.125 us    |                              policy_nodemask();
   12.122334 |   2)               |                              __alloc_frozen_pages_noprof() {
   12.122334 |   2)               |                                get_page_from_freelist() {
   12.122335 |   2)   0.125 us    |                                  preempt_count_add();
   12.122335 |   2)               |                                  _raw_spin_trylock() {
   12.122335 |   2)   0.130 us    |                                    preempt_count_add();
   12.122335 |   2)   0.393 us    |                                  }
   12.122335 |   2)               |                                  _raw_spin_unlock() {
   12.122336 |   2)   0.125 us    |                                    preempt_count_sub();
   12.122336 |   2)   0.413 us    |                                  }
   12.122336 |   2)   0.126 us    |                                  preempt_count_sub();
   12.122336 |   2)   1.897 us    |                                }
   12.122336 |   2)   2.170 us    |                              }
   12.122337 |   2)   2.692 us    |                            }
   12.122337 |   2)   2.945 us    |                          }
   12.122337 |   2)   3.193 us    |                        }
   12.122337 |   2)               |                        filemap_add_folio() {
   12.122337 |   2)               |                          __filemap_add_folio() {
   12.122337 |   2)   0.124 us    |                            shmem_mapping();
   12.122337 |   2)               |                            _raw_spin_lock_irq() {
   12.122338 |   2)   0.127 us    |                              preempt_count_add();
   12.122338 |   2)   0.404 us    |                            }
   12.122338 |   2)   0.126 us    |                            workingset_update_node();
   12.122338 |   2)   0.126 us    |                            mod_node_page_state();
   12.122339 |   2)               |                            _raw_spin_unlock_irq() {
   12.122339 |   2)   0.127 us    |                              preempt_count_sub();
   12.122339 |   2)   0.399 us    |                            }
   12.122339 |   2)   2.065 us    |                          }
   12.122339 |   2)               |                          folio_add_lru() {
   12.122339 |   2)               |                            __folio_batch_add_and_move() {
   12.122340 |   2)   0.126 us    |                              preempt_count_add();
   12.122340 |   2)   0.128 us    |                              preempt_count_sub();
   12.122340 |   2)   0.663 us    |                            }
   12.122340 |   2)   0.922 us    |                          }
   12.122340 |   2)   3.415 us    |                        }
   12.122341 |   2)               |                        filemap_alloc_folio_noprof() {
   12.122341 |   2)               |                          folio_alloc_noprof() {
   12.122341 |   2)               |                            alloc_pages_mpol() {
   12.122341 |   2)   0.124 us    |                              policy_nodemask();
   12.122341 |   2)               |                              __alloc_frozen_pages_noprof() {
   12.122341 |   2)               |                                get_page_from_freelist() {
   12.122342 |   2)   0.126 us    |                                  preempt_count_add();
   12.122342 |   2)               |                                  _raw_spin_trylock() {
   12.122342 |   2)   0.125 us    |                                    preempt_count_add();
   12.122342 |   2)   0.390 us    |                                  }
   12.122342 |   2)               |                                  _raw_spin_unlock() {
   12.122342 |   2)   0.125 us    |                                    preempt_count_sub();
   12.122343 |   2)   0.391 us    |                                  }
   12.122343 |   2)   0.128 us    |                                  preempt_count_sub();
   12.122343 |   2)   1.774 us    |                                }
   12.122343 |   2)   2.050 us    |                              }
   12.122343 |   2)   2.578 us    |                            }
   12.122344 |   2)   2.832 us    |                          }
   12.122344 |   2)   3.083 us    |                        }
   12.122344 |   2)               |                        filemap_add_folio() {
   12.122344 |   2)               |                          __filemap_add_folio() {
   12.122344 |   2)   0.125 us    |                            shmem_mapping();
   12.122344 |   2)               |                            _raw_spin_lock_irq() {
   12.122345 |   2)   0.126 us    |                              preempt_count_add();
   12.122345 |   2)   0.398 us    |                            }
   12.122345 |   2)   0.125 us    |                            workingset_update_node();
   12.122345 |   2)   0.126 us    |                            mod_node_page_state();
   12.122346 |   2)               |                            _raw_spin_unlock_irq() {
   12.122346 |   2)   0.128 us    |                              preempt_count_sub();
   12.122346 |   2)   0.399 us    |                            }
   12.122346 |   2)   2.065 us    |                          }
   12.122346 |   2)               |                          folio_add_lru() {
   12.122346 |   2)               |                            __folio_batch_add_and_move() {
   12.122346 |   2)   0.127 us    |                              preempt_count_add();
   12.122347 |   2)   0.126 us    |                              preempt_count_sub();
   12.122347 |   2)   0.664 us    |                            }
   12.122347 |   2)   0.923 us    |                          }
   12.122347 |   2)   3.414 us    |                        }
   12.122348 |   2)               |                        filemap_alloc_folio_noprof() {
   12.122348 |   2)               |                          folio_alloc_noprof() {
   12.122348 |   2)               |                            alloc_pages_mpol() {
   12.122348 |   2)   0.125 us    |                              policy_nodemask();
   12.122348 |   2)               |                              __alloc_frozen_pages_noprof() {
   12.122348 |   2)               |                                get_page_from_freelist() {
   12.122349 |   2)   0.126 us    |                                  preempt_count_add();
   12.122349 |   2)               |                                  _raw_spin_trylock() {
   12.122349 |   2)   0.125 us    |                                    preempt_count_add();
   12.122349 |   2)   0.391 us    |                                  }
   12.122349 |   2)               |                                  _raw_spin_unlock() {
   12.122350 |   2)   0.126 us    |                                    preempt_count_sub();
   12.122350 |   2)   0.391 us    |                                  }
   12.122350 |   2)   0.127 us    |                                  preempt_count_sub();
   12.122350 |   2)   1.898 us    |                                }
   12.122350 |   2)   2.172 us    |                              }
   12.122351 |   2)   2.698 us    |                            }
   12.122351 |   2)   2.955 us    |                          }
   12.122351 |   2)   3.207 us    |                        }
   12.122351 |   2)               |                        filemap_add_folio() {
   12.122351 |   2)               |                          __filemap_add_folio() {
   12.122351 |   2)   0.125 us    |                            shmem_mapping();
   12.122351 |   2)               |                            _raw_spin_lock_irq() {
   12.122352 |   2)   0.127 us    |                              preempt_count_add();
   12.122352 |   2)   0.400 us    |                            }
   12.122352 |   2)   0.124 us    |                            workingset_update_node();
   12.122352 |   2)   0.126 us    |                            mod_node_page_state();
   12.122353 |   2)               |                            _raw_spin_unlock_irq() {
   12.122353 |   2)   0.127 us    |                              preempt_count_sub();
   12.122353 |   2)   0.397 us    |                            }
   12.122353 |   2)   2.062 us    |                          }
   12.122353 |   2)               |                          folio_add_lru() {
   12.122353 |   2)               |                            __folio_batch_add_and_move() {
   12.122354 |   2)   0.125 us    |                              preempt_count_add();
   12.122354 |   2)   0.125 us    |                              preempt_count_sub();
   12.122354 |   2)   0.659 us    |                            }
   12.122354 |   2)   0.918 us    |                          }
   12.122354 |   2)   3.385 us    |                        }
   12.122355 |   2)               |                        read_pages() {
   12.122355 |   2)   0.127 us    |                          blk_start_plug();
   12.122355 |   2)               |                          z_erofs_readahead() {
   12.122355 |   2)               |                            erofs_real_inode() {
   12.122355 |   2)               |                              _raw_spin_lock() {
   12.122355 |   2)   0.125 us    |                                preempt_count_add();
   12.122356 |   2)   0.395 us    |                              }
   12.122356 |   2)   0.136 us    |                              igrab();
   12.122356 |   2)               |                              _raw_spin_unlock() {
   12.122356 |   2)   0.144 us    |                                preempt_count_sub();
   12.122357 |   2)   0.433 us    |                              }
   12.122357 |   2)   1.588 us    |                            }
   12.122357 |   2)               |                            z_erofs_pcluster_readmore() {
   12.122357 |   2)               |                              z_erofs_map_blocks_iter() {
   12.122357 |   2)               |                                z_erofs_map_blocks_fo() {
   12.122357 |   2)               |                                  z_erofs_load_lcluster_from_disk() {
   12.122358 |   2)               |                                    erofs_read_metabuf() {
   12.122358 |   2)               |                                      erofs_bread() {
   12.122358 |   2)               |                                        read_cache_folio() {
   12.122358 |   2)               |                                          do_read_cache_folio() {
   12.122358 |   2)               |                                            __filemap_get_folio_mpol() {
   12.122358 |   2)   0.335 us    |                                              filemap_get_entry();
   12.122359 |   2)   0.603 us    |                                            }
   12.122359 |   2)   0.128 us    |                                            folio_mark_accessed();
   12.122359 |   2)   1.154 us    |                                          }
   12.122359 |   2)   1.405 us    |                                        }
   12.122360 |   2)   1.708 us    |                                      }
   12.122360 |   2)   2.115 us    |                                    }
   12.122360 |   2)   2.574 us    |                                  }
   12.122360 |   2)               |                                  z_erofs_load_lcluster_from_disk() {
   12.122360 |   2)               |                                    erofs_read_metabuf() {
   12.122360 |   2)   0.129 us    |                                      erofs_bread();
   12.122361 |   2)   0.380 us    |                                    }
   12.122361 |   2)   0.713 us    |                                  }
   12.122361 |   2)   0.123 us    |                                  erofs_unmap_metabuf();
   12.122361 |   2)   4.022 us    |                                }
   12.122361 |   2)   4.361 us    |                              }
   12.122362 |   2)   0.133 us    |                              readahead_expand();
   12.122362 |   2)   4.939 us    |                            }
   12.122363 |   2)               |                            z_erofs_scan_folio() {
   12.122364 |   2)   0.126 us    |                              erofs_onlinefolio_init();
   12.122364 |   2)               |                              _raw_spin_lock() {
   12.122365 |   2)   0.125 us    |                                preempt_count_add();
   12.122365 |   2)   0.392 us    |                              }
   12.122365 |   2)               |                              _raw_spin_unlock() {
   12.122365 |   2)   0.145 us    |                                preempt_count_sub();
   12.122365 |   2)   0.413 us    |                              }
   12.122366 |   2)               |                              _raw_spin_lock() {
   12.122366 |   2)   0.123 us    |                                preempt_count_add();
   12.122366 |   2)   0.485 us    |                              }
   12.122367 |   2)               |                              _raw_spin_unlock() {
   12.122367 |   2)   0.141 us    |                                preempt_count_sub();
   12.122367 |   2)   0.402 us    |                              }
   12.122367 |   2)   0.129 us    |                              erofs_onlinefolio_split();
   12.122368 |   2)   0.132 us    |                              erofs_onlinefolio_end();
   12.122368 |   2)   4.298 us    |                            }
   12.122368 |   2)               |                            z_erofs_scan_folio() {
   12.122368 |   2)   0.125 us    |                              erofs_onlinefolio_init();
   12.122368 |   2)               |                              _raw_spin_lock() {
   12.122368 |   2)   0.129 us    |                                preempt_count_add();
   12.122369 |   2)   0.395 us    |                              }
   12.122369 |   2)               |                              _raw_spin_unlock() {
   12.122369 |   2)   0.142 us    |                                preempt_count_sub();
   12.122369 |   2)   0.406 us    |                              }
   12.122369 |   2)   0.128 us    |                              erofs_onlinefolio_split();
   12.122370 |   2)   0.132 us    |                              erofs_onlinefolio_end();
   12.122370 |   2)   2.050 us    |                            }
   12.122370 |   2)               |                            z_erofs_scan_folio() {
   12.122370 |   2)   0.123 us    |                              erofs_onlinefolio_init();
   12.122371 |   2)               |                              _raw_spin_lock() {
   12.122371 |   2)   0.125 us    |                                preempt_count_add();
   12.122371 |   2)   0.391 us    |                              }
   12.122371 |   2)               |                              _raw_spin_unlock() {
   12.122371 |   2)   0.127 us    |                                preempt_count_sub();
   12.122372 |   2)   0.389 us    |                              }
   12.122372 |   2)               |                              __erofs_allocpage() {
   12.122372 |   2)               |                                alloc_pages_noprof() {
   12.122372 |   2)               |                                  alloc_pages_mpol() {
   12.122372 |   2)   0.124 us    |                                    policy_nodemask();
   12.122373 |   2)               |                                    __alloc_frozen_pages_noprof() {
   12.122373 |   2)               |                                      get_page_from_freelist() {
   12.122373 |   2)   0.126 us    |                                        preempt_count_add();
   12.122373 |   2)               |                                        _raw_spin_trylock() {
   12.122373 |   2)   0.129 us    |                                          preempt_count_add();
   12.122374 |   2)   0.392 us    |                                        }
   12.122374 |   2)               |                                        _raw_spin_unlock() {
   12.122374 |   2)   0.128 us    |                                          preempt_count_sub();
   12.122374 |   2)   0.389 us    |                                        }
   12.122374 |   2)   0.130 us    |                                        preempt_count_sub();
   12.122375 |   2)   1.787 us    |                                      }
   12.122375 |   2)   2.089 us    |                                    }
   12.122375 |   2)   2.632 us    |                                  }
   12.122375 |   2)   2.915 us    |                                }
   12.122375 |   2)   3.315 us    |                              }
   12.122375 |   2)   0.122 us    |                              z_erofs_bvset_flip();
   12.122375 |   2)   0.129 us    |                              erofs_onlinefolio_split();
   12.122376 |   2)   0.130 us    |                              erofs_onlinefolio_end();
   12.122376 |   2)   5.890 us    |                            }
   12.122376 |   2)               |                            z_erofs_scan_folio() {
   12.122376 |   2)   0.125 us    |                              erofs_onlinefolio_init();
   12.122377 |   2)               |                              _raw_spin_lock() {
   12.122377 |   2)   0.125 us    |                                preempt_count_add();
   12.122377 |   2)   0.392 us    |                              }
   12.122377 |   2)               |                              _raw_spin_unlock() {
   12.122377 |   2)   0.126 us    |                                preempt_count_sub();
   12.122378 |   2)   0.391 us    |                              }
   12.122378 |   2)   0.129 us    |                              erofs_onlinefolio_split();
   12.122378 |   2)   0.131 us    |                              erofs_onlinefolio_end();
   12.122378 |   2)   2.068 us    |                            }
   12.122378 |   2)               |                            z_erofs_scan_folio() {
   12.122379 |   2)   0.124 us    |                              erofs_onlinefolio_init();
   12.122379 |   2)               |                              _raw_spin_lock() {
   12.122379 |   2)   0.125 us    |                                preempt_count_add();
   12.122379 |   2)   0.390 us    |                              }
   12.122379 |   2)               |                              _raw_spin_unlock() {
   12.122379 |   2)   0.126 us    |                                preempt_count_sub();
   12.122380 |   2)   0.398 us    |                              }
   12.122380 |   2)   0.129 us    |                              erofs_onlinefolio_split();
   12.122380 |   2)   0.130 us    |                              erofs_onlinefolio_end();
   12.122381 |   2)   2.063 us    |                            }
   12.122381 |   2)               |                            z_erofs_scan_folio() {
   12.122381 |   2)   0.125 us    |                              erofs_onlinefolio_init();
   12.122381 |   2)               |                              _raw_spin_lock() {
   12.122381 |   2)   0.123 us    |                                preempt_count_add();
   12.122382 |   2)   0.390 us    |                              }
   12.122382 |   2)               |                              _raw_spin_unlock() {
   12.122382 |   2)   0.125 us    |                                preempt_count_sub();
   12.122382 |   2)   0.393 us    |                              }
   12.122382 |   2)   0.129 us    |                              erofs_onlinefolio_split();
   12.122382 |   2)   0.132 us    |                              erofs_onlinefolio_end();
   12.122383 |   2)   2.054 us    |                            }
   12.122383 |   2)               |                            z_erofs_scan_folio() {
   12.122383 |   2)   0.125 us    |                              erofs_onlinefolio_init();
   12.122383 |   2)               |                              _raw_spin_lock() {
   12.122383 |   2)   0.127 us    |                                preempt_count_add();
   12.122384 |   2)   0.393 us    |                              }
   12.122384 |   2)               |                              _raw_spin_unlock() {
   12.122384 |   2)   0.125 us    |                                preempt_count_sub();
   12.122384 |   2)   0.388 us    |                              }
   12.122384 |   2)   0.139 us    |                              erofs_onlinefolio_split();
   12.122385 |   2)   0.133 us    |                              erofs_onlinefolio_end();
   12.122385 |   2)   2.063 us    |                            }
   12.122385 |   2)               |                            z_erofs_scan_folio() {
   12.122385 |   2)   0.125 us    |                              erofs_onlinefolio_init();
   12.122386 |   2)               |                              _raw_spin_lock() {
   12.122386 |   2)   0.124 us    |                                preempt_count_add();
   12.122386 |   2)   0.391 us    |                              }
   12.122386 |   2)               |                              _raw_spin_unlock() {
   12.122386 |   2)   0.125 us    |                                preempt_count_sub();
   12.122386 |   2)   0.389 us    |                              }
   12.122387 |   2)   0.128 us    |                              erofs_onlinefolio_split();
   12.122387 |   2)   0.128 us    |                              erofs_onlinefolio_end();
   12.122387 |   2)   2.018 us    |                            }
   12.122387 |   2)               |                            z_erofs_pcluster_readmore() {
   12.122387 |   2)               |                              __filemap_get_folio_mpol() {
   12.122388 |   2)   0.431 us    |                                filemap_get_entry();
   12.122388 |   2)   0.721 us    |                              }
   12.122388 |   2)   0.128 us    |                              folio_unlock();
   12.122389 |   2)               |                              __filemap_get_folio_mpol() {
   12.122389 |   2)   0.474 us    |                                filemap_get_entry();
   12.122389 |   2)   0.750 us    |                              }
   12.122390 |   2)   0.128 us    |                              folio_unlock();
   12.122390 |   2)               |                              __filemap_get_folio_mpol() {
   12.122390 |   2)   0.351 us    |                                filemap_get_entry();
   12.122391 |   2)   0.625 us    |                              }
   12.122391 |   2)   0.129 us    |                              folio_unlock();
   12.122391 |   2)               |                              __filemap_get_folio_mpol() {
   12.122391 |   2)   0.313 us    |                                filemap_get_entry();
   12.122392 |   2)   0.587 us    |                              }
   12.122392 |   2)   0.132 us    |                              folio_unlock();
   12.122392 |   2)   4.656 us    |                            }
   12.122392 |   2)   0.225 us    |                            z_erofs_pcluster_end();
   12.122392 |   2)               |                            z_erofs_runqueue() {
   12.122393 |   2)   0.120 us    |                              __init_swait_queue_head();
   12.122393 |   2)               |                              __kvmalloc_node_noprof() {
   12.122393 |   2)   0.126 us    |                                preempt_count_add();
   12.122393 |   2)   0.125 us    |                                preempt_count_sub();
   12.122394 |   2)   0.694 us    |                              }
   12.122394 |   2)   0.124 us    |                              erofs_map_dev();
   12.122394 |   2)               |                              _raw_spin_lock() {
   12.122394 |   2)   0.124 us    |                                preempt_count_add();
   12.122394 |   2)   0.415 us    |                              }
   12.122395 |   2)               |                              _raw_spin_unlock() {
   12.122395 |   2)   0.131 us    |                                preempt_count_sub();
   12.122395 |   2)   0.397 us    |                              }
   12.122395 |   2)   0.128 us    |                              folio_unlock();
   12.122396 |   2)               |                              kvfree() {
   12.122396 |   2)   0.129 us    |                                is_vmalloc_addr();
   12.122396 |   2)               |                                kfree() {
   12.122396 |   2)   0.191 us    |                                  preempt_count_add();
   12.122397 |   2)   0.134 us    |                                  preempt_count_sub();
   12.122397 |   2)   0.760 us    |                                }
   12.122397 |   2)   1.323 us    |                              }
   12.122397 |   2)               |                              z_erofs_decompress_queue() {
   12.122398 |   2)   0.139 us    |                                z_erofs_do_decompressed_bvec();
   12.122404 |   2)   0.141 us    |                                z_erofs_do_decompressed_bvec();
   12.122404 |   2)   0.133 us    |                                z_erofs_do_decompressed_bvec();
   12.122404 |   2)   0.132 us    |                                z_erofs_do_decompressed_bvec();
   12.122404 |   2)   0.133 us    |                                z_erofs_do_decompressed_bvec();
   12.122405 |   2)   0.129 us    |                                z_erofs_do_decompressed_bvec();
   12.122405 |   2)   0.130 us    |                                z_erofs_do_decompressed_bvec();
   12.122405 |   2)   0.129 us    |                                z_erofs_do_decompressed_bvec();
   12.122406 |   2)               |                                z_erofs_lz4_decompress() {
   12.122406 |   2)   0.139 us    |                                  __erofs_allocpage();
   12.122406 |   2)               |                                  __erofs_allocpage() {
   12.122406 |   2)               |                                    alloc_pages_noprof() {
   12.122407 |   2)               |                                      alloc_pages_mpol() {
   12.122407 |   2)   0.122 us    |                                        policy_nodemask();
   12.122407 |   2)               |                                        __alloc_frozen_pages_noprof() {
   12.122407 |   2)               |                                          get_page_from_freelist() {
   12.122407 |   2)   0.138 us    |                                            preempt_count_add();
   12.122408 |   2)               |                                            _raw_spin_trylock() {
   12.122408 |   2)   0.122 us    |                                              preempt_count_add();
   12.122408 |   2)   0.385 us    |                                            }
   12.122408 |   2)               |                                            _raw_spin_unlock() {
   12.122408 |   2)   0.132 us    |                                              preempt_count_sub();
   12.122408 |   2)   0.407 us    |                                            }
   12.122409 |   2)   0.125 us    |                                            preempt_count_sub();
   12.122409 |   2)   1.776 us    |                                          }
   12.122409 |   2)   2.090 us    |                                        }
   12.122409 |   2)   2.631 us    |                                      }
   12.122409 |   2)   2.891 us    |                                    }
   12.122409 |   2)   3.186 us    |                                  }
   12.122410 |   2)               |                                  __erofs_allocpage() {
   12.122410 |   2)               |                                    alloc_pages_noprof() {
   12.122410 |   2)               |                                      alloc_pages_mpol() {
   12.122410 |   2)   0.124 us    |                                        policy_nodemask();
   12.122410 |   2)               |                                        __alloc_frozen_pages_noprof() {
   12.122410 |   2)               |                                          get_page_from_freelist() {
   12.122410 |   2)   0.125 us    |                                            preempt_count_add();
   12.122411 |   2)               |                                            _raw_spin_trylock() {
   12.122411 |   2)   0.125 us    |                                              preempt_count_add();
   12.122411 |   2)   0.414 us    |                                            }
   12.122411 |   2)               |                                            _raw_spin_unlock() {
   12.122411 |   2)   0.133 us    |                                              preempt_count_sub();
   12.122412 |   2)   0.397 us    |                                            }
   12.122412 |   2)   0.126 us    |                                            preempt_count_sub();
   12.122412 |   2)   1.796 us    |                                          }
   12.122412 |   2)   2.076 us    |                                        }
   12.122412 |   2)   2.601 us    |                                      }
   12.122413 |   2)   2.850 us    |                                    }
   12.122413 |   2)   3.110 us    |                                  }
   12.122413 |   2)               |                                  __erofs_allocpage() {
   12.122413 |   2)               |                                    alloc_pages_noprof() {
   12.122413 |   2)               |                                      alloc_pages_mpol() {
   12.122413 |   2)   0.123 us    |                                        policy_nodemask();
   12.122413 |   2)               |                                        __alloc_frozen_pages_noprof() {
   12.122414 |   2)               |                                          get_page_from_freelist() {
   12.122414 |   2)   0.126 us    |                                            preempt_count_add();
   12.122414 |   2)               |                                            _raw_spin_trylock() {
   12.122414 |   2)   0.125 us    |                                              preempt_count_add();
   12.122414 |   2)   0.419 us    |                                            }
   12.122415 |   2)               |                                            _raw_spin_unlock() {
   12.122415 |   2)   0.131 us    |                                              preempt_count_sub();
   12.122415 |   2)   0.398 us    |                                            }
   12.122415 |   2)   0.125 us    |                                            preempt_count_sub();
   12.122415 |   2)   1.771 us    |                                          }
   12.122415 |   2)   2.053 us    |                                        }
   12.122416 |   2)   2.575 us    |                                      }
   12.122416 |   2)   2.822 us    |                                    }
   12.122416 |   2)   3.075 us    |                                  }
   12.122416 |   2)               |                                  vm_map_ram() {
   12.122417 |   2)               |                                    _raw_spin_lock() {
   12.122417 |   2)   0.125 us    |                                      preempt_count_add();
   12.122417 |   2)   0.394 us    |                                    }
   12.122417 |   2)               |                                    _raw_spin_unlock() {
   12.122417 |   2)   0.127 us    |                                      preempt_count_sub();
   12.122418 |   2)   0.388 us    |                                    }
   12.122418 |   2)               |                                    vmap_small_pages_range_noflush() {
   12.122418 |   2)   0.125 us    |                                      preempt_count_add();
   12.122419 |   2)   0.142 us    |                                      preempt_count_sub();
   12.122419 |   2)   0.125 us    |                                      preempt_count_add();
   12.122419 |   2)   0.123 us    |                                      preempt_count_sub();
   12.122419 |   2)   0.123 us    |                                      preempt_count_add();
   12.122420 |   2)   0.126 us    |                                      preempt_count_sub();
   12.122420 |   2)   0.125 us    |                                      preempt_count_add();
   12.122420 |   2)   0.125 us    |                                      preempt_count_sub();
   12.122421 |   2)   0.124 us    |                                      preempt_count_add();
   12.122421 |   2)   0.128 us    |                                      preempt_count_sub();
   12.122421 |   2)   0.126 us    |                                      preempt_count_add();
   12.122421 |   2)   0.125 us    |                                      preempt_count_sub();
   12.122422 |   2)   0.124 us    |                                      preempt_count_add();
   12.122422 |   2)   0.126 us    |                                      preempt_count_sub();
   12.122422 |   2)   0.122 us    |                                      preempt_count_add();
   12.122422 |   2)   0.123 us    |                                      preempt_count_sub();
   12.122423 |   2)   0.124 us    |                                      preempt_count_add();
   12.122423 |   2)   0.126 us    |                                      preempt_count_sub();
   12.122423 |   2)   0.125 us    |                                      preempt_count_add();
   12.122424 |   2)   0.126 us    |                                      preempt_count_sub();
   12.122424 |   2)   0.124 us    |                                      preempt_count_add();
   12.122424 |   2)   0.125 us    |                                      preempt_count_sub();
   12.122424 |   2)   0.125 us    |                                      preempt_count_add();
   12.122425 |   2)   0.124 us    |                                      preempt_count_sub();
   12.122425 |   2)   6.996 us    |                                    }
   12.122425 |   2)   8.869 us    |                                  }
   12.122425 |   2)   6.927 us    |                                  LZ4_decompress_safe_partial();
   12.122433 |   2)               |                                  vm_unmap_ram() {
   12.122433 |   2)   0.144 us    |                                    addr_to_vb_xa();
   12.122433 |   2)               |                                    _raw_spin_lock() {
   12.122434 |   2)   0.124 us    |                                      preempt_count_add();
   12.122434 |   2)   0.408 us    |                                    }
   12.122434 |   2)               |                                    _raw_spin_unlock() {
   12.122434 |   2)   0.127 us    |                                      preempt_count_sub();
   12.122434 |   2)   0.405 us    |                                    }
   12.122435 |   2)               |                                    __vunmap_range_noflush() {
   12.122435 |   2)   0.123 us    |                                      p4d_clear_huge();
   12.122435 |   2)   0.123 us    |                                      pud_clear_huge();
   12.122435 |   2)   0.145 us    |                                      pmd_clear_huge();
   12.122436 |   2)   1.256 us    |                                    }
   12.122436 |   2)               |                                    _raw_spin_lock() {
   12.122436 |   2)   0.122 us    |                                      preempt_count_add();
   12.122436 |   2)   0.389 us    |                                    }
   12.122437 |   2)               |                                    _raw_spin_unlock() {
   12.122437 |   2)   0.125 us    |                                      preempt_count_sub();
   12.122437 |   2)   0.388 us    |                                    }
   12.122437 |   2)   4.533 us    |                                  }
   12.122437 |   2) + 31.542 us   |                                }
   12.122438 |   2)               |                                erofs_onlinefolio_end() {
   12.122438 |   2)   0.130 us    |                                  folio_end_read();
   12.122438 |   2)   0.437 us    |                                }
   12.122438 |   2)               |                                erofs_onlinefolio_end() {
   12.122438 |   2)   0.129 us    |                                  folio_end_read();
   12.122439 |   2)   0.385 us    |                                }
   12.122439 |   2)               |                                erofs_onlinefolio_end() {
   12.122439 |   2)   0.128 us    |                                  folio_end_read();
   12.122439 |   2)   0.380 us    |                                }
   12.122439 |   2)               |                                erofs_onlinefolio_end() {
   12.122439 |   2)   0.128 us    |                                  folio_end_read();
   12.122440 |   2)   0.455 us    |                                }
   12.122440 |   2)               |                                erofs_onlinefolio_end() {
   12.122440 |   2)   0.129 us    |                                  folio_end_read();
   12.122440 |   2)   0.397 us    |                                }
   12.122440 |   2)               |                                erofs_onlinefolio_end() {
   12.122441 |   2)   0.129 us    |                                  folio_end_read();
   12.122441 |   2)   0.385 us    |                                }
   12.122441 |   2)               |                                erofs_onlinefolio_end() {
   12.122441 |   2)   0.129 us    |                                  folio_end_read();
   12.122441 |   2)   0.385 us    |                                }
   12.122441 |   2)               |                                erofs_onlinefolio_end() {
   12.122442 |   2)   0.128 us    |                                  folio_end_read();
   12.122442 |   2)   0.383 us    |                                }
   12.122442 |   2)               |                                z_erofs_put_pcluster() {
   12.122442 |   2)               |                                  _raw_spin_lock() {
   12.122442 |   2)   0.125 us    |                                    preempt_count_add();
   12.122443 |   2)   0.391 us    |                                  }
   12.122443 |   2)               |                                  _raw_spin_unlock() {
   12.122443 |   2)   0.126 us    |                                    preempt_count_sub();
   12.122443 |   2)   0.391 us    |                                  }
   12.122443 |   2)   1.270 us    |                                }
   12.122444 |   2) + 46.462 us   |                              }
   12.122444 |   2) + 51.279 us   |                            }
   12.122444 |   2)   0.152 us    |                            erofs_put_metabuf();
   12.122444 |   2)               |                            erofs_release_pages() {
   12.122444 |   2)               |                              __folio_put() {
   12.122444 |   2)               |                                free_frozen_pages() {
   12.122445 |   2)               |                                  __free_frozen_pages() {
   12.122445 |   2)   0.124 us    |                                    preempt_count_add();
   12.122445 |   2)               |                                    _raw_spin_trylock() {
   12.122445 |   2)   0.122 us    |                                      preempt_count_add();
   12.122445 |   2)   0.411 us    |                                    }
   12.122446 |   2)   0.142 us    |                                    free_frozen_page_commit();
   12.122446 |   2)               |                                    _raw_spin_unlock() {
   12.122446 |   2)   0.131 us    |                                      preempt_count_sub();
   12.122446 |   2)   0.397 us    |                                    }
   12.122446 |   2)   0.139 us    |                                    preempt_count_sub();
   12.122447 |   2)   2.131 us    |                                  }
   12.122447 |   2)   2.414 us    |                                }
   12.122447 |   2)   2.679 us    |                              }
   12.122447 |   2)               |                              __folio_put() {
   12.122447 |   2)               |                                free_frozen_pages() {
   12.122447 |   2)               |                                  __free_frozen_pages() {
   12.122448 |   2)   0.125 us    |                                    preempt_count_add();
   12.122448 |   2)               |                                    _raw_spin_trylock() {
   12.122448 |   2)   0.124 us    |                                      preempt_count_add();
   12.122448 |   2)   0.387 us    |                                    }
   12.122448 |   2)   0.126 us    |                                    free_frozen_page_commit();
   12.122449 |   2)               |                                    _raw_spin_unlock() {
   12.122449 |   2)   0.132 us    |                                      preempt_count_sub();
   12.122449 |   2)   0.394 us    |                                    }
   12.122449 |   2)   0.126 us    |                                    preempt_count_sub();
   12.122449 |   2)   2.017 us    |                                  }
   12.122450 |   2)   2.265 us    |                                }
   12.122450 |   2)   2.513 us    |                              }
   12.122450 |   2)               |                              __folio_put() {
   12.122450 |   2)               |                                free_frozen_pages() {
   12.122450 |   2)               |                                  __free_frozen_pages() {
   12.122450 |   2)   0.125 us    |                                    preempt_count_add();
   12.122451 |   2)               |                                    _raw_spin_trylock() {
   12.122451 |   2)   0.123 us    |                                      preempt_count_add();
   12.122451 |   2)   0.413 us    |                                    }
   12.122451 |   2)   0.129 us    |                                    free_frozen_page_commit();
   12.122451 |   2)               |                                    _raw_spin_unlock() {
   12.122451 |   2)   0.130 us    |                                      preempt_count_sub();
   12.122452 |   2)   0.392 us    |                                    }
   12.122452 |   2)   0.126 us    |                                    preempt_count_sub();
   12.122452 |   2)   2.013 us    |                                  }
   12.122452 |   2)   2.258 us    |                                }
   12.122452 |   2)   2.512 us    |                              }
   12.122453 |   2)               |                              __folio_put() {
   12.122453 |   2)               |                                free_frozen_pages() {
   12.122453 |   2)               |                                  __free_frozen_pages() {
   12.122453 |   2)   0.122 us    |                                    preempt_count_add();
   12.122453 |   2)               |                                    _raw_spin_trylock() {
   12.122453 |   2)   0.122 us    |                                      preempt_count_add();
   12.122454 |   2)   0.385 us    |                                    }
   12.122454 |   2)   0.206 us    |                                    free_frozen_page_commit();
   12.122454 |   2)               |                                    _raw_spin_unlock() {
   12.122454 |   2)   0.130 us    |                                      preempt_count_sub();
   12.122454 |   2)   0.392 us    |                                    }
   12.122455 |   2)   0.125 us    |                                    preempt_count_sub();
   12.122455 |   2)   2.078 us    |                                  }
   12.122455 |   2)   2.326 us    |                                }
   12.122455 |   2)   2.574 us    |                              }
   12.122455 |   2) + 11.107 us   |                            }
   12.122455 |   2)               |                            iput() {
   12.122456 |   2)   0.132 us    |                              iput.part.0();
   12.122456 |   2)   0.386 us    |                            }
   12.122456 |   2) ! 101.009 us  |                          }
   12.122456 |   2)               |                          blk_finish_plug() {
   12.122456 |   2)               |                            __blk_flush_plug() {
   12.122456 |   2)   0.136 us    |                              blk_mq_flush_plug_list();
   12.122457 |   2)   0.421 us    |                            }
   12.122457 |   2)   0.702 us    |                          }
   12.122457 |   2) ! 102.422 us  |                        }
   12.122457 |   2) ! 159.216 us  |                      }
   12.122457 |   2) ! 159.747 us  |                    }
   12.122457 |   2) ! 160.009 us  |                  }
   12.122458 |   2) ! 160.641 us  |                }
   12.122458 |   2) ! 160.960 us  |              }
   12.122458 |   2) ! 161.958 us  |            }
   12.122458 |   2)   0.149 us    |            folio_mark_accessed();
   12.122460 |   2) ! 164.008 us  |          }
   12.122460 |   2) ! 164.275 us  |        }
   12.122460 |   2) ! 165.021 us  |      }
   12.122460 |   2) ! 165.642 us  |    }
   12.122460 |   2) ! 165.996 us  |  }
   12.122463 |   2)               |  __x64_sys_read() {
   12.122463 |   2)               |    ksys_read() {
   12.122463 |   2)   0.152 us    |      fdget_pos();
   12.122463 |   2)               |      vfs_read() {
   12.122463 |   2)   0.270 us    |        rw_verify_area();
   12.122464 |   2)               |        erofs_ishare_file_read_iter() {
   12.122464 |   2)               |          filemap_read() {
   12.122464 |   2)               |            filemap_get_pages() {
   12.122464 |   2)   0.425 us    |              filemap_get_read_batch();
   12.122465 |   2)   0.718 us    |            }
   12.122465 |   2)   0.133 us    |            folio_mark_accessed();
   12.122466 |   2)   2.656 us    |          }
   12.122467 |   2)   2.933 us    |        }
   12.122467 |   2)   3.690 us    |      }
   12.122467 |   2)   4.262 us    |    }
   12.122467 |   2)   4.589 us    |  }
   12.122469 |   2)               |  __x64_sys_read() {
   12.122469 |   2)               |    ksys_read() {
   12.122469 |   2)   0.150 us    |      fdget_pos();
   12.122469 |   2)               |      vfs_read() {
   12.122469 |   2)   0.266 us    |        rw_verify_area();
   12.122470 |   2)               |        erofs_ishare_file_read_iter() {
   12.122470 |   2)               |          filemap_read() {
   12.122470 |   2)               |            filemap_get_pages() {
   12.122470 |   2)   0.343 us    |              filemap_get_read_batch();
   12.122471 |   2)   0.627 us    |            }
   12.122471 |   2)   0.135 us    |            folio_mark_accessed();
   12.122473 |   2)   2.629 us    |          }
   12.122473 |   2)   2.898 us    |        }
   12.122473 |   2)   3.671 us    |      }
   12.122473 |   2)   4.241 us    |    }
   12.122473 |   2)   4.544 us    |  }
   12.122475 |   2)               |  __x64_sys_read() {
   12.122475 |   2)               |    ksys_read() {
   12.122475 |   2)   0.155 us    |      fdget_pos();
   12.122475 |   2)               |      vfs_read() {
   12.122476 |   2)   0.269 us    |        rw_verify_area();
   12.122476 |   2)               |        erofs_ishare_file_read_iter() {
   12.122476 |   2)               |          filemap_read() {
   12.122476 |   2)               |            filemap_get_pages() {
   12.122476 |   2)   0.369 us    |              filemap_get_read_batch();
   12.122477 |   2)               |              filemap_readahead.isra.0() {
   12.122477 |   2)               |                page_cache_async_ra() {
   12.122477 |   2)   0.127 us    |                  inode_to_bdi();
   12.122478 |   2)               |                  page_cache_ra_order() {
   12.122478 |   2)               |                    do_page_cache_ra() {
   12.122478 |   2)               |                      page_cache_ra_unbounded() {
   12.122478 |   2)               |                        filemap_alloc_folio_noprof() {
   12.122478 |   2)               |                          folio_alloc_noprof() {
   12.122479 |   2)               |                            alloc_pages_mpol() {
   12.122479 |   2)   0.126 us    |                              policy_nodemask();
   12.122479 |   2)               |                              __alloc_frozen_pages_noprof() {
   12.122479 |   2)               |                                get_page_from_freelist() {
   12.122479 |   2)   0.126 us    |                                  preempt_count_add();
   12.122480 |   2)               |                                  _raw_spin_trylock() {
   12.122480 |   2)   0.125 us    |                                    preempt_count_add();
   12.122480 |   2)   0.393 us    |                                  }
   12.122480 |   2)               |                                  _raw_spin_unlock() {
   12.122480 |   2)   0.124 us    |                                    preempt_count_sub();
   12.122481 |   2)   0.390 us    |                                  }
   12.122481 |   2)   0.125 us    |                                  preempt_count_sub();
   12.122481 |   2)   1.821 us    |                                }
   12.122481 |   2)   2.215 us    |                              }
   12.122481 |   2)   2.760 us    |                            }
   12.122481 |   2)   3.027 us    |                          }
   12.122482 |   2)   3.282 us    |                        }
   12.122482 |   2)               |                        filemap_add_folio() {
   12.122482 |   2)               |                          __filemap_add_folio() {
   12.122482 |   2)   0.124 us    |                            shmem_mapping();
   12.122482 |   2)               |                            _raw_spin_lock_irq() {
   12.122482 |   2)   0.142 us    |                              preempt_count_add();
   12.122483 |   2)   0.414 us    |                            }
   12.122483 |   2)   0.125 us    |                            workingset_update_node();
   12.122483 |   2)   0.132 us    |                            mod_node_page_state();
   12.122483 |   2)               |                            _raw_spin_unlock_irq() {
   12.122484 |   2)   0.132 us    |                              preempt_count_sub();
   12.122484 |   2)   0.405 us    |                            }
   12.122484 |   2)   2.095 us    |                          }
   12.122484 |   2)               |                          folio_add_lru() {
   12.122484 |   2)               |                            __folio_batch_add_and_move() {
   12.122484 |   2)   0.125 us    |                              preempt_count_add();
   12.122485 |   2)   0.126 us    |                              preempt_count_sub();
   12.122485 |   2)   0.675 us    |                            }
   12.122485 |   2)   0.925 us    |                          }
   12.122485 |   2)   3.440 us    |                        }
   12.122486 |   2)               |                        filemap_alloc_folio_noprof() {
   12.122486 |   2)               |                          folio_alloc_noprof() {
   12.122486 |   2)               |                            alloc_pages_mpol() {
   12.122486 |   2)   0.124 us    |                              policy_nodemask();
   12.122486 |   2)               |                              __alloc_frozen_pages_noprof() {
   12.122486 |   2)               |                                get_page_from_freelist() {
   12.122486 |   2)   0.125 us    |                                  preempt_count_add();
   12.122487 |   2)               |                                  _raw_spin_trylock() {
   12.122487 |   2)   0.130 us    |                                    preempt_count_add();
   12.122487 |   2)   0.396 us    |                                  }
   12.122487 |   2)               |                                  _raw_spin_unlock() {
   12.122487 |   2)   0.125 us    |                                    preempt_count_sub();
   12.122488 |   2)   0.389 us    |                                  }
   12.122488 |   2)   0.126 us    |                                  preempt_count_sub();
   12.122488 |   2)   1.762 us    |                                }
   12.122488 |   2)   2.047 us    |                              }
   12.122488 |   2)   2.571 us    |                            }
   12.122488 |   2)   2.823 us    |                          }
   12.122489 |   2)   3.076 us    |                        }
   12.122489 |   2)               |                        filemap_add_folio() {
   12.122489 |   2)               |                          __filemap_add_folio() {
   12.122489 |   2)   0.123 us    |                            shmem_mapping();
   12.122489 |   2)               |                            _raw_spin_lock_irq() {
   12.122489 |   2)   0.127 us    |                              preempt_count_add();
   12.122490 |   2)   0.399 us    |                            }
   12.122490 |   2)   0.125 us    |                            workingset_update_node();
   12.122490 |   2)   0.125 us    |                            mod_node_page_state();
   12.122490 |   2)               |                            _raw_spin_unlock_irq() {
   12.122491 |   2)   0.126 us    |                              preempt_count_sub();
   12.122491 |   2)   0.402 us    |                            }
   12.122491 |   2)   2.071 us    |                          }
   12.122491 |   2)               |                          folio_add_lru() {
   12.122491 |   2)               |                            __folio_batch_add_and_move() {
   12.122491 |   2)   0.125 us    |                              preempt_count_add();
   12.122492 |   2)               |                              folio_batch_move_lru() {
   12.122492 |   2)               |                                _raw_spin_lock_irqsave() {
   12.122492 |   2)   0.132 us    |                                  preempt_count_add();
   12.122492 |   2)   0.440 us    |                                }
   12.122493 |   2)               |                                lru_add() {
   12.122493 |   2)   0.125 us    |                                  folio_mapping();
   12.122493 |   2)   0.127 us    |                                  mod_node_page_state();
   12.122494 |   2)   0.126 us    |                                  __mod_zone_page_state();
   12.122494 |   2)   1.252 us    |                                }
   12.122494 |   2)               |                                lru_add() {
   12.122494 |   2)   0.126 us    |                                  folio_mapping();
   12.122495 |   2)   0.127 us    |                                  mod_node_page_state();
   12.122495 |   2)   0.126 us    |                                  __mod_zone_page_state();
   12.122495 |   2)   1.108 us    |                                }
   12.122495 |   2)               |                                lru_add() {
   12.122496 |   2)   0.125 us    |                                  folio_mapping();
   12.122496 |   2)   0.125 us    |                                  mod_node_page_state();
   12.122496 |   2)   0.125 us    |                                  __mod_zone_page_state();
   12.122496 |   2)   1.106 us    |                                }
   12.122497 |   2)               |                                lru_add() {
   12.122497 |   2)   0.125 us    |                                  folio_mapping();
   12.122497 |   2)   0.127 us    |                                  mod_node_page_state();
   12.122497 |   2)   0.125 us    |                                  __mod_zone_page_state();
   12.122498 |   2)   1.110 us    |                                }
   12.122498 |   2)               |                                lru_add() {
   12.122498 |   2)   0.148 us    |                                  folio_mapping();
   12.122499 |   2)   0.126 us    |                                  mod_node_page_state();
   12.122499 |   2)   0.125 us    |                                  __mod_zone_page_state();
   12.122499 |   2)   1.146 us    |                                }
   12.122499 |   2)               |                                lru_add() {
   12.122499 |   2)   0.128 us    |                                  folio_mapping();
   12.122500 |   2)   0.128 us    |                                  mod_node_page_state();
   12.122500 |   2)   0.125 us    |                                  __mod_zone_page_state();
   12.122500 |   2)   1.114 us    |                                }
   12.122500 |   2)               |                                lru_add() {
   12.122501 |   2)   0.127 us    |                                  folio_mapping();
   12.122501 |   2)   0.126 us    |                                  mod_node_page_state();
   12.122501 |   2)   0.125 us    |                                  __mod_zone_page_state();
   12.122502 |   2)   1.110 us    |                                }
   12.122502 |   2)               |                                lru_add() {
   12.122502 |   2)   0.128 us    |                                  folio_mapping();
   12.122502 |   2)   0.126 us    |                                  mod_node_page_state();
   12.122503 |   2)   0.125 us    |                                  __mod_zone_page_state();
   12.122503 |   2)   1.113 us    |                                }
   12.122503 |   2)               |                                lru_add() {
   12.122503 |   2)   0.126 us    |                                  folio_mapping();
   12.122504 |   2)   0.127 us    |                                  mod_node_page_state();
   12.122504 |   2)   0.126 us    |                                  __mod_zone_page_state();
   12.122504 |   2)   1.109 us    |                                }
   12.122504 |   2)               |                                lru_add() {
   12.122505 |   2)   0.125 us    |                                  folio_mapping();
   12.122505 |   2)   0.127 us    |                                  mod_node_page_state();
   12.122505 |   2)   0.126 us    |                                  __mod_zone_page_state();
   12.122505 |   2)   1.109 us    |                                }
   12.122506 |   2)               |                                lru_add() {
   12.122506 |   2)   0.126 us    |                                  folio_mapping();
   12.122506 |   2)   0.126 us    |                                  mod_node_page_state();
   12.122506 |   2)   0.127 us    |                                  __mod_zone_page_state();
   12.122507 |   2)   1.109 us    |                                }
   12.122507 |   2)               |                                lru_add() {
   12.122507 |   2)   0.127 us    |                                  folio_mapping();
   12.122507 |   2)   0.124 us    |                                  mod_node_page_state();
   12.122508 |   2)   0.125 us    |                                  __mod_zone_page_state();
   12.122508 |   2)   1.108 us    |                                }
   12.122508 |   2)               |                                lru_add() {
   12.122508 |   2)   0.126 us    |                                  folio_mapping();
   12.122509 |   2)   0.127 us    |                                  mod_node_page_state();
   12.122509 |   2)   0.124 us    |                                  __mod_zone_page_state();
   12.122509 |   2)   1.109 us    |                                }
   12.122509 |   2)               |                                lru_add() {
   12.122510 |   2)   0.136 us    |                                  folio_mapping();
   12.122510 |   2)   0.125 us    |                                  mod_node_page_state();
   12.122510 |   2)   0.204 us    |                                  __mod_zone_page_state();
   12.122511 |   2)   1.215 us    |                                }
   12.122511 |   2)               |                                lru_add() {
   12.122511 |   2)   0.126 us    |                                  folio_mapping();
   12.122511 |   2)   0.125 us    |                                  mod_node_page_state();
   12.122512 |   2)   0.139 us    |                                  __mod_zone_page_state();
   12.122512 |   2)   1.124 us    |                                }
   12.122512 |   2)               |                                lru_add() {
   12.122512 |   2)   0.125 us    |                                  folio_mapping();
   12.122513 |   2)   0.125 us    |                                  mod_node_page_state();
   12.122513 |   2)   0.126 us    |                                  __mod_zone_page_state();
   12.122513 |   2)   1.119 us    |                                }
   12.122513 |   2)               |                                lru_add() {
   12.122514 |   2)   0.125 us    |                                  folio_mapping();
   12.122514 |   2)   0.126 us    |                                  mod_node_page_state();
   12.122514 |   2)   0.123 us    |                                  __mod_zone_page_state();
   12.122515 |   2)   1.137 us    |                                }
   12.122515 |   2)               |                                lru_add() {
   12.122515 |   2)   0.126 us    |                                  folio_mapping();
   12.122515 |   2)   0.126 us    |                                  mod_node_page_state();
   12.122516 |   2)   0.125 us    |                                  __mod_zone_page_state();
   12.122516 |   2)   1.125 us    |                                }
   12.122516 |   2)               |                                lru_add() {
   12.122516 |   2)   0.125 us    |                                  folio_mapping();
   12.122517 |   2)   0.232 us    |                                  mod_node_page_state();
   12.122517 |   2)   0.265 us    |                                  __mod_zone_page_state();
   12.122517 |   2)   1.373 us    |                                }
   12.122518 |   2)               |                                lru_add() {
   12.122518 |   2)   0.124 us    |                                  folio_mapping();
   12.122518 |   2)   0.126 us    |                                  mod_node_page_state();
   12.122518 |   2)   0.124 us    |                                  __mod_zone_page_state();
   12.122519 |   2)   1.122 us    |                                }
   12.122519 |   2)               |                                lru_add() {
   12.122519 |   2)   0.125 us    |                                  folio_mapping();
   12.122519 |   2)   0.125 us    |                                  mod_node_page_state();
   12.122520 |   2)   0.124 us    |                                  __mod_zone_page_state();
   12.122520 |   2)   1.123 us    |                                }
   12.122520 |   2)               |                                lru_add() {
   12.122520 |   2)   0.124 us    |                                  folio_mapping();
   12.122521 |   2)   0.126 us    |                                  mod_node_page_state();
   12.122521 |   2)   0.124 us    |                                  __mod_zone_page_state();
   12.122521 |   2)   1.125 us    |                                }
   12.122521 |   2)               |                                lru_add() {
   12.122522 |   2)   0.125 us    |                                  folio_mapping();
   12.122522 |   2)   0.126 us    |                                  mod_node_page_state();
   12.122522 |   2)   0.126 us    |                                  __mod_zone_page_state();
   12.122523 |   2)   1.123 us    |                                }
   12.122523 |   2)               |                                lru_add() {
   12.122523 |   2)   0.126 us    |                                  folio_mapping();
   12.122523 |   2)   0.127 us    |                                  mod_node_page_state();
   12.122524 |   2)   0.124 us    |                                  __mod_zone_page_state();
   12.122524 |   2)   1.127 us    |                                }
   12.122524 |   2)               |                                lru_add() {
   12.122524 |   2)   0.126 us    |                                  folio_mapping();
   12.122525 |   2)   0.125 us    |                                  mod_node_page_state();
   12.122525 |   2)   0.125 us    |                                  __mod_zone_page_state();
   12.122525 |   2)   1.125 us    |                                }
   12.122525 |   2)               |                                lru_add() {
   12.122526 |   2)   0.124 us    |                                  folio_mapping();
   12.122526 |   2)   0.128 us    |                                  mod_node_page_state();
   12.122526 |   2)   0.125 us    |                                  __mod_zone_page_state();
   12.122526 |   2)   1.126 us    |                                }
   12.122527 |   2)               |                                lru_add() {
   12.122527 |   2)   0.127 us    |                                  folio_mapping();
   12.122527 |   2)   0.205 us    |                                  mod_node_page_state();
   12.122528 |   2)   0.125 us    |                                  __mod_zone_page_state();
   12.122528 |   2)   1.209 us    |                                }
   12.122528 |   2)               |                                lru_add() {
   12.122528 |   2)   0.126 us    |                                  folio_mapping();
   12.122529 |   2)   0.140 us    |                                  mod_node_page_state();
   12.122529 |   2)   0.125 us    |                                  __mod_zone_page_state();
   12.122529 |   2)   1.147 us    |                                }
   12.122529 |   2)               |                                lru_add() {
   12.122530 |   2)   0.125 us    |                                  folio_mapping();
   12.122530 |   2)   0.126 us    |                                  mod_node_page_state();
   12.122530 |   2)   0.124 us    |                                  __mod_zone_page_state();
   12.122530 |   2)   1.129 us    |                                }
   12.122531 |   2)               |                                lru_add() {
   12.122531 |   2)   0.125 us    |                                  folio_mapping();
   12.122531 |   2)   0.128 us    |                                  mod_node_page_state();
   12.122531 |   2)   0.126 us    |                                  __mod_zone_page_state();
   12.122532 |   2)   1.126 us    |                                }
   12.122532 |   2)               |                                lru_add() {
   12.122532 |   2)   0.126 us    |                                  folio_mapping();
   12.122532 |   2)   0.127 us    |                                  mod_node_page_state();
   12.122533 |   2)   0.126 us    |                                  __mod_zone_page_state();
   12.122533 |   2)   1.111 us    |                                }
   12.122533 |   2)               |                                _raw_spin_unlock_irqrestore() {
   12.122533 |   2)   0.133 us    |                                  preempt_count_sub();
   12.122534 |   2)   0.423 us    |                                }
   12.122534 |   2)   0.143 us    |                                free_unref_folios();
   12.122534 |   2)   0.342 us    |                                folios_put_refs();
   12.122535 |   2) + 43.031 us   |                              }
   12.122535 |   2)   0.142 us    |                              preempt_count_sub();
   12.122535 |   2) + 43.918 us   |                            }
   12.122535 |   2) + 44.168 us   |                          }
   12.122535 |   2) + 46.652 us   |                        }
   12.122536 |   2)               |                        filemap_alloc_folio_noprof() {
   12.122536 |   2)               |                          folio_alloc_noprof() {
   12.122536 |   2)               |                            alloc_pages_mpol() {
   12.122536 |   2)   0.125 us    |                              policy_nodemask();
   12.122536 |   2)               |                              __alloc_frozen_pages_noprof() {
   12.122537 |   2)               |                                get_page_from_freelist() {
   12.122537 |   2)   0.127 us    |                                  preempt_count_add();
   12.122537 |   2)               |                                  _raw_spin_trylock() {
   12.122537 |   2)   0.124 us    |                                    preempt_count_add();
   12.122537 |   2)   0.389 us    |                                  }
   12.122537 |   2)               |                                  _raw_spin_unlock() {
   12.122538 |   2)   0.125 us    |                                    preempt_count_sub();
   12.122538 |   2)   0.393 us    |                                  }
   12.122538 |   2)   0.126 us    |                                  preempt_count_sub();
   12.122538 |   2)   1.795 us    |                                }
   12.122538 |   2)   2.068 us    |                              }
   12.122539 |   2)   2.594 us    |                            }
   12.122539 |   2)   2.849 us    |                          }
   12.122539 |   2)   3.110 us    |                        }
   12.122539 |   2)               |                        filemap_add_folio() {
   12.122539 |   2)               |                          __filemap_add_folio() {
   12.122539 |   2)   0.123 us    |                            shmem_mapping();
   12.122540 |   2)               |                            _raw_spin_lock_irq() {
   12.122540 |   2)   0.125 us    |                              preempt_count_add();
   12.122540 |   2)   0.400 us    |                            }
   12.122540 |   2)   0.125 us    |                            workingset_update_node();
   12.122540 |   2)   0.128 us    |                            mod_node_page_state();
   12.122541 |   2)               |                            _raw_spin_unlock_irq() {
   12.122541 |   2)   0.127 us    |                              preempt_count_sub();
   12.122541 |   2)   0.398 us    |                            }
   12.122541 |   2)   2.047 us    |                          }
   12.122541 |   2)               |                          folio_add_lru() {
   12.122541 |   2)               |                            __folio_batch_add_and_move() {
   12.122542 |   2)   0.126 us    |                              preempt_count_add();
   12.122542 |   2)   0.126 us    |                              preempt_count_sub();
   12.122542 |   2)   0.674 us    |                            }
   12.122542 |   2)   0.928 us    |                          }
   12.122542 |   2)   3.398 us    |                        }
   12.122543 |   2)               |                        filemap_alloc_folio_noprof() {
   12.122543 |   2)               |                          folio_alloc_noprof() {
   12.122543 |   2)               |                            alloc_pages_mpol() {
   12.122543 |   2)   0.125 us    |                              policy_nodemask();
   12.122543 |   2)               |                              __alloc_frozen_pages_noprof() {
   12.122544 |   2)               |                                get_page_from_freelist() {
   12.122544 |   2)   0.127 us    |                                  preempt_count_add();
   12.122544 |   2)               |                                  _raw_spin_trylock() {
   12.122544 |   2)   0.122 us    |                                    preempt_count_add();
   12.122544 |   2)   0.412 us    |                                  }
   12.122545 |   2)               |                                  _raw_spin_unlock() {
   12.122545 |   2)   0.123 us    |                                    preempt_count_sub();
   12.122545 |   2)   0.387 us    |                                  }
   12.122545 |   2)   0.128 us    |                                  preempt_count_sub();
   12.122545 |   2)   1.803 us    |                                }
   12.122546 |   2)   2.080 us    |                              }
   12.122546 |   2)   2.608 us    |                            }
   12.122546 |   2)   2.861 us    |                          }
   12.122546 |   2)   3.112 us    |                        }
   12.122546 |   2)               |                        filemap_add_folio() {
   12.122546 |   2)               |                          __filemap_add_folio() {
   12.122546 |   2)   0.127 us    |                            shmem_mapping();
   12.122547 |   2)               |                            _raw_spin_lock_irq() {
   12.122547 |   2)   0.126 us    |                              preempt_count_add();
   12.122547 |   2)   0.399 us    |                            }
   12.122547 |   2)   0.125 us    |                            workingset_update_node();
   12.122547 |   2)   0.127 us    |                            mod_node_page_state();
   12.122548 |   2)               |                            _raw_spin_unlock_irq() {
   12.122548 |   2)   0.127 us    |                              preempt_count_sub();
   12.122548 |   2)   0.396 us    |                            }
   12.122548 |   2)   2.064 us    |                          }
   12.122548 |   2)               |                          folio_add_lru() {
   12.122549 |   2)               |                            __folio_batch_add_and_move() {
   12.122549 |   2)   0.125 us    |                              preempt_count_add();
   12.122549 |   2)   0.127 us    |                              preempt_count_sub();
   12.122549 |   2)   0.660 us    |                            }
   12.122549 |   2)   0.910 us    |                          }
   12.122549 |   2)   3.381 us    |                        }
   12.122550 |   2)               |                        filemap_alloc_folio_noprof() {
   12.122550 |   2)               |                          folio_alloc_noprof() {
   12.122550 |   2)               |                            alloc_pages_mpol() {
   12.122550 |   2)   0.134 us    |                              policy_nodemask();
   12.122550 |   2)               |                              __alloc_frozen_pages_noprof() {
   12.122551 |   2)               |                                get_page_from_freelist() {
   12.122551 |   2)   0.124 us    |                                  preempt_count_add();
   12.122551 |   2)               |                                  _raw_spin_trylock() {
   12.122551 |   2)   0.123 us    |                                    preempt_count_add();
   12.122551 |   2)   0.386 us    |                                  }
   12.122551 |   2)               |                                  _raw_spin_unlock() {
   12.122552 |   2)   0.123 us    |                                    preempt_count_sub();
   12.122552 |   2)   0.388 us    |                                  }
   12.122552 |   2)   0.126 us    |                                  preempt_count_sub();
   12.122552 |   2)   1.750 us    |                                }
   12.122552 |   2)   2.019 us    |                              }
   12.122553 |   2)   2.553 us    |                            }
   12.122553 |   2)   2.803 us    |                          }
   12.122553 |   2)   3.055 us    |                        }
   12.122553 |   2)               |                        filemap_add_folio() {
   12.122553 |   2)               |                          __filemap_add_folio() {
   12.122553 |   2)   0.124 us    |                            shmem_mapping();
   12.122554 |   2)               |                            _raw_spin_lock_irq() {
   12.122554 |   2)   0.129 us    |                              preempt_count_add();
   12.122554 |   2)   0.398 us    |                            }
   12.122554 |   2)   0.124 us    |                            workingset_update_node();
   12.122554 |   2)   0.127 us    |                            mod_node_page_state();
   12.122555 |   2)               |                            _raw_spin_unlock_irq() {
   12.122555 |   2)   0.126 us    |                              preempt_count_sub();
   12.122555 |   2)   0.400 us    |                            }
   12.122555 |   2)   2.058 us    |                          }
   12.122555 |   2)               |                          folio_add_lru() {
   12.122555 |   2)               |                            __folio_batch_add_and_move() {
   12.122556 |   2)   0.126 us    |                              preempt_count_add();
   12.122556 |   2)   0.125 us    |                              preempt_count_sub();
   12.122556 |   2)   0.662 us    |                            }
   12.122556 |   2)   0.911 us    |                          }
   12.122556 |   2)   3.382 us    |                        }
   12.122557 |   2)               |                        filemap_alloc_folio_noprof() {
   12.122557 |   2)               |                          folio_alloc_noprof() {
   12.122557 |   2)               |                            alloc_pages_mpol() {
   12.122557 |   2)   0.126 us    |                              policy_nodemask();
   12.122557 |   2)               |                              __alloc_frozen_pages_noprof() {
   12.122558 |   2)               |                                get_page_from_freelist() {
   12.122558 |   2)   0.123 us    |                                  preempt_count_add();
   12.122558 |   2)               |                                  _raw_spin_trylock() {
   12.122558 |   2)   0.130 us    |                                    preempt_count_add();
   12.122558 |   2)   0.396 us    |                                  }
   12.122558 |   2)               |                                  _raw_spin_unlock() {
   12.122559 |   2)   0.123 us    |                                    preempt_count_sub();
   12.122559 |   2)   0.389 us    |                                  }
   12.122559 |   2)   0.127 us    |                                  preempt_count_sub();
   12.122559 |   2)   1.760 us    |                                }
   12.122559 |   2)   2.030 us    |                              }
   12.122560 |   2)   2.555 us    |                            }
   12.122560 |   2)   2.879 us    |                          }
   12.122560 |   2)   3.128 us    |                        }
   12.122560 |   2)               |                        filemap_add_folio() {
   12.122560 |   2)               |                          __filemap_add_folio() {
   12.122560 |   2)   0.122 us    |                            shmem_mapping();
   12.122561 |   2)               |                            _raw_spin_lock_irq() {
   12.122561 |   2)   0.125 us    |                              preempt_count_add();
   12.122561 |   2)   0.422 us    |                            }
   12.122561 |   2)   0.124 us    |                            workingset_update_node();
   12.122561 |   2)   0.126 us    |                            mod_node_page_state();
   12.122562 |   2)               |                            _raw_spin_unlock_irq() {
   12.122562 |   2)   0.128 us    |                              preempt_count_sub();
   12.122562 |   2)   0.397 us    |                            }
   12.122562 |   2)   2.105 us    |                          }
   12.122562 |   2)               |                          folio_add_lru() {
   12.122562 |   2)               |                            __folio_batch_add_and_move() {
   12.122563 |   2)   0.126 us    |                              preempt_count_add();
   12.122563 |   2)   0.127 us    |                              preempt_count_sub();
   12.122563 |   2)   0.666 us    |                            }
   12.122563 |   2)   0.914 us    |                          }
   12.122563 |   2)   3.435 us    |                        }
   12.122564 |   2)               |                        filemap_alloc_folio_noprof() {
   12.122564 |   2)               |                          folio_alloc_noprof() {
   12.122564 |   2)               |                            alloc_pages_mpol() {
   12.122564 |   2)   0.126 us    |                              policy_nodemask();
   12.122564 |   2)               |                              __alloc_frozen_pages_noprof() {
   12.122565 |   2)               |                                get_page_from_freelist() {
   12.122565 |   2)   0.126 us    |                                  preempt_count_add();
   12.122565 |   2)               |                                  _raw_spin_trylock() {
   12.122565 |   2)   0.125 us    |                                    preempt_count_add();
   12.122565 |   2)   0.416 us    |                                  }
   12.122566 |   2)               |                                  _raw_spin_unlock() {
   12.122566 |   2)   0.123 us    |                                    preempt_count_sub();
   12.122566 |   2)   0.389 us    |                                  }
   12.122566 |   2)   0.125 us    |                                  preempt_count_sub();
   12.122566 |   2)   1.786 us    |                                }
   12.122566 |   2)   2.058 us    |                              }
   12.122567 |   2)   2.586 us    |                            }
   12.122567 |   2)   2.854 us    |                          }
   12.122567 |   2)   3.104 us    |                        }
   12.122567 |   2)               |                        filemap_add_folio() {
   12.122567 |   2)               |                          __filemap_add_folio() {
   12.122567 |   2)   0.123 us    |                            shmem_mapping();
   12.122568 |   2)               |                            _raw_spin_lock_irq() {
   12.122568 |   2)   0.126 us    |                              preempt_count_add();
   12.122568 |   2)   0.422 us    |                            }
   12.122568 |   2)   0.125 us    |                            workingset_update_node();
   12.122568 |   2)   0.125 us    |                            mod_node_page_state();
   12.122569 |   2)               |                            _raw_spin_unlock_irq() {
   12.122569 |   2)   0.126 us    |                              preempt_count_sub();
   12.122569 |   2)   0.397 us    |                            }
   12.122569 |   2)   2.084 us    |                          }
   12.122569 |   2)               |                          folio_add_lru() {
   12.122570 |   2)               |                            __folio_batch_add_and_move() {
   12.122570 |   2)   0.125 us    |                              preempt_count_add();
   12.122570 |   2)   0.125 us    |                              preempt_count_sub();
   12.122570 |   2)   0.661 us    |                            }
   12.122570 |   2)   0.910 us    |                          }
   12.122570 |   2)   3.409 us    |                        }
   12.122571 |   2)               |                        filemap_alloc_folio_noprof() {
   12.122571 |   2)               |                          folio_alloc_noprof() {
   12.122571 |   2)               |                            alloc_pages_mpol() {
   12.122571 |   2)   0.209 us    |                              policy_nodemask();
   12.122571 |   2)               |                              __alloc_frozen_pages_noprof() {
   12.122572 |   2)               |                                get_page_from_freelist() {
   12.122572 |   2)   0.127 us    |                                  preempt_count_add();
   12.122572 |   2)               |                                  _raw_spin_trylock() {
   12.122572 |   2)   0.124 us    |                                    preempt_count_add();
   12.122572 |   2)   0.392 us    |                                  }
   12.122573 |   2)               |                                  _raw_spin_unlock() {
   12.122573 |   2)   0.124 us    |                                    preempt_count_sub();
   12.122573 |   2)   0.392 us    |                                  }
   12.122573 |   2)   0.125 us    |                                  preempt_count_sub();
   12.122573 |   2)   1.742 us    |                                }
   12.122574 |   2)   2.026 us    |                              }
   12.122574 |   2)   2.636 us    |                            }
   12.122574 |   2)   2.888 us    |                          }
   12.122574 |   2)   3.140 us    |                        }
   12.122574 |   2)               |                        filemap_add_folio() {
   12.122574 |   2)               |                          __filemap_add_folio() {
   12.122574 |   2)   0.123 us    |                            shmem_mapping();
   12.122575 |   2)               |                            _raw_spin_lock_irq() {
   12.122575 |   2)   0.130 us    |                              preempt_count_add();
   12.122575 |   2)   0.402 us    |                            }
   12.122575 |   2)   0.123 us    |                            workingset_update_node();
   12.122575 |   2)   0.125 us    |                            mod_node_page_state();
   12.122576 |   2)               |                            _raw_spin_unlock_irq() {
   12.122576 |   2)   0.130 us    |                              preempt_count_sub();
   12.122576 |   2)   0.401 us    |                            }
   12.122576 |   2)   2.082 us    |                          }
   12.122576 |   2)               |                          folio_add_lru() {
   12.122577 |   2)               |                            __folio_batch_add_and_move() {
   12.122577 |   2)   0.125 us    |                              preempt_count_add();
   12.122577 |   2)   0.125 us    |                              preempt_count_sub();
   12.122577 |   2)   0.662 us    |                            }
   12.122577 |   2)   0.912 us    |                          }
   12.122577 |   2)   3.407 us    |                        }
   12.122578 |   2)               |                        filemap_alloc_folio_noprof() {
   12.122578 |   2)               |                          folio_alloc_noprof() {
   12.122578 |   2)               |                            alloc_pages_mpol() {
   12.122578 |   2)   0.142 us    |                              policy_nodemask();
   12.122578 |   2)               |                              __alloc_frozen_pages_noprof() {
   12.122579 |   2)               |                                get_page_from_freelist() {
   12.122579 |   2)   0.127 us    |                                  preempt_count_add();
   12.122579 |   2)               |                                  _raw_spin_trylock() {
   12.122579 |   2)   0.124 us    |                                    preempt_count_add();
   12.122579 |   2)   0.410 us    |                                  }
   12.122580 |   2)               |                                  _raw_spin_unlock() {
   12.122580 |   2)   0.123 us    |                                    preempt_count_sub();
   12.122580 |   2)   0.388 us    |                                  }
   12.122580 |   2)   0.125 us    |                                  preempt_count_sub();
   12.122580 |   2)   1.793 us    |                                }
   12.122581 |   2)   2.087 us    |                              }
   12.122581 |   2)   2.630 us    |                            }
   12.122581 |   2)   2.882 us    |                          }
   12.122581 |   2)   3.131 us    |                        }
   12.122581 |   2)               |                        filemap_add_folio() {
   12.122581 |   2)               |                          __filemap_add_folio() {
   12.122581 |   2)   0.122 us    |                            shmem_mapping();
   12.122582 |   2)               |                            _raw_spin_lock_irq() {
   12.122582 |   2)   0.124 us    |                              preempt_count_add();
   12.122582 |   2)   0.395 us    |                            }
   12.122582 |   2)   0.124 us    |                            workingset_update_node();
   12.122582 |   2)   0.125 us    |                            mod_node_page_state();
   12.122583 |   2)               |                            _raw_spin_unlock_irq() {
   12.122583 |   2)   0.125 us    |                              preempt_count_sub();
   12.122583 |   2)   0.392 us    |                            }
   12.122583 |   2)   2.025 us    |                          }
   12.122583 |   2)               |                          folio_add_lru() {
   12.122583 |   2)               |                            __folio_batch_add_and_move() {
   12.122584 |   2)   0.124 us    |                              preempt_count_add();
   12.122584 |   2)   0.125 us    |                              preempt_count_sub();
   12.122584 |   2)   0.661 us    |                            }
   12.122584 |   2)   0.909 us    |                          }
   12.122584 |   2)   3.344 us    |                        }
   12.122585 |   2)               |                        filemap_alloc_folio_noprof() {
   12.122585 |   2)               |                          folio_alloc_noprof() {
   12.122585 |   2)               |                            alloc_pages_mpol() {
   12.122585 |   2)   0.123 us    |                              policy_nodemask();
   12.122585 |   2)               |                              __alloc_frozen_pages_noprof() {
   12.122586 |   2)               |                                get_page_from_freelist() {
   12.122586 |   2)   0.126 us    |                                  preempt_count_add();
   12.122586 |   2)               |                                  _raw_spin_trylock() {
   12.122586 |   2)   0.124 us    |                                    preempt_count_add();
   12.122586 |   2)   0.388 us    |                                  }
   12.122587 |   2)               |                                  _raw_spin_unlock() {
   12.122587 |   2)   0.123 us    |                                    preempt_count_sub();
   12.122587 |   2)   0.386 us    |                                  }
   12.122587 |   2)   0.127 us    |                                  preempt_count_sub();
   12.122587 |   2)   1.781 us    |                                }
   12.122588 |   2)   2.129 us    |                              }
   12.122588 |   2)   2.653 us    |                            }
   12.122588 |   2)   2.904 us    |                          }
   12.122588 |   2)   3.154 us    |                        }
   12.122588 |   2)               |                        filemap_add_folio() {
   12.122588 |   2)               |                          __filemap_add_folio() {
   12.122588 |   2)   0.126 us    |                            shmem_mapping();
   12.122589 |   2)               |                            _raw_spin_lock_irq() {
   12.122589 |   2)   0.125 us    |                              preempt_count_add();
   12.122589 |   2)   0.392 us    |                            }
   12.122589 |   2)   0.123 us    |                            workingset_update_node();
   12.122589 |   2)   0.127 us    |                            mod_node_page_state();
   12.122590 |   2)               |                            _raw_spin_unlock_irq() {
   12.122590 |   2)   0.124 us    |                              preempt_count_sub();
   12.122590 |   2)   0.394 us    |                            }
   12.122590 |   2)   2.060 us    |                          }
   12.122590 |   2)               |                          folio_add_lru() {
   12.122590 |   2)               |                            __folio_batch_add_and_move() {
   12.122591 |   2)   0.126 us    |                              preempt_count_add();
   12.122591 |   2)   0.124 us    |                              preempt_count_sub();
   12.122591 |   2)   0.658 us    |                            }
   12.122591 |   2)   0.908 us    |                          }
   12.122591 |   2)   3.383 us    |                        }
   12.122592 |   2)               |                        filemap_alloc_folio_noprof() {
   12.122592 |   2)               |                          folio_alloc_noprof() {
   12.122592 |   2)               |                            alloc_pages_mpol() {
   12.122592 |   2)   0.124 us    |                              policy_nodemask();
   12.122592 |   2)               |                              __alloc_frozen_pages_noprof() {
   12.122593 |   2)               |                                get_page_from_freelist() {
   12.122593 |   2)   0.126 us    |                                  preempt_count_add();
   12.122593 |   2)               |                                  _raw_spin_trylock() {
   12.122593 |   2)   0.124 us    |                                    preempt_count_add();
   12.122593 |   2)   0.388 us    |                                  }
   12.122593 |   2)               |                                  _raw_spin_unlock() {
   12.122594 |   2)   0.125 us    |                                    preempt_count_sub();
   12.122594 |   2)   0.388 us    |                                  }
   12.122594 |   2)   0.127 us    |                                  preempt_count_sub();
   12.122594 |   2)   1.758 us    |                                }
   12.122594 |   2)   2.030 us    |                              }
   12.122595 |   2)   2.555 us    |                            }
   12.122595 |   2)   2.809 us    |                          }
   12.122595 |   2)   3.061 us    |                        }
   12.122595 |   2)               |                        filemap_add_folio() {
   12.122595 |   2)               |                          __filemap_add_folio() {
   12.122595 |   2)   0.122 us    |                            shmem_mapping();
   12.122596 |   2)               |                            _raw_spin_lock_irq() {
   12.122596 |   2)   0.126 us    |                              preempt_count_add();
   12.122596 |   2)   0.399 us    |                            }
   12.122596 |   2)   0.124 us    |                            workingset_update_node();
   12.122596 |   2)   0.125 us    |                            mod_node_page_state();
   12.122597 |   2)               |                            _raw_spin_unlock_irq() {
   12.122597 |   2)   0.126 us    |                              preempt_count_sub();
   12.122597 |   2)   0.393 us    |                            }
   12.122597 |   2)   2.040 us    |                          }
   12.122597 |   2)               |                          folio_add_lru() {
   12.122597 |   2)               |                            __folio_batch_add_and_move() {
   12.122598 |   2)   0.125 us    |                              preempt_count_add();
   12.122598 |   2)   0.127 us    |                              preempt_count_sub();
   12.122598 |   2)   0.661 us    |                            }
   12.122598 |   2)   0.911 us    |                          }
   12.122598 |   2)   3.362 us    |                        }
   12.122599 |   2)               |                        filemap_alloc_folio_noprof() {
   12.122599 |   2)               |                          folio_alloc_noprof() {
   12.122599 |   2)               |                            alloc_pages_mpol() {
   12.122599 |   2)   0.125 us    |                              policy_nodemask();
   12.122599 |   2)               |                              __alloc_frozen_pages_noprof() {
   12.122599 |   2)               |                                get_page_from_freelist() {
   12.122600 |   2)   0.203 us    |                                  preempt_count_add();
   12.122600 |   2)               |                                  _raw_spin_trylock() {
   12.122600 |   2)   0.134 us    |                                    preempt_count_add();
   12.122600 |   2)   0.405 us    |                                  }
   12.122600 |   2)               |                                  _raw_spin_unlock() {
   12.122601 |   2)   0.125 us    |                                    preempt_count_sub();
   12.122601 |   2)   0.388 us    |                                  }
   12.122601 |   2)   0.127 us    |                                  preempt_count_sub();
   12.122601 |   2)   1.851 us    |                                }
   12.122601 |   2)   2.124 us    |                              }
   12.122602 |   2)   2.651 us    |                            }
   12.122602 |   2)   2.905 us    |                          }
   12.122602 |   2)   3.155 us    |                        }
   12.122602 |   2)               |                        filemap_add_folio() {
   12.122602 |   2)               |                          __filemap_add_folio() {
   12.122602 |   2)   0.125 us    |                            shmem_mapping();
   12.122603 |   2)               |                            _raw_spin_lock_irq() {
   12.122603 |   2)   0.127 us    |                              preempt_count_add();
   12.122603 |   2)   0.400 us    |                            }
   12.122603 |   2)   0.124 us    |                            workingset_update_node();
   12.122603 |   2)   0.126 us    |                            mod_node_page_state();
   12.122604 |   2)               |                            _raw_spin_unlock_irq() {
   12.122604 |   2)   0.125 us    |                              preempt_count_sub();
   12.122604 |   2)   0.392 us    |                            }
   12.122604 |   2)   2.029 us    |                          }
   12.122604 |   2)               |                          folio_add_lru() {
   12.122604 |   2)               |                            __folio_batch_add_and_move() {
   12.122605 |   2)   0.125 us    |                              preempt_count_add();
   12.122605 |   2)   0.126 us    |                              preempt_count_sub();
   12.122605 |   2)   0.664 us    |                            }
   12.122605 |   2)   0.913 us    |                          }
   12.122605 |   2)   3.399 us    |                        }
   12.122606 |   2)               |                        filemap_alloc_folio_noprof() {
   12.122606 |   2)               |                          folio_alloc_noprof() {
   12.122606 |   2)               |                            alloc_pages_mpol() {
   12.122606 |   2)   0.125 us    |                              policy_nodemask();
   12.122606 |   2)               |                              __alloc_frozen_pages_noprof() {
   12.122606 |   2)               |                                get_page_from_freelist() {
   12.122607 |   2)   0.124 us    |                                  preempt_count_add();
   12.122607 |   2)               |                                  _raw_spin_trylock() {
   12.122607 |   2)   0.125 us    |                                    preempt_count_add();
   12.122607 |   2)   0.414 us    |                                  }
   12.122607 |   2)               |                                  _raw_spin_unlock() {
   12.122608 |   2)   0.125 us    |                                    preempt_count_sub();
   12.122608 |   2)   0.387 us    |                                  }
   12.122608 |   2)   0.126 us    |                                  preempt_count_sub();
   12.122608 |   2)   1.775 us    |                                }
   12.122608 |   2)   2.047 us    |                              }
   12.122609 |   2)   2.570 us    |                            }
   12.122609 |   2)   2.822 us    |                          }
   12.122609 |   2)   3.074 us    |                        }
   12.122609 |   2)               |                        filemap_add_folio() {
   12.122609 |   2)               |                          __filemap_add_folio() {
   12.122609 |   2)   0.122 us    |                            shmem_mapping();
   12.122609 |   2)               |                            _raw_spin_lock_irq() {
   12.122610 |   2)   0.125 us    |                              preempt_count_add();
   12.122610 |   2)   0.396 us    |                            }
   12.122610 |   2)   0.123 us    |                            workingset_update_node();
   12.122610 |   2)   0.126 us    |                            mod_node_page_state();
   12.122611 |   2)               |                            _raw_spin_unlock_irq() {
   12.122611 |   2)   0.129 us    |                              preempt_count_sub();
   12.122611 |   2)   0.394 us    |                            }
   12.122611 |   2)   2.064 us    |                          }
   12.122611 |   2)               |                          folio_add_lru() {
   12.122611 |   2)               |                            __folio_batch_add_and_move() {
   12.122612 |   2)   0.126 us    |                              preempt_count_add();
   12.122612 |   2)   0.125 us    |                              preempt_count_sub();
   12.122612 |   2)   0.662 us    |                            }
   12.122612 |   2)   0.911 us    |                          }
   12.122612 |   2)   3.386 us    |                        }
   12.122613 |   2)               |                        filemap_alloc_folio_noprof() {
   12.122613 |   2)               |                          folio_alloc_noprof() {
   12.122613 |   2)               |                            alloc_pages_mpol() {
   12.122613 |   2)   0.123 us    |                              policy_nodemask();
   12.122613 |   2)               |                              __alloc_frozen_pages_noprof() {
   12.122613 |   2)               |                                get_page_from_freelist() {
   12.122614 |   2)   0.125 us    |                                  preempt_count_add();
   12.122614 |   2)               |                                  _raw_spin_trylock() {
   12.122614 |   2)   0.135 us    |                                    preempt_count_add();
   12.122614 |   2)   0.466 us    |                                  }
   12.122614 |   2)               |                                  _raw_spin_unlock() {
   12.122615 |   2)   0.123 us    |                                    preempt_count_sub();
   12.122615 |   2)   0.387 us    |                                  }
   12.122615 |   2)   0.125 us    |                                  preempt_count_sub();
   12.122615 |   2)   1.828 us    |                                }
   12.122615 |   2)   2.097 us    |                              }
   12.122616 |   2)   2.619 us    |                            }
   12.122616 |   2)   2.871 us    |                          }
   12.122616 |   2)   3.121 us    |                        }
   12.122616 |   2)               |                        filemap_add_folio() {
   12.122616 |   2)               |                          __filemap_add_folio() {
   12.122616 |   2)   0.122 us    |                            shmem_mapping();
   12.122616 |   2)               |                            _raw_spin_lock_irq() {
   12.122617 |   2)   0.139 us    |                              preempt_count_add();
   12.122617 |   2)   0.409 us    |                            }
   12.122617 |   2)   0.126 us    |                            workingset_update_node();
   12.122617 |   2)   0.126 us    |                            mod_node_page_state();
   12.122618 |   2)               |                            _raw_spin_unlock_irq() {
   12.122618 |   2)   0.125 us    |                              preempt_count_sub();
   12.122618 |   2)   0.395 us    |                            }
   12.122618 |   2)   2.055 us    |                          }
   12.122618 |   2)               |                          folio_add_lru() {
   12.122618 |   2)               |                            __folio_batch_add_and_move() {
   12.122618 |   2)   0.125 us    |                              preempt_count_add();
   12.122619 |   2)   0.127 us    |                              preempt_count_sub();
   12.122619 |   2)   0.662 us    |                            }
   12.122619 |   2)   0.908 us    |                          }
   12.122619 |   2)   3.372 us    |                        }
   12.122620 |   2)               |                        filemap_alloc_folio_noprof() {
   12.122620 |   2)               |                          folio_alloc_noprof() {
   12.122620 |   2)               |                            alloc_pages_mpol() {
   12.122620 |   2)   0.125 us    |                              policy_nodemask();
   12.122620 |   2)               |                              __alloc_frozen_pages_noprof() {
   12.122620 |   2)               |                                get_page_from_freelist() {
   12.122620 |   2)   0.126 us    |                                  preempt_count_add();
   12.122621 |   2)               |                                  _raw_spin_trylock() {
   12.122621 |   2)   0.124 us    |                                    preempt_count_add();
   12.122621 |   2)   0.404 us    |                                  }
   12.122621 |   2)               |                                  _raw_spin_unlock() {
   12.122621 |   2)   0.123 us    |                                    preempt_count_sub();
   12.122622 |   2)   0.388 us    |                                  }
   12.122622 |   2)   0.126 us    |                                  preempt_count_sub();
   12.122622 |   2)   1.766 us    |                                }
   12.122622 |   2)   2.034 us    |                              }
   12.122622 |   2)   2.558 us    |                            }
   12.122623 |   2)   2.811 us    |                          }
   12.122623 |   2)   3.060 us    |                        }
   12.122623 |   2)               |                        filemap_add_folio() {
   12.122623 |   2)               |                          __filemap_add_folio() {
   12.122623 |   2)   0.124 us    |                            shmem_mapping();
   12.122623 |   2)               |                            _raw_spin_lock_irq() {
   12.122623 |   2)   0.126 us    |                              preempt_count_add();
   12.122624 |   2)   0.396 us    |                            }
   12.122624 |   2)   0.123 us    |                            workingset_update_node();
   12.122624 |   2)   0.126 us    |                            mod_node_page_state();
   12.122624 |   2)               |                            _raw_spin_unlock_irq() {
   12.122625 |   2)   0.127 us    |                              preempt_count_sub();
   12.122625 |   2)   0.398 us    |                            }
   12.122625 |   2)   2.061 us    |                          }
   12.122625 |   2)               |                          folio_add_lru() {
   12.122625 |   2)               |                            __folio_batch_add_and_move() {
   12.122625 |   2)   0.125 us    |                              preempt_count_add();
   12.122626 |   2)   0.125 us    |                              preempt_count_sub();
   12.122626 |   2)   0.659 us    |                            }
   12.122626 |   2)   0.907 us    |                          }
   12.122626 |   2)   3.402 us    |                        }
   12.122627 |   2)               |                        filemap_alloc_folio_noprof() {
   12.122627 |   2)               |                          folio_alloc_noprof() {
   12.122627 |   2)               |                            alloc_pages_mpol() {
   12.122627 |   2)   0.124 us    |                              policy_nodemask();
   12.122627 |   2)               |                              __alloc_frozen_pages_noprof() {
   12.122627 |   2)               |                                get_page_from_freelist() {
   12.122627 |   2)   0.126 us    |                                  preempt_count_add();
   12.122628 |   2)               |                                  _raw_spin_trylock() {
   12.122628 |   2)   0.122 us    |                                    preempt_count_add();
   12.122628 |   2)   0.458 us    |                                  }
   12.122628 |   2)               |                                  _raw_spin_unlock() {
   12.122628 |   2)   0.125 us    |                                    preempt_count_sub();
   12.122629 |   2)   0.391 us    |                                  }
   12.122629 |   2)   0.127 us    |                                  preempt_count_sub();
   12.122629 |   2)   1.826 us    |                                }
   12.122629 |   2)   2.100 us    |                              }
   12.122629 |   2)   2.625 us    |                            }
   12.122630 |   2)   2.880 us    |                          }
   12.122630 |   2)   3.133 us    |                        }
   12.122630 |   2)               |                        filemap_add_folio() {
   12.122630 |   2)               |                          __filemap_add_folio() {
   12.122630 |   2)   0.124 us    |                            shmem_mapping();
   12.122630 |   2)               |                            _raw_spin_lock_irq() {
   12.122630 |   2)   0.126 us    |                              preempt_count_add();
   12.122631 |   2)   0.398 us    |                            }
   12.122631 |   2)   0.125 us    |                            workingset_update_node();
   12.122631 |   2)   0.127 us    |                            mod_node_page_state();
   12.122631 |   2)               |                            _raw_spin_unlock_irq() {
   12.122632 |   2)   0.127 us    |                              preempt_count_sub();
   12.122632 |   2)   0.398 us    |                            }
   12.122632 |   2)   2.082 us    |                          }
   12.122632 |   2)               |                          folio_add_lru() {
   12.122632 |   2)               |                            __folio_batch_add_and_move() {
   12.122632 |   2)   0.125 us    |                              preempt_count_add();
   12.122633 |   2)   0.126 us    |                              preempt_count_sub();
   12.122633 |   2)   0.660 us    |                            }
   12.122633 |   2)   0.910 us    |                          }
   12.122633 |   2)   3.407 us    |                        }
   12.122633 |   2)               |                        read_pages() {
   12.122634 |   2)   0.128 us    |                          blk_start_plug();
   12.122634 |   2)               |                          z_erofs_readahead() {
   12.122634 |   2)               |                            erofs_real_inode() {
   12.122634 |   2)               |                              _raw_spin_lock() {
   12.122634 |   2)   0.125 us    |                                preempt_count_add();
   12.122634 |   2)   0.390 us    |                              }
   12.122635 |   2)   0.133 us    |                              igrab();
   12.122635 |   2)               |                              _raw_spin_unlock() {
   12.122635 |   2)   0.139 us    |                                preempt_count_sub();
   12.122635 |   2)   0.409 us    |                              }
   12.122636 |   2)   1.555 us    |                            }
   12.122636 |   2)               |                            z_erofs_pcluster_readmore() {
   12.122636 |   2)               |                              z_erofs_map_blocks_iter() {
   12.122636 |   2)               |                                z_erofs_map_blocks_fo() {
   12.122636 |   2)               |                                  z_erofs_load_lcluster_from_disk() {
   12.122636 |   2)               |                                    erofs_read_metabuf() {
   12.122636 |   2)               |                                      erofs_bread() {
   12.122637 |   2)               |                                        read_cache_folio() {
   12.122637 |   2)               |                                          do_read_cache_folio() {
   12.122637 |   2)               |                                            __filemap_get_folio_mpol() {
   12.122637 |   2)   0.327 us    |                                              filemap_get_entry();
   12.122637 |   2)   0.601 us    |                                            }
   12.122638 |   2)   0.126 us    |                                            folio_mark_accessed();
   12.122638 |   2)   1.171 us    |                                          }
   12.122638 |   2)   1.423 us    |                                        }
   12.122638 |   2)   1.713 us    |                                      }
   12.122638 |   2)   1.975 us    |                                    }
   12.122638 |   2)   2.293 us    |                                  }
   12.122639 |   2)               |                                  z_erofs_load_lcluster_from_disk() {
   12.122639 |   2)               |                                    erofs_read_metabuf() {
   12.122639 |   2)   0.140 us    |                                      erofs_bread();
   12.122639 |   2)   0.394 us    |                                    }
   12.122639 |   2)   0.702 us    |                                  }
   12.122639 |   2)   0.123 us    |                                  erofs_unmap_metabuf();
   12.122640 |   2)   3.761 us    |                                }
   12.122640 |   2)   4.063 us    |                              }
   12.122640 |   2)   0.120 us    |                              readahead_expand();
   12.122640 |   2)   4.601 us    |                            }
   12.122643 |   2)               |                            z_erofs_scan_folio() {
   12.122644 |   2)   0.126 us    |                              erofs_onlinefolio_init();
   12.122644 |   2)               |                              _raw_spin_lock() {
   12.122644 |   2)   0.123 us    |                                preempt_count_add();
   12.122645 |   2)   0.389 us    |                              }
   12.122645 |   2)               |                              _raw_spin_unlock() {
   12.122645 |   2)   0.140 us    |                                preempt_count_sub();
   12.122645 |   2)   0.403 us    |                              }
   12.122645 |   2)               |                              _raw_spin_lock() {
   12.122646 |   2)   0.126 us    |                                preempt_count_add();
   12.122646 |   2)   0.407 us    |                              }
   12.122646 |   2)               |                              _raw_spin_unlock() {
   12.122646 |   2)   0.138 us    |                                preempt_count_sub();
   12.122647 |   2)   0.401 us    |                              }
   12.122647 |   2)   0.130 us    |                              erofs_onlinefolio_split();
   12.122647 |   2)   0.139 us    |                              erofs_onlinefolio_end();
   12.122647 |   2)   3.855 us    |                            }
   12.122647 |   2)               |                            z_erofs_scan_folio() {
   12.122648 |   2)   0.124 us    |                              erofs_onlinefolio_init();
   12.122648 |   2)               |                              _raw_spin_lock() {
   12.122648 |   2)   0.123 us    |                                preempt_count_add();
   12.122648 |   2)   0.409 us    |                              }
   12.122648 |   2)               |                              _raw_spin_unlock() {
   12.122648 |   2)   0.139 us    |                                preempt_count_sub();
   12.122649 |   2)   0.401 us    |                              }
   12.122649 |   2)   0.129 us    |                              erofs_onlinefolio_split();
   12.122649 |   2)   0.130 us    |                              erofs_onlinefolio_end();
   12.122649 |   2)   2.047 us    |                            }
   12.122650 |   2)               |                            z_erofs_scan_folio() {
   12.122650 |   2)   0.125 us    |                              erofs_onlinefolio_init();
   12.122650 |   2)               |                              _raw_spin_lock() {
   12.122650 |   2)   0.124 us    |                                preempt_count_add();
   12.122650 |   2)   0.390 us    |                              }
   12.122650 |   2)               |                              _raw_spin_unlock() {
   12.122651 |   2)   0.125 us    |                                preempt_count_sub();
   12.122651 |   2)   0.387 us    |                              }
   12.122651 |   2)               |                              __erofs_allocpage() {
   12.122651 |   2)               |                                alloc_pages_noprof() {
   12.122651 |   2)               |                                  alloc_pages_mpol() {
   12.122651 |   2)   0.123 us    |                                    policy_nodemask();
   12.122652 |   2)               |                                    __alloc_frozen_pages_noprof() {
   12.122652 |   2)               |                                      get_page_from_freelist() {
   12.122652 |   2)   0.125 us    |                                        preempt_count_add();
   12.122652 |   2)               |                                        _raw_spin_trylock() {
   12.122652 |   2)   0.124 us    |                                          preempt_count_add();
   12.122653 |   2)   0.400 us    |                                        }
   12.122653 |   2)               |                                        _raw_spin_unlock() {
   12.122653 |   2)   0.130 us    |                                          preempt_count_sub();
   12.122653 |   2)   0.394 us    |                                        }
   12.122653 |   2)   0.126 us    |                                        preempt_count_sub();
   12.122654 |   2)   1.797 us    |                                      }
   12.122654 |   2)   2.085 us    |                                    }
   12.122654 |   2)   2.612 us    |                                  }
   12.122654 |   2)   2.868 us    |                                }
   12.122654 |   2)   3.133 us    |                              }
   12.122654 |   2)   0.124 us    |                              z_erofs_bvset_flip();
   12.122655 |   2)   0.130 us    |                              erofs_onlinefolio_split();
   12.122655 |   2)   0.130 us    |                              erofs_onlinefolio_end();
   12.122655 |   2)   5.590 us    |                            }
   12.122655 |   2)               |                            z_erofs_scan_folio() {
   12.122655 |   2)   0.123 us    |                              erofs_onlinefolio_init();
   12.122656 |   2)               |                              _raw_spin_lock() {
   12.122656 |   2)   0.124 us    |                                preempt_count_add();
   12.122656 |   2)   0.391 us    |                              }
   12.122656 |   2)               |                              _raw_spin_unlock() {
   12.122656 |   2)   0.126 us    |                                preempt_count_sub();
   12.122657 |   2)   0.392 us    |                              }
   12.122657 |   2)   0.130 us    |                              erofs_onlinefolio_split();
   12.122657 |   2)   0.130 us    |                              erofs_onlinefolio_end();
   12.122657 |   2)   2.053 us    |                            }
   12.122657 |   2)               |                            z_erofs_scan_folio() {
   12.122658 |   2)   0.125 us    |                              erofs_onlinefolio_init();
   12.122658 |   2)               |                              _raw_spin_lock() {
   12.122658 |   2)   0.124 us    |                                preempt_count_add();
   12.122658 |   2)   0.390 us    |                              }
   12.122658 |   2)               |                              _raw_spin_unlock() {
   12.122659 |   2)   0.125 us    |                                preempt_count_sub();
   12.122659 |   2)   0.388 us    |                              }
   12.122659 |   2)   0.127 us    |                              erofs_onlinefolio_split();
   12.122659 |   2)   0.129 us    |                              erofs_onlinefolio_end();
   12.122660 |   2)   2.044 us    |                            }
   12.122660 |   2)               |                            z_erofs_scan_folio() {
   12.122660 |   2)   0.124 us    |                              erofs_onlinefolio_init();
   12.122660 |   2)               |                              _raw_spin_lock() {
   12.122660 |   2)   0.125 us    |                                preempt_count_add();
   12.122661 |   2)   0.416 us    |                              }
   12.122661 |   2)               |                              _raw_spin_unlock() {
   12.122661 |   2)   0.126 us    |                                preempt_count_sub();
   12.122661 |   2)   0.396 us    |                              }
   12.122661 |   2)   0.129 us    |                              erofs_onlinefolio_split();
   12.122662 |   2)   0.133 us    |                              erofs_onlinefolio_end();
   12.122662 |   2)   2.165 us    |                            }
   12.122662 |   2)               |                            z_erofs_scan_folio() {
   12.122662 |   2)   0.123 us    |                              erofs_onlinefolio_init();
   12.122662 |   2)               |                              _raw_spin_lock() {
   12.122663 |   2)   0.122 us    |                                preempt_count_add();
   12.122663 |   2)   0.390 us    |                              }
   12.122663 |   2)               |                              _raw_spin_unlock() {
   12.122663 |   2)   0.125 us    |                                preempt_count_sub();
   12.122663 |   2)   0.390 us    |                              }
   12.122663 |   2)   0.127 us    |                              erofs_onlinefolio_split();
   12.122664 |   2)   0.131 us    |                              erofs_onlinefolio_end();
   12.122664 |   2)   2.055 us    |                            }
   12.122664 |   2)               |                            z_erofs_scan_folio() {
   12.122664 |   2)   0.123 us    |                              erofs_onlinefolio_init();
   12.122665 |   2)               |                              _raw_spin_lock() {
   12.122665 |   2)   0.127 us    |                                preempt_count_add();
   12.122665 |   2)   0.416 us    |                              }
   12.122665 |   2)               |                              _raw_spin_unlock() {
   12.122665 |   2)   0.126 us    |                                preempt_count_sub();
   12.122666 |   2)   0.391 us    |                              }
   12.122666 |   2)   0.128 us    |                              erofs_onlinefolio_split();
   12.122666 |   2)   0.130 us    |                              erofs_onlinefolio_end();
   12.122666 |   2)   2.053 us    |                            }
   12.122666 |   2)               |                            z_erofs_scan_folio() {
   12.122666 |   2)   0.125 us    |                              erofs_onlinefolio_init();
   12.122667 |   2)               |                              _raw_spin_lock() {
   12.122667 |   2)   0.125 us    |                                preempt_count_add();
   12.122667 |   2)   0.390 us    |                              }
   12.122667 |   2)               |                              _raw_spin_unlock() {
   12.122667 |   2)   0.126 us    |                                preempt_count_sub();
   12.122668 |   2)   0.391 us    |                              }
   12.122668 |   2)   0.126 us    |                              erofs_onlinefolio_split();
   12.122668 |   2)   0.130 us    |                              erofs_onlinefolio_end();
   12.122668 |   2)   2.052 us    |                            }
   12.122669 |   2)               |                            z_erofs_scan_folio() {
   12.122669 |   2)   0.124 us    |                              erofs_onlinefolio_init();
   12.122669 |   2)               |                              _raw_spin_lock() {
   12.122669 |   2)   0.127 us    |                                preempt_count_add();
   12.122669 |   2)   0.414 us    |                              }
   12.122670 |   2)               |                              _raw_spin_unlock() {
   12.122670 |   2)   0.125 us    |                                preempt_count_sub();
   12.122670 |   2)   0.392 us    |                              }
   12.122670 |   2)   0.128 us    |                              erofs_onlinefolio_split();
   12.122670 |   2)   0.130 us    |                              erofs_onlinefolio_end();
   12.122671 |   2)   2.051 us    |                            }
   12.122671 |   2)               |                            z_erofs_scan_folio() {
   12.122671 |   2)   0.125 us    |                              erofs_onlinefolio_init();
   12.122671 |   2)               |                              _raw_spin_lock() {
   12.122671 |   2)   0.124 us    |                                preempt_count_add();
   12.122672 |   2)   0.391 us    |                              }
   12.122672 |   2)               |                              _raw_spin_unlock() {
   12.122672 |   2)   0.125 us    |                                preempt_count_sub();
   12.122672 |   2)   0.390 us    |                              }
   12.122672 |   2)   0.127 us    |                              erofs_onlinefolio_split();
   12.122673 |   2)   0.130 us    |                              erofs_onlinefolio_end();
   12.122673 |   2)   2.045 us    |                            }
   12.122673 |   2)               |                            z_erofs_scan_folio() {
   12.122673 |   2)   0.125 us    |                              erofs_onlinefolio_init();
   12.122673 |   2)               |                              _raw_spin_lock() {
   12.122673 |   2)   0.125 us    |                                preempt_count_add();
   12.122674 |   2)   0.390 us    |                              }
   12.122674 |   2)               |                              _raw_spin_unlock() {
   12.122674 |   2)   0.204 us    |                                preempt_count_sub();
   12.122674 |   2)   0.467 us    |                              }
   12.122674 |   2)   0.127 us    |                              erofs_onlinefolio_split();
   12.122675 |   2)   0.129 us    |                              erofs_onlinefolio_end();
   12.122675 |   2)   2.141 us    |                            }
   12.122675 |   2)               |                            z_erofs_scan_folio() {
   12.122675 |   2)   0.124 us    |                              erofs_onlinefolio_init();
   12.122676 |   2)               |                              _raw_spin_lock() {
   12.122676 |   2)   0.123 us    |                                preempt_count_add();
   12.122676 |   2)   0.412 us    |                              }
   12.122676 |   2)               |                              _raw_spin_unlock() {
   12.122676 |   2)   0.138 us    |                                preempt_count_sub();
   12.122677 |   2)   0.410 us    |                              }
   12.122677 |   2)   0.131 us    |                              erofs_onlinefolio_split();
   12.122677 |   2)   0.129 us    |                              erofs_onlinefolio_end();
   12.122677 |   2)   2.065 us    |                            }
   12.122677 |   2)               |                            z_erofs_scan_folio() {
   12.122678 |   2)   0.123 us    |                              erofs_onlinefolio_init();
   12.122678 |   2)               |                              _raw_spin_lock() {
   12.122678 |   2)   0.125 us    |                                preempt_count_add();
   12.122678 |   2)   0.390 us    |                              }
   12.122678 |   2)               |                              _raw_spin_unlock() {
   12.122678 |   2)   0.126 us    |                                preempt_count_sub();
   12.122679 |   2)   0.388 us    |                              }
   12.122679 |   2)   0.131 us    |                              erofs_onlinefolio_split();
   12.122679 |   2)   0.129 us    |                              erofs_onlinefolio_end();
   12.122679 |   2)   2.019 us    |                            }
   12.122680 |   2)               |                            z_erofs_scan_folio() {
   12.122680 |   2)   0.123 us    |                              erofs_onlinefolio_init();
   12.122680 |   2)               |                              _raw_spin_lock() {
   12.122680 |   2)   0.121 us    |                                preempt_count_add();
   12.122680 |   2)   0.412 us    |                              }
   12.122681 |   2)               |                              _raw_spin_unlock() {
   12.122681 |   2)   0.125 us    |                                preempt_count_sub();
   12.122681 |   2)   0.390 us    |                              }
   12.122681 |   2)   0.129 us    |                              erofs_onlinefolio_split();
   12.122681 |   2)   0.131 us    |                              erofs_onlinefolio_end();
   12.122682 |   2)   2.045 us    |                            }
   12.122682 |   2)               |                            z_erofs_scan_folio() {
   12.122682 |   2)   0.122 us    |                              erofs_onlinefolio_init();
   12.122682 |   2)               |                              _raw_spin_lock() {
   12.122682 |   2)   0.124 us    |                                preempt_count_add();
   12.122683 |   2)   0.390 us    |                              }
   12.122683 |   2)               |                              _raw_spin_unlock() {
   12.122683 |   2)   0.124 us    |                                preempt_count_sub();
   12.122683 |   2)   0.389 us    |                              }
   12.122683 |   2)   0.129 us    |                              erofs_onlinefolio_split();
   12.122684 |   2)   0.129 us    |                              erofs_onlinefolio_end();
   12.122684 |   2)   2.045 us    |                            }
   12.122684 |   2)               |                            z_erofs_pcluster_readmore() {
   12.122684 |   2)               |                              __filemap_get_folio_mpol() {
   12.122684 |   2)   0.320 us    |                                filemap_get_entry();
   12.122685 |   2)   0.605 us    |                              }
   12.122685 |   2)   0.131 us    |                              folio_unlock();
   12.122685 |   2)               |                              __filemap_get_folio_mpol() {
   12.122685 |   2)   0.310 us    |                                filemap_get_entry();
   12.122686 |   2)   0.588 us    |                              }
   12.122686 |   2)   0.128 us    |                              folio_unlock();
   12.122686 |   2)               |                              __filemap_get_folio_mpol() {
   12.122686 |   2)   0.313 us    |                                filemap_get_entry();
   12.122687 |   2)   0.587 us    |                              }
   12.122687 |   2)   0.128 us    |                              folio_unlock();
   12.122687 |   2)               |                              __filemap_get_folio_mpol() {
   12.122687 |   2)   0.321 us    |                                filemap_get_entry();
   12.122688 |   2)   0.597 us    |                              }
   12.122688 |   2)   0.131 us    |                              folio_unlock();
   12.122688 |   2)               |                              __filemap_get_folio_mpol() {
   12.122688 |   2)   0.331 us    |                                filemap_get_entry();
   12.122689 |   2)   0.608 us    |                              }
   12.122689 |   2)   0.131 us    |                              folio_unlock();
   12.122689 |   2)               |                              __filemap_get_folio_mpol() {
   12.122689 |   2)   0.335 us    |                                filemap_get_entry();
   12.122690 |   2)   0.610 us    |                              }
   12.122690 |   2)   0.129 us    |                              folio_unlock();
   12.122690 |   2)               |                              __filemap_get_folio_mpol() {
   12.122691 |   2)   0.313 us    |                                filemap_get_entry();
   12.122691 |   2)   0.586 us    |                              }
   12.122691 |   2)   0.127 us    |                              folio_unlock();
   12.122691 |   2)               |                              __filemap_get_folio_mpol() {
   12.122692 |   2)   0.311 us    |                                filemap_get_entry();
   12.122692 |   2)   0.589 us    |                              }
   12.122692 |   2)   0.129 us    |                              folio_unlock();
   12.122692 |   2)               |                              __filemap_get_folio_mpol() {
   12.122693 |   2)   0.322 us    |                                filemap_get_entry();
   12.122693 |   2)   0.597 us    |                              }
   12.122693 |   2)   0.128 us    |                              folio_unlock();
   12.122693 |   2)               |                              __filemap_get_folio_mpol() {
   12.122694 |   2)   0.320 us    |                                filemap_get_entry();
   12.122694 |   2)   0.623 us    |                              }
   12.122694 |   2)   0.130 us    |                              folio_unlock();
   12.122694 |   2)               |                              __filemap_get_folio_mpol() {
   12.122695 |   2)   0.317 us    |                                filemap_get_entry();
   12.122695 |   2)   0.597 us    |                              }
   12.122695 |   2)   0.130 us    |                              folio_unlock();
   12.122696 |   2)               |                              __filemap_get_folio_mpol() {
   12.122696 |   2)   0.312 us    |                                filemap_get_entry();
   12.122696 |   2)   0.587 us    |                              }
   12.122696 |   2)   0.129 us    |                              folio_unlock();
   12.122697 |   2) + 12.566 us   |                            }
   12.122697 |   2)   0.224 us    |                            z_erofs_pcluster_end();
   12.122697 |   2)               |                            z_erofs_runqueue() {
   12.122697 |   2)   0.124 us    |                              __init_swait_queue_head();
   12.122697 |   2)               |                              __kvmalloc_node_noprof() {
   12.122698 |   2)   0.149 us    |                                preempt_count_add();
   12.122698 |   2)   0.123 us    |                                preempt_count_sub();
   12.122698 |   2)   0.718 us    |                              }
   12.122698 |   2)   0.127 us    |                              erofs_map_dev();
   12.122699 |   2)               |                              _raw_spin_lock() {
   12.122699 |   2)   0.125 us    |                                preempt_count_add();
   12.122699 |   2)   0.390 us    |                              }
   12.122699 |   2)               |                              _raw_spin_unlock() {
   12.122699 |   2)   0.126 us    |                                preempt_count_sub();
   12.122700 |   2)   0.390 us    |                              }
   12.122700 |   2)   0.129 us    |                              folio_unlock();
   12.122700 |   2)               |                              kvfree() {
   12.122700 |   2)   0.124 us    |                                is_vmalloc_addr();
   12.122700 |   2)               |                                kfree() {
   12.122701 |   2)   0.124 us    |                                  preempt_count_add();
   12.122701 |   2)   0.124 us    |                                  preempt_count_sub();
   12.122701 |   2)   0.670 us    |                                }
   12.122701 |   2)   1.227 us    |                              }
   12.122701 |   2)               |                              z_erofs_decompress_queue() {
   12.122702 |   2)   0.126 us    |                                z_erofs_do_decompressed_bvec();
   12.122702 |   2)   0.126 us    |                                z_erofs_do_decompressed_bvec();
   12.122702 |   2)   0.127 us    |                                z_erofs_do_decompressed_bvec();
   12.122702 |   2)   0.125 us    |                                z_erofs_do_decompressed_bvec();
   12.122703 |   2)   0.126 us    |                                z_erofs_do_decompressed_bvec();
   12.122703 |   2)   0.126 us    |                                z_erofs_do_decompressed_bvec();
   12.122703 |   2)   0.125 us    |                                z_erofs_do_decompressed_bvec();
   12.122704 |   2)   0.126 us    |                                z_erofs_do_decompressed_bvec();
   12.122704 |   2)   0.124 us    |                                z_erofs_do_decompressed_bvec();
   12.122704 |   2)   0.125 us    |                                z_erofs_do_decompressed_bvec();
   12.122704 |   2)   0.125 us    |                                z_erofs_do_decompressed_bvec();
   12.122705 |   2)   0.124 us    |                                z_erofs_do_decompressed_bvec();
   12.122705 |   2)   0.197 us    |                                z_erofs_do_decompressed_bvec();
   12.122705 |   2)   0.138 us    |                                z_erofs_do_decompressed_bvec();
   12.122706 |   2)   0.126 us    |                                z_erofs_do_decompressed_bvec();
   12.122706 |   2)   0.126 us    |                                z_erofs_do_decompressed_bvec();
   12.122706 |   2)               |                                z_erofs_lz4_decompress() {
   12.122706 |   2)   0.130 us    |                                  __erofs_allocpage();
   12.122707 |   2)               |                                  __erofs_allocpage() {
   12.122707 |   2)               |                                    alloc_pages_noprof() {
   12.122707 |   2)               |                                      alloc_pages_mpol() {
   12.122707 |   2)   0.124 us    |                                        policy_nodemask();
   12.122707 |   2)               |                                        __alloc_frozen_pages_noprof() {
   12.122707 |   2)               |                                          get_page_from_freelist() {
   12.122707 |   2)   0.126 us    |                                            preempt_count_add();
   12.122708 |   2)               |                                            _raw_spin_trylock() {
   12.122708 |   2)   0.122 us    |                                              preempt_count_add();
   12.122708 |   2)   0.385 us    |                                            }
   12.122708 |   2)               |                                            _raw_spin_unlock() {
   12.122708 |   2)   0.130 us    |                                              preempt_count_sub();
   12.122709 |   2)   0.418 us    |                                            }
   12.122709 |   2)   0.126 us    |                                            preempt_count_sub();
   12.122709 |   2)   1.764 us    |                                          }
   12.122709 |   2)   2.062 us    |                                        }
   12.122709 |   2)   2.588 us    |                                      }
   12.122710 |   2)   2.842 us    |                                    }
   12.122710 |   2)   3.102 us    |                                  }
   12.122710 |   2)               |                                  __erofs_allocpage() {
   12.122710 |   2)               |                                    alloc_pages_noprof() {
   12.122710 |   2)               |                                      alloc_pages_mpol() {
   12.122710 |   2)   0.123 us    |                                        policy_nodemask();
   12.122710 |   2)               |                                        __alloc_frozen_pages_noprof() {
   12.122711 |   2)               |                                          get_page_from_freelist() {
   12.122711 |   2)   0.125 us    |                                            preempt_count_add();
   12.122711 |   2)               |                                            _raw_spin_trylock() {
   12.122711 |   2)   0.123 us    |                                              preempt_count_add();
   12.122711 |   2)   0.387 us    |                                            }
   12.122712 |   2)               |                                            _raw_spin_unlock() {
   12.122712 |   2)   0.130 us    |                                              preempt_count_sub();
   12.122712 |   2)   0.394 us    |                                            }
   12.122712 |   2)   0.125 us    |                                            preempt_count_sub();
   12.122712 |   2)   1.759 us    |                                          }
   12.122712 |   2)   2.065 us    |                                        }
   12.122713 |   2)   2.588 us    |                                      }
   12.122713 |   2)   2.842 us    |                                    }
   12.122713 |   2)   3.092 us    |                                  }
   12.122713 |   2)               |                                  __erofs_allocpage() {
   12.122713 |   2)               |                                    alloc_pages_noprof() {
   12.122713 |   2)               |                                      alloc_pages_mpol() {
   12.122713 |   2)   0.122 us    |                                        policy_nodemask();
   12.122714 |   2)               |                                        __alloc_frozen_pages_noprof() {
   12.122714 |   2)               |                                          get_page_from_freelist() {
   12.122714 |   2)   0.127 us    |                                            preempt_count_add();
   12.122714 |   2)               |                                            _raw_spin_trylock() {
   12.122714 |   2)   0.120 us    |                                              preempt_count_add();
   12.122715 |   2)   0.384 us    |                                            }
   12.122715 |   2)               |                                            _raw_spin_unlock() {
   12.122715 |   2)   0.130 us    |                                              preempt_count_sub();
   12.122715 |   2)   0.395 us    |                                            }
   12.122715 |   2)   0.126 us    |                                            preempt_count_sub();
   12.122716 |   2)   1.734 us    |                                          }
   12.122716 |   2)   2.040 us    |                                        }
   12.122716 |   2)   2.558 us    |                                      }
   12.122716 |   2)   2.808 us    |                                    }
   12.122716 |   2)   3.067 us    |                                  }
   12.122716 |   2)               |                                  __erofs_allocpage() {
   12.122716 |   2)               |                                    alloc_pages_noprof() {
   12.122716 |   2)               |                                      alloc_pages_mpol() {
   12.122717 |   2)   0.121 us    |                                        policy_nodemask();
   12.122717 |   2)               |                                        __alloc_frozen_pages_noprof() {
   12.122717 |   2)               |                                          get_page_from_freelist() {
   12.122717 |   2)   0.125 us    |                                            preempt_count_add();
   12.122717 |   2)               |                                            _raw_spin_trylock() {
   12.122718 |   2)   0.122 us    |                                              preempt_count_add();
   12.122718 |   2)   0.385 us    |                                            }
   12.122718 |   2)               |                                            _raw_spin_unlock() {
   12.122718 |   2)   0.130 us    |                                              preempt_count_sub();
   12.122718 |   2)   0.394 us    |                                            }
   12.122718 |   2)   0.126 us    |                                            preempt_count_sub();
   12.122719 |   2)   1.756 us    |                                          }
   12.122719 |   2)   2.037 us    |                                        }
   12.122719 |   2)   2.633 us    |                                      }
   12.122719 |   2)   2.880 us    |                                    }
   12.122719 |   2)   3.130 us    |                                  }
   12.122720 |   2)               |                                  __erofs_allocpage() {
   12.122720 |   2)               |                                    alloc_pages_noprof() {
   12.122720 |   2)               |                                      alloc_pages_mpol() {
   12.122720 |   2)   0.122 us    |                                        policy_nodemask();
   12.122720 |   2)               |                                        __alloc_frozen_pages_noprof() {
   12.122720 |   2)               |                                          get_page_from_freelist() {
   12.122720 |   2)   0.130 us    |                                            preempt_count_add();
   12.122721 |   2)               |                                            _raw_spin_trylock() {
   12.122721 |   2)   0.120 us    |                                              preempt_count_add();
   12.122721 |   2)   0.386 us    |                                            }
   12.122721 |   2)               |                                            _raw_spin_unlock() {
   12.122721 |   2)   0.123 us    |                                              preempt_count_sub();
   12.122722 |   2)   0.387 us    |                                            }
   12.122722 |   2)   0.125 us    |                                            preempt_count_sub();
   12.122722 |   2)   1.775 us    |                                          }
   12.122722 |   2)   2.045 us    |                                        }
   12.122722 |   2)   2.577 us    |                                      }
   12.122722 |   2)   2.838 us    |                                    }
   12.122723 |   2)   3.086 us    |                                  }
   12.122723 |   2)               |                                  __erofs_allocpage() {
   12.122723 |   2)               |                                    alloc_pages_noprof() {
   12.122723 |   2)               |                                      alloc_pages_mpol() {
   12.122723 |   2)   0.123 us    |                                        policy_nodemask();
   12.122723 |   2)               |                                        __alloc_frozen_pages_noprof() {
   12.122724 |   2)               |                                          get_page_from_freelist() {
   12.122724 |   2)   0.126 us    |                                            preempt_count_add();
   12.122724 |   2)               |                                            _raw_spin_trylock() {
   12.122724 |   2)   0.125 us    |                                              preempt_count_add();
   12.122724 |   2)   0.414 us    |                                            }
   12.122724 |   2)               |                                            _raw_spin_unlock() {
   12.122725 |   2)   0.124 us    |                                              preempt_count_sub();
   12.122725 |   2)   0.389 us    |                                            }
   12.122725 |   2)   0.127 us    |                                            preempt_count_sub();
   12.122725 |   2)   1.780 us    |                                          }
   12.122725 |   2)   2.049 us    |                                        }
   12.122726 |   2)   2.574 us    |                                      }
   12.122726 |   2)   2.825 us    |                                    }
   12.122726 |   2)   3.074 us    |                                  }
   12.122726 |   2)               |                                  __erofs_allocpage() {
   12.122726 |   2)               |                                    alloc_pages_noprof() {
   12.122726 |   2)               |                                      alloc_pages_mpol() {
   12.122726 |   2)   0.124 us    |                                        policy_nodemask();
   12.122727 |   2)               |                                        __alloc_frozen_pages_noprof() {
   12.122727 |   2)               |                                          get_page_from_freelist() {
   12.122727 |   2)   0.124 us    |                                            preempt_count_add();
   12.122727 |   2)               |                                            _raw_spin_trylock() {
   12.122727 |   2)   0.124 us    |                                              preempt_count_add();
   12.122728 |   2)   0.391 us    |                                            }
   12.122728 |   2)               |                                            _raw_spin_unlock() {
   12.122728 |   2)   0.125 us    |                                              preempt_count_sub();
   12.122728 |   2)   0.389 us    |                                            }
   12.122728 |   2)   0.125 us    |                                            preempt_count_sub();
   12.122728 |   2)   1.753 us    |                                          }
   12.122729 |   2)   2.022 us    |                                        }
   12.122729 |   2)   2.547 us    |                                      }
   12.122729 |   2)   2.798 us    |                                    }
   12.122729 |   2)   3.051 us    |                                  }
   12.122729 |   2)               |                                  __erofs_allocpage() {
   12.122729 |   2)               |                                    alloc_pages_noprof() {
   12.122729 |   2)               |                                      alloc_pages_mpol() {
   12.122730 |   2)   0.124 us    |                                        policy_nodemask();
   12.122730 |   2)               |                                        __alloc_frozen_pages_noprof() {
   12.122730 |   2)               |                                          get_page_from_freelist() {
   12.122730 |   2)   0.123 us    |                                            preempt_count_add();
   12.122730 |   2)               |                                            _raw_spin_trylock() {
   12.122730 |   2)   0.121 us    |                                              preempt_count_add();
   12.122731 |   2)   0.412 us    |                                            }
   12.122731 |   2)               |                                            _raw_spin_unlock() {
   12.122731 |   2)   0.123 us    |                                              preempt_count_sub();
   12.122731 |   2)   0.385 us    |                                            }
   12.122731 |   2)   0.128 us    |                                            preempt_count_sub();
   12.122732 |   2)   1.775 us    |                                          }
   12.122732 |   2)   2.041 us    |                                        }
   12.122732 |   2)   2.568 us    |                                      }
   12.122732 |   2)   2.820 us    |                                    }
   12.122732 |   2)   3.074 us    |                                  }
   12.122732 |   2)               |                                  __erofs_allocpage() {
   12.122733 |   2)               |                                    alloc_pages_noprof() {
   12.122733 |   2)               |                                      alloc_pages_mpol() {
   12.122733 |   2)   0.128 us    |                                        policy_nodemask();
   12.122733 |   2)               |                                        __alloc_frozen_pages_noprof() {
   12.122733 |   2)               |                                          get_page_from_freelist() {
   12.122733 |   2)   0.124 us    |                                            preempt_count_add();
   12.122734 |   2)               |                                            _raw_spin_trylock() {
   12.122734 |   2)   0.122 us    |                                              preempt_count_add();
   12.122734 |   2)   0.389 us    |                                            }
   12.122734 |   2)               |                                            _raw_spin_unlock() {
   12.122734 |   2)   0.123 us    |                                              preempt_count_sub();
   12.122735 |   2)   0.385 us    |                                            }
   12.122735 |   2)   0.126 us    |                                            preempt_count_sub();
   12.122735 |   2)   1.776 us    |                                          }
   12.122735 |   2)   2.042 us    |                                        }
   12.122735 |   2)   2.569 us    |                                      }
   12.122735 |   2)   2.901 us    |                                    }
   12.122736 |   2)   3.176 us    |                                  }
   12.122736 |   2)               |                                  __erofs_allocpage() {
   12.122736 |   2)               |                                    alloc_pages_noprof() {
   12.122736 |   2)               |                                      alloc_pages_mpol() {
   12.122736 |   2)   0.124 us    |                                        policy_nodemask();
   12.122736 |   2)               |                                        __alloc_frozen_pages_noprof() {
   12.122736 |   2)               |                                          get_page_from_freelist() {
   12.122737 |   2)   0.125 us    |                                            preempt_count_add();
   12.122737 |   2)               |                                            _raw_spin_trylock() {
   12.122737 |   2)   0.123 us    |                                              preempt_count_add();
   12.122737 |   2)   0.411 us    |                                            }
   12.122737 |   2)               |                                            _raw_spin_unlock() {
   12.122738 |   2)   0.123 us    |                                              preempt_count_sub();
   12.122738 |   2)   0.386 us    |                                            }
   12.122738 |   2)   0.126 us    |                                            preempt_count_sub();
   12.122738 |   2)   1.771 us    |                                          }
   12.122738 |   2)   2.041 us    |                                        }
   12.122739 |   2)   2.568 us    |                                      }
   12.122739 |   2)   2.834 us    |                                    }
   12.122739 |   2)   3.085 us    |                                  }
   12.122739 |   2)               |                                  __erofs_allocpage() {
   12.122739 |   2)               |                                    alloc_pages_noprof() {
   12.122739 |   2)               |                                      alloc_pages_mpol() {
   12.122739 |   2)   0.122 us    |                                        policy_nodemask();
   12.122740 |   2)               |                                        __alloc_frozen_pages_noprof() {
   12.122740 |   2)               |                                          get_page_from_freelist() {
   12.122740 |   2)   0.124 us    |                                            preempt_count_add();
   12.122740 |   2)               |                                            _raw_spin_trylock() {
   12.122740 |   2)   0.124 us    |                                              preempt_count_add();
   12.122740 |   2)   0.412 us    |                                            }
   12.122741 |   2)               |                                            _raw_spin_unlock() {
   12.122741 |   2)   0.123 us    |                                              preempt_count_sub();
   12.122741 |   2)   0.387 us    |                                            }
   12.122741 |   2)   0.126 us    |                                            preempt_count_sub();
   12.122741 |   2)   1.774 us    |                                          }
   12.122742 |   2)   2.043 us    |                                        }
   12.122742 |   2)   2.564 us    |                                      }
   12.122742 |   2)   2.815 us    |                                    }
   12.122742 |   2)   3.065 us    |                                  }
   12.122742 |   2)               |                                  vm_map_ram() {
   12.122742 |   2)               |                                    _raw_spin_lock() {
   12.122743 |   2)   0.124 us    |                                      preempt_count_add();
   12.122743 |   2)   0.389 us    |                                    }
   12.122743 |   2)               |                                    _raw_spin_unlock() {
   12.122743 |   2)   0.137 us    |                                      preempt_count_sub();
   12.122743 |   2)   0.401 us    |                                    }
   12.122744 |   2)               |                                    vmap_small_pages_range_noflush() {
   12.122744 |   2)   0.125 us    |                                      preempt_count_add();
   12.122744 |   2)   0.125 us    |                                      preempt_count_sub();
   12.122744 |   2)   0.125 us    |                                      preempt_count_add();
   12.122745 |   2)   0.124 us    |                                      preempt_count_sub();
   12.122745 |   2)   0.125 us    |                                      preempt_count_add();
   12.122745 |   2)   0.126 us    |                                      preempt_count_sub();
   12.122745 |   2)   0.125 us    |                                      preempt_count_add();
   12.122746 |   2)   0.125 us    |                                      preempt_count_sub();
   12.122746 |   2)   0.124 us    |                                      preempt_count_add();
   12.122746 |   2)   0.126 us    |                                      preempt_count_sub();
   12.122747 |   2)   0.125 us    |                                      preempt_count_add();
   12.122747 |   2)   0.127 us    |                                      preempt_count_sub();
   12.122747 |   2)   0.126 us    |                                      preempt_count_add();
   12.122748 |   2)   0.125 us    |                                      preempt_count_sub();
   12.122748 |   2)   0.125 us    |                                      preempt_count_add();
   12.122748 |   2)   0.126 us    |                                      preempt_count_sub();
   12.122748 |   2)   0.126 us    |                                      preempt_count_add();
   12.122749 |   2)   0.127 us    |                                      preempt_count_sub();
   12.122749 |   2)   0.125 us    |                                      preempt_count_add();
   12.122749 |   2)   0.126 us    |                                      preempt_count_sub();
   12.122749 |   2)   0.125 us    |                                      preempt_count_add();
   12.122750 |   2)   0.128 us    |                                      preempt_count_sub();
   12.122750 |   2)   0.123 us    |                                      preempt_count_add();
   12.122750 |   2)   0.126 us    |                                      preempt_count_sub();
   12.122751 |   2)   0.125 us    |                                      preempt_count_add();
   12.122751 |   2)   0.126 us    |                                      preempt_count_sub();
   12.122751 |   2)   0.125 us    |                                      preempt_count_add();
   12.122751 |   2)   0.127 us    |                                      preempt_count_sub();
   12.122752 |   2)   0.125 us    |                                      preempt_count_add();
   12.122752 |   2)   0.126 us    |                                      preempt_count_sub();
   12.122752 |   2)   0.124 us    |                                      preempt_count_add();
   12.122752 |   2)   0.126 us    |                                      preempt_count_sub();
   12.122753 |   2)   0.124 us    |                                      preempt_count_add();
   12.122753 |   2)   0.125 us    |                                      preempt_count_sub();
   12.122753 |   2)   0.125 us    |                                      preempt_count_add();
   12.122754 |   2)   0.126 us    |                                      preempt_count_sub();
   12.122754 |   2)   0.124 us    |                                      preempt_count_add();
   12.122754 |   2)   0.126 us    |                                      preempt_count_sub();
   12.122754 |   2)   0.125 us    |                                      preempt_count_add();
   12.122755 |   2)   0.126 us    |                                      preempt_count_sub();
   12.122755 |   2)   0.125 us    |                                      preempt_count_add();
   12.122755 |   2)   0.125 us    |                                      preempt_count_sub();
   12.122755 |   2)   0.126 us    |                                      preempt_count_add();
   12.122756 |   2)   0.126 us    |                                      preempt_count_sub();
   12.122756 |   2)   0.127 us    |                                      preempt_count_add();
   12.122756 |   2)   0.126 us    |                                      preempt_count_sub();
   12.122757 |   2)   0.124 us    |                                      preempt_count_add();
   12.122757 |   2)   0.127 us    |                                      preempt_count_sub();
   12.122757 |   2)   0.125 us    |                                      preempt_count_add();
   12.122757 |   2)   0.126 us    |                                      preempt_count_sub();
   12.122758 |   2)   0.125 us    |                                      preempt_count_add();
   12.122758 |   2)   0.128 us    |                                      preempt_count_sub();
   12.122758 |   2)   0.123 us    |                                      preempt_count_add();
   12.122759 |   2)   0.127 us    |                                      preempt_count_sub();
   12.122759 |   2)   0.125 us    |                                      preempt_count_add();
   12.122759 |   2)   0.126 us    |                                      preempt_count_sub();
   12.122759 |   2) + 15.709 us   |                                    }
   12.122760 |   2) + 17.286 us   |                                  }
   12.122760 |   2) + 13.315 us   |                                  LZ4_decompress_safe_partial();
   12.122773 |   2)               |                                  vm_unmap_ram() {
   12.122773 |   2)   0.146 us    |                                    addr_to_vb_xa();
   12.122774 |   2)               |                                    _raw_spin_lock() {
   12.122774 |   2)   0.125 us    |                                      preempt_count_add();
   12.122774 |   2)   0.428 us    |                                    }
   12.122775 |   2)               |                                    _raw_spin_unlock() {
   12.122775 |   2)   0.138 us    |                                      preempt_count_sub();
   12.122775 |   2)   0.421 us    |                                    }
   12.122775 |   2)               |                                    __vunmap_range_noflush() {
   12.122775 |   2)   0.125 us    |                                      p4d_clear_huge();
   12.122776 |   2)   0.124 us    |                                      pud_clear_huge();
   12.122776 |   2)   0.124 us    |                                      pmd_clear_huge();
   12.122776 |   2)   1.187 us    |                                    }
   12.122777 |   2)               |                                    _raw_spin_lock() {
   12.122777 |   2)   0.123 us    |                                      preempt_count_add();
   12.122777 |   2)   0.389 us    |                                    }
   12.122777 |   2)               |                                    _raw_spin_unlock() {
   12.122777 |   2)   0.138 us    |                                      preempt_count_sub();
   12.122778 |   2)   0.402 us    |                                    }
   12.122778 |   2)   4.456 us    |                                  }
   12.122778 |   2) + 71.706 us   |                                }
   12.122778 |   2)               |                                erofs_onlinefolio_end() {
   12.122778 |   2)   0.129 us    |                                  folio_end_read();
   12.122779 |   2)   0.407 us    |                                }
   12.122779 |   2)               |                                erofs_onlinefolio_end() {
   12.122779 |   2)   0.130 us    |                                  folio_end_read();
   12.122779 |   2)   0.405 us    |                                }
   12.122779 |   2)               |                                erofs_onlinefolio_end() {
   12.122779 |   2)   0.130 us    |                                  folio_end_read();
   12.122780 |   2)   0.387 us    |                                }
   12.122780 |   2)               |                                erofs_onlinefolio_end() {
   12.122780 |   2)   0.131 us    |                                  folio_end_read();
   12.122780 |   2)   0.385 us    |                                }
   12.122780 |   2)               |                                erofs_onlinefolio_end() {
   12.122780 |   2)   0.130 us    |                                  folio_end_read();
   12.122781 |   2)   0.388 us    |                                }
   12.122781 |   2)               |                                erofs_onlinefolio_end() {
   12.122781 |   2)   0.130 us    |                                  folio_end_read();
   12.122781 |   2)   0.386 us    |                                }
   12.122781 |   2)               |                                erofs_onlinefolio_end() {
   12.122781 |   2)   0.131 us    |                                  folio_end_read();
   12.122782 |   2)   0.389 us    |                                }
   12.122782 |   2)               |                                erofs_onlinefolio_end() {
   12.122782 |   2)   0.131 us    |                                  folio_end_read();
   12.122782 |   2)   0.385 us    |                                }
   12.122782 |   2)               |                                erofs_onlinefolio_end() {
   12.122782 |   2)   0.131 us    |                                  folio_end_read();
   12.122783 |   2)   0.389 us    |                                }
   12.122783 |   2)               |                                erofs_onlinefolio_end() {
   12.122783 |   2)   0.131 us    |                                  folio_end_read();
   12.122783 |   2)   0.389 us    |                                }
   12.122783 |   2)               |                                erofs_onlinefolio_end() {
   12.122784 |   2)   0.130 us    |                                  folio_end_read();
   12.122784 |   2)   0.387 us    |                                }
   12.122784 |   2)               |                                erofs_onlinefolio_end() {
   12.122784 |   2)   0.130 us    |                                  folio_end_read();
   12.122784 |   2)   0.389 us    |                                }
   12.122784 |   2)               |                                erofs_onlinefolio_end() {
   12.122785 |   2)   0.132 us    |                                  folio_end_read();
   12.122785 |   2)   0.388 us    |                                }
   12.122785 |   2)               |                                erofs_onlinefolio_end() {
   12.122785 |   2)   0.131 us    |                                  folio_end_read();
   12.122785 |   2)   0.387 us    |                                }
   12.122786 |   2)               |                                erofs_onlinefolio_end() {
   12.122786 |   2)   0.131 us    |                                  folio_end_read();
   12.122786 |   2)   0.386 us    |                                }
   12.122786 |   2)               |                                erofs_onlinefolio_end() {
   12.122786 |   2)   0.130 us    |                                  folio_end_read();
   12.122786 |   2)   0.389 us    |                                }
   12.122787 |   2)               |                                z_erofs_put_pcluster() {
   12.122787 |   2)               |                                  _raw_spin_lock() {
   12.122787 |   2)   0.129 us    |                                    preempt_count_add();
   12.122787 |   2)   0.400 us    |                                  }
   12.122787 |   2)               |                                  _raw_spin_unlock() {
   12.122788 |   2)   0.142 us    |                                    preempt_count_sub();
   12.122788 |   2)   0.415 us    |                                  }
   12.122788 |   2)   1.240 us    |                                }
   12.122788 |   2) + 86.753 us   |                              }
   12.122788 |   2) + 91.204 us   |                            }
   12.122788 |   2)   0.149 us    |                            erofs_put_metabuf();
   12.122789 |   2)               |                            erofs_release_pages() {
   12.122789 |   2)               |                              __folio_put() {
   12.122789 |   2)               |                                free_frozen_pages() {
   12.122789 |   2)               |                                  __free_frozen_pages() {
   12.122789 |   2)   0.124 us    |                                    preempt_count_add();
   12.122790 |   2)               |                                    _raw_spin_trylock() {
   12.122790 |   2)   0.122 us    |                                      preempt_count_add();
   12.122790 |   2)   0.387 us    |                                    }
   12.122790 |   2)   0.153 us    |                                    free_frozen_page_commit();
   12.122790 |   2)               |                                    _raw_spin_unlock() {
   12.122791 |   2)   0.131 us    |                                      preempt_count_sub();
   12.122791 |   2)   0.398 us    |                                    }
   12.122791 |   2)   0.125 us    |                                    preempt_count_sub();
   12.122791 |   2)   2.068 us    |                                  }
   12.122791 |   2)   2.322 us    |                                }
   12.122792 |   2)   2.578 us    |                              }
   12.122792 |   2)               |                              __folio_put() {
   12.122792 |   2)               |                                free_frozen_pages() {
   12.122792 |   2)               |                                  __free_frozen_pages() {
   12.122792 |   2)   0.126 us    |                                    preempt_count_add();
   12.122792 |   2)               |                                    _raw_spin_trylock() {
   12.122792 |   2)   0.124 us    |                                      preempt_count_add();
   12.122793 |   2)   0.390 us    |                                    }
   12.122793 |   2)   0.128 us    |                                    free_frozen_page_commit();
   12.122793 |   2)               |                                    _raw_spin_unlock() {
   12.122793 |   2)   0.122 us    |                                      preempt_count_sub();
   12.122794 |   2)   0.382 us    |                                    }
   12.122794 |   2)   0.125 us    |                                    preempt_count_sub();
   12.122794 |   2)   2.008 us    |                                  }
   12.122794 |   2)   2.254 us    |                                }
   12.122794 |   2)   2.504 us    |                              }
   12.122794 |   2)               |                              __folio_put() {
   12.122794 |   2)               |                                free_frozen_pages() {
   12.122795 |   2)               |                                  __free_frozen_pages() {
   12.122795 |   2)   0.149 us    |                                    preempt_count_add();
   12.122795 |   2)               |                                    _raw_spin_trylock() {
   12.122795 |   2)   0.122 us    |                                      preempt_count_add();
   12.122795 |   2)   0.418 us    |                                    }
   12.122796 |   2)   0.126 us    |                                    free_frozen_page_commit();
   12.122796 |   2)               |                                    _raw_spin_unlock() {
   12.122796 |   2)   0.124 us    |                                      preempt_count_sub();
   12.122796 |   2)   0.387 us    |                                    }
   12.122796 |   2)   0.125 us    |                                    preempt_count_sub();
   12.122797 |   2)   2.057 us    |                                  }
   12.122797 |   2)   2.306 us    |                                }
   12.122797 |   2)   2.556 us    |                              }
   12.122797 |   2)               |                              __folio_put() {
   12.122797 |   2)               |                                free_frozen_pages() {
   12.122797 |   2)               |                                  __free_frozen_pages() {
   12.122797 |   2)   0.124 us    |                                    preempt_count_add();
   12.122798 |   2)               |                                    _raw_spin_trylock() {
   12.122798 |   2)   0.125 us    |                                      preempt_count_add();
   12.122798 |   2)   0.386 us    |                                    }
   12.122798 |   2)   0.123 us    |                                    free_frozen_page_commit();
   12.122799 |   2)               |                                    _raw_spin_unlock() {
   12.122799 |   2)   0.124 us    |                                      preempt_count_sub();
   12.122799 |   2)   0.384 us    |                                    }
   12.122799 |   2)   0.126 us    |                                    preempt_count_sub();
   12.122799 |   2)   2.025 us    |                                  }
   12.122799 |   2)   2.272 us    |                                }
   12.122800 |   2)   2.521 us    |                              }
   12.122800 |   2)               |                              __folio_put() {
   12.122800 |   2)               |                                free_frozen_pages() {
   12.122800 |   2)               |                                  __free_frozen_pages() {
   12.122800 |   2)   0.124 us    |                                    preempt_count_add();
   12.122800 |   2)               |                                    _raw_spin_trylock() {
   12.122800 |   2)   0.123 us    |                                      preempt_count_add();
   12.122801 |   2)   0.386 us    |                                    }
   12.122801 |   2)   0.125 us    |                                    free_frozen_page_commit();
   12.122801 |   2)               |                                    _raw_spin_unlock() {
   12.122801 |   2)   0.123 us    |                                      preempt_count_sub();
   12.122802 |   2)   0.386 us    |                                    }
   12.122802 |   2)   0.125 us    |                                    preempt_count_sub();
   12.122802 |   2)   2.000 us    |                                  }
   12.122802 |   2)   2.246 us    |                                }
   12.122802 |   2)   2.494 us    |                              }
   12.122802 |   2)               |                              __folio_put() {
   12.122803 |   2)               |                                free_frozen_pages() {
   12.122803 |   2)               |                                  __free_frozen_pages() {
   12.122803 |   2)   0.124 us    |                                    preempt_count_add();
   12.122803 |   2)               |                                    _raw_spin_trylock() {
   12.122803 |   2)   0.124 us    |                                      preempt_count_add();
   12.122804 |   2)   0.392 us    |                                    }
   12.122804 |   2)   0.125 us    |                                    free_frozen_page_commit();
   12.122804 |   2)               |                                    _raw_spin_unlock() {
   12.122804 |   2)   0.122 us    |                                      preempt_count_sub();
   12.122804 |   2)   0.383 us    |                                    }
   12.122804 |   2)   0.126 us    |                                    preempt_count_sub();
   12.122805 |   2)   2.026 us    |                                  }
   12.122805 |   2)   2.272 us    |                                }
   12.122805 |   2)   2.618 us    |                              }
   12.122805 |   2)               |                              __folio_put() {
   12.122805 |   2)               |                                free_frozen_pages() {
   12.122805 |   2)               |                                  __free_frozen_pages() {
   12.122806 |   2)   0.125 us    |                                    preempt_count_add();
   12.122806 |   2)               |                                    _raw_spin_trylock() {
   12.122806 |   2)   0.123 us    |                                      preempt_count_add();
   12.122806 |   2)   0.387 us    |                                    }
   12.122806 |   2)   0.127 us    |                                    free_frozen_page_commit();
   12.122807 |   2)               |                                    _raw_spin_unlock() {
   12.122807 |   2)   0.123 us    |                                      preempt_count_sub();
   12.122807 |   2)   0.387 us    |                                    }
   12.122807 |   2)   0.122 us    |                                    preempt_count_sub();
   12.122807 |   2)   2.001 us    |                                  }
   12.122808 |   2)   2.274 us    |                                }
   12.122808 |   2)   2.534 us    |                              }
   12.122808 |   2)               |                              __folio_put() {
   12.122808 |   2)               |                                free_frozen_pages() {
   12.122808 |   2)               |                                  __free_frozen_pages() {
   12.122808 |   2)   0.125 us    |                                    preempt_count_add();
   12.122808 |   2)               |                                    _raw_spin_trylock() {
   12.122809 |   2)   0.123 us    |                                      preempt_count_add();
   12.122809 |   2)   0.385 us    |                                    }
   12.122809 |   2)   0.123 us    |                                    free_frozen_page_commit();
   12.122809 |   2)               |                                    _raw_spin_unlock() {
   12.122809 |   2)   0.123 us    |                                      preempt_count_sub();
   12.122810 |   2)   0.387 us    |                                    }
   12.122810 |   2)   0.125 us    |                                    preempt_count_sub();
   12.122810 |   2)   1.995 us    |                                  }
   12.122810 |   2)   2.269 us    |                                }
   12.122810 |   2)   2.517 us    |                              }
   12.122811 |   2)               |                              __folio_put() {
   12.122811 |   2)               |                                free_frozen_pages() {
   12.122811 |   2)               |                                  __free_frozen_pages() {
   12.122811 |   2)   0.123 us    |                                    preempt_count_add();
   12.122811 |   2)               |                                    _raw_spin_trylock() {
   12.122811 |   2)   0.124 us    |                                      preempt_count_add();
   12.122812 |   2)   0.390 us    |                                    }
   12.122812 |   2)   0.125 us    |                                    free_frozen_page_commit();
   12.122812 |   2)               |                                    _raw_spin_unlock() {
   12.122812 |   2)   0.125 us    |                                      preempt_count_sub();
   12.122812 |   2)   0.388 us    |                                    }
   12.122813 |   2)   0.124 us    |                                    preempt_count_sub();
   12.122813 |   2)   2.027 us    |                                  }
   12.122813 |   2)   2.274 us    |                                }
   12.122813 |   2)   2.525 us    |                              }
   12.122813 |   2)               |                              __folio_put() {
   12.122813 |   2)               |                                free_frozen_pages() {
   12.122813 |   2)               |                                  __free_frozen_pages() {
   12.122814 |   2)   0.123 us    |                                    preempt_count_add();
   12.122814 |   2)               |                                    _raw_spin_trylock() {
   12.122814 |   2)   0.124 us    |                                      preempt_count_add();
   12.122814 |   2)   0.390 us    |                                    }
   12.122814 |   2)   0.147 us    |                                    free_frozen_page_commit();
   12.122815 |   2)               |                                    _raw_spin_unlock() {
   12.122815 |   2)   0.124 us    |                                      preempt_count_sub();
   12.122815 |   2)   0.387 us    |                                    }
   12.122815 |   2)   0.125 us    |                                    preempt_count_sub();
   12.122815 |   2)   2.026 us    |                                  }
   12.122816 |   2)   2.272 us    |                                }
   12.122816 |   2)   2.521 us    |                              }
   12.122816 |   2)               |                              __folio_put() {
   12.122816 |   2)               |                                free_frozen_pages() {
   12.122816 |   2)               |                                  __free_frozen_pages() {
   12.122816 |   2)   0.127 us    |                                    preempt_count_add();
   12.122817 |   2)               |                                    _raw_spin_trylock() {
   12.122817 |   2)   0.124 us    |                                      preempt_count_add();
   12.122817 |   2)   0.392 us    |                                    }
   12.122817 |   2)   0.129 us    |                                    free_frozen_page_commit();
   12.122817 |   2)               |                                    _raw_spin_unlock() {
   12.122818 |   2)   0.124 us    |                                      preempt_count_sub();
   12.122818 |   2)   0.385 us    |                                    }
   12.122818 |   2)   0.123 us    |                                    preempt_count_sub();
   12.122818 |   2)   2.124 us    |                                  }
   12.122818 |   2)   2.374 us    |                                }
   12.122819 |   2)   2.621 us    |                              }
   12.122819 |   2)               |                              __folio_put() {
   12.122819 |   2)               |                                free_frozen_pages() {
   12.122819 |   2)               |                                  __free_frozen_pages() {
   12.122819 |   2)   0.125 us    |                                    preempt_count_add();
   12.122819 |   2)               |                                    _raw_spin_trylock() {
   12.122819 |   2)   0.123 us    |                                      preempt_count_add();
   12.122820 |   2)   0.385 us    |                                    }
   12.122820 |   2)   0.127 us    |                                    free_frozen_page_commit();
   12.122820 |   2)               |                                    _raw_spin_unlock() {
   12.122820 |   2)   0.124 us    |                                      preempt_count_sub();
   12.122821 |   2)   0.390 us    |                                    }
   12.122821 |   2)   0.125 us    |                                    preempt_count_sub();
   12.122821 |   2)   2.024 us    |                                  }
   12.122821 |   2)   2.296 us    |                                }
   12.122821 |   2)   2.545 us    |                              }
   12.122821 |   2) + 32.590 us   |                            }
   12.122822 |   2)               |                            iput() {
   12.122822 |   2)   0.136 us    |                              iput.part.0();
   12.122822 |   2)   0.391 us    |                            }
   12.122822 |   2) ! 188.233 us  |                          }
   12.122822 |   2)               |                          blk_finish_plug() {
   12.122822 |   2)               |                            __blk_flush_plug() {
   12.122822 |   2)   0.136 us    |                              blk_mq_flush_plug_list();
   12.122823 |   2)   0.438 us    |                            }
   12.122823 |   2)   0.722 us    |                          }
   12.122823 |   2) ! 189.651 us  |                        }
   12.122823 |   2) ! 345.219 us  |                      }
   12.122823 |   2) ! 345.755 us  |                    }
   12.122824 |   2) ! 346.028 us  |                  }
   12.122824 |   2) ! 346.585 us  |                }
   12.122824 |   2) ! 346.874 us  |              }
   12.122824 |   2) ! 347.718 us  |            }
   12.122824 |   2)   0.134 us    |            folio_mark_accessed();
   12.122825 |   2) ! 348.475 us  |          }
   12.122825 |   2) ! 348.742 us  |        }
   12.122825 |   2) ! 349.470 us  |      }
   12.122825 |   2) ! 350.058 us  |    }
   12.122825 |   2) ! 350.362 us  |  }
   12.122827 |   2)               |  __x64_sys_read() {
   12.122827 |   2)               |    ksys_read() {
   12.122827 |   2)   0.155 us    |      fdget_pos();
   12.122828 |   2)               |      vfs_read() {
   12.122828 |   2)   0.271 us    |        rw_verify_area();
   12.122828 |   2)               |        erofs_ishare_file_read_iter() {
   12.122828 |   2)               |          filemap_read() {
   12.122828 |   2)               |            filemap_get_pages() {
   12.122829 |   2)   0.396 us    |              filemap_get_read_batch();
   12.122829 |   2)   0.683 us    |            }
   12.122829 |   2)   0.134 us    |            folio_mark_accessed();
   12.122830 |   2)   1.379 us    |          }
   12.122830 |   2)   1.652 us    |        }
   12.122830 |   2)   2.405 us    |      }
   12.122830 |   2)   2.986 us    |    }
   12.122830 |   2)   3.312 us    |  }
   12.122832 |   2)               |  __x64_sys_read() {
   12.122832 |   2)               |    ksys_read() {
   12.122832 |   2)   0.151 us    |      fdget_pos();
   12.122832 |   2)               |      vfs_read() {
   12.122833 |   2)   0.266 us    |        rw_verify_area();
   12.122833 |   2)               |        erofs_ishare_file_read_iter() {
   12.122833 |   2)               |          filemap_read() {
   12.122833 |   2)               |            filemap_get_pages() {
   12.122833 |   2)   0.341 us    |              filemap_get_read_batch();
   12.122834 |   2)   0.622 us    |            }
   12.122834 |   2)   0.134 us    |            folio_mark_accessed();
   12.122835 |   2)   1.370 us    |          }
   12.122835 |   2)   1.638 us    |        }
   12.122835 |   2)   2.410 us    |      }
   12.122835 |   2)   2.980 us    |    }
   12.122835 |   2)   3.280 us    |  }
   12.122837 |   2)               |  __x64_sys_read() {
   12.122837 |   2)               |    ksys_read() {
   12.122837 |   2)   0.151 us    |      fdget_pos();
   12.122837 |   2)               |      vfs_read() {
   12.122837 |   2)   0.268 us    |        rw_verify_area();
   12.122838 |   2)               |        erofs_ishare_file_read_iter() {
   12.122838 |   2)               |          filemap_read() {
   12.122838 |   2)               |            filemap_get_pages() {
   12.122838 |   2)   0.352 us    |              filemap_get_read_batch();
   12.122839 |   2)   0.629 us    |            }
   12.122839 |   2)   0.134 us    |            folio_mark_accessed();
   12.122839 |   2)   1.313 us    |          }
   12.122839 |   2)   1.582 us    |        }
   12.122840 |   2)   2.340 us    |      }
   12.122840 |   2)   2.920 us    |    }
   12.122840 |   2)   3.218 us    |  }
