# tracer: function_graph
#
#     TIME        CPU  DURATION                  FUNCTION CALLS
#      |          |     |   |                     |   |   |   |
   11.984599 |   2)               |  __x64_sys_read() {
   11.984600 |   2)               |    ksys_read() {
   11.984600 |   2)   0.174 us    |      fdget_pos();
   11.984600 |   2)               |      vfs_read() {
   11.984600 |   2)   0.317 us    |        rw_verify_area();
   11.984601 |   2)               |        ext4_file_read_iter() {
   11.984601 |   2)               |          generic_file_read_iter() {
   11.984601 |   2)               |            filemap_read() {
   11.984601 |   2)               |              filemap_get_pages() {
   11.984601 |   2)   0.425 us    |                filemap_get_read_batch();
   11.984602 |   2)   0.744 us    |              }
   11.984602 |   2)   0.127 us    |              folio_mark_accessed();
   11.984603 |   2)               |              lock_mm_and_find_vma() {
   11.984603 |   2)               |                down_read_trylock() {
   11.984603 |   2)   0.147 us    |                  preempt_count_add();
   11.984603 |   2)   0.129 us    |                  preempt_count_sub();
   11.984604 |   2)   0.732 us    |                }
   11.984604 |   2)   0.438 us    |                find_vma();
   11.984604 |   2)   1.613 us    |              }
   11.984605 |   2)               |              handle_mm_fault() {
   11.984605 |   2)               |                __handle_mm_fault() {
   11.984605 |   2)               |                  pte_offset_map_rw_nolock() {
   11.984605 |   2)   0.258 us    |                    __pte_offset_map();
   11.984605 |   2)   0.541 us    |                  }
   11.984606 |   2)   0.126 us    |                  __vmf_anon_prepare();
   11.984606 |   2)               |                  vma_alloc_folio_noprof() {
   11.984606 |   2)   0.154 us    |                    get_vma_policy();
   11.984606 |   2)               |                    alloc_pages_mpol() {
   11.984607 |   2)   0.142 us    |                      policy_nodemask();
   11.984607 |   2)               |                      __alloc_frozen_pages_noprof() {
   11.984607 |   2)               |                        get_page_from_freelist() {
   11.984607 |   2)   0.145 us    |                          preempt_count_add();
   11.984608 |   2)               |                          _raw_spin_trylock() {
   11.984608 |   2)   0.134 us    |                            preempt_count_add();
   11.984608 |   2)   0.417 us    |                          }
   11.984608 |   2)               |                          _raw_spin_unlock() {
   11.984608 |   2)   0.135 us    |                            preempt_count_sub();
   11.984609 |   2)   0.424 us    |                          }
   11.984609 |   2)   0.144 us    |                          preempt_count_sub();
   11.984609 |   2)   0.160 us    |                          clear_highpages_kasan_tagged();
   11.984609 |   2)   2.379 us    |                        }
   11.984610 |   2)   2.701 us    |                      }
   11.984610 |   2)   3.262 us    |                    }
   11.984610 |   2)   3.825 us    |                  }
   11.984610 |   2)               |                  pte_offset_map_lock() {
   11.984610 |   2)   0.209 us    |                    __pte_offset_map();
   11.984611 |   2)               |                    _raw_spin_lock() {
   11.984611 |   2)   0.141 us    |                      preempt_count_add();
   11.984611 |   2)   0.428 us    |                    }
   11.984611 |   2)   1.069 us    |                  }
   11.984611 |   2)               |                  map_anon_folio_pte_nopf() {
   11.984611 |   2)   0.124 us    |                    pte_mkwrite();
   11.984612 |   2)               |                    folio_add_new_anon_rmap() {
   11.984612 |   2)   0.125 us    |                      mod_node_page_state();
   11.984612 |   2)   0.409 us    |                    }
   11.984612 |   2)               |                    folio_add_lru_vma() {
   11.984612 |   2)               |                      __folio_batch_add_and_move() {
   11.984613 |   2)   0.134 us    |                        preempt_count_add();
   11.984613 |   2)   0.134 us    |                        preempt_count_sub();
   11.984613 |   2)   0.702 us    |                      }
   11.984613 |   2)   0.974 us    |                    }
   11.984613 |   2)   2.139 us    |                  }
   11.984614 |   2)               |                  _raw_spin_unlock() {
   11.984614 |   2)   0.137 us    |                    preempt_count_sub();
   11.984614 |   2)   0.402 us    |                  }
   11.984614 |   2)   9.435 us    |                }
   11.984614 |   2)   9.709 us    |              }
   11.984615 |   2)   0.137 us    |              raw_irqentry_exit_cond_resched();
   11.984615 |   2) + 14.221 us   |            }
   11.984616 |   2) + 14.471 us   |          }
   11.984616 |   2) + 14.741 us   |        }
   11.984616 |   2) + 15.616 us   |      }
   11.984616 |   2) + 16.348 us   |    }
   11.984616 |   2) + 17.343 us   |  }
   11.984667 |   2)               |  __x64_sys_read() {
   11.984667 |   2)               |    ksys_read() {
   11.984668 |   2)   0.153 us    |      fdget_pos();
   11.984668 |   2)               |      vfs_read() {
   11.984668 |   2)   0.331 us    |        rw_verify_area();
   11.984669 |   2)               |        ext4_file_read_iter() {
   11.984669 |   2)               |          generic_file_read_iter() {
   11.984669 |   2)               |            filemap_read() {
   11.984669 |   2)               |              filemap_get_pages() {
   11.984670 |   2)   0.412 us    |                filemap_get_read_batch();
   11.984670 |   2)   0.742 us    |              }
   11.984670 |   2)   0.141 us    |              folio_mark_accessed();
   11.984671 |   2)               |              lock_mm_and_find_vma() {
   11.984671 |   2)               |                down_read_trylock() {
   11.984671 |   2)   0.139 us    |                  preempt_count_add();
   11.984672 |   2)   0.140 us    |                  preempt_count_sub();
   11.984672 |   2)   0.719 us    |                }
   11.984672 |   2)   0.463 us    |                find_vma();
   11.984673 |   2)   1.640 us    |              }
   11.984673 |   2)               |              handle_mm_fault() {
   11.984673 |   2)               |                __handle_mm_fault() {
   11.984673 |   2)               |                  pte_offset_map_rw_nolock() {
   11.984673 |   2)   0.239 us    |                    __pte_offset_map();
   11.984674 |   2)   0.520 us    |                  }
   11.984674 |   2)   0.126 us    |                  __vmf_anon_prepare();
   11.984674 |   2)               |                  vma_alloc_folio_noprof() {
   11.984674 |   2)   0.156 us    |                    get_vma_policy();
   11.984675 |   2)               |                    alloc_pages_mpol() {
   11.984675 |   2)   0.124 us    |                      policy_nodemask();
   11.984675 |   2)               |                      __alloc_frozen_pages_noprof() {
   11.984675 |   2)               |                        get_page_from_freelist() {
   11.984675 |   2)   0.126 us    |                          preempt_count_add();
   11.984676 |   2)               |                          _raw_spin_trylock() {
   11.984676 |   2)   0.136 us    |                            preempt_count_add();
   11.984676 |   2)   0.402 us    |                          }
   11.984676 |   2)               |                          _raw_spin_unlock() {
   11.984676 |   2)   0.134 us    |                            preempt_count_sub();
   11.984677 |   2)   0.443 us    |                          }
   11.984677 |   2)   0.140 us    |                          preempt_count_sub();
   11.984677 |   2)   0.153 us    |                          clear_highpages_kasan_tagged();
   11.984677 |   2)   2.229 us    |                        }
   11.984678 |   2)   2.549 us    |                      }
   11.984678 |   2)   3.101 us    |                    }
   11.984678 |   2)   3.680 us    |                  }
   11.984678 |   2)               |                  pte_offset_map_lock() {
   11.984678 |   2)   0.209 us    |                    __pte_offset_map();
   11.984678 |   2)               |                    _raw_spin_lock() {
   11.984679 |   2)   0.125 us    |                      preempt_count_add();
   11.984679 |   2)   0.418 us    |                    }
   11.984679 |   2)   1.046 us    |                  }
   11.984679 |   2)               |                  map_anon_folio_pte_nopf() {
   11.984679 |   2)   0.123 us    |                    pte_mkwrite();
   11.984680 |   2)               |                    folio_add_new_anon_rmap() {
   11.984680 |   2)   0.129 us    |                      mod_node_page_state();
   11.984680 |   2)   0.413 us    |                    }
   11.984680 |   2)               |                    folio_add_lru_vma() {
   11.984680 |   2)               |                      __folio_batch_add_and_move() {
   11.984680 |   2)   0.135 us    |                        preempt_count_add();
   11.984681 |   2)   0.133 us    |                        preempt_count_sub();
   11.984681 |   2)   0.766 us    |                      }
   11.984681 |   2)   1.038 us    |                    }
   11.984681 |   2)   2.171 us    |                  }
   11.984681 |   2)               |                  _raw_spin_unlock() {
   11.984682 |   2)   0.142 us    |                    preempt_count_sub();
   11.984682 |   2)   0.426 us    |                  }
   11.984682 |   2)   9.266 us    |                }
   11.984682 |   2)   9.542 us    |              }
   11.984683 |   2)   0.128 us    |              raw_irqentry_exit_cond_resched();
   11.984683 |   2) + 14.063 us   |            }
   11.984683 |   2) + 14.344 us   |          }
   11.984684 |   2) + 14.642 us   |        }
   11.984684 |   2) + 15.780 us   |      }
   11.984684 |   2) + 16.401 us   |    }
   11.984684 |   2) + 16.733 us   |  }
   11.984946 |   2)               |  __x64_sys_read() {
   11.984947 |   2)               |    ksys_read() {
   11.984947 |   2)   0.155 us    |      fdget_pos();
   11.984947 |   2)               |      vfs_read() {
   11.984947 |   2)   0.300 us    |        rw_verify_area();
   11.984948 |   2)               |        erofs_file_read_iter() {
   11.984948 |   2)               |          filemap_read() {
   11.984948 |   2)               |            filemap_get_pages() {
   11.984948 |   2)   0.394 us    |              filemap_get_read_batch();
   11.984949 |   2)               |              page_cache_sync_ra() {
   11.984949 |   2)   0.127 us    |                inode_to_bdi();
   11.984950 |   2)               |                page_cache_ra_order() {
   11.984950 |   2)               |                  do_page_cache_ra() {
   11.984950 |   2)               |                    page_cache_ra_unbounded() {
   11.984950 |   2)               |                      filemap_alloc_folio_noprof() {
   11.984951 |   2)               |                        folio_alloc_noprof() {
   11.984951 |   2)               |                          alloc_pages_mpol() {
   11.984951 |   2)   0.127 us    |                            policy_nodemask();
   11.984951 |   2)               |                            __alloc_frozen_pages_noprof() {
   11.984951 |   2)               |                              get_page_from_freelist() {
   11.984952 |   2)   0.127 us    |                                preempt_count_add();
   11.984952 |   2)               |                                _raw_spin_trylock() {
   11.984952 |   2)   0.136 us    |                                  preempt_count_add();
   11.984952 |   2)   0.410 us    |                                }
   11.984952 |   2)               |                                _raw_spin_unlock() {
   11.984953 |   2)   0.135 us    |                                  preempt_count_sub();
   11.984953 |   2)   0.413 us    |                                }
   11.984953 |   2)   0.127 us    |                                preempt_count_sub();
   11.984953 |   2)   1.851 us    |                              }
   11.984953 |   2)   2.194 us    |                            }
   11.984954 |   2)   2.749 us    |                          }
   11.984954 |   2)   3.029 us    |                        }
   11.984954 |   2)   3.336 us    |                      }
   11.984954 |   2)               |                      filemap_add_folio() {
   11.984954 |   2)               |                        __filemap_add_folio() {
   11.984954 |   2)   0.122 us    |                          shmem_mapping();
   11.984955 |   2)               |                          _raw_spin_lock_irq() {
   11.984955 |   2)   0.126 us    |                            preempt_count_add();
   11.984955 |   2)   0.412 us    |                          }
   11.984955 |   2)   0.132 us    |                          mod_node_page_state();
   11.984956 |   2)               |                          _raw_spin_unlock_irq() {
   11.984956 |   2)   0.125 us    |                            preempt_count_sub();
   11.984956 |   2)   0.409 us    |                          }
   11.984956 |   2)   2.194 us    |                        }
   11.984956 |   2)               |                        folio_add_lru() {
   11.984957 |   2)               |                          __folio_batch_add_and_move() {
   11.984957 |   2)   0.146 us    |                            preempt_count_add();
   11.984957 |   2)   0.124 us    |                            preempt_count_sub();
   11.984957 |   2)   0.681 us    |                          }
   11.984957 |   2)   0.947 us    |                        }
   11.984958 |   2)   3.603 us    |                      }
   11.984958 |   2)               |                      filemap_alloc_folio_noprof() {
   11.984958 |   2)               |                        folio_alloc_noprof() {
   11.984958 |   2)               |                          alloc_pages_mpol() {
   11.984958 |   2)   0.125 us    |                            policy_nodemask();
   11.984959 |   2)               |                            __alloc_frozen_pages_noprof() {
   11.984959 |   2)               |                              get_page_from_freelist() {
   11.984959 |   2)   0.126 us    |                                preempt_count_add();
   11.984959 |   2)               |                                _raw_spin_trylock() {
   11.984959 |   2)   0.124 us    |                                  preempt_count_add();
   11.984960 |   2)   0.388 us    |                                }
   11.984960 |   2)               |                                _raw_spin_unlock() {
   11.984960 |   2)   0.135 us    |                                  preempt_count_sub();
   11.984960 |   2)   0.401 us    |                                }
   11.984960 |   2)   0.127 us    |                                preempt_count_sub();
   11.984961 |   2)   1.804 us    |                              }
   11.984961 |   2)   2.090 us    |                            }
   11.984961 |   2)   2.613 us    |                          }
   11.984961 |   2)   2.865 us    |                        }
   11.984961 |   2)   3.143 us    |                      }
   11.984961 |   2)               |                      filemap_add_folio() {
   11.984961 |   2)               |                        __filemap_add_folio() {
   11.984962 |   2)   0.123 us    |                          shmem_mapping();
   11.984962 |   2)               |                          _raw_spin_lock_irq() {
   11.984962 |   2)   0.130 us    |                            preempt_count_add();
   11.984962 |   2)   0.402 us    |                          }
   11.984962 |   2)               |                          kmem_cache_alloc_lru_noprof() {
   11.984963 |   2)   0.132 us    |                            preempt_count_add();
   11.984963 |   2)   0.126 us    |                            preempt_count_sub();
   11.984963 |   2)   0.750 us    |                          }
   11.984963 |   2)   0.135 us    |                          workingset_update_node();
   11.984964 |   2)   0.129 us    |                          workingset_update_node();
   11.984964 |   2)   0.126 us    |                          mod_node_page_state();
   11.984964 |   2)               |                          _raw_spin_unlock_irq() {
   11.984965 |   2)   0.141 us    |                            preempt_count_sub();
   11.984965 |   2)   0.606 us    |                          }
   11.984965 |   2)   3.756 us    |                        }
   11.984965 |   2)               |                        folio_add_lru() {
   11.984965 |   2)               |                          __folio_batch_add_and_move() {
   11.984966 |   2)   0.125 us    |                            preempt_count_add();
   11.984966 |   2)   0.143 us    |                            preempt_count_sub();
   11.984966 |   2)   0.680 us    |                          }
   11.984966 |   2)   0.927 us    |                        }
   11.984966 |   2)   5.084 us    |                      }
   11.984967 |   2)               |                      filemap_alloc_folio_noprof() {
   11.984967 |   2)               |                        folio_alloc_noprof() {
   11.984967 |   2)               |                          alloc_pages_mpol() {
   11.984967 |   2)   0.124 us    |                            policy_nodemask();
   11.984967 |   2)               |                            __alloc_frozen_pages_noprof() {
   11.984968 |   2)               |                              get_page_from_freelist() {
   11.984968 |   2)   0.124 us    |                                preempt_count_add();
   11.984968 |   2)               |                                _raw_spin_trylock() {
   11.984968 |   2)   0.126 us    |                                  preempt_count_add();
   11.984968 |   2)   0.425 us    |                                }
   11.984969 |   2)               |                                _raw_spin_unlock() {
   11.984969 |   2)   0.135 us    |                                  preempt_count_sub();
   11.984969 |   2)   0.404 us    |                                }
   11.984969 |   2)   0.127 us    |                                preempt_count_sub();
   11.984969 |   2)   1.808 us    |                              }
   11.984970 |   2)   2.087 us    |                            }
   11.984970 |   2)   2.616 us    |                          }
   11.984970 |   2)   2.869 us    |                        }
   11.984970 |   2)   3.117 us    |                      }
   11.984970 |   2)               |                      filemap_add_folio() {
   11.984970 |   2)               |                        __filemap_add_folio() {
   11.984970 |   2)   0.126 us    |                          shmem_mapping();
   11.984971 |   2)               |                          _raw_spin_lock_irq() {
   11.984971 |   2)   0.128 us    |                            preempt_count_add();
   11.984971 |   2)   0.403 us    |                          }
   11.984971 |   2)   0.124 us    |                          workingset_update_node();
   11.984971 |   2)   0.128 us    |                          mod_node_page_state();
   11.984972 |   2)               |                          _raw_spin_unlock_irq() {
   11.984972 |   2)   0.124 us    |                            preempt_count_sub();
   11.984972 |   2)   0.404 us    |                          }
   11.984972 |   2)   2.093 us    |                        }
   11.984972 |   2)               |                        folio_add_lru() {
   11.984973 |   2)               |                          __folio_batch_add_and_move() {
   11.984973 |   2)   0.128 us    |                            preempt_count_add();
   11.984973 |   2)   0.128 us    |                            preempt_count_sub();
   11.984973 |   2)   0.669 us    |                          }
   11.984973 |   2)   0.917 us    |                        }
   11.984973 |   2)   3.441 us    |                      }
   11.984974 |   2)               |                      filemap_alloc_folio_noprof() {
   11.984974 |   2)               |                        folio_alloc_noprof() {
   11.984974 |   2)               |                          alloc_pages_mpol() {
   11.984974 |   2)   0.125 us    |                            policy_nodemask();
   11.984974 |   2)               |                            __alloc_frozen_pages_noprof() {
   11.984975 |   2)               |                              get_page_from_freelist() {
   11.984975 |   2)   0.125 us    |                                preempt_count_add();
   11.984975 |   2)               |                                _raw_spin_trylock() {
   11.984975 |   2)   0.131 us    |                                  preempt_count_add();
   11.984975 |   2)   0.396 us    |                                }
   11.984976 |   2)               |                                _raw_spin_unlock() {
   11.984976 |   2)   0.126 us    |                                  preempt_count_sub();
   11.984976 |   2)   0.392 us    |                                }
   11.984976 |   2)   0.127 us    |                                preempt_count_sub();
   11.984976 |   2)   1.771 us    |                              }
   11.984977 |   2)   2.042 us    |                            }
   11.984977 |   2)   2.568 us    |                          }
   11.984977 |   2)   2.819 us    |                        }
   11.984977 |   2)   3.069 us    |                      }
   11.984977 |   2)               |                      filemap_add_folio() {
   11.984977 |   2)               |                        __filemap_add_folio() {
   11.984977 |   2)   0.125 us    |                          shmem_mapping();
   11.984978 |   2)               |                          _raw_spin_lock_irq() {
   11.984978 |   2)   0.128 us    |                            preempt_count_add();
   11.984978 |   2)   0.415 us    |                          }
   11.984978 |   2)   0.126 us    |                          workingset_update_node();
   11.984978 |   2)   0.127 us    |                          mod_node_page_state();
   11.984979 |   2)               |                          _raw_spin_unlock_irq() {
   11.984979 |   2)   0.126 us    |                            preempt_count_sub();
   11.984979 |   2)   0.395 us    |                          }
   11.984979 |   2)   2.164 us    |                        }
   11.984979 |   2)               |                        folio_add_lru() {
   11.984980 |   2)               |                          __folio_batch_add_and_move() {
   11.984980 |   2)   0.127 us    |                            preempt_count_add();
   11.984980 |   2)   0.129 us    |                            preempt_count_sub();
   11.984980 |   2)   0.704 us    |                          }
   11.984980 |   2)   0.954 us    |                        }
   11.984981 |   2)   3.529 us    |                      }
   11.984981 |   2)               |                      read_pages() {
   11.984981 |   2)   0.133 us    |                        blk_start_plug();
   11.984981 |   2)               |                        z_erofs_readahead() {
   11.984981 |   2)   0.185 us    |                          erofs_real_inode();
   11.984982 |   2)               |                          z_erofs_pcluster_readmore() {
   11.984982 |   2)               |                            z_erofs_map_blocks_iter() {
   11.984982 |   2)               |                              erofs_read_metabuf() {
   11.984982 |   2)               |                                erofs_bread() {
   11.984983 |   2)               |                                  read_cache_folio() {
   11.984983 |   2)               |                                    do_read_cache_folio() {
   11.984983 |   2)               |                                      __filemap_get_folio_mpol() {
   11.984983 |   2)   0.365 us    |                                        filemap_get_entry();
   11.984984 |   2)   0.662 us    |                                      }
   11.984984 |   2)               |                                      folio_mark_accessed() {
   11.984984 |   2)   0.127 us    |                                        preempt_count_add();
   11.984984 |   2)   0.132 us    |                                        preempt_count_sub();
   11.984984 |   2)   0.349 us    |                                        workingset_activation();
   11.984985 |   2)   1.274 us    |                                      }
   11.984985 |   2)   2.399 us    |                                    }
   11.984985 |   2)   2.667 us    |                                  }
   11.984985 |   2)   2.960 us    |                                }
   11.984986 |   2)   3.326 us    |                              }
   11.984986 |   2)   0.257 us    |                              wake_up_bit();
   11.984986 |   2)               |                              z_erofs_map_blocks_fo() {
   11.984986 |   2)               |                                z_erofs_load_lcluster_from_disk() {
   11.984987 |   2)               |                                  erofs_read_metabuf() {
   11.984987 |   2)   0.182 us    |                                    erofs_bread();
   11.984987 |   2)   0.439 us    |                                  }
   11.984987 |   2)   0.871 us    |                                }
   11.984987 |   2)               |                                z_erofs_load_lcluster_from_disk() {
   11.984988 |   2)               |                                  erofs_read_metabuf() {
   11.984988 |   2)   0.130 us    |                                    erofs_bread();
   11.984988 |   2)   0.406 us    |                                  }
   11.984988 |   2)   0.699 us    |                                }
   11.984988 |   2)   0.126 us    |                                erofs_unmap_metabuf();
   11.984989 |   2)   2.534 us    |                              }
   11.984989 |   2)   6.915 us    |                            }
   11.984989 |   2)   0.199 us    |                            readahead_expand();
   11.984989 |   2)   7.577 us    |                          }
   11.984990 |   2)               |                          z_erofs_scan_folio() {
   11.984991 |   2)   0.126 us    |                            erofs_onlinefolio_init();
   11.984992 |   2)               |                            _raw_spin_lock() {
   11.984992 |   2)   0.127 us    |                              preempt_count_add();
   11.984992 |   2)   0.432 us    |                            }
   11.984992 |   2)               |                            _raw_spin_unlock() {
   11.984992 |   2)   0.140 us    |                              preempt_count_sub();
   11.984993 |   2)   0.427 us    |                            }
   11.984993 |   2)               |                            _raw_spin_lock() {
   11.984993 |   2)   0.127 us    |                              preempt_count_add();
   11.984994 |   2)   0.396 us    |                            }
   11.984994 |   2)               |                            _raw_spin_unlock() {
   11.984994 |   2)   0.141 us    |                              preempt_count_sub();
   11.984994 |   2)   0.446 us    |                            }
   11.984994 |   2)   0.131 us    |                            erofs_onlinefolio_split();
   11.984995 |   2)   0.153 us    |                            erofs_onlinefolio_end();
   11.984995 |   2)   4.556 us    |                          }
   11.984995 |   2)               |                          z_erofs_scan_folio() {
   11.984995 |   2)   0.125 us    |                            erofs_onlinefolio_init();
   11.984996 |   2)               |                            _raw_spin_lock() {
   11.984996 |   2)   0.128 us    |                              preempt_count_add();
   11.984996 |   2)   0.421 us    |                            }
   11.984996 |   2)               |                            _raw_spin_unlock() {
   11.984996 |   2)   0.127 us    |                              preempt_count_sub();
   11.984997 |   2)   0.406 us    |                            }
   11.984997 |   2)   0.132 us    |                            erofs_onlinefolio_split();
   11.984997 |   2)   0.132 us    |                            erofs_onlinefolio_end();
   11.984997 |   2)   2.160 us    |                          }
   11.984997 |   2)               |                          z_erofs_scan_folio() {
   11.984998 |   2)   0.228 us    |                            erofs_onlinefolio_init();
   11.984998 |   2)               |                            _raw_spin_lock() {
   11.984998 |   2)   0.126 us    |                              preempt_count_add();
   11.984998 |   2)   0.391 us    |                            }
   11.984999 |   2)               |                            _raw_spin_unlock() {
   11.984999 |   2)   0.127 us    |                              preempt_count_sub();
   11.984999 |   2)   0.390 us    |                            }
   11.984999 |   2)               |                            __erofs_allocpage() {
   11.984999 |   2)               |                              alloc_pages_noprof() {
   11.984999 |   2)               |                                alloc_pages_mpol() {
   11.985000 |   2)   0.124 us    |                                  policy_nodemask();
   11.985000 |   2)               |                                  __alloc_frozen_pages_noprof() {
   11.985000 |   2)               |                                    get_page_from_freelist() {
   11.985000 |   2)   0.127 us    |                                      preempt_count_add();
   11.985000 |   2)               |                                      _raw_spin_trylock() {
   11.985000 |   2)   0.135 us    |                                        preempt_count_add();
   11.985001 |   2)   0.397 us    |                                      }
   11.985001 |   2)               |                                      _raw_spin_unlock() {
   11.985001 |   2)   0.150 us    |                                        preempt_count_sub();
   11.985001 |   2)   0.418 us    |                                      }
   11.985001 |   2)   0.128 us    |                                      preempt_count_sub();
   11.985002 |   2)   1.805 us    |                                    }
   11.985002 |   2)   2.094 us    |                                  }
   11.985002 |   2)   2.617 us    |                                }
   11.985002 |   2)   2.876 us    |                              }
   11.985002 |   2)   3.222 us    |                            }
   11.985002 |   2)   0.127 us    |                            z_erofs_bvset_flip();
   11.985003 |   2)   0.131 us    |                            erofs_onlinefolio_split();
   11.985003 |   2)   0.133 us    |                            erofs_onlinefolio_end();
   11.985003 |   2)   5.875 us    |                          }
   11.985003 |   2)               |                          z_erofs_scan_folio() {
   11.985004 |   2)   0.137 us    |                            erofs_onlinefolio_init();
   11.985004 |   2)               |                            _raw_spin_lock() {
   11.985004 |   2)   0.127 us    |                              preempt_count_add();
   11.985004 |   2)   0.391 us    |                            }
   11.985004 |   2)               |                            _raw_spin_unlock() {
   11.985005 |   2)   0.126 us    |                              preempt_count_sub();
   11.985005 |   2)   0.389 us    |                            }
   11.985005 |   2)   0.131 us    |                            erofs_onlinefolio_split();
   11.985005 |   2)   0.133 us    |                            erofs_onlinefolio_end();
   11.985006 |   2)   2.083 us    |                          }
   11.985006 |   2)   0.156 us    |                          z_erofs_pcluster_readmore();
   11.985006 |   2)   0.255 us    |                          z_erofs_pcluster_end();
   11.985006 |   2)               |                          z_erofs_runqueue() {
   11.985007 |   2)   0.128 us    |                            __init_swait_queue_head();
   11.985007 |   2)               |                            __kvmalloc_node_noprof() {
   11.985007 |   2)   0.127 us    |                              preempt_count_add();
   11.985007 |   2)   0.127 us    |                              preempt_count_sub();
   11.985008 |   2)   0.771 us    |                            }
   11.985008 |   2)   0.145 us    |                            erofs_map_dev();
   11.985008 |   2)               |                            _raw_spin_lock() {
   11.985008 |   2)   0.126 us    |                              preempt_count_add();
   11.985009 |   2)   0.393 us    |                            }
   11.985009 |   2)               |                            _raw_spin_unlock() {
   11.985009 |   2)   0.128 us    |                              preempt_count_sub();
   11.985009 |   2)   0.414 us    |                            }
   11.985009 |   2)   0.131 us    |                            folio_unlock();
   11.985010 |   2)               |                            kvfree() {
   11.985010 |   2)   0.130 us    |                              is_vmalloc_addr();
   11.985010 |   2)               |                              kfree() {
   11.985010 |   2)   0.128 us    |                                preempt_count_add();
   11.985011 |   2)   0.128 us    |                                preempt_count_sub();
   11.985011 |   2)   0.716 us    |                              }
   11.985011 |   2)   1.257 us    |                            }
   11.985011 |   2)               |                            z_erofs_decompress_queue() {
   11.985012 |   2)   0.140 us    |                              z_erofs_do_decompressed_bvec();
   11.985012 |   2)   0.126 us    |                              z_erofs_do_decompressed_bvec();
   11.985012 |   2)   0.125 us    |                              z_erofs_do_decompressed_bvec();
   11.985013 |   2)   0.126 us    |                              z_erofs_do_decompressed_bvec();
   11.985013 |   2)               |                              z_erofs_lz4_decompress() {
   11.985013 |   2)               |                                vm_map_ram() {
   11.985014 |   2)               |                                  _raw_spin_lock() {
   11.985014 |   2)   0.136 us    |                                    preempt_count_add();
   11.985014 |   2)   0.405 us    |                                  }
   11.985014 |   2)               |                                  _raw_spin_unlock() {
   11.985014 |   2)   0.129 us    |                                    preempt_count_sub();
   11.985015 |   2)   0.435 us    |                                  }
   11.985015 |   2)               |                                  vmap_small_pages_range_noflush() {
   11.985015 |   2)   0.124 us    |                                    preempt_count_add();
   11.985015 |   2)   0.127 us    |                                    preempt_count_sub();
   11.985016 |   2)   0.128 us    |                                    preempt_count_add();
   11.985016 |   2)   0.126 us    |                                    preempt_count_sub();
   11.985016 |   2)   0.127 us    |                                    preempt_count_add();
   11.985017 |   2)   0.127 us    |                                    preempt_count_sub();
   11.985017 |   2)   0.123 us    |                                    preempt_count_add();
   11.985017 |   2)   0.129 us    |                                    preempt_count_sub();
   11.985017 |   2)   2.568 us    |                                  }
   11.985018 |   2)   4.395 us    |                                }
   11.985018 |   2)   3.545 us    |                                LZ4_decompress_safe_partial();
   11.985022 |   2)               |                                vm_unmap_ram() {
   11.985022 |   2)   0.150 us    |                                  addr_to_vb_xa();
   11.985023 |   2)               |                                  _raw_spin_lock() {
   11.985023 |   2)   0.127 us    |                                    preempt_count_add();
   11.985023 |   2)   0.421 us    |                                  }
   11.985023 |   2)               |                                  _raw_spin_unlock() {
   11.985023 |   2)   0.128 us    |                                    preempt_count_sub();
   11.985024 |   2)   0.392 us    |                                  }
   11.985024 |   2)               |                                  __vunmap_range_noflush() {
   11.985024 |   2)   0.125 us    |                                    p4d_clear_huge();
   11.985024 |   2)   0.125 us    |                                    pud_clear_huge();
   11.985025 |   2)   0.143 us    |                                    pmd_clear_huge();
   11.985025 |   2)   1.224 us    |                                  }
   11.985025 |   2)               |                                  _raw_spin_lock() {
   11.985025 |   2)   0.129 us    |                                    preempt_count_add();
   11.985026 |   2)   0.394 us    |                                  }
   11.985026 |   2)               |                                  _raw_spin_unlock() {
   11.985026 |   2)   0.129 us    |                                    preempt_count_sub();
   11.985026 |   2)   0.420 us    |                                  }
   11.985026 |   2)   4.565 us    |                                }
   11.985026 |   2) + 13.458 us   |                              }
   11.985027 |   2)               |                              erofs_onlinefolio_end() {
   11.985027 |   2)   0.131 us    |                                folio_end_read();
   11.985027 |   2)   0.459 us    |                              }
   11.985027 |   2)               |                              erofs_onlinefolio_end() {
   11.985027 |   2)   0.131 us    |                                folio_end_read();
   11.985028 |   2)   0.399 us    |                              }
   11.985028 |   2)               |                              erofs_onlinefolio_end() {
   11.985028 |   2)   0.130 us    |                                folio_end_read();
   11.985028 |   2)   0.383 us    |                              }
   11.985028 |   2)               |                              erofs_onlinefolio_end() {
   11.985028 |   2)   0.131 us    |                                folio_end_read();
   11.985029 |   2)   0.387 us    |                              }
   11.985029 |   2)               |                              z_erofs_put_pcluster() {
   11.985029 |   2)               |                                _raw_spin_lock() {
   11.985029 |   2)   0.128 us    |                                  preempt_count_add();
   11.985030 |   2)   0.424 us    |                                }
   11.985030 |   2)               |                                _raw_spin_unlock() {
   11.985030 |   2)   0.128 us    |                                  preempt_count_sub();
   11.985030 |   2)   0.397 us    |                                }
   11.985030 |   2)   1.305 us    |                              }
   11.985030 |   2) + 19.283 us   |                            }
   11.985031 |   2) + 24.168 us   |                          }
   11.985031 |   2)   0.152 us    |                          erofs_put_metabuf();
   11.985031 |   2)               |                          erofs_release_pages() {
   11.985031 |   2)               |                            __folio_put() {
   11.985031 |   2)               |                              free_frozen_pages() {
   11.985032 |   2)               |                                __free_frozen_pages() {
   11.985032 |   2)   0.132 us    |                                  preempt_count_add();
   11.985032 |   2)               |                                  _raw_spin_trylock() {
   11.985032 |   2)   0.127 us    |                                    preempt_count_add();
   11.985032 |   2)   0.435 us    |                                  }
   11.985033 |   2)   0.145 us    |                                  free_frozen_page_commit();
   11.985033 |   2)               |                                  _raw_spin_unlock() {
   11.985033 |   2)   0.202 us    |                                    preempt_count_sub();
   11.985033 |   2)   0.468 us    |                                  }
   11.985034 |   2)   0.152 us    |                                  preempt_count_sub();
   11.985034 |   2)   2.267 us    |                                }
   11.985034 |   2)   2.551 us    |                              }
   11.985034 |   2)   2.884 us    |                            }
   11.985034 |   2)   3.207 us    |                          }
   11.985034 |   2) + 53.106 us   |                        }
   11.985035 |   2)               |                        blk_finish_plug() {
   11.985035 |   2)               |                          __blk_flush_plug() {
   11.985035 |   2)   0.138 us    |                            blk_mq_flush_plug_list();
   11.985035 |   2)   0.477 us    |                          }
   11.985035 |   2)   0.797 us    |                        }
   11.985036 |   2) + 54.752 us   |                      }
   11.985036 |   2) + 85.581 us   |                    }
   11.985036 |   2) + 86.248 us   |                  }
   11.985036 |   2) + 86.548 us   |                }
   11.985036 |   2) + 87.273 us   |              }
   11.985036 |   2)   0.389 us    |              filemap_get_read_batch();
   11.985037 |   2) + 88.745 us   |            }
   11.985037 |   2)   0.148 us    |            folio_mark_accessed();
   11.985038 |   2) + 89.836 us   |          }
   11.985038 |   2) + 90.145 us   |        }
   11.985038 |   2) + 90.943 us   |      }
   11.985038 |   2) + 91.583 us   |    }
   11.985038 |   2) + 91.991 us   |  }
   11.985041 |   2)               |  __x64_sys_read() {
   11.985042 |   2)               |    ksys_read() {
   11.985042 |   2)   0.188 us    |      fdget_pos();
   11.985042 |   2)               |      vfs_read() {
   11.985042 |   2)   0.279 us    |        rw_verify_area();
   11.985043 |   2)               |        erofs_file_read_iter() {
   11.985043 |   2)               |          filemap_read() {
   11.985043 |   2)               |            filemap_get_pages() {
   11.985043 |   2)   0.428 us    |              filemap_get_read_batch();
   11.985044 |   2)               |              filemap_readahead.isra.0() {
   11.985044 |   2)               |                page_cache_async_ra() {
   11.985044 |   2)   0.149 us    |                  inode_to_bdi();
   11.985044 |   2)               |                  page_cache_ra_order() {
   11.985045 |   2)               |                    do_page_cache_ra() {
   11.985045 |   2)               |                      page_cache_ra_unbounded() {
   11.985045 |   2)               |                        filemap_alloc_folio_noprof() {
   11.985045 |   2)               |                          folio_alloc_noprof() {
   11.985045 |   2)               |                            alloc_pages_mpol() {
   11.985046 |   2)   0.125 us    |                              policy_nodemask();
   11.985046 |   2)               |                              __alloc_frozen_pages_noprof() {
   11.985046 |   2)               |                                get_page_from_freelist() {
   11.985046 |   2)   0.131 us    |                                  preempt_count_add();
   11.985046 |   2)               |                                  _raw_spin_trylock() {
   11.985047 |   2)   0.128 us    |                                    preempt_count_add();
   11.985047 |   2)   0.399 us    |                                  }
   11.985047 |   2)               |                                  _raw_spin_unlock() {
   11.985047 |   2)   0.137 us    |                                    preempt_count_sub();
   11.985047 |   2)   0.403 us    |                                  }
   11.985048 |   2)   0.128 us    |                                  preempt_count_sub();
   11.985048 |   2)   1.833 us    |                                }
   11.985048 |   2)   2.143 us    |                              }
   11.985048 |   2)   2.680 us    |                            }
   11.985048 |   2)   2.949 us    |                          }
   11.985048 |   2)   3.226 us    |                        }
   11.985049 |   2)               |                        filemap_add_folio() {
   11.985049 |   2)               |                          __filemap_add_folio() {
   11.985049 |   2)   0.125 us    |                            shmem_mapping();
   11.985049 |   2)               |                            _raw_spin_lock_irq() {
   11.985049 |   2)   0.132 us    |                              preempt_count_add();
   11.985049 |   2)   0.409 us    |                            }
   11.985050 |   2)   0.126 us    |                            workingset_update_node();
   11.985050 |   2)   0.131 us    |                            mod_node_page_state();
   11.985050 |   2)               |                            _raw_spin_unlock_irq() {
   11.985050 |   2)   0.131 us    |                              preempt_count_sub();
   11.985051 |   2)   0.405 us    |                            }
   11.985051 |   2)   2.104 us    |                          }
   11.985051 |   2)               |                          folio_add_lru() {
   11.985051 |   2)               |                            __folio_batch_add_and_move() {
   11.985051 |   2)   0.126 us    |                              preempt_count_add();
   11.985051 |   2)   0.128 us    |                              preempt_count_sub();
   11.985052 |   2)   0.667 us    |                            }
   11.985052 |   2)   0.918 us    |                          }
   11.985052 |   2)   3.443 us    |                        }
   11.985052 |   2)               |                        filemap_alloc_folio_noprof() {
   11.985052 |   2)               |                          folio_alloc_noprof() {
   11.985053 |   2)               |                            alloc_pages_mpol() {
   11.985053 |   2)   0.129 us    |                              policy_nodemask();
   11.985053 |   2)               |                              __alloc_frozen_pages_noprof() {
   11.985053 |   2)               |                                get_page_from_freelist() {
   11.985053 |   2)   0.128 us    |                                  preempt_count_add();
   11.985054 |   2)               |                                  _raw_spin_trylock() {
   11.985054 |   2)   0.126 us    |                                    preempt_count_add();
   11.985054 |   2)   0.389 us    |                                  }
   11.985054 |   2)               |                                  _raw_spin_unlock() {
   11.985054 |   2)   0.133 us    |                                    preempt_count_sub();
   11.985055 |   2)   0.410 us    |                                  }
   11.985055 |   2)   0.128 us    |                                  preempt_count_sub();
   11.985055 |   2)   1.786 us    |                                }
   11.985055 |   2)   2.058 us    |                              }
   11.985055 |   2)   2.588 us    |                            }
   11.985055 |   2)   2.847 us    |                          }
   11.985055 |   2)   3.173 us    |                        }
   11.985056 |   2)               |                        filemap_add_folio() {
   11.985056 |   2)               |                          __filemap_add_folio() {
   11.985056 |   2)   0.125 us    |                            shmem_mapping();
   11.985056 |   2)               |                            _raw_spin_lock_irq() {
   11.985056 |   2)   0.128 us    |                              preempt_count_add();
   11.985057 |   2)   0.405 us    |                            }
   11.985057 |   2)   0.125 us    |                            workingset_update_node();
   11.985057 |   2)   0.129 us    |                            mod_node_page_state();
   11.985057 |   2)               |                            _raw_spin_unlock_irq() {
   11.985057 |   2)   0.130 us    |                              preempt_count_sub();
   11.985058 |   2)   0.397 us    |                            }
   11.985058 |   2)   2.052 us    |                          }
   11.985058 |   2)               |                          folio_add_lru() {
   11.985058 |   2)               |                            __folio_batch_add_and_move() {
   11.985058 |   2)   0.128 us    |                              preempt_count_add();
   11.985058 |   2)   0.127 us    |                              preempt_count_sub();
   11.985059 |   2)   0.663 us    |                            }
   11.985059 |   2)   0.916 us    |                          }
   11.985059 |   2)   3.378 us    |                        }
   11.985059 |   2)               |                        filemap_alloc_folio_noprof() {
   11.985059 |   2)               |                          folio_alloc_noprof() {
   11.985060 |   2)               |                            alloc_pages_mpol() {
   11.985060 |   2)   0.126 us    |                              policy_nodemask();
   11.985060 |   2)               |                              __alloc_frozen_pages_noprof() {
   11.985060 |   2)               |                                get_page_from_freelist() {
   11.985060 |   2)   0.129 us    |                                  preempt_count_add();
   11.985061 |   2)               |                                  _raw_spin_trylock() {
   11.985061 |   2)   0.126 us    |                                    preempt_count_add();
   11.985061 |   2)   0.393 us    |                                  }
   11.985061 |   2)               |                                  _raw_spin_unlock() {
   11.985061 |   2)   0.135 us    |                                    preempt_count_sub();
   11.985061 |   2)   0.402 us    |                                  }
   11.985062 |   2)   0.129 us    |                                  preempt_count_sub();
   11.985062 |   2)   1.808 us    |                                }
   11.985062 |   2)   2.082 us    |                              }
   11.985062 |   2)   2.614 us    |                            }
   11.985062 |   2)   2.868 us    |                          }
   11.985062 |   2)   3.136 us    |                        }
   11.985063 |   2)               |                        filemap_add_folio() {
   11.985063 |   2)               |                          __filemap_add_folio() {
   11.985063 |   2)   0.125 us    |                            shmem_mapping();
   11.985063 |   2)               |                            _raw_spin_lock_irq() {
   11.985063 |   2)   0.129 us    |                              preempt_count_add();
   11.985064 |   2)   0.401 us    |                            }
   11.985064 |   2)   0.128 us    |                            workingset_update_node();
   11.985064 |   2)   0.128 us    |                            mod_node_page_state();
   11.985064 |   2)               |                            _raw_spin_unlock_irq() {
   11.985064 |   2)   0.130 us    |                              preempt_count_sub();
   11.985065 |   2)   0.404 us    |                            }
   11.985065 |   2)   2.104 us    |                          }
   11.985065 |   2)               |                          folio_add_lru() {
   11.985065 |   2)               |                            __folio_batch_add_and_move() {
   11.985065 |   2)   0.127 us    |                              preempt_count_add();
   11.985066 |   2)               |                              folio_batch_move_lru() {
   11.985066 |   2)               |                                _raw_spin_lock_irqsave() {
   11.985066 |   2)   0.135 us    |                                  preempt_count_add();
   11.985066 |   2)   0.445 us    |                                }
   11.985067 |   2)               |                                lru_add() {
   11.985067 |   2)   0.142 us    |                                  folio_mapping();
   11.985067 |   2)   0.211 us    |                                  mod_node_page_state();
   11.985068 |   2)   0.129 us    |                                  __mod_zone_page_state();
   11.985068 |   2)   1.410 us    |                                }
   11.985068 |   2)               |                                lru_add() {
   11.985068 |   2)   0.129 us    |                                  folio_mapping();
   11.985069 |   2)   0.128 us    |                                  mod_node_page_state();
   11.985069 |   2)   0.130 us    |                                  __mod_zone_page_state();
   11.985069 |   2)   1.137 us    |                                }
   11.985069 |   2)               |                                lru_add() {
   11.985070 |   2)   0.131 us    |                                  folio_mapping();
   11.985070 |   2)   0.126 us    |                                  mod_node_page_state();
   11.985070 |   2)   0.125 us    |                                  __mod_zone_page_state();
   11.985071 |   2)   1.136 us    |                                }
   11.985071 |   2)               |                                lru_add() {
   11.985071 |   2)   0.126 us    |                                  folio_mapping();
   11.985071 |   2)   0.126 us    |                                  mod_node_page_state();
   11.985072 |   2)   0.127 us    |                                  __mod_zone_page_state();
   11.985072 |   2)   1.106 us    |                                }
   11.985072 |   2)               |                                lru_add() {
   11.985072 |   2)   0.127 us    |                                  folio_mapping();
   11.985073 |   2)   0.126 us    |                                  mod_node_page_state();
   11.985073 |   2)   0.126 us    |                                  __mod_zone_page_state();
   11.985073 |   2)   1.109 us    |                                }
   11.985073 |   2)               |                                lru_add() {
   11.985074 |   2)   0.125 us    |                                  folio_mapping();
   11.985074 |   2)   0.127 us    |                                  mod_node_page_state();
   11.985074 |   2)   0.124 us    |                                  __mod_zone_page_state();
   11.985074 |   2)   1.131 us    |                                }
   11.985075 |   2)               |                                lru_add() {
   11.985075 |   2)   0.126 us    |                                  folio_mapping();
   11.985075 |   2)   0.126 us    |                                  mod_node_page_state();
   11.985075 |   2)   0.127 us    |                                  __mod_zone_page_state();
   11.985076 |   2)   1.110 us    |                                }
   11.985076 |   2)               |                                lru_add() {
   11.985076 |   2)   0.126 us    |                                  folio_mapping();
   11.985076 |   2)   0.125 us    |                                  mod_node_page_state();
   11.985077 |   2)   0.125 us    |                                  __mod_zone_page_state();
   11.985077 |   2)   1.106 us    |                                }
   11.985077 |   2)               |                                lru_add() {
   11.985077 |   2)   0.126 us    |                                  folio_mapping();
   11.985078 |   2)   0.128 us    |                                  mod_node_page_state();
   11.985078 |   2)   0.125 us    |                                  __mod_zone_page_state();
   11.985078 |   2)   1.132 us    |                                }
   11.985081 |   2)               |                                lru_add() {
   11.985081 |   2)   0.152 us    |                                  folio_mapping();
   11.985081 |   2)   0.152 us    |                                  mod_node_page_state();
   11.985082 |   2)   0.150 us    |                                  __mod_zone_page_state();
   11.985082 |   2)   1.356 us    |                                }
   11.985082 |   2)               |                                lru_add() {
   11.985083 |   2)   0.151 us    |                                  folio_mapping();
   11.985083 |   2)   0.152 us    |                                  mod_node_page_state();
   11.985083 |   2)   0.154 us    |                                  __mod_zone_page_state();
   11.985084 |   2)   1.362 us    |                                }
   11.985084 |   2)               |                                lru_add() {
   11.985084 |   2)   0.151 us    |                                  folio_mapping();
   11.985085 |   2)   0.153 us    |                                  mod_node_page_state();
   11.985085 |   2)   0.152 us    |                                  __mod_zone_page_state();
   11.985085 |   2)   1.345 us    |                                }
   11.985085 |   2)               |                                lru_add() {
   11.985086 |   2)   0.151 us    |                                  folio_mapping();
   11.985086 |   2)   0.153 us    |                                  mod_node_page_state();
   11.985087 |   2)   0.151 us    |                                  __mod_zone_page_state();
   11.985087 |   2)   1.347 us    |                                }
   11.985087 |   2)               |                                lru_add() {
   11.985087 |   2)   0.239 us    |                                  folio_mapping();
   11.985088 |   2)   0.153 us    |                                  mod_node_page_state();
   11.985088 |   2)   0.150 us    |                                  __mod_zone_page_state();
   11.985088 |   2)   1.440 us    |                                }
   11.985089 |   2)               |                                lru_add() {
   11.985089 |   2)   0.158 us    |                                  folio_mapping();
   11.985089 |   2)   0.153 us    |                                  mod_node_page_state();
   11.985090 |   2)   0.150 us    |                                  __mod_zone_page_state();
   11.985090 |   2)   1.349 us    |                                }
   11.985090 |   2)               |                                lru_add() {
   11.985091 |   2)   0.151 us    |                                  folio_mapping();
   11.985091 |   2)   0.153 us    |                                  mod_node_page_state();
   11.985091 |   2)   0.151 us    |                                  __mod_zone_page_state();
   11.985092 |   2)   1.407 us    |                                }
   11.985092 |   2)               |                                lru_add() {
   11.985092 |   2)   0.150 us    |                                  folio_mapping();
   11.985093 |   2)   0.152 us    |                                  mod_node_page_state();
   11.985093 |   2)   0.149 us    |                                  __mod_zone_page_state();
   11.985093 |   2)   1.399 us    |                                }
   11.985093 |   2)               |                                lru_add() {
   11.985094 |   2)   0.149 us    |                                  folio_mapping();
   11.985094 |   2)   0.153 us    |                                  mod_node_page_state();
   11.985094 |   2)   0.150 us    |                                  __mod_zone_page_state();
   11.985095 |   2)   1.343 us    |                                }
   11.985095 |   2)               |                                lru_add() {
   11.985095 |   2)   0.150 us    |                                  folio_mapping();
   11.985096 |   2)   0.187 us    |                                  mod_node_page_state();
   11.985096 |   2)   0.150 us    |                                  __mod_zone_page_state();
   11.985096 |   2)   1.379 us    |                                }
   11.985096 |   2)               |                                lru_add() {
   11.985097 |   2)   0.155 us    |                                  folio_mapping();
   11.985097 |   2)   0.160 us    |                                  mod_node_page_state();
   11.985098 |   2)   0.151 us    |                                  __mod_zone_page_state();
   11.985098 |   2)   1.417 us    |                                }
   11.985098 |   2)               |                                lru_add() {
   11.985098 |   2)   0.154 us    |                                  folio_mapping();
   11.985099 |   2)   0.152 us    |                                  mod_node_page_state();
   11.985099 |   2)   0.151 us    |                                  __mod_zone_page_state();
   11.985099 |   2)   1.358 us    |                                }
   11.985100 |   2)               |                                lru_add() {
   11.985100 |   2)   0.151 us    |                                  folio_mapping();
   11.985100 |   2)   0.152 us    |                                  mod_node_page_state();
   11.985101 |   2)   0.150 us    |                                  __mod_zone_page_state();
   11.985101 |   2)   1.344 us    |                                }
   11.985101 |   2)               |                                lru_add() {
   11.985101 |   2)   0.150 us    |                                  folio_mapping();
   11.985102 |   2)   0.152 us    |                                  mod_node_page_state();
   11.985102 |   2)   0.150 us    |                                  __mod_zone_page_state();
   11.985103 |   2)   1.347 us    |                                }
   11.985103 |   2)               |                                lru_add() {
   11.985103 |   2)   0.150 us    |                                  folio_mapping();
   11.985103 |   2)   0.153 us    |                                  mod_node_page_state();
   11.985104 |   2)   0.151 us    |                                  __mod_zone_page_state();
   11.985104 |   2)   1.347 us    |                                }
   11.985104 |   2)               |                                lru_add() {
   11.985105 |   2)   0.150 us    |                                  folio_mapping();
   11.985105 |   2)   0.153 us    |                                  mod_node_page_state();
   11.985105 |   2)   0.149 us    |                                  __mod_zone_page_state();
   11.985106 |   2)   1.347 us    |                                }
   11.985106 |   2)               |                                lru_add() {
   11.985106 |   2)   0.151 us    |                                  folio_mapping();
   11.985107 |   2)   0.153 us    |                                  mod_node_page_state();
   11.985107 |   2)   0.150 us    |                                  __mod_zone_page_state();
   11.985107 |   2)   1.349 us    |                                }
   11.985107 |   2)               |                                lru_add() {
   11.985108 |   2)   0.152 us    |                                  folio_mapping();
   11.985108 |   2)   0.152 us    |                                  mod_node_page_state();
   11.985108 |   2)   0.152 us    |                                  __mod_zone_page_state();
   11.985109 |   2)   1.349 us    |                                }
   11.985109 |   2)               |                                _raw_spin_unlock_irqrestore() {
   11.985110 |   2)               |                                  irq_enter_rcu() {
   11.985110 |   2)   0.135 us    |                                    preempt_count_add();
   11.985110 |   2)   0.435 us    |                                  }
   11.985116 |   2)               |                                  __hrtimer_rearm_deferred() {
   11.985116 |   2)               |                                    _raw_spin_lock() {
   11.985116 |   2)   0.137 us    |                                      preempt_count_add();
   11.985117 |   2)   0.418 us    |                                    }
   11.985117 |   2)               |                                    tick_program_event() {
   11.985117 |   2)               |                                      clockevents_program_event() {
   11.985117 |   2)   2.093 us    |                                        lapic_next_event();
   11.985120 |   2)   2.615 us    |                                      }
   11.985120 |   2)   2.904 us    |                                    }
   11.985120 |   2)               |                                    _raw_spin_unlock() {
   11.985120 |   2)   0.131 us    |                                      preempt_count_sub();
   11.985120 |   2)   0.427 us    |                                    }
   11.985120 |   2)   4.400 us    |                                  }
   11.985121 |   2)               |                                  handle_softirqs() {
   11.985121 |   2)   0.142 us    |                                    __local_bh_disable_ip();
   11.985121 |   2)               |                                    rcu_core_si() {
   11.985121 |   2)               |                                      rcu_core() {
   11.985121 |   2)               |                                        note_gp_changes() {
   11.985122 |   2)               |                                          _raw_spin_trylock() {
   11.985122 |   2)   0.123 us    |                                            preempt_count_add();
   11.985122 |   2)   0.451 us    |                                          }
   11.985122 |   2)               |                                          __note_gp_changes() {
   11.985122 |   2)   0.123 us    |                                            rcu_segcblist_pend_cbs();
   11.985123 |   2)               |                                            rcu_segcblist_advance() {
   11.985123 |   2)   0.212 us    |                                              poll_state_synchronize_rcu_full();
   11.985123 |   2)   0.216 us    |                                              poll_state_synchronize_rcu_full();
   11.985124 |   2)   0.124 us    |                                              rcu_segcblist_advance_compact();
   11.985124 |   2)   1.236 us    |                                            }
   11.985124 |   2)               |                                            rcu_accelerate_cbs() {
   11.985124 |   2)   0.123 us    |                                              rcu_segcblist_pend_cbs();
   11.985125 |   2)               |                                              rcu_segcblist_accelerate() {
   11.985125 |   2)   0.174 us    |                                                rcu_segcblist_accelerate.part.0();
   11.985125 |   2)   0.423 us    |                                              }
   11.985125 |   2)               |                                              rcu_start_this_gp() {
   11.985125 |   2)   0.122 us    |                                                trace_rcu_this_gp();
   11.985126 |   2)   0.124 us    |                                                trace_rcu_this_gp();
   11.985126 |   2)   0.689 us    |                                              }
   11.985126 |   2)   1.939 us    |                                            }
   11.985126 |   2)   3.936 us    |                                          }
   11.985126 |   2)               |                                          _raw_spin_unlock_irqrestore() {
   11.985127 |   2)   0.123 us    |                                            preempt_count_sub();
   11.985127 |   2)   0.434 us    |                                          }
   11.985127 |   2)   5.495 us    |                                        }
   11.985127 |   2)   0.123 us    |                                        rcu_segcblist_nextgp();
   11.985127 |   2)   0.145 us    |                                        poll_state_synchronize_rcu_full();
   11.985128 |   2)   0.122 us    |                                        rcu_segcblist_ready_cbs();
   11.985128 |   2)   6.780 us    |                                      }
   11.985128 |   2)   7.054 us    |                                    }
   11.985128 |   2)   7.713 us    |                                  }
   11.985128 |   2)   0.140 us    |                                  idle_cpu();
   11.985129 |   2)   0.133 us    |                                  raw_irqentry_exit_cond_resched();
   11.985129 |   2)   0.123 us    |                                  preempt_count_sub();
   11.985130 |   2) + 20.522 us   |                                }
   11.985130 |   2)               |                                free_unref_folios() {
   11.985130 |   2)   0.140 us    |                                  preempt_count_add();
   11.985130 |   2)               |                                  _raw_spin_trylock() {
   11.985130 |   2)   0.124 us    |                                    preempt_count_add();
   11.985131 |   2)   0.390 us    |                                  }
   11.985131 |   2)   0.154 us    |                                  free_frozen_page_commit();
   11.985131 |   2)   0.126 us    |                                  free_frozen_page_commit();
   11.985131 |   2)   0.126 us    |                                  free_frozen_page_commit();
   11.985132 |   2)   0.126 us    |                                  free_frozen_page_commit();
   11.985132 |   2)               |                                  _raw_spin_unlock() {
   11.985132 |   2)   0.125 us    |                                    preempt_count_sub();
   11.985132 |   2)   0.482 us    |                                  }
   11.985133 |   2)   0.123 us    |                                  preempt_count_sub();
   11.985133 |   2)   3.115 us    |                                }
   11.985133 |   2)   0.348 us    |                                folios_put_refs();
   11.985134 |   2) + 68.031 us   |                              }
   11.985134 |   2)   0.147 us    |                              preempt_count_sub();
   11.985134 |   2) + 68.893 us   |                            }
   11.985134 |   2) + 69.146 us   |                          }
   11.985134 |   2) + 71.659 us   |                        }
   11.985135 |   2)               |                        filemap_alloc_folio_noprof() {
   11.985135 |   2)               |                          folio_alloc_noprof() {
   11.985135 |   2)               |                            alloc_pages_mpol() {
   11.985135 |   2)   0.123 us    |                              policy_nodemask();
   11.985135 |   2)               |                              __alloc_frozen_pages_noprof() {
   11.985135 |   2)               |                                get_page_from_freelist() {
   11.985136 |   2)   0.145 us    |                                  preempt_count_add();
   11.985136 |   2)               |                                  _raw_spin_trylock() {
   11.985136 |   2)   0.122 us    |                                    preempt_count_add();
   11.985136 |   2)   0.387 us    |                                  }
   11.985136 |   2)               |                                  _raw_spin_unlock() {
   11.985137 |   2)   0.133 us    |                                    preempt_count_sub();
   11.985137 |   2)   0.400 us    |                                  }
   11.985137 |   2)   0.132 us    |                                  preempt_count_sub();
   11.985137 |   2)   1.817 us    |                                }
   11.985137 |   2)   2.099 us    |                              }
   11.985138 |   2)   2.626 us    |                            }
   11.985138 |   2)   2.880 us    |                          }
   11.985138 |   2)   3.138 us    |                        }
   11.985138 |   2)               |                        filemap_add_folio() {
   11.985138 |   2)               |                          __filemap_add_folio() {
   11.985138 |   2)   0.125 us    |                            shmem_mapping();
   11.985138 |   2)               |                            _raw_spin_lock_irq() {
   11.985139 |   2)   0.129 us    |                              preempt_count_add();
   11.985139 |   2)   0.402 us    |                            }
   11.985139 |   2)   0.125 us    |                            workingset_update_node();
   11.985139 |   2)   0.125 us    |                            mod_node_page_state();
   11.985140 |   2)               |                            _raw_spin_unlock_irq() {
   11.985140 |   2)   0.129 us    |                              preempt_count_sub();
   11.985140 |   2)   0.402 us    |                            }
   11.985140 |   2)   2.086 us    |                          }
   11.985140 |   2)               |                          folio_add_lru() {
   11.985140 |   2)               |                            __folio_batch_add_and_move() {
   11.985141 |   2)   0.127 us    |                              preempt_count_add();
   11.985141 |   2)   0.124 us    |                              preempt_count_sub();
   11.985141 |   2)   0.678 us    |                            }
   11.985141 |   2)   0.929 us    |                          }
   11.985141 |   2)   3.423 us    |                        }
   11.985142 |   2)               |                        filemap_alloc_folio_noprof() {
   11.985142 |   2)               |                          folio_alloc_noprof() {
   11.985142 |   2)               |                            alloc_pages_mpol() {
   11.985142 |   2)   0.124 us    |                              policy_nodemask();
   11.985142 |   2)               |                              __alloc_frozen_pages_noprof() {
   11.985142 |   2)               |                                get_page_from_freelist() {
   11.985143 |   2)   0.125 us    |                                  preempt_count_add();
   11.985143 |   2)               |                                  _raw_spin_trylock() {
   11.985143 |   2)   0.125 us    |                                    preempt_count_add();
   11.985143 |   2)   0.412 us    |                                  }
   11.985143 |   2)               |                                  _raw_spin_unlock() {
   11.985144 |   2)   0.123 us    |                                    preempt_count_sub();
   11.985144 |   2)   0.388 us    |                                  }
   11.985144 |   2)   0.126 us    |                                  preempt_count_sub();
   11.985144 |   2)   1.785 us    |                                }
   11.985144 |   2)   2.060 us    |                              }
   11.985145 |   2)   2.586 us    |                            }
   11.985145 |   2)   2.840 us    |                          }
   11.985145 |   2)   3.093 us    |                        }
   11.985145 |   2)               |                        filemap_add_folio() {
   11.985145 |   2)               |                          __filemap_add_folio() {
   11.985145 |   2)   0.126 us    |                            shmem_mapping();
   11.985145 |   2)               |                            _raw_spin_lock_irq() {
   11.985146 |   2)   0.125 us    |                              preempt_count_add();
   11.985146 |   2)   0.402 us    |                            }
   11.985146 |   2)   0.124 us    |                            workingset_update_node();
   11.985146 |   2)   0.123 us    |                            mod_node_page_state();
   11.985147 |   2)               |                            _raw_spin_unlock_irq() {
   11.985147 |   2)   0.142 us    |                              preempt_count_sub();
   11.985147 |   2)   0.520 us    |                            }
   11.985147 |   2)   2.165 us    |                          }
   11.985147 |   2)               |                          folio_add_lru() {
   11.985147 |   2)               |                            __folio_batch_add_and_move() {
   11.985148 |   2)   0.125 us    |                              preempt_count_add();
   11.985148 |   2)   0.126 us    |                              preempt_count_sub();
   11.985148 |   2)   0.685 us    |                            }
   11.985148 |   2)   0.934 us    |                          }
   11.985148 |   2)   3.499 us    |                        }
   11.985149 |   2)               |                        filemap_alloc_folio_noprof() {
   11.985149 |   2)               |                          folio_alloc_noprof() {
   11.985149 |   2)               |                            alloc_pages_mpol() {
   11.985149 |   2)   0.124 us    |                              policy_nodemask();
   11.985149 |   2)               |                              __alloc_frozen_pages_noprof() {
   11.985150 |   2)               |                                get_page_from_freelist() {
   11.985150 |   2)   0.124 us    |                                  preempt_count_add();
   11.985150 |   2)               |                                  _raw_spin_trylock() {
   11.985150 |   2)   0.121 us    |                                    preempt_count_add();
   11.985150 |   2)   0.385 us    |                                  }
   11.985150 |   2)               |                                  _raw_spin_unlock() {
   11.985151 |   2)   0.123 us    |                                    preempt_count_sub();
   11.985151 |   2)   0.386 us    |                                  }
   11.985151 |   2)   0.126 us    |                                  preempt_count_sub();
   11.985151 |   2)   1.728 us    |                                }
   11.985151 |   2)   2.000 us    |                              }
   11.985152 |   2)   2.547 us    |                            }
   11.985152 |   2)   2.797 us    |                          }
   11.985152 |   2)   3.049 us    |                        }
   11.985152 |   2)               |                        filemap_add_folio() {
   11.985152 |   2)               |                          __filemap_add_folio() {
   11.985152 |   2)   0.124 us    |                            shmem_mapping();
   11.985152 |   2)               |                            _raw_spin_lock_irq() {
   11.985153 |   2)   0.126 us    |                              preempt_count_add();
   11.985153 |   2)   0.398 us    |                            }
   11.985153 |   2)   0.123 us    |                            workingset_update_node();
   11.985153 |   2)   0.125 us    |                            mod_node_page_state();
   11.985154 |   2)               |                            _raw_spin_unlock_irq() {
   11.985154 |   2)   0.125 us    |                              preempt_count_sub();
   11.985154 |   2)   0.415 us    |                            }
   11.985154 |   2)   2.086 us    |                          }
   11.985154 |   2)               |                          folio_add_lru() {
   11.985154 |   2)               |                            __folio_batch_add_and_move() {
   11.985155 |   2)   0.124 us    |                              preempt_count_add();
   11.985155 |   2)   0.126 us    |                              preempt_count_sub();
   11.985155 |   2)   0.657 us    |                            }
   11.985155 |   2)   0.907 us    |                          }
   11.985155 |   2)   3.392 us    |                        }
   11.985156 |   2)               |                        filemap_alloc_folio_noprof() {
   11.985156 |   2)               |                          folio_alloc_noprof() {
   11.985156 |   2)               |                            alloc_pages_mpol() {
   11.985156 |   2)   0.124 us    |                              policy_nodemask();
   11.985156 |   2)               |                              __alloc_frozen_pages_noprof() {
   11.985156 |   2)               |                                get_page_from_freelist() {
   11.985157 |   2)   0.125 us    |                                  preempt_count_add();
   11.985157 |   2)               |                                  _raw_spin_trylock() {
   11.985157 |   2)   0.123 us    |                                    preempt_count_add();
   11.985157 |   2)   0.387 us    |                                  }
   11.985157 |   2)               |                                  _raw_spin_unlock() {
   11.985158 |   2)   0.123 us    |                                    preempt_count_sub();
   11.985158 |   2)   0.387 us    |                                  }
   11.985158 |   2)   0.126 us    |                                  preempt_count_sub();
   11.985158 |   2)   1.752 us    |                                }
   11.985158 |   2)   2.026 us    |                              }
   11.985158 |   2)   2.550 us    |                            }
   11.985159 |   2)   2.799 us    |                          }
   11.985159 |   2)   3.053 us    |                        }
   11.985159 |   2)               |                        filemap_add_folio() {
   11.985159 |   2)               |                          __filemap_add_folio() {
   11.985159 |   2)   0.125 us    |                            shmem_mapping();
   11.985159 |   2)               |                            _raw_spin_lock_irq() {
   11.985160 |   2)   0.126 us    |                              preempt_count_add();
   11.985160 |   2)   0.396 us    |                            }
   11.985160 |   2)   0.123 us    |                            workingset_update_node();
   11.985160 |   2)   0.124 us    |                            mod_node_page_state();
   11.985161 |   2)               |                            _raw_spin_unlock_irq() {
   11.985161 |   2)   0.128 us    |                              preempt_count_sub();
   11.985161 |   2)   0.468 us    |                            }
   11.985161 |   2)   2.118 us    |                          }
   11.985161 |   2)               |                          folio_add_lru() {
   11.985161 |   2)               |                            __folio_batch_add_and_move() {
   11.985162 |   2)   0.125 us    |                              preempt_count_add();
   11.985162 |   2)   0.125 us    |                              preempt_count_sub();
   11.985162 |   2)   0.660 us    |                            }
   11.985162 |   2)   0.908 us    |                          }
   11.985162 |   2)   3.424 us    |                        }
   11.985163 |   2)               |                        filemap_alloc_folio_noprof() {
   11.985163 |   2)               |                          folio_alloc_noprof() {
   11.985163 |   2)               |                            alloc_pages_mpol() {
   11.985163 |   2)   0.124 us    |                              policy_nodemask();
   11.985163 |   2)               |                              __alloc_frozen_pages_noprof() {
   11.985163 |   2)               |                                get_page_from_freelist() {
   11.985164 |   2)   0.124 us    |                                  preempt_count_add();
   11.985164 |   2)               |                                  _raw_spin_trylock() {
   11.985164 |   2)   0.123 us    |                                    preempt_count_add();
   11.985164 |   2)   0.388 us    |                                  }
   11.985164 |   2)               |                                  _raw_spin_unlock() {
   11.985164 |   2)   0.123 us    |                                    preempt_count_sub();
   11.985165 |   2)   0.385 us    |                                  }
   11.985165 |   2)   0.126 us    |                                  preempt_count_sub();
   11.985165 |   2)   1.728 us    |                                }
   11.985165 |   2)   1.997 us    |                              }
   11.985165 |   2)   2.521 us    |                            }
   11.985166 |   2)   2.779 us    |                          }
   11.985166 |   2)   3.032 us    |                        }
   11.985166 |   2)               |                        filemap_add_folio() {
   11.985166 |   2)               |                          __filemap_add_folio() {
   11.985166 |   2)   0.125 us    |                            shmem_mapping();
   11.985166 |   2)               |                            _raw_spin_lock_irq() {
   11.985167 |   2)   0.126 us    |                              preempt_count_add();
   11.985167 |   2)   0.399 us    |                            }
   11.985167 |   2)   0.125 us    |                            workingset_update_node();
   11.985167 |   2)   0.124 us    |                            mod_node_page_state();
   11.985167 |   2)               |                            _raw_spin_unlock_irq() {
   11.985168 |   2)   0.126 us    |                              preempt_count_sub();
   11.985168 |   2)   0.417 us    |                            }
   11.985168 |   2)   2.046 us    |                          }
   11.985168 |   2)               |                          folio_add_lru() {
   11.985168 |   2)               |                            __folio_batch_add_and_move() {
   11.985168 |   2)   0.125 us    |                              preempt_count_add();
   11.985169 |   2)   0.125 us    |                              preempt_count_sub();
   11.985169 |   2)   0.658 us    |                            }
   11.985169 |   2)   0.908 us    |                          }
   11.985169 |   2)   3.398 us    |                        }
   11.985170 |   2)               |                        filemap_alloc_folio_noprof() {
   11.985170 |   2)               |                          folio_alloc_noprof() {
   11.985170 |   2)               |                            alloc_pages_mpol() {
   11.985170 |   2)   0.125 us    |                              policy_nodemask();
   11.985170 |   2)               |                              __alloc_frozen_pages_noprof() {
   11.985170 |   2)               |                                get_page_from_freelist() {
   11.985171 |   2)   0.125 us    |                                  preempt_count_add();
   11.985171 |   2)               |                                  _raw_spin_trylock() {
   11.985171 |   2)   0.123 us    |                                    preempt_count_add();
   11.985171 |   2)   0.389 us    |                                  }
   11.985171 |   2)               |                                  _raw_spin_unlock() {
   11.985171 |   2)   0.124 us    |                                    preempt_count_sub();
   11.985172 |   2)   0.390 us    |                                  }
   11.985172 |   2)   0.126 us    |                                  preempt_count_sub();
   11.985172 |   2)   1.779 us    |                                }
   11.985172 |   2)   2.055 us    |                              }
   11.985172 |   2)   2.607 us    |                            }
   11.985173 |   2)   2.859 us    |                          }
   11.985173 |   2)   3.115 us    |                        }
   11.985173 |   2)               |                        filemap_add_folio() {
   11.985173 |   2)               |                          __filemap_add_folio() {
   11.985173 |   2)   0.123 us    |                            shmem_mapping();
   11.985173 |   2)               |                            _raw_spin_lock_irq() {
   11.985174 |   2)   0.124 us    |                              preempt_count_add();
   11.985174 |   2)   0.399 us    |                            }
   11.985174 |   2)   0.124 us    |                            workingset_update_node();
   11.985174 |   2)   0.128 us    |                            mod_node_page_state();
   11.985175 |   2)               |                            _raw_spin_unlock_irq() {
   11.985175 |   2)   0.127 us    |                              preempt_count_sub();
   11.985175 |   2)   0.402 us    |                            }
   11.985175 |   2)   2.145 us    |                          }
   11.985175 |   2)               |                          folio_add_lru() {
   11.985175 |   2)               |                            __folio_batch_add_and_move() {
   11.985176 |   2)   0.126 us    |                              preempt_count_add();
   11.985176 |   2)   0.125 us    |                              preempt_count_sub();
   11.985176 |   2)   0.660 us    |                            }
   11.985176 |   2)   0.913 us    |                          }
   11.985176 |   2)   3.482 us    |                        }
   11.985177 |   2)               |                        filemap_alloc_folio_noprof() {
   11.985177 |   2)               |                          folio_alloc_noprof() {
   11.985177 |   2)               |                            alloc_pages_mpol() {
   11.985177 |   2)   0.124 us    |                              policy_nodemask();
   11.985177 |   2)               |                              __alloc_frozen_pages_noprof() {
   11.985177 |   2)               |                                get_page_from_freelist() {
   11.985178 |   2)   0.127 us    |                                  preempt_count_add();
   11.985178 |   2)               |                                  _raw_spin_trylock() {
   11.985178 |   2)   0.122 us    |                                    preempt_count_add();
   11.985178 |   2)   0.388 us    |                                  }
   11.985178 |   2)               |                                  _raw_spin_unlock() {
   11.985179 |   2)   0.123 us    |                                    preempt_count_sub();
   11.985179 |   2)   0.389 us    |                                  }
   11.985179 |   2)   0.126 us    |                                  preempt_count_sub();
   11.985179 |   2)   1.737 us    |                                }
   11.985179 |   2)   2.013 us    |                              }
   11.985179 |   2)   2.537 us    |                            }
   11.985180 |   2)   2.786 us    |                          }
   11.985180 |   2)   3.042 us    |                        }
   11.985180 |   2)               |                        filemap_add_folio() {
   11.985180 |   2)               |                          __filemap_add_folio() {
   11.985180 |   2)   0.122 us    |                            shmem_mapping();
   11.985180 |   2)               |                            _raw_spin_lock_irq() {
   11.985180 |   2)   0.125 us    |                              preempt_count_add();
   11.985181 |   2)   0.399 us    |                            }
   11.985181 |   2)   0.125 us    |                            workingset_update_node();
   11.985181 |   2)   0.126 us    |                            mod_node_page_state();
   11.985182 |   2)               |                            _raw_spin_unlock_irq() {
   11.985182 |   2)   0.126 us    |                              preempt_count_sub();
   11.985182 |   2)   0.397 us    |                            }
   11.985182 |   2)   2.064 us    |                          }
   11.985182 |   2)               |                          folio_add_lru() {
   11.985182 |   2)               |                            __folio_batch_add_and_move() {
   11.985182 |   2)   0.124 us    |                              preempt_count_add();
   11.985183 |   2)   0.125 us    |                              preempt_count_sub();
   11.985183 |   2)   0.681 us    |                            }
   11.985183 |   2)   0.952 us    |                          }
   11.985183 |   2)   3.418 us    |                        }
   11.985184 |   2)               |                        filemap_alloc_folio_noprof() {
   11.985184 |   2)               |                          folio_alloc_noprof() {
   11.985184 |   2)               |                            alloc_pages_mpol() {
   11.985184 |   2)   0.125 us    |                              policy_nodemask();
   11.985184 |   2)               |                              __alloc_frozen_pages_noprof() {
   11.985184 |   2)               |                                get_page_from_freelist() {
   11.985185 |   2)   0.135 us    |                                  preempt_count_add();
   11.985185 |   2)               |                                  _raw_spin_trylock() {
   11.985185 |   2)   0.143 us    |                                    preempt_count_add();
   11.985185 |   2)   0.469 us    |                                  }
   11.985185 |   2)               |                                  _raw_spin_unlock() {
   11.985186 |   2)   0.122 us    |                                    preempt_count_sub();
   11.985186 |   2)   0.400 us    |                                  }
   11.985186 |   2)   0.127 us    |                                  preempt_count_sub();
   11.985186 |   2)   1.856 us    |                                }
   11.985186 |   2)   2.130 us    |                              }
   11.985187 |   2)   2.652 us    |                            }
   11.985187 |   2)   2.903 us    |                          }
   11.985187 |   2)   3.160 us    |                        }
   11.985187 |   2)               |                        filemap_add_folio() {
   11.985187 |   2)               |                          __filemap_add_folio() {
   11.985187 |   2)   0.122 us    |                            shmem_mapping();
   11.985187 |   2)               |                            _raw_spin_lock_irq() {
   11.985188 |   2)   0.125 us    |                              preempt_count_add();
   11.985188 |   2)   0.397 us    |                            }
   11.985188 |   2)   0.123 us    |                            workingset_update_node();
   11.985188 |   2)   0.124 us    |                            mod_node_page_state();
   11.985189 |   2)               |                            _raw_spin_unlock_irq() {
   11.985189 |   2)   0.125 us    |                              preempt_count_sub();
   11.985189 |   2)   0.398 us    |                            }
   11.985189 |   2)   2.062 us    |                          }
   11.985189 |   2)               |                          folio_add_lru() {
   11.985189 |   2)               |                            __folio_batch_add_and_move() {
   11.985190 |   2)   0.124 us    |                              preempt_count_add();
   11.985190 |   2)   0.124 us    |                              preempt_count_sub();
   11.985190 |   2)   0.654 us    |                            }
   11.985190 |   2)   0.903 us    |                          }
   11.985190 |   2)   3.460 us    |                        }
   11.985191 |   2)               |                        filemap_alloc_folio_noprof() {
   11.985191 |   2)               |                          folio_alloc_noprof() {
   11.985191 |   2)               |                            alloc_pages_mpol() {
   11.985191 |   2)   0.124 us    |                              policy_nodemask();
   11.985191 |   2)               |                              __alloc_frozen_pages_noprof() {
   11.985191 |   2)               |                                get_page_from_freelist() {
   11.985192 |   2)   0.124 us    |                                  preempt_count_add();
   11.985192 |   2)               |                                  _raw_spin_trylock() {
   11.985192 |   2)   0.121 us    |                                    preempt_count_add();
   11.985192 |   2)   0.387 us    |                                  }
   11.985192 |   2)               |                                  _raw_spin_unlock() {
   11.985193 |   2)   0.124 us    |                                    preempt_count_sub();
   11.985193 |   2)   0.410 us    |                                  }
   11.985193 |   2)   0.126 us    |                                  preempt_count_sub();
   11.985193 |   2)   1.755 us    |                                }
   11.985193 |   2)   2.025 us    |                              }
   11.985194 |   2)   2.551 us    |                            }
   11.985194 |   2)   2.800 us    |                          }
   11.985194 |   2)   3.053 us    |                        }
   11.985194 |   2)               |                        filemap_add_folio() {
   11.985194 |   2)               |                          __filemap_add_folio() {
   11.985194 |   2)   0.122 us    |                            shmem_mapping();
   11.985194 |   2)               |                            _raw_spin_lock_irq() {
   11.985195 |   2)   0.125 us    |                              preempt_count_add();
   11.985195 |   2)   0.394 us    |                            }
   11.985195 |   2)   0.123 us    |                            workingset_update_node();
   11.985195 |   2)   0.125 us    |                            mod_node_page_state();
   11.985196 |   2)               |                            _raw_spin_unlock_irq() {
   11.985196 |   2)   0.127 us    |                              preempt_count_sub();
   11.985196 |   2)   0.400 us    |                            }
   11.985196 |   2)   2.062 us    |                          }
   11.985196 |   2)               |                          folio_add_lru() {
   11.985196 |   2)               |                            __folio_batch_add_and_move() {
   11.985196 |   2)   0.124 us    |                              preempt_count_add();
   11.985197 |   2)   0.125 us    |                              preempt_count_sub();
   11.985197 |   2)   0.655 us    |                            }
   11.985197 |   2)   0.903 us    |                          }
   11.985197 |   2)   3.377 us    |                        }
   11.985198 |   2)               |                        filemap_alloc_folio_noprof() {
   11.985198 |   2)               |                          folio_alloc_noprof() {
   11.985198 |   2)               |                            alloc_pages_mpol() {
   11.985198 |   2)   0.123 us    |                              policy_nodemask();
   11.985198 |   2)               |                              __alloc_frozen_pages_noprof() {
   11.985198 |   2)               |                                get_page_from_freelist() {
   11.985199 |   2)   0.123 us    |                                  preempt_count_add();
   11.985199 |   2)               |                                  _raw_spin_trylock() {
   11.985199 |   2)   0.124 us    |                                    preempt_count_add();
   11.985199 |   2)   0.388 us    |                                  }
   11.985199 |   2)               |                                  _raw_spin_unlock() {
   11.985199 |   2)   0.124 us    |                                    preempt_count_sub();
   11.985200 |   2)   0.410 us    |                                  }
   11.985200 |   2)   0.126 us    |                                  preempt_count_sub();
   11.985200 |   2)   1.758 us    |                                }
   11.985200 |   2)   2.032 us    |                              }
   11.985200 |   2)   2.557 us    |                            }
   11.985201 |   2)   2.807 us    |                          }
   11.985201 |   2)   3.063 us    |                        }
   11.985201 |   2)               |                        filemap_add_folio() {
   11.985201 |   2)               |                          __filemap_add_folio() {
   11.985201 |   2)   0.124 us    |                            shmem_mapping();
   11.985201 |   2)               |                            _raw_spin_lock_irq() {
   11.985202 |   2)   0.125 us    |                              preempt_count_add();
   11.985202 |   2)   0.396 us    |                            }
   11.985202 |   2)   0.125 us    |                            workingset_update_node();
   11.985202 |   2)   0.128 us    |                            mod_node_page_state();
   11.985203 |   2)               |                            _raw_spin_unlock_irq() {
   11.985203 |   2)   0.128 us    |                              preempt_count_sub();
   11.985203 |   2)   0.428 us    |                            }
   11.985203 |   2)   2.167 us    |                          }
   11.985203 |   2)               |                          folio_add_lru() {
   11.985203 |   2)               |                            __folio_batch_add_and_move() {
   11.985204 |   2)   0.128 us    |                              preempt_count_add();
   11.985204 |   2)   0.127 us    |                              preempt_count_sub();
   11.985204 |   2)   0.734 us    |                            }
   11.985204 |   2)   0.991 us    |                          }
   11.985204 |   2)   3.574 us    |                        }
   11.985205 |   2)               |                        filemap_alloc_folio_noprof() {
   11.985205 |   2)               |                          folio_alloc_noprof() {
   11.985205 |   2)               |                            alloc_pages_mpol() {
   11.985205 |   2)   0.125 us    |                              policy_nodemask();
   11.985205 |   2)               |                              __alloc_frozen_pages_noprof() {
   11.985206 |   2)               |                                get_page_from_freelist() {
   11.985206 |   2)   0.125 us    |                                  preempt_count_add();
   11.985206 |   2)               |                                  _raw_spin_trylock() {
   11.985206 |   2)   0.127 us    |                                    preempt_count_add();
   11.985206 |   2)   0.418 us    |                                  }
   11.985207 |   2)               |                                  _raw_spin_unlock() {
   11.985207 |   2)   0.144 us    |                                    preempt_count_sub();
   11.985207 |   2)   0.409 us    |                                  }
   11.985207 |   2)   0.127 us    |                                  preempt_count_sub();
   11.985207 |   2)   1.810 us    |                                }
   11.985208 |   2)   2.083 us    |                              }
   11.985208 |   2)   2.616 us    |                            }
   11.985208 |   2)   2.870 us    |                          }
   11.985208 |   2)   3.126 us    |                        }
   11.985208 |   2)               |                        filemap_add_folio() {
   11.985208 |   2)               |                          __filemap_add_folio() {
   11.985208 |   2)   0.126 us    |                            shmem_mapping();
   11.985209 |   2)               |                            _raw_spin_lock_irq() {
   11.985209 |   2)   0.126 us    |                              preempt_count_add();
   11.985209 |   2)   0.415 us    |                            }
   11.985209 |   2)   0.127 us    |                            workingset_update_node();
   11.985209 |   2)   0.128 us    |                            mod_node_page_state();
   11.985210 |   2)               |                            _raw_spin_unlock_irq() {
   11.985210 |   2)   0.128 us    |                              preempt_count_sub();
   11.985210 |   2)   0.399 us    |                            }
   11.985210 |   2)   2.127 us    |                          }
   11.985210 |   2)               |                          folio_add_lru() {
   11.985211 |   2)               |                            __folio_batch_add_and_move() {
   11.985211 |   2)   0.126 us    |                              preempt_count_add();
   11.985211 |   2)   0.126 us    |                              preempt_count_sub();
   11.985211 |   2)   0.681 us    |                            }
   11.985211 |   2)   0.935 us    |                          }
   11.985212 |   2)   3.465 us    |                        }
   11.985212 |   2)               |                        filemap_alloc_folio_noprof() {
   11.985212 |   2)               |                          folio_alloc_noprof() {
   11.985212 |   2)               |                            alloc_pages_mpol() {
   11.985212 |   2)   0.142 us    |                              policy_nodemask();
   11.985213 |   2)               |                              __alloc_frozen_pages_noprof() {
   11.985213 |   2)               |                                get_page_from_freelist() {
   11.985213 |   2)   0.134 us    |                                  preempt_count_add();
   11.985213 |   2)               |                                  _raw_spin_trylock() {
   11.985213 |   2)   0.125 us    |                                    preempt_count_add();
   11.985213 |   2)   0.390 us    |                                  }
   11.985214 |   2)               |                                  _raw_spin_unlock() {
   11.985214 |   2)   0.126 us    |                                    preempt_count_sub();
   11.985214 |   2)   0.393 us    |                                  }
   11.985214 |   2)   0.128 us    |                                  preempt_count_sub();
   11.985214 |   2)   1.779 us    |                                }
   11.985215 |   2)   2.057 us    |                              }
   11.985215 |   2)   2.604 us    |                            }
   11.985215 |   2)   2.861 us    |                          }
   11.985215 |   2)   3.115 us    |                        }
   11.985215 |   2)               |                        filemap_add_folio() {
   11.985215 |   2)               |                          __filemap_add_folio() {
   11.985215 |   2)   0.125 us    |                            shmem_mapping();
   11.985216 |   2)               |                            _raw_spin_lock_irq() {
   11.985216 |   2)   0.125 us    |                              preempt_count_add();
   11.985216 |   2)   0.397 us    |                            }
   11.985216 |   2)   0.125 us    |                            workingset_update_node();
   11.985216 |   2)   0.126 us    |                            mod_node_page_state();
   11.985217 |   2)               |                            _raw_spin_unlock_irq() {
   11.985217 |   2)   0.126 us    |                              preempt_count_sub();
   11.985217 |   2)   0.399 us    |                            }
   11.985217 |   2)   2.046 us    |                          }
   11.985217 |   2)               |                          folio_add_lru() {
   11.985218 |   2)               |                            __folio_batch_add_and_move() {
   11.985218 |   2)   0.126 us    |                              preempt_count_add();
   11.985218 |   2)   0.127 us    |                              preempt_count_sub();
   11.985218 |   2)   0.754 us    |                            }
   11.985218 |   2)   1.008 us    |                          }
   11.985219 |   2)   3.455 us    |                        }
   11.985219 |   2)               |                        filemap_alloc_folio_noprof() {
   11.985219 |   2)               |                          folio_alloc_noprof() {
   11.985219 |   2)               |                            alloc_pages_mpol() {
   11.985219 |   2)   0.126 us    |                              policy_nodemask();
   11.985220 |   2)               |                              __alloc_frozen_pages_noprof() {
   11.985220 |   2)               |                                get_page_from_freelist() {
   11.985220 |   2)   0.125 us    |                                  preempt_count_add();
   11.985220 |   2)               |                                  _raw_spin_trylock() {
   11.985220 |   2)   0.124 us    |                                    preempt_count_add();
   11.985221 |   2)   0.460 us    |                                  }
   11.985221 |   2)               |                                  _raw_spin_unlock() {
   11.985221 |   2)   0.125 us    |                                    preempt_count_sub();
   11.985221 |   2)   0.391 us    |                                  }
   11.985221 |   2)   0.125 us    |                                  preempt_count_sub();
   11.985222 |   2)   1.874 us    |                                }
   11.985222 |   2)   2.145 us    |                              }
   11.985222 |   2)   2.672 us    |                            }
   11.985222 |   2)   2.927 us    |                          }
   11.985222 |   2)   3.181 us    |                        }
   11.985222 |   2)               |                        filemap_add_folio() {
   11.985222 |   2)               |                          __filemap_add_folio() {
   11.985223 |   2)   0.123 us    |                            shmem_mapping();
   11.985223 |   2)               |                            _raw_spin_lock_irq() {
   11.985223 |   2)   0.128 us    |                              preempt_count_add();
   11.985223 |   2)   0.401 us    |                            }
   11.985223 |   2)   0.125 us    |                            workingset_update_node();
   11.985224 |   2)   0.128 us    |                            mod_node_page_state();
   11.985224 |   2)               |                            _raw_spin_unlock_irq() {
   11.985224 |   2)   0.135 us    |                              preempt_count_sub();
   11.985224 |   2)   0.409 us    |                            }
   11.985224 |   2)   2.113 us    |                          }
   11.985225 |   2)               |                          folio_add_lru() {
   11.985225 |   2)               |                            __folio_batch_add_and_move() {
   11.985225 |   2)   0.126 us    |                              preempt_count_add();
   11.985225 |   2)   0.129 us    |                              preempt_count_sub();
   11.985225 |   2)   0.739 us    |                            }
   11.985226 |   2)   1.001 us    |                          }
   11.985226 |   2)   3.516 us    |                        }
   11.985226 |   2)               |                        read_pages() {
   11.985226 |   2)   0.137 us    |                          blk_start_plug();
   11.985226 |   2)               |                          z_erofs_readahead() {
   11.985227 |   2)   0.191 us    |                            erofs_real_inode();
   11.985227 |   2)               |                            z_erofs_pcluster_readmore() {
   11.985227 |   2)               |                              z_erofs_map_blocks_iter() {
   11.985227 |   2)               |                                z_erofs_map_blocks_fo() {
   11.985227 |   2)               |                                  z_erofs_load_lcluster_from_disk() {
   11.985228 |   2)               |                                    erofs_read_metabuf() {
   11.985228 |   2)               |                                      erofs_bread() {
   11.985228 |   2)               |                                        read_cache_folio() {
   11.985228 |   2)               |                                          do_read_cache_folio() {
   11.985228 |   2)               |                                            __filemap_get_folio_mpol() {
   11.985228 |   2)   0.320 us    |                                              filemap_get_entry();
   11.985229 |   2)   0.588 us    |                                            }
   11.985229 |   2)   0.147 us    |                                            folio_mark_accessed();
   11.985229 |   2)   1.168 us    |                                          }
   11.985229 |   2)   1.426 us    |                                        }
   11.985229 |   2)   1.715 us    |                                      }
   11.985230 |   2)   1.976 us    |                                    }
   11.985230 |   2)   2.419 us    |                                  }
   11.985230 |   2)               |                                  z_erofs_load_lcluster_from_disk() {
   11.985230 |   2)               |                                    erofs_read_metabuf() {
   11.985230 |   2)   0.144 us    |                                      erofs_bread();
   11.985231 |   2)   0.394 us    |                                    }
   11.985231 |   2)   0.677 us    |                                  }
   11.985231 |   2)   0.123 us    |                                  erofs_unmap_metabuf();
   11.985231 |   2)   3.891 us    |                                }
   11.985231 |   2)   4.271 us    |                              }
   11.985231 |   2)   0.133 us    |                              readahead_expand();
   11.985232 |   2)   4.825 us    |                            }
   11.985235 |   2)               |                            z_erofs_scan_folio() {
   11.985235 |   2)   0.128 us    |                              erofs_onlinefolio_init();
   11.985236 |   2)               |                              _raw_spin_lock() {
   11.985236 |   2)   0.144 us    |                                preempt_count_add();
   11.985236 |   2)   0.414 us    |                              }
   11.985236 |   2)               |                              _raw_spin_unlock() {
   11.985236 |   2)   0.226 us    |                                preempt_count_sub();
   11.985237 |   2)   0.494 us    |                              }
   11.985237 |   2)               |                              _raw_spin_lock() {
   11.985237 |   2)   0.130 us    |                                preempt_count_add();
   11.985237 |   2)   0.397 us    |                              }
   11.985238 |   2)               |                              _raw_spin_unlock() {
   11.985238 |   2)   0.140 us    |                                preempt_count_sub();
   11.985238 |   2)   0.411 us    |                              }
   11.985238 |   2)   0.129 us    |                              erofs_onlinefolio_split();
   11.985238 |   2)   0.129 us    |                              erofs_onlinefolio_end();
   11.985239 |   2)   3.847 us    |                            }
   11.985239 |   2)               |                            z_erofs_scan_folio() {
   11.985239 |   2)   0.126 us    |                              erofs_onlinefolio_init();
   11.985239 |   2)               |                              _raw_spin_lock() {
   11.985239 |   2)   0.125 us    |                                preempt_count_add();
   11.985240 |   2)   0.390 us    |                              }
   11.985240 |   2)               |                              _raw_spin_unlock() {
   11.985240 |   2)   0.151 us    |                                preempt_count_sub();
   11.985240 |   2)   0.416 us    |                              }
   11.985240 |   2)   0.129 us    |                              erofs_onlinefolio_split();
   11.985241 |   2)   0.130 us    |                              erofs_onlinefolio_end();
   11.985241 |   2)   2.088 us    |                            }
   11.985241 |   2)               |                            z_erofs_scan_folio() {
   11.985241 |   2)   0.132 us    |                              erofs_onlinefolio_init();
   11.985241 |   2)               |                              _raw_spin_lock() {
   11.985242 |   2)   0.125 us    |                                preempt_count_add();
   11.985242 |   2)   0.393 us    |                              }
   11.985242 |   2)               |                              _raw_spin_unlock() {
   11.985242 |   2)   0.139 us    |                                preempt_count_sub();
   11.985242 |   2)   0.405 us    |                              }
   11.985243 |   2)               |                              __erofs_allocpage() {
   11.985243 |   2)               |                                alloc_pages_noprof() {
   11.985243 |   2)               |                                  alloc_pages_mpol() {
   11.985243 |   2)   0.125 us    |                                    policy_nodemask();
   11.985243 |   2)               |                                    __alloc_frozen_pages_noprof() {
   11.985243 |   2)               |                                      get_page_from_freelist() {
   11.985244 |   2)   0.125 us    |                                        preempt_count_add();
   11.985244 |   2)               |                                        _raw_spin_trylock() {
   11.985244 |   2)   0.122 us    |                                          preempt_count_add();
   11.985244 |   2)   0.385 us    |                                        }
   11.985244 |   2)               |                                        _raw_spin_unlock() {
   11.985244 |   2)   0.123 us    |                                          preempt_count_sub();
   11.985245 |   2)   0.387 us    |                                        }
   11.985245 |   2)   0.129 us    |                                        preempt_count_sub();
   11.985245 |   2)   1.736 us    |                                      }
   11.985245 |   2)   2.020 us    |                                    }
   11.985245 |   2)   2.547 us    |                                  }
   11.985246 |   2)   2.798 us    |                                }
   11.985246 |   2)   3.077 us    |                              }
   11.985246 |   2)   0.151 us    |                              z_erofs_bvset_flip();
   11.985246 |   2)   0.129 us    |                              erofs_onlinefolio_split();
   11.985246 |   2)   0.128 us    |                              erofs_onlinefolio_end();
   11.985247 |   2)   5.590 us    |                            }
   11.985247 |   2)               |                            z_erofs_scan_folio() {
   11.985247 |   2)   0.125 us    |                              erofs_onlinefolio_init();
   11.985247 |   2)               |                              _raw_spin_lock() {
   11.985247 |   2)   0.125 us    |                                preempt_count_add();
   11.985248 |   2)   0.389 us    |                              }
   11.985248 |   2)               |                              _raw_spin_unlock() {
   11.985248 |   2)   0.137 us    |                                preempt_count_sub();
   11.985248 |   2)   0.405 us    |                              }
   11.985248 |   2)   0.128 us    |                              erofs_onlinefolio_split();
   11.985249 |   2)   0.129 us    |                              erofs_onlinefolio_end();
   11.985249 |   2)   2.043 us    |                            }
   11.985249 |   2)               |                            z_erofs_scan_folio() {
   11.985249 |   2)   0.125 us    |                              erofs_onlinefolio_init();
   11.985249 |   2)               |                              _raw_spin_lock() {
   11.985249 |   2)   0.124 us    |                                preempt_count_add();
   11.985250 |   2)   0.388 us    |                              }
   11.985250 |   2)               |                              _raw_spin_unlock() {
   11.985250 |   2)   0.137 us    |                                preempt_count_sub();
   11.985250 |   2)   0.407 us    |                              }
   11.985250 |   2)   0.130 us    |                              erofs_onlinefolio_split();
   11.985251 |   2)   0.130 us    |                              erofs_onlinefolio_end();
   11.985251 |   2)   2.157 us    |                            }
   11.985251 |   2)               |                            z_erofs_scan_folio() {
   11.985251 |   2)   0.125 us    |                              erofs_onlinefolio_init();
   11.985252 |   2)               |                              _raw_spin_lock() {
   11.985252 |   2)   0.125 us    |                                preempt_count_add();
   11.985252 |   2)   0.389 us    |                              }
   11.985252 |   2)               |                              _raw_spin_unlock() {
   11.985252 |   2)   0.126 us    |                                preempt_count_sub();
   11.985253 |   2)   0.393 us    |                              }
   11.985253 |   2)   0.195 us    |                              erofs_onlinefolio_split();
   11.985253 |   2)   0.130 us    |                              erofs_onlinefolio_end();
   11.985253 |   2)   2.131 us    |                            }
   11.985254 |   2)               |                            z_erofs_scan_folio() {
   11.985254 |   2)   0.122 us    |                              erofs_onlinefolio_init();
   11.985254 |   2)               |                              _raw_spin_lock() {
   11.985254 |   2)   0.126 us    |                                preempt_count_add();
   11.985254 |   2)   0.456 us    |                              }
   11.985255 |   2)               |                              _raw_spin_unlock() {
   11.985255 |   2)   0.125 us    |                                preempt_count_sub();
   11.985255 |   2)   0.403 us    |                              }
   11.985255 |   2)   0.129 us    |                              erofs_onlinefolio_split();
   11.985255 |   2)   0.129 us    |                              erofs_onlinefolio_end();
   11.985256 |   2)   2.124 us    |                            }
   11.985256 |   2)               |                            z_erofs_scan_folio() {
   11.985256 |   2)   0.126 us    |                              erofs_onlinefolio_init();
   11.985256 |   2)               |                              _raw_spin_lock() {
   11.985256 |   2)   0.151 us    |                                preempt_count_add();
   11.985257 |   2)   0.484 us    |                              }
   11.985257 |   2)               |                              _raw_spin_unlock() {
   11.985257 |   2)   0.125 us    |                                preempt_count_sub();
   11.985257 |   2)   0.391 us    |                              }
   11.985257 |   2)   0.130 us    |                              erofs_onlinefolio_split();
   11.985258 |   2)   0.130 us    |                              erofs_onlinefolio_end();
   11.985258 |   2)   2.146 us    |                            }
   11.985258 |   2)               |                            z_erofs_scan_folio() {
   11.985258 |   2)   0.125 us    |                              erofs_onlinefolio_init();
   11.985258 |   2)               |                              _raw_spin_lock() {
   11.985259 |   2)   0.125 us    |                                preempt_count_add();
   11.985259 |   2)   0.390 us    |                              }
   11.985259 |   2)               |                              _raw_spin_unlock() {
   11.985259 |   2)   0.126 us    |                                preempt_count_sub();
   11.985259 |   2)   0.391 us    |                              }
   11.985260 |   2)   0.126 us    |                              erofs_onlinefolio_split();
   11.985260 |   2)   0.130 us    |                              erofs_onlinefolio_end();
   11.985260 |   2)   2.026 us    |                            }
   11.985260 |   2)               |                            z_erofs_scan_folio() {
   11.985260 |   2)   0.123 us    |                              erofs_onlinefolio_init();
   11.985261 |   2)               |                              _raw_spin_lock() {
   11.985261 |   2)   0.125 us    |                                preempt_count_add();
   11.985261 |   2)   0.392 us    |                              }
   11.985261 |   2)               |                              _raw_spin_unlock() {
   11.985261 |   2)   0.125 us    |                                preempt_count_sub();
   11.985262 |   2)   0.390 us    |                              }
   11.985262 |   2)   0.128 us    |                              erofs_onlinefolio_split();
   11.985262 |   2)   0.129 us    |                              erofs_onlinefolio_end();
   11.985262 |   2)   2.053 us    |                            }
   11.985262 |   2)               |                            z_erofs_scan_folio() {
   11.985263 |   2)   0.122 us    |                              erofs_onlinefolio_init();
   11.985263 |   2)               |                              _raw_spin_lock() {
   11.985263 |   2)   0.126 us    |                                preempt_count_add();
   11.985263 |   2)   0.390 us    |                              }
   11.985263 |   2)               |                              _raw_spin_unlock() {
   11.985263 |   2)   0.126 us    |                                preempt_count_sub();
   11.985264 |   2)   0.390 us    |                              }
   11.985264 |   2)   0.129 us    |                              erofs_onlinefolio_split();
   11.985264 |   2)   0.134 us    |                              erofs_onlinefolio_end();
   11.985264 |   2)   2.055 us    |                            }
   11.985265 |   2)               |                            z_erofs_scan_folio() {
   11.985265 |   2)   0.125 us    |                              erofs_onlinefolio_init();
   11.985265 |   2)               |                              _raw_spin_lock() {
   11.985265 |   2)   0.125 us    |                                preempt_count_add();
   11.985266 |   2)   0.394 us    |                              }
   11.985266 |   2)               |                              _raw_spin_unlock() {
   11.985266 |   2)   0.126 us    |                                preempt_count_sub();
   11.985266 |   2)   0.388 us    |                              }
   11.985266 |   2)   0.138 us    |                              erofs_onlinefolio_split();
   11.985266 |   2)   0.134 us    |                              erofs_onlinefolio_end();
   11.985267 |   2)   2.155 us    |                            }
   11.985267 |   2)               |                            z_erofs_scan_folio() {
   11.985267 |   2)   0.125 us    |                              erofs_onlinefolio_init();
   11.985267 |   2)               |                              _raw_spin_lock() {
   11.985267 |   2)   0.127 us    |                                preempt_count_add();
   11.985268 |   2)   0.397 us    |                              }
   11.985268 |   2)               |                              _raw_spin_unlock() {
   11.985268 |   2)   0.129 us    |                                preempt_count_sub();
   11.985268 |   2)   0.398 us    |                              }
   11.985268 |   2)   0.126 us    |                              erofs_onlinefolio_split();
   11.985269 |   2)   0.131 us    |                              erofs_onlinefolio_end();
   11.985269 |   2)   2.060 us    |                            }
   11.985269 |   2)               |                            z_erofs_scan_folio() {
   11.985269 |   2)   0.125 us    |                              erofs_onlinefolio_init();
   11.985270 |   2)               |                              _raw_spin_lock() {
   11.985270 |   2)   0.127 us    |                                preempt_count_add();
   11.985270 |   2)   0.395 us    |                              }
   11.985270 |   2)               |                              _raw_spin_unlock() {
   11.985270 |   2)   0.126 us    |                                preempt_count_sub();
   11.985270 |   2)   0.391 us    |                              }
   11.985271 |   2)   0.129 us    |                              erofs_onlinefolio_split();
   11.985271 |   2)   0.132 us    |                              erofs_onlinefolio_end();
   11.985271 |   2)   2.066 us    |                            }
   11.985271 |   2)               |                            z_erofs_scan_folio() {
   11.985271 |   2)   0.126 us    |                              erofs_onlinefolio_init();
   11.985272 |   2)               |                              _raw_spin_lock() {
   11.985272 |   2)   0.124 us    |                                preempt_count_add();
   11.985272 |   2)   0.393 us    |                              }
   11.985272 |   2)               |                              _raw_spin_unlock() {
   11.985272 |   2)   0.125 us    |                                preempt_count_sub();
   11.985273 |   2)   0.390 us    |                              }
   11.985273 |   2)   0.130 us    |                              erofs_onlinefolio_split();
   11.985273 |   2)   0.131 us    |                              erofs_onlinefolio_end();
   11.985273 |   2)   2.040 us    |                            }
   11.985273 |   2)               |                            z_erofs_scan_folio() {
   11.985274 |   2)   0.126 us    |                              erofs_onlinefolio_init();
   11.985274 |   2)               |                              _raw_spin_lock() {
   11.985274 |   2)   0.126 us    |                                preempt_count_add();
   11.985274 |   2)   0.391 us    |                              }
   11.985274 |   2)               |                              _raw_spin_unlock() {
   11.985275 |   2)   0.127 us    |                                preempt_count_sub();
   11.985275 |   2)   0.418 us    |                              }
   11.985275 |   2)   0.127 us    |                              erofs_onlinefolio_split();
   11.985275 |   2)   0.132 us    |                              erofs_onlinefolio_end();
   11.985276 |   2)   2.089 us    |                            }
   11.985276 |   2)               |                            z_erofs_pcluster_readmore() {
   11.985276 |   2)               |                              __filemap_get_folio_mpol() {
   11.985276 |   2)   0.347 us    |                                filemap_get_entry();
   11.985277 |   2)   0.651 us    |                              }
   11.985277 |   2)   0.129 us    |                              folio_unlock();
   11.985277 |   2)               |                              __filemap_get_folio_mpol() {
   11.985277 |   2)   0.318 us    |                                filemap_get_entry();
   11.985278 |   2)   0.593 us    |                              }
   11.985278 |   2)   0.129 us    |                              folio_unlock();
   11.985278 |   2)               |                              __filemap_get_folio_mpol() {
   11.985278 |   2)   0.318 us    |                                filemap_get_entry();
   11.985279 |   2)   0.590 us    |                              }
   11.985279 |   2)   0.131 us    |                              folio_unlock();
   11.985279 |   2)               |                              __filemap_get_folio_mpol() {
   11.985279 |   2)   0.321 us    |                                filemap_get_entry();
   11.985280 |   2)   0.595 us    |                              }
   11.985280 |   2)   0.129 us    |                              folio_unlock();
   11.985280 |   2)   4.513 us    |                            }
   11.985280 |   2)   0.232 us    |                            z_erofs_pcluster_end();
   11.985281 |   2)               |                            z_erofs_runqueue() {
   11.985281 |   2)   0.122 us    |                              __init_swait_queue_head();
   11.985281 |   2)               |                              __kvmalloc_node_noprof() {
   11.985281 |   2)   0.124 us    |                                preempt_count_add();
   11.985282 |   2)   0.144 us    |                                preempt_count_sub();
   11.985282 |   2)   0.767 us    |                              }
   11.985282 |   2)   0.130 us    |                              erofs_map_dev();
   11.985282 |   2)               |                              _raw_spin_lock() {
   11.985283 |   2)   0.126 us    |                                preempt_count_add();
   11.985283 |   2)   0.454 us    |                              }
   11.985283 |   2)               |                              _raw_spin_unlock() {
   11.985283 |   2)   0.129 us    |                                preempt_count_sub();
   11.985283 |   2)   0.408 us    |                              }
   11.985284 |   2)   0.202 us    |                              folio_unlock();
   11.985284 |   2)               |                              kvfree() {
   11.985284 |   2)   0.130 us    |                                is_vmalloc_addr();
   11.985284 |   2)               |                                kfree() {
   11.985285 |   2)   0.145 us    |                                  preempt_count_add();
   11.985285 |   2)   0.131 us    |                                  preempt_count_sub();
   11.985285 |   2)   0.691 us    |                                }
   11.985285 |   2)   1.238 us    |                              }
   11.985285 |   2)               |                              z_erofs_decompress_queue() {
   11.985286 |   2)   0.142 us    |                                z_erofs_do_decompressed_bvec();
   11.985286 |   2)   0.127 us    |                                z_erofs_do_decompressed_bvec();
   11.985286 |   2)   0.126 us    |                                z_erofs_do_decompressed_bvec();
   11.985286 |   2)   0.133 us    |                                z_erofs_do_decompressed_bvec();
   11.985287 |   2)   0.126 us    |                                z_erofs_do_decompressed_bvec();
   11.985287 |   2)   0.126 us    |                                z_erofs_do_decompressed_bvec();
   11.985287 |   2)   0.131 us    |                                z_erofs_do_decompressed_bvec();
   11.985288 |   2)   0.126 us    |                                z_erofs_do_decompressed_bvec();
   11.985288 |   2)   0.127 us    |                                z_erofs_do_decompressed_bvec();
   11.985288 |   2)   0.127 us    |                                z_erofs_do_decompressed_bvec();
   11.985288 |   2)   0.126 us    |                                z_erofs_do_decompressed_bvec();
   11.985289 |   2)   0.126 us    |                                z_erofs_do_decompressed_bvec();
   11.985289 |   2)   0.126 us    |                                z_erofs_do_decompressed_bvec();
   11.985289 |   2)   0.126 us    |                                z_erofs_do_decompressed_bvec();
   11.985289 |   2)   0.125 us    |                                z_erofs_do_decompressed_bvec();
   11.985290 |   2)   0.124 us    |                                z_erofs_do_decompressed_bvec();
   11.985290 |   2)               |                                z_erofs_lz4_decompress() {
   11.985290 |   2)   0.141 us    |                                  __erofs_allocpage();
   11.985290 |   2)               |                                  __erofs_allocpage() {
   11.985291 |   2)               |                                    alloc_pages_noprof() {
   11.985291 |   2)               |                                      alloc_pages_mpol() {
   11.985291 |   2)   0.125 us    |                                        policy_nodemask();
   11.985291 |   2)               |                                        __alloc_frozen_pages_noprof() {
   11.985291 |   2)               |                                          get_page_from_freelist() {
   11.985291 |   2)   0.127 us    |                                            preempt_count_add();
   11.985292 |   2)               |                                            _raw_spin_trylock() {
   11.985292 |   2)   0.123 us    |                                              preempt_count_add();
   11.985292 |   2)   0.386 us    |                                            }
   11.985292 |   2)               |                                            _raw_spin_unlock() {
   11.985292 |   2)   0.132 us    |                                              preempt_count_sub();
   11.985293 |   2)   0.395 us    |                                            }
   11.985293 |   2)   0.131 us    |                                            preempt_count_sub();
   11.985293 |   2)   1.795 us    |                                          }
   11.985293 |   2)   2.092 us    |                                        }
   11.985293 |   2)   2.624 us    |                                      }
   11.985294 |   2)   2.885 us    |                                    }
   11.985294 |   2)   3.153 us    |                                  }
   11.985294 |   2)               |                                  __erofs_allocpage() {
   11.985294 |   2)               |                                    alloc_pages_noprof() {
   11.985294 |   2)               |                                      alloc_pages_mpol() {
   11.985294 |   2)   0.125 us    |                                        policy_nodemask();
   11.985294 |   2)               |                                        __alloc_frozen_pages_noprof() {
   11.985295 |   2)               |                                          get_page_from_freelist() {
   11.985295 |   2)   0.124 us    |                                            preempt_count_add();
   11.985295 |   2)               |                                            _raw_spin_trylock() {
   11.985295 |   2)   0.122 us    |                                              preempt_count_add();
   11.985295 |   2)   0.387 us    |                                            }
   11.985296 |   2)               |                                            _raw_spin_unlock() {
   11.985296 |   2)   0.132 us    |                                              preempt_count_sub();
   11.985296 |   2)   0.421 us    |                                            }
   11.985296 |   2)   0.126 us    |                                            preempt_count_sub();
   11.985296 |   2)   1.880 us    |                                          }
   11.985297 |   2)   2.149 us    |                                        }
   11.985297 |   2)   2.673 us    |                                      }
   11.985297 |   2)   2.924 us    |                                    }
   11.985297 |   2)   3.175 us    |                                  }
   11.985297 |   2)               |                                  __erofs_allocpage() {
   11.985297 |   2)               |                                    alloc_pages_noprof() {
   11.985297 |   2)               |                                      alloc_pages_mpol() {
   11.985298 |   2)   0.127 us    |                                        policy_nodemask();
   11.985298 |   2)               |                                        __alloc_frozen_pages_noprof() {
   11.985298 |   2)               |                                          get_page_from_freelist() {
   11.985298 |   2)   0.130 us    |                                            preempt_count_add();
   11.985298 |   2)               |                                            _raw_spin_trylock() {
   11.985298 |   2)   0.123 us    |                                              preempt_count_add();
   11.985299 |   2)   0.389 us    |                                            }
   11.985299 |   2)               |                                            _raw_spin_unlock() {
   11.985299 |   2)   0.131 us    |                                              preempt_count_sub();
   11.985299 |   2)   0.395 us    |                                            }
   11.985299 |   2)   0.125 us    |                                            preempt_count_sub();
   11.985300 |   2)   1.774 us    |                                          }
   11.985300 |   2)   2.068 us    |                                        }
   11.985300 |   2)   2.641 us    |                                      }
   11.985300 |   2)   2.894 us    |                                    }
   11.985300 |   2)   3.145 us    |                                  }
   11.985301 |   2)               |                                  vm_map_ram() {
   11.985301 |   2)               |                                    _raw_spin_lock() {
   11.985301 |   2)   0.146 us    |                                      preempt_count_add();
   11.985301 |   2)   0.473 us    |                                    }
   11.985301 |   2)               |                                    _raw_spin_unlock() {
   11.985302 |   2)   0.126 us    |                                      preempt_count_sub();
   11.985302 |   2)   0.392 us    |                                    }
   11.985302 |   2)               |                                    vmap_small_pages_range_noflush() {
   11.985302 |   2)   0.125 us    |                                      preempt_count_add();
   11.985302 |   2)   0.126 us    |                                      preempt_count_sub();
   11.985303 |   2)   0.125 us    |                                      preempt_count_add();
   11.985303 |   2)   0.126 us    |                                      preempt_count_sub();
   11.985303 |   2)   0.125 us    |                                      preempt_count_add();
   11.985304 |   2)   0.127 us    |                                      preempt_count_sub();
   11.985304 |   2)   0.126 us    |                                      preempt_count_add();
   11.985304 |   2)   0.127 us    |                                      preempt_count_sub();
   11.985304 |   2)   0.126 us    |                                      preempt_count_add();
   11.985305 |   2)   0.126 us    |                                      preempt_count_sub();
   11.985305 |   2)   0.126 us    |                                      preempt_count_add();
   11.985305 |   2)   0.126 us    |                                      preempt_count_sub();
   11.985306 |   2)   0.126 us    |                                      preempt_count_add();
   11.985306 |   2)   0.127 us    |                                      preempt_count_sub();
   11.985306 |   2)   0.125 us    |                                      preempt_count_add();
   11.985306 |   2)   0.126 us    |                                      preempt_count_sub();
   11.985307 |   2)   0.124 us    |                                      preempt_count_add();
   11.985307 |   2)   0.127 us    |                                      preempt_count_sub();
   11.985307 |   2)   0.126 us    |                                      preempt_count_add();
   11.985308 |   2)   0.126 us    |                                      preempt_count_sub();
   11.985308 |   2)   0.127 us    |                                      preempt_count_add();
   11.985308 |   2)   0.125 us    |                                      preempt_count_sub();
   11.985308 |   2)   0.125 us    |                                      preempt_count_add();
   11.985309 |   2)   0.126 us    |                                      preempt_count_sub();
   11.985309 |   2)   0.126 us    |                                      preempt_count_add();
   11.985309 |   2)   0.127 us    |                                      preempt_count_sub();
   11.985310 |   2)   0.125 us    |                                      preempt_count_add();
   11.985310 |   2)   0.126 us    |                                      preempt_count_sub();
   11.985310 |   2)   0.127 us    |                                      preempt_count_add();
   11.985310 |   2)   0.125 us    |                                      preempt_count_sub();
   11.985311 |   2)   0.128 us    |                                      preempt_count_add();
   11.985311 |   2)   0.125 us    |                                      preempt_count_sub();
   11.985311 |   2)   0.125 us    |                                      preempt_count_add();
   11.985311 |   2)   0.126 us    |                                      preempt_count_sub();
   11.985312 |   2)   0.126 us    |                                      preempt_count_add();
   11.985312 |   2)   0.126 us    |                                      preempt_count_sub();
   11.985312 |   2)   0.125 us    |                                      preempt_count_add();
   11.985313 |   2)   0.124 us    |                                      preempt_count_sub();
   11.985313 |   2)   0.126 us    |                                      preempt_count_add();
   11.985313 |   2)   0.132 us    |                                      preempt_count_sub();
   11.985313 |   2) + 11.386 us   |                                    }
   11.985314 |   2) + 13.060 us   |                                  }
   11.985314 |   2)   9.036 us    |                                  LZ4_decompress_safe_partial();
   11.985323 |   2)               |                                  vm_unmap_ram() {
   11.985323 |   2)   0.134 us    |                                    addr_to_vb_xa();
   11.985324 |   2)               |                                    _raw_spin_lock() {
   11.985324 |   2)   0.124 us    |                                      preempt_count_add();
   11.985324 |   2)   0.479 us    |                                    }
   11.985324 |   2)               |                                    _raw_spin_unlock() {
   11.985324 |   2)   0.131 us    |                                      preempt_count_sub();
   11.985325 |   2)   0.410 us    |                                    }
   11.985325 |   2)               |                                    __vunmap_range_noflush() {
   11.985325 |   2)   0.123 us    |                                      p4d_clear_huge();
   11.985325 |   2)   0.122 us    |                                      pud_clear_huge();
   11.985326 |   2)   0.124 us    |                                      pmd_clear_huge();
   11.985326 |   2)   1.127 us    |                                    }
   11.985326 |   2)               |                                    _raw_spin_lock() {
   11.985326 |   2)   0.124 us    |                                      preempt_count_add();
   11.985327 |   2)   0.392 us    |                                    }
   11.985327 |   2)               |                                    _raw_spin_unlock() {
   11.985327 |   2)   0.128 us    |                                      preempt_count_sub();
   11.985327 |   2)   0.390 us    |                                    }
   11.985327 |   2)   4.221 us    |                                  }
   11.985327 |   2) + 37.334 us   |                                }
   11.985328 |   2)               |                                erofs_onlinefolio_end() {
   11.985328 |   2)   0.130 us    |                                  folio_end_read();
   11.985328 |   2)   0.411 us    |                                }
   11.985328 |   2)               |                                erofs_onlinefolio_end() {
   11.985328 |   2)   0.129 us    |                                  folio_end_read();
   11.985329 |   2)   0.385 us    |                                }
   11.985329 |   2)               |                                erofs_onlinefolio_end() {
   11.985329 |   2)   0.130 us    |                                  folio_end_read();
   11.985329 |   2)   0.384 us    |                                }
   11.985329 |   2)               |                                erofs_onlinefolio_end() {
   11.985329 |   2)   0.132 us    |                                  folio_end_read();
   11.985330 |   2)   0.388 us    |                                }
   11.985330 |   2)               |                                erofs_onlinefolio_end() {
   11.985330 |   2)   0.131 us    |                                  folio_end_read();
   11.985330 |   2)   0.385 us    |                                }
   11.985330 |   2)               |                                erofs_onlinefolio_end() {
   11.985330 |   2)   0.132 us    |                                  folio_end_read();
   11.985331 |   2)   0.389 us    |                                }
   11.985331 |   2)               |                                erofs_onlinefolio_end() {
   11.985331 |   2)   0.130 us    |                                  folio_end_read();
   11.985331 |   2)   0.382 us    |                                }
   11.985331 |   2)               |                                erofs_onlinefolio_end() {
   11.985332 |   2)   0.129 us    |                                  folio_end_read();
   11.985332 |   2)   0.386 us    |                                }
   11.985332 |   2)               |                                erofs_onlinefolio_end() {
   11.985332 |   2)   0.131 us    |                                  folio_end_read();
   11.985332 |   2)   0.381 us    |                                }
   11.985333 |   2)               |                                erofs_onlinefolio_end() {
   11.985333 |   2)   0.133 us    |                                  folio_end_read();
   11.985333 |   2)   0.389 us    |                                }
   11.985333 |   2)               |                                erofs_onlinefolio_end() {
   11.985333 |   2)   0.132 us    |                                  folio_end_read();
   11.985334 |   2)   0.405 us    |                                }
   11.985334 |   2)               |                                erofs_onlinefolio_end() {
   11.985334 |   2)   0.131 us    |                                  folio_end_read();
   11.985334 |   2)   0.390 us    |                                }
   11.985334 |   2)               |                                erofs_onlinefolio_end() {
   11.985334 |   2)   0.130 us    |                                  folio_end_read();
   11.985335 |   2)   0.382 us    |                                }
   11.985335 |   2)               |                                erofs_onlinefolio_end() {
   11.985335 |   2)   0.210 us    |                                  folio_end_read();
   11.985335 |   2)   0.466 us    |                                }
   11.985335 |   2)               |                                erofs_onlinefolio_end() {
   11.985336 |   2)   0.130 us    |                                  folio_end_read();
   11.985336 |   2)   0.392 us    |                                }
   11.985336 |   2)               |                                erofs_onlinefolio_end() {
   11.985336 |   2)   0.129 us    |                                  folio_end_read();
   11.985336 |   2)   0.385 us    |                                }
   11.985337 |   2)               |                                z_erofs_put_pcluster() {
   11.985337 |   2)               |                                  _raw_spin_lock() {
   11.985337 |   2)   0.126 us    |                                    preempt_count_add();
   11.985337 |   2)   0.464 us    |                                  }
   11.985337 |   2)               |                                  _raw_spin_unlock() {
   11.985337 |   2)   0.127 us    |                                    preempt_count_sub();
   11.985338 |   2)   0.419 us    |                                  }
   11.985338 |   2)   1.297 us    |                                }
   11.985338 |   2) + 52.649 us   |                              }
   11.985338 |   2) + 57.379 us   |                            }
   11.985338 |   2)   0.215 us    |                            erofs_put_metabuf();
   11.985339 |   2)               |                            erofs_release_pages() {
   11.985339 |   2)               |                              __folio_put() {
   11.985339 |   2)               |                                free_frozen_pages() {
   11.985339 |   2)               |                                  __free_frozen_pages() {
   11.985339 |   2)   0.125 us    |                                    preempt_count_add();
   11.985340 |   2)               |                                    _raw_spin_trylock() {
   11.985340 |   2)   0.125 us    |                                      preempt_count_add();
   11.985340 |   2)   0.388 us    |                                    }
   11.985340 |   2)   0.129 us    |                                    free_frozen_page_commit();
   11.985340 |   2)               |                                    _raw_spin_unlock() {
   11.985341 |   2)   0.134 us    |                                      preempt_count_sub();
   11.985341 |   2)   0.400 us    |                                    }
   11.985341 |   2)   0.125 us    |                                    preempt_count_sub();
   11.985341 |   2)   2.096 us    |                                  }
   11.985341 |   2)   2.357 us    |                                }
   11.985341 |   2)   2.629 us    |                              }
   11.985342 |   2)               |                              __folio_put() {
   11.985342 |   2)               |                                free_frozen_pages() {
   11.985342 |   2)               |                                  __free_frozen_pages() {
   11.985342 |   2)   0.127 us    |                                    preempt_count_add();
   11.985342 |   2)               |                                    _raw_spin_trylock() {
   11.985342 |   2)   0.122 us    |                                      preempt_count_add();
   11.985343 |   2)   0.389 us    |                                    }
   11.985343 |   2)   0.127 us    |                                    free_frozen_page_commit();
   11.985343 |   2)               |                                    _raw_spin_unlock() {
   11.985343 |   2)   0.133 us    |                                      preempt_count_sub();
   11.985344 |   2)   0.396 us    |                                    }
   11.985344 |   2)   0.126 us    |                                    preempt_count_sub();
   11.985344 |   2)   2.016 us    |                                  }
   11.985344 |   2)   2.262 us    |                                }
   11.985344 |   2)   2.511 us    |                              }
   11.985344 |   2)               |                              __folio_put() {
   11.985344 |   2)               |                                free_frozen_pages() {
   11.985345 |   2)               |                                  __free_frozen_pages() {
   11.985345 |   2)   0.126 us    |                                    preempt_count_add();
   11.985345 |   2)               |                                    _raw_spin_trylock() {
   11.985345 |   2)   0.123 us    |                                      preempt_count_add();
   11.985345 |   2)   0.386 us    |                                    }
   11.985345 |   2)   0.127 us    |                                    free_frozen_page_commit();
   11.985346 |   2)               |                                    _raw_spin_unlock() {
   11.985346 |   2)   0.131 us    |                                      preempt_count_sub();
   11.985346 |   2)   0.393 us    |                                    }
   11.985346 |   2)   0.126 us    |                                    preempt_count_sub();
   11.985347 |   2)   2.005 us    |                                  }
   11.985347 |   2)   2.251 us    |                                }
   11.985347 |   2)   2.502 us    |                              }
   11.985347 |   2)               |                              __folio_put() {
   11.985347 |   2)               |                                free_frozen_pages() {
   11.985347 |   2)               |                                  __free_frozen_pages() {
   11.985347 |   2)   0.127 us    |                                    preempt_count_add();
   11.985348 |   2)               |                                    _raw_spin_trylock() {
   11.985348 |   2)   0.124 us    |                                      preempt_count_add();
   11.985348 |   2)   0.455 us    |                                    }
   11.985348 |   2)   0.136 us    |                                    free_frozen_page_commit();
   11.985349 |   2)               |                                    _raw_spin_unlock() {
   11.985349 |   2)   0.142 us    |                                      preempt_count_sub();
   11.985349 |   2)   0.407 us    |                                    }
   11.985349 |   2)   0.135 us    |                                    preempt_count_sub();
   11.985349 |   2)   2.174 us    |                                  }
   11.985350 |   2)   2.419 us    |                                }
   11.985350 |   2)   2.668 us    |                              }
   11.985350 |   2) + 11.104 us   |                            }
   11.985350 |   2) ! 123.552 us  |                          }
   11.985350 |   2)               |                          blk_finish_plug() {
   11.985350 |   2)               |                            __blk_flush_plug() {
   11.985350 |   2)   0.134 us    |                              blk_mq_flush_plug_list();
   11.985351 |   2)   0.406 us    |                            }
   11.985351 |   2)   0.715 us    |                          }
   11.985351 |   2) ! 125.006 us  |                        }
   11.985351 |   2) ! 306.298 us  |                      }
   11.985351 |   2) ! 306.878 us  |                    }
   11.985352 |   2) ! 307.143 us  |                  }
   11.985352 |   2) ! 307.784 us  |                }
   11.985352 |   2) ! 308.156 us  |              }
   11.985352 |   2) ! 309.121 us  |            }
   11.985352 |   2)   0.135 us    |            folio_mark_accessed();
   11.985353 |   2) ! 310.032 us  |          }
   11.985353 |   2) ! 310.301 us  |        }
   11.985353 |   2) ! 311.031 us  |      }
   11.985353 |   2) ! 311.669 us  |    }
   11.985353 |   2) ! 312.006 us  |  }
   11.985355 |   2)               |  __x64_sys_read() {
   11.985355 |   2)               |    ksys_read() {
   11.985356 |   2)   0.162 us    |      fdget_pos();
   11.985356 |   2)               |      vfs_read() {
   11.985356 |   2)   0.259 us    |        rw_verify_area();
   11.985356 |   2)               |        erofs_file_read_iter() {
   11.985357 |   2)               |          filemap_read() {
   11.985357 |   2)               |            filemap_get_pages() {
   11.985357 |   2)   0.383 us    |              filemap_get_read_batch();
   11.985357 |   2)   0.665 us    |            }
   11.985358 |   2)   0.134 us    |            folio_mark_accessed();
   11.985358 |   2)   1.537 us    |          }
   11.985358 |   2)   1.804 us    |        }
   11.985358 |   2)   2.522 us    |      }
   11.985359 |   2)   3.132 us    |    }
   11.985359 |   2)   3.469 us    |  }
   11.985360 |   2)               |  __x64_sys_read() {
   11.985360 |   2)               |    ksys_read() {
   11.985361 |   2)   0.154 us    |      fdget_pos();
   11.985361 |   2)               |      vfs_read() {
   11.985361 |   2)   0.259 us    |        rw_verify_area();
   11.985361 |   2)               |        erofs_file_read_iter() {
   11.985362 |   2)               |          filemap_read() {
   11.985362 |   2)               |            filemap_get_pages() {
   11.985362 |   2)   0.387 us    |              filemap_get_read_batch();
   11.985362 |   2)   0.672 us    |            }
   11.985363 |   2)   0.131 us    |            folio_mark_accessed();
   11.985363 |   2)   1.469 us    |          }
   11.985363 |   2)   1.734 us    |        }
   11.985363 |   2)   2.446 us    |      }
   11.985363 |   2)   3.031 us    |    }
   11.985364 |   2)   3.333 us    |  }
   11.985365 |   2)               |  __x64_sys_read() {
   11.985365 |   2)               |    ksys_read() {
   11.985365 |   2)   0.157 us    |      fdget_pos();
   11.985366 |   2)               |      vfs_read() {
   11.985366 |   2)   0.258 us    |        rw_verify_area();
   11.985366 |   2)               |        erofs_file_read_iter() {
   11.985366 |   2)               |          filemap_read() {
   11.985367 |   2)               |            filemap_get_pages() {
   11.985367 |   2)   0.353 us    |              filemap_get_read_batch();
   11.985367 |   2)               |              filemap_readahead.isra.0() {
   11.985367 |   2)               |                page_cache_async_ra() {
   11.985368 |   2)   0.127 us    |                  inode_to_bdi();
   11.985368 |   2)               |                  page_cache_ra_order() {
   11.985368 |   2)               |                    do_page_cache_ra() {
   11.985368 |   2)               |                      page_cache_ra_unbounded() {
   11.985369 |   2)               |                        filemap_alloc_folio_noprof() {
   11.985369 |   2)               |                          folio_alloc_noprof() {
   11.985369 |   2)               |                            alloc_pages_mpol() {
   11.985369 |   2)   0.127 us    |                              policy_nodemask();
   11.985369 |   2)               |                              __alloc_frozen_pages_noprof() {
   11.985369 |   2)               |                                get_page_from_freelist() {
   11.985370 |   2)   0.130 us    |                                  preempt_count_add();
   11.985370 |   2)               |                                  _raw_spin_trylock() {
   11.985370 |   2)   0.127 us    |                                    preempt_count_add();
   11.985370 |   2)   0.456 us    |                                  }
   11.985370 |   2)               |                                  _raw_spin_unlock() {
   11.985371 |   2)   0.125 us    |                                    preempt_count_sub();
   11.985371 |   2)   0.397 us    |                                  }
   11.985371 |   2)   0.130 us    |                                  preempt_count_sub();
   11.985371 |   2)   1.885 us    |                                }
   11.985371 |   2)   2.208 us    |                              }
   11.985372 |   2)   2.823 us    |                            }
   11.985372 |   2)   3.092 us    |                          }
   11.985372 |   2)   3.346 us    |                        }
   11.985372 |   2)               |                        filemap_add_folio() {
   11.985372 |   2)               |                          __filemap_add_folio() {
   11.985372 |   2)   0.145 us    |                            shmem_mapping();
   11.985373 |   2)               |                            _raw_spin_lock_irq() {
   11.985373 |   2)   0.126 us    |                              preempt_count_add();
   11.985373 |   2)   0.460 us    |                            }
   11.985373 |   2)   0.127 us    |                            workingset_update_node();
   11.985374 |   2)   0.135 us    |                            mod_node_page_state();
   11.985374 |   2)               |                            _raw_spin_unlock_irq() {
   11.985374 |   2)   0.129 us    |                              preempt_count_sub();
   11.985374 |   2)   0.401 us    |                            }
   11.985374 |   2)   2.237 us    |                          }
   11.985375 |   2)               |                          folio_add_lru() {
   11.985375 |   2)               |                            __folio_batch_add_and_move() {
   11.985375 |   2)   0.125 us    |                              preempt_count_add();
   11.985375 |   2)   0.126 us    |                              preempt_count_sub();
   11.985375 |   2)   0.661 us    |                            }
   11.985375 |   2)   0.910 us    |                          }
   11.985376 |   2)   3.567 us    |                        }
   11.985376 |   2)               |                        filemap_alloc_folio_noprof() {
   11.985376 |   2)               |                          folio_alloc_noprof() {
   11.985376 |   2)               |                            alloc_pages_mpol() {
   11.985376 |   2)   0.126 us    |                              policy_nodemask();
   11.985377 |   2)               |                              __alloc_frozen_pages_noprof() {
   11.985377 |   2)               |                                get_page_from_freelist() {
   11.985377 |   2)   0.126 us    |                                  preempt_count_add();
   11.985377 |   2)               |                                  _raw_spin_trylock() {
   11.985377 |   2)   0.124 us    |                                    preempt_count_add();
   11.985378 |   2)   0.389 us    |                                  }
   11.985378 |   2)               |                                  _raw_spin_unlock() {
   11.985378 |   2)   0.125 us    |                                    preempt_count_sub();
   11.985378 |   2)   0.394 us    |                                  }
   11.985378 |   2)   0.128 us    |                                  preempt_count_sub();
   11.985378 |   2)   1.768 us    |                                }
   11.985379 |   2)   2.055 us    |                              }
   11.985379 |   2)   2.600 us    |                            }
   11.985379 |   2)   2.855 us    |                          }
   11.985379 |   2)   3.105 us    |                        }
   11.985379 |   2)               |                        filemap_add_folio() {
   11.985379 |   2)               |                          __filemap_add_folio() {
   11.985379 |   2)   0.126 us    |                            shmem_mapping();
   11.985380 |   2)               |                            _raw_spin_lock_irq() {
   11.985380 |   2)   0.125 us    |                              preempt_count_add();
   11.985380 |   2)   0.398 us    |                            }
   11.985380 |   2)   0.125 us    |                            workingset_update_node();
   11.985381 |   2)   0.126 us    |                            mod_node_page_state();
   11.985381 |   2)               |                            _raw_spin_unlock_irq() {
   11.985381 |   2)   0.131 us    |                              preempt_count_sub();
   11.985381 |   2)   0.402 us    |                            }
   11.985381 |   2)   2.063 us    |                          }
   11.985381 |   2)               |                          folio_add_lru() {
   11.985382 |   2)               |                            __folio_batch_add_and_move() {
   11.985382 |   2)   0.127 us    |                              preempt_count_add();
   11.985382 |   2)   0.128 us    |                              preempt_count_sub();
   11.985382 |   2)   0.665 us    |                            }
   11.985382 |   2)   0.917 us    |                          }
   11.985383 |   2)   3.380 us    |                        }
   11.985383 |   2)               |                        filemap_alloc_folio_noprof() {
   11.985383 |   2)               |                          folio_alloc_noprof() {
   11.985383 |   2)               |                            alloc_pages_mpol() {
   11.985383 |   2)   0.127 us    |                              policy_nodemask();
   11.985384 |   2)               |                              __alloc_frozen_pages_noprof() {
   11.985384 |   2)               |                                get_page_from_freelist() {
   11.985384 |   2)   0.127 us    |                                  preempt_count_add();
   11.985384 |   2)               |                                  _raw_spin_trylock() {
   11.985384 |   2)   0.124 us    |                                    preempt_count_add();
   11.985385 |   2)   0.405 us    |                                  }
   11.985385 |   2)               |                                  _raw_spin_unlock() {
   11.985385 |   2)   0.148 us    |                                    preempt_count_sub();
   11.985385 |   2)   0.420 us    |                                  }
   11.985385 |   2)   0.129 us    |                                  preempt_count_sub();
   11.985386 |   2)   1.820 us    |                                }
   11.985386 |   2)   2.106 us    |                              }
   11.985386 |   2)   2.728 us    |                            }
   11.985386 |   2)   2.982 us    |                          }
   11.985386 |   2)   3.235 us    |                        }
   11.985386 |   2)               |                        filemap_add_folio() {
   11.985386 |   2)               |                          __filemap_add_folio() {
   11.985387 |   2)   0.126 us    |                            shmem_mapping();
   11.985387 |   2)               |                            _raw_spin_lock_irq() {
   11.985387 |   2)   0.126 us    |                              preempt_count_add();
   11.985387 |   2)   0.401 us    |                            }
   11.985387 |   2)   0.127 us    |                            workingset_update_node();
   11.985388 |   2)   0.125 us    |                            mod_node_page_state();
   11.985388 |   2)               |                            _raw_spin_unlock_irq() {
   11.985388 |   2)   0.130 us    |                              preempt_count_sub();
   11.985388 |   2)   0.402 us    |                            }
   11.985388 |   2)   2.065 us    |                          }
   11.985389 |   2)               |                          folio_add_lru() {
   11.985389 |   2)               |                            __folio_batch_add_and_move() {
   11.985389 |   2)   0.126 us    |                              preempt_count_add();
   11.985389 |   2)   0.129 us    |                              preempt_count_sub();
   11.985389 |   2)   0.668 us    |                            }
   11.985390 |   2)   0.920 us    |                          }
   11.985390 |   2)   3.384 us    |                        }
   11.985390 |   2)               |                        filemap_alloc_folio_noprof() {
   11.985390 |   2)               |                          folio_alloc_noprof() {
   11.985390 |   2)               |                            alloc_pages_mpol() {
   11.985390 |   2)   0.127 us    |                              policy_nodemask();
   11.985391 |   2)               |                              __alloc_frozen_pages_noprof() {
   11.985391 |   2)               |                                get_page_from_freelist() {
   11.985391 |   2)   0.126 us    |                                  preempt_count_add();
   11.985391 |   2)               |                                  _raw_spin_trylock() {
   11.985391 |   2)   0.125 us    |                                    preempt_count_add();
   11.985392 |   2)   0.390 us    |                                  }
   11.985392 |   2)               |                                  _raw_spin_unlock() {
   11.985392 |   2)   0.125 us    |                                    preempt_count_sub();
   11.985392 |   2)   0.393 us    |                                  }
   11.985392 |   2)   0.128 us    |                                  preempt_count_sub();
   11.985393 |   2)   1.743 us    |                                }
   11.985393 |   2)   2.021 us    |                              }
   11.985393 |   2)   2.562 us    |                            }
   11.985393 |   2)   2.811 us    |                          }
   11.985393 |   2)   3.062 us    |                        }
   11.985393 |   2)               |                        filemap_add_folio() {
   11.985393 |   2)               |                          __filemap_add_folio() {
   11.985393 |   2)   0.124 us    |                            shmem_mapping();
   11.985394 |   2)               |                            _raw_spin_lock_irq() {
   11.985394 |   2)   0.126 us    |                              preempt_count_add();
   11.985394 |   2)   0.398 us    |                            }
   11.985394 |   2)   0.125 us    |                            workingset_update_node();
   11.985395 |   2)   0.123 us    |                            mod_node_page_state();
   11.985395 |   2)               |                            _raw_spin_unlock_irq() {
   11.985395 |   2)   0.127 us    |                              preempt_count_sub();
   11.985395 |   2)   0.394 us    |                            }
   11.985395 |   2)   2.050 us    |                          }
   11.985396 |   2)               |                          folio_add_lru() {
   11.985396 |   2)               |                            __folio_batch_add_and_move() {
   11.985396 |   2)   0.125 us    |                              preempt_count_add();
   11.985396 |   2)   0.127 us    |                              preempt_count_sub();
   11.985396 |   2)   0.663 us    |                            }
   11.985396 |   2)   0.912 us    |                          }
   11.985397 |   2)   3.361 us    |                        }
   11.985397 |   2)               |                        filemap_alloc_folio_noprof() {
   11.985397 |   2)               |                          folio_alloc_noprof() {
   11.985397 |   2)               |                            alloc_pages_mpol() {
   11.985397 |   2)   0.125 us    |                              policy_nodemask();
   11.985398 |   2)               |                              __alloc_frozen_pages_noprof() {
   11.985403 |   2)               |                                get_page_from_freelist() {
   11.985403 |   2)   0.141 us    |                                  preempt_count_add();
   11.985403 |   2)               |                                  _raw_spin_trylock() {
   11.985403 |   2)   0.129 us    |                                    preempt_count_add();
   11.985404 |   2)   0.412 us    |                                  }
   11.985404 |   2)               |                                  _raw_spin_unlock() {
   11.985404 |   2)   0.130 us    |                                    preempt_count_sub();
   11.985404 |   2)   0.408 us    |                                  }
   11.985404 |   2)   0.131 us    |                                  preempt_count_sub();
   11.985405 |   2)   6.960 us    |                                }
   11.985405 |   2)   7.234 us    |                              }
   11.985405 |   2)   7.756 us    |                            }
   11.985405 |   2)   8.012 us    |                          }
   11.985405 |   2)   8.260 us    |                        }
   11.985405 |   2)               |                        filemap_add_folio() {
   11.985405 |   2)               |                          __filemap_add_folio() {
   11.985406 |   2)   0.122 us    |                            shmem_mapping();
   11.985406 |   2)               |                            _raw_spin_lock_irq() {
   11.985406 |   2)   0.124 us    |                              preempt_count_add();
   11.985406 |   2)   0.400 us    |                            }
   11.985406 |   2)   0.125 us    |                            workingset_update_node();
   11.985407 |   2)   0.128 us    |                            mod_node_page_state();
   11.985407 |   2)               |                            _raw_spin_unlock_irq() {
   11.985407 |   2)   0.127 us    |                              preempt_count_sub();
   11.985407 |   2)   0.398 us    |                            }
   11.985408 |   2)   2.062 us    |                          }
   11.985408 |   2)               |                          folio_add_lru() {
   11.985408 |   2)               |                            __folio_batch_add_and_move() {
   11.985408 |   2)   0.124 us    |                              preempt_count_add();
   11.985408 |   2)   0.124 us    |                              preempt_count_sub();
   11.985408 |   2)   0.685 us    |                            }
   11.985409 |   2)   0.932 us    |                          }
   11.985409 |   2)   3.404 us    |                        }
   11.985409 |   2)               |                        filemap_alloc_folio_noprof() {
   11.985409 |   2)               |                          folio_alloc_noprof() {
   11.985409 |   2)               |                            alloc_pages_mpol() {
   11.985410 |   2)   0.123 us    |                              policy_nodemask();
   11.985410 |   2)               |                              __alloc_frozen_pages_noprof() {
   11.985410 |   2)               |                                get_page_from_freelist() {
   11.985410 |   2)   0.125 us    |                                  preempt_count_add();
   11.985410 |   2)               |                                  _raw_spin_trylock() {
   11.985410 |   2)   0.129 us    |                                    preempt_count_add();
   11.985411 |   2)   0.395 us    |                                  }
   11.985411 |   2)               |                                  _raw_spin_unlock() {
   11.985411 |   2)   0.122 us    |                                    preempt_count_sub();
   11.985411 |   2)   0.412 us    |                                  }
   11.985411 |   2)   0.125 us    |                                  preempt_count_sub();
   11.985412 |   2)   1.779 us    |                                }
   11.985412 |   2)   2.059 us    |                              }
   11.985412 |   2)   2.599 us    |                            }
   11.985412 |   2)   2.857 us    |                          }
   11.985412 |   2)   3.126 us    |                        }
   11.985412 |   2)               |                        filemap_add_folio() {
   11.985412 |   2)               |                          __filemap_add_folio() {
   11.985413 |   2)   0.122 us    |                            shmem_mapping();
   11.985413 |   2)               |                            _raw_spin_lock_irq() {
   11.985413 |   2)   0.124 us    |                              preempt_count_add();
   11.985413 |   2)   0.396 us    |                            }
   11.985413 |   2)   0.122 us    |                            workingset_update_node();
   11.985414 |   2)   0.125 us    |                            mod_node_page_state();
   11.985414 |   2)               |                            _raw_spin_unlock_irq() {
   11.985414 |   2)   0.127 us    |                              preempt_count_sub();
   11.985414 |   2)   0.399 us    |                            }
   11.985415 |   2)   2.057 us    |                          }
   11.985415 |   2)               |                          folio_add_lru() {
   11.985415 |   2)               |                            __folio_batch_add_and_move() {
   11.985415 |   2)   0.124 us    |                              preempt_count_add();
   11.985415 |   2)   0.125 us    |                              preempt_count_sub();
   11.985415 |   2)   0.657 us    |                            }
   11.985416 |   2)   0.907 us    |                          }
   11.985416 |   2)   3.363 us    |                        }
   11.985416 |   2)               |                        filemap_alloc_folio_noprof() {
   11.985416 |   2)               |                          folio_alloc_noprof() {
   11.985416 |   2)               |                            alloc_pages_mpol() {
   11.985416 |   2)   0.124 us    |                              policy_nodemask();
   11.985417 |   2)               |                              __alloc_frozen_pages_noprof() {
   11.985417 |   2)               |                                get_page_from_freelist() {
   11.985417 |   2)   0.130 us    |                                  preempt_count_add();
   11.985417 |   2)               |                                  _raw_spin_trylock() {
   11.985417 |   2)   0.129 us    |                                    preempt_count_add();
   11.985418 |   2)   0.462 us    |                                  }
   11.985418 |   2)               |                                  _raw_spin_unlock() {
   11.985418 |   2)   0.124 us    |                                    preempt_count_sub();
   11.985418 |   2)   0.399 us    |                                  }
   11.985418 |   2)   0.131 us    |                                  preempt_count_sub();
   11.985419 |   2)   1.904 us    |                                }
   11.985419 |   2)   2.187 us    |                              }
   11.985419 |   2)   2.711 us    |                            }
   11.985419 |   2)   2.965 us    |                          }
   11.985419 |   2)   3.215 us    |                        }
   11.985419 |   2)               |                        filemap_add_folio() {
   11.985420 |   2)               |                          __filemap_add_folio() {
   11.985420 |   2)   0.122 us    |                            shmem_mapping();
   11.985420 |   2)               |                            _raw_spin_lock_irq() {
   11.985420 |   2)   0.125 us    |                              preempt_count_add();
   11.985420 |   2)   0.396 us    |                            }
   11.985421 |   2)   0.123 us    |                            workingset_update_node();
   11.985421 |   2)   0.125 us    |                            mod_node_page_state();
   11.985421 |   2)               |                            _raw_spin_unlock_irq() {
   11.985421 |   2)   0.124 us    |                              preempt_count_sub();
   11.985422 |   2)   0.398 us    |                            }
   11.985422 |   2)   2.090 us    |                          }
   11.985422 |   2)               |                          folio_add_lru() {
   11.985422 |   2)               |                            __folio_batch_add_and_move() {
   11.985422 |   2)   0.125 us    |                              preempt_count_add();
   11.985422 |   2)   0.125 us    |                              preempt_count_sub();
   11.985423 |   2)   0.659 us    |                            }
   11.985423 |   2)   0.908 us    |                          }
   11.985423 |   2)   3.432 us    |                        }
   11.985423 |   2)               |                        filemap_alloc_folio_noprof() {
   11.985423 |   2)               |                          folio_alloc_noprof() {
   11.985423 |   2)               |                            alloc_pages_mpol() {
   11.985424 |   2)   0.122 us    |                              policy_nodemask();
   11.985424 |   2)               |                              __alloc_frozen_pages_noprof() {
   11.985424 |   2)               |                                get_page_from_freelist() {
   11.985424 |   2)   0.123 us    |                                  preempt_count_add();
   11.985424 |   2)               |                                  _raw_spin_trylock() {
   11.985424 |   2)   0.128 us    |                                    preempt_count_add();
   11.985425 |   2)   0.392 us    |                                  }
   11.985425 |   2)               |                                  _raw_spin_unlock() {
   11.985425 |   2)   0.123 us    |                                    preempt_count_sub();
   11.985425 |   2)   0.385 us    |                                  }
   11.985425 |   2)   0.126 us    |                                  preempt_count_sub();
   11.985426 |   2)   1.728 us    |                                }
   11.985426 |   2)   2.011 us    |                              }
   11.985426 |   2)   2.531 us    |                            }
   11.985426 |   2)   2.785 us    |                          }
   11.985426 |   2)   3.035 us    |                        }
   11.985426 |   2)               |                        filemap_add_folio() {
   11.985427 |   2)               |                          __filemap_add_folio() {
   11.985427 |   2)   0.123 us    |                            shmem_mapping();
   11.985427 |   2)               |                            _raw_spin_lock_irq() {
   11.985427 |   2)   0.126 us    |                              preempt_count_add();
   11.985427 |   2)   0.396 us    |                            }
   11.985427 |   2)   0.124 us    |                            workingset_update_node();
   11.985428 |   2)   0.125 us    |                            mod_node_page_state();
   11.985428 |   2)               |                            _raw_spin_unlock_irq() {
   11.985428 |   2)   0.126 us    |                              preempt_count_sub();
   11.985428 |   2)   0.398 us    |                            }
   11.985429 |   2)   2.051 us    |                          }
   11.985429 |   2)               |                          folio_add_lru() {
   11.985429 |   2)               |                            __folio_batch_add_and_move() {
   11.985429 |   2)   0.125 us    |                              preempt_count_add();
   11.985429 |   2)   0.125 us    |                              preempt_count_sub();
   11.985430 |   2)   0.661 us    |                            }
   11.985430 |   2)   0.908 us    |                          }
   11.985430 |   2)   3.428 us    |                        }
   11.985430 |   2)               |                        filemap_alloc_folio_noprof() {
   11.985430 |   2)               |                          folio_alloc_noprof() {
   11.985430 |   2)               |                            alloc_pages_mpol() {
   11.985431 |   2)   0.127 us    |                              policy_nodemask();
   11.985431 |   2)               |                              __alloc_frozen_pages_noprof() {
   11.985431 |   2)               |                                get_page_from_freelist() {
   11.985431 |   2)   0.125 us    |                                  preempt_count_add();
   11.985431 |   2)               |                                  _raw_spin_trylock() {
   11.985432 |   2)   0.218 us    |                                    preempt_count_add();
   11.985432 |   2)   0.537 us    |                                  }
   11.985432 |   2)               |                                  _raw_spin_unlock() {
   11.985432 |   2)   0.123 us    |                                    preempt_count_sub();
   11.985432 |   2)   0.394 us    |                                  }
   11.985433 |   2)   0.127 us    |                                  preempt_count_sub();
   11.985433 |   2)   1.908 us    |                                }
   11.985433 |   2)   2.182 us    |                              }
   11.985433 |   2)   2.710 us    |                            }
   11.985433 |   2)   2.960 us    |                          }
   11.985433 |   2)   3.208 us    |                        }
   11.985434 |   2)               |                        filemap_add_folio() {
   11.985434 |   2)               |                          __filemap_add_folio() {
   11.985434 |   2)   0.123 us    |                            shmem_mapping();
   11.985434 |   2)               |                            _raw_spin_lock_irq() {
   11.985434 |   2)   0.124 us    |                              preempt_count_add();
   11.985434 |   2)   0.396 us    |                            }
   11.985435 |   2)   0.125 us    |                            workingset_update_node();
   11.985435 |   2)   0.125 us    |                            mod_node_page_state();
   11.985435 |   2)               |                            _raw_spin_unlock_irq() {
   11.985435 |   2)   0.125 us    |                              preempt_count_sub();
   11.985436 |   2)   0.397 us    |                            }
   11.985436 |   2)   2.047 us    |                          }
   11.985436 |   2)               |                          folio_add_lru() {
   11.985436 |   2)               |                            __folio_batch_add_and_move() {
   11.985436 |   2)   0.123 us    |                              preempt_count_add();
   11.985436 |   2)   0.125 us    |                              preempt_count_sub();
   11.985437 |   2)   0.679 us    |                            }
   11.985437 |   2)   0.927 us    |                          }
   11.985437 |   2)   3.420 us    |                        }
   11.985437 |   2)               |                        filemap_alloc_folio_noprof() {
   11.985437 |   2)               |                          folio_alloc_noprof() {
   11.985437 |   2)               |                            alloc_pages_mpol() {
   11.985438 |   2)   0.124 us    |                              policy_nodemask();
   11.985438 |   2)               |                              __alloc_frozen_pages_noprof() {
   11.985438 |   2)               |                                get_page_from_freelist() {
   11.985438 |   2)   0.125 us    |                                  preempt_count_add();
   11.985438 |   2)               |                                  _raw_spin_trylock() {
   11.985439 |   2)   0.138 us    |                                    preempt_count_add();
   11.985439 |   2)   0.402 us    |                                  }
   11.985439 |   2)               |                                  _raw_spin_unlock() {
   11.985439 |   2)   0.123 us    |                                    preempt_count_sub();
   11.985439 |   2)   0.388 us    |                                  }
   11.985440 |   2)   0.124 us    |                                  preempt_count_sub();
   11.985440 |   2)   1.809 us    |                                }
   11.985440 |   2)   2.083 us    |                              }
   11.985440 |   2)   2.603 us    |                            }
   11.985440 |   2)   2.854 us    |                          }
   11.985440 |   2)   3.103 us    |                        }
   11.985440 |   2)               |                        filemap_add_folio() {
   11.985441 |   2)               |                          __filemap_add_folio() {
   11.985441 |   2)   0.123 us    |                            shmem_mapping();
   11.985441 |   2)               |                            _raw_spin_lock_irq() {
   11.985441 |   2)   0.125 us    |                              preempt_count_add();
   11.985441 |   2)   0.395 us    |                            }
   11.985442 |   2)   0.124 us    |                            workingset_update_node();
   11.985442 |   2)   0.125 us    |                            mod_node_page_state();
   11.985442 |   2)               |                            _raw_spin_unlock_irq() {
   11.985442 |   2)   0.126 us    |                              preempt_count_sub();
   11.985443 |   2)   0.396 us    |                            }
   11.985443 |   2)   2.048 us    |                          }
   11.985443 |   2)               |                          folio_add_lru() {
   11.985443 |   2)               |                            __folio_batch_add_and_move() {
   11.985443 |   2)   0.123 us    |                              preempt_count_add();
   11.985443 |   2)   0.124 us    |                              preempt_count_sub();
   11.985444 |   2)   0.654 us    |                            }
   11.985444 |   2)   0.902 us    |                          }
   11.985444 |   2)   3.393 us    |                        }
   11.985444 |   2)               |                        filemap_alloc_folio_noprof() {
   11.985444 |   2)               |                          folio_alloc_noprof() {
   11.985444 |   2)               |                            alloc_pages_mpol() {
   11.985445 |   2)   0.123 us    |                              policy_nodemask();
   11.985445 |   2)               |                              __alloc_frozen_pages_noprof() {
   11.985445 |   2)               |                                get_page_from_freelist() {
   11.985445 |   2)   0.125 us    |                                  preempt_count_add();
   11.985445 |   2)               |                                  _raw_spin_trylock() {
   11.985446 |   2)   0.124 us    |                                    preempt_count_add();
   11.985446 |   2)   0.388 us    |                                  }
   11.985446 |   2)               |                                  _raw_spin_unlock() {
   11.985446 |   2)   0.123 us    |                                    preempt_count_sub();
   11.985446 |   2)   0.385 us    |                                  }
   11.985447 |   2)   0.125 us    |                                  preempt_count_sub();
   11.985447 |   2)   1.893 us    |                                }
   11.985447 |   2)   2.169 us    |                              }
   11.985447 |   2)   2.692 us    |                            }
   11.985447 |   2)   2.942 us    |                          }
   11.985447 |   2)   3.191 us    |                        }
   11.985448 |   2)               |                        filemap_add_folio() {
   11.985448 |   2)               |                          __filemap_add_folio() {
   11.985448 |   2)   0.123 us    |                            shmem_mapping();
   11.985448 |   2)               |                            _raw_spin_lock_irq() {
   11.985448 |   2)   0.128 us    |                              preempt_count_add();
   11.985449 |   2)   0.458 us    |                            }
   11.985449 |   2)   0.124 us    |                            workingset_update_node();
   11.985449 |   2)   0.132 us    |                            mod_node_page_state();
   11.985449 |   2)               |                            _raw_spin_unlock_irq() {
   11.985449 |   2)   0.126 us    |                              preempt_count_sub();
   11.985450 |   2)   0.400 us    |                            }
   11.985450 |   2)   2.114 us    |                          }
   11.985450 |   2)               |                          folio_add_lru() {
   11.985450 |   2)               |                            __folio_batch_add_and_move() {
   11.985450 |   2)   0.122 us    |                              preempt_count_add();
   11.985451 |   2)   0.125 us    |                              preempt_count_sub();
   11.985451 |   2)   0.737 us    |                            }
   11.985451 |   2)   0.988 us    |                          }
   11.985451 |   2)   3.546 us    |                        }
   11.985451 |   2)               |                        filemap_alloc_folio_noprof() {
   11.985452 |   2)               |                          folio_alloc_noprof() {
   11.985452 |   2)               |                            alloc_pages_mpol() {
   11.985452 |   2)   0.124 us    |                              policy_nodemask();
   11.985452 |   2)               |                              __alloc_frozen_pages_noprof() {
   11.985452 |   2)               |                                get_page_from_freelist() {
   11.985452 |   2)   0.123 us    |                                  preempt_count_add();
   11.985453 |   2)               |                                  _raw_spin_trylock() {
   11.985453 |   2)   0.122 us    |                                    preempt_count_add();
   11.985453 |   2)   0.453 us    |                                  }
   11.985453 |   2)               |                                  _raw_spin_unlock() {
   11.985453 |   2)   0.124 us    |                                    preempt_count_sub();
   11.985454 |   2)   0.387 us    |                                  }
   11.985454 |   2)   0.127 us    |                                  preempt_count_sub();
   11.985454 |   2)   1.833 us    |                                }
   11.985454 |   2)   2.107 us    |                              }
   11.985454 |   2)   2.634 us    |                            }
   11.985454 |   2)   2.886 us    |                          }
   11.985455 |   2)   3.135 us    |                        }
   11.985455 |   2)               |                        filemap_add_folio() {
   11.985455 |   2)               |                          __filemap_add_folio() {
   11.985455 |   2)   0.122 us    |                            shmem_mapping();
   11.985455 |   2)               |                            _raw_spin_lock_irq() {
   11.985455 |   2)   0.126 us    |                              preempt_count_add();
   11.985456 |   2)   0.397 us    |                            }
   11.985456 |   2)   0.123 us    |                            workingset_update_node();
   11.985456 |   2)   0.124 us    |                            mod_node_page_state();
   11.985456 |   2)               |                            _raw_spin_unlock_irq() {
   11.985456 |   2)   0.126 us    |                              preempt_count_sub();
   11.985457 |   2)   0.400 us    |                            }
   11.985457 |   2)   2.071 us    |                          }
   11.985457 |   2)               |                          folio_add_lru() {
   11.985457 |   2)               |                            __folio_batch_add_and_move() {
   11.985457 |   2)   0.126 us    |                              preempt_count_add();
   11.985458 |   2)   0.125 us    |                              preempt_count_sub();
   11.985458 |   2)   0.662 us    |                            }
   11.985458 |   2)   0.908 us    |                          }
   11.985458 |   2)   3.380 us    |                        }
   11.985458 |   2)               |                        filemap_alloc_folio_noprof() {
   11.985459 |   2)               |                          folio_alloc_noprof() {
   11.985459 |   2)               |                            alloc_pages_mpol() {
   11.985459 |   2)   0.125 us    |                              policy_nodemask();
   11.985459 |   2)               |                              __alloc_frozen_pages_noprof() {
   11.985459 |   2)               |                                get_page_from_freelist() {
   11.985459 |   2)   0.125 us    |                                  preempt_count_add();
   11.985460 |   2)               |                                  _raw_spin_trylock() {
   11.985460 |   2)   0.124 us    |                                    preempt_count_add();
   11.985460 |   2)   0.390 us    |                                  }
   11.985460 |   2)               |                                  _raw_spin_unlock() {
   11.985460 |   2)   0.215 us    |                                    preempt_count_sub();
   11.985461 |   2)   0.480 us    |                                  }
   11.985461 |   2)   0.126 us    |                                  preempt_count_sub();
   11.985461 |   2)   1.868 us    |                                }
   11.985461 |   2)   2.142 us    |                              }
   11.985461 |   2)   2.667 us    |                            }
   11.985461 |   2)   2.918 us    |                          }
   11.985462 |   2)   3.169 us    |                        }
   11.985462 |   2)               |                        filemap_add_folio() {
   11.985462 |   2)               |                          __filemap_add_folio() {
   11.985462 |   2)   0.122 us    |                            shmem_mapping();
   11.985462 |   2)               |                            _raw_spin_lock_irq() {
   11.985462 |   2)   0.133 us    |                              preempt_count_add();
   11.985463 |   2)   0.476 us    |                            }
   11.985463 |   2)   0.122 us    |                            workingset_update_node();
   11.985463 |   2)   0.141 us    |                            mod_node_page_state();
   11.985463 |   2)               |                            _raw_spin_unlock_irq() {
   11.985464 |   2)   0.146 us    |                              preempt_count_sub();
   11.985464 |   2)   0.418 us    |                            }
   11.985464 |   2)   2.211 us    |                          }
   11.985464 |   2)               |                          folio_add_lru() {
   11.985464 |   2)               |                            __folio_batch_add_and_move() {
   11.985464 |   2)   0.124 us    |                              preempt_count_add();
   11.985465 |   2)   0.125 us    |                              preempt_count_sub();
   11.985465 |   2)   0.656 us    |                            }
   11.985465 |   2)   0.915 us    |                          }
   11.985465 |   2)   3.525 us    |                        }
   11.985466 |   2)               |                        filemap_alloc_folio_noprof() {
   11.985466 |   2)               |                          folio_alloc_noprof() {
   11.985466 |   2)               |                            alloc_pages_mpol() {
   11.985466 |   2)   0.138 us    |                              policy_nodemask();
   11.985466 |   2)               |                              __alloc_frozen_pages_noprof() {
   11.985466 |   2)               |                                get_page_from_freelist() {
   11.985467 |   2)   0.126 us    |                                  preempt_count_add();
   11.985467 |   2)               |                                  _raw_spin_trylock() {
   11.985467 |   2)   0.126 us    |                                    preempt_count_add();
   11.985467 |   2)   0.401 us    |                                  }
   11.985467 |   2)               |                                  _raw_spin_unlock() {
   11.985467 |   2)   0.136 us    |                                    preempt_count_sub();
   11.985468 |   2)   0.411 us    |                                  }
   11.985468 |   2)   0.125 us    |                                  preempt_count_sub();
   11.985468 |   2)   1.817 us    |                                }
   11.985468 |   2)   2.102 us    |                              }
   11.985468 |   2)   2.639 us    |                            }
   11.985469 |   2)   2.897 us    |                          }
   11.985469 |   2)   3.147 us    |                        }
   11.985469 |   2)               |                        filemap_add_folio() {
   11.985469 |   2)               |                          __filemap_add_folio() {
   11.985469 |   2)   0.125 us    |                            shmem_mapping();
   11.985469 |   2)               |                            _raw_spin_lock_irq() {
   11.985470 |   2)   0.124 us    |                              preempt_count_add();
   11.985470 |   2)   0.396 us    |                            }
   11.985470 |   2)   0.124 us    |                            workingset_update_node();
   11.985470 |   2)   0.125 us    |                            mod_node_page_state();
   11.985471 |   2)               |                            _raw_spin_unlock_irq() {
   11.985471 |   2)   0.126 us    |                              preempt_count_sub();
   11.985471 |   2)   0.402 us    |                            }
   11.985471 |   2)   2.080 us    |                          }
   11.985471 |   2)               |                          folio_add_lru() {
   11.985471 |   2)               |                            __folio_batch_add_and_move() {
   11.985471 |   2)   0.124 us    |                              preempt_count_add();
   11.985472 |   2)   0.126 us    |                              preempt_count_sub();
   11.985472 |   2)   0.658 us    |                            }
   11.985472 |   2)   0.906 us    |                          }
   11.985472 |   2)   3.388 us    |                        }
   11.985473 |   2)               |                        filemap_alloc_folio_noprof() {
   11.985473 |   2)               |                          folio_alloc_noprof() {
   11.985473 |   2)               |                            alloc_pages_mpol() {
   11.985473 |   2)   0.124 us    |                              policy_nodemask();
   11.985473 |   2)               |                              __alloc_frozen_pages_noprof() {
   11.985473 |   2)               |                                get_page_from_freelist() {
   11.985474 |   2)   0.123 us    |                                  preempt_count_add();
   11.985474 |   2)               |                                  _raw_spin_trylock() {
   11.985474 |   2)   0.129 us    |                                    preempt_count_add();
   11.985474 |   2)   0.392 us    |                                  }
   11.985474 |   2)               |                                  _raw_spin_unlock() {
   11.985474 |   2)   0.123 us    |                                    preempt_count_sub();
   11.985475 |   2)   0.385 us    |                                  }
   11.985475 |   2)   0.129 us    |                                  preempt_count_sub();
   11.985475 |   2)   1.828 us    |                                }
   11.985475 |   2)   2.106 us    |                              }
   11.985476 |   2)   2.629 us    |                            }
   11.985476 |   2)   2.880 us    |                          }
   11.985476 |   2)   3.129 us    |                        }
   11.985476 |   2)               |                        filemap_add_folio() {
   11.985476 |   2)               |                          __filemap_add_folio() {
   11.985476 |   2)   0.154 us    |                            shmem_mapping();
   11.985476 |   2)               |                            _raw_spin_lock_irq() {
   11.985477 |   2)   0.127 us    |                              preempt_count_add();
   11.985477 |   2)   0.398 us    |                            }
   11.985477 |   2)   0.124 us    |                            workingset_update_node();
   11.985477 |   2)   0.137 us    |                            mod_node_page_state();
   11.985478 |   2)               |                            _raw_spin_unlock_irq() {
   11.985478 |   2)   0.125 us    |                              preempt_count_sub();
   11.985478 |   2)   0.397 us    |                            }
   11.985478 |   2)   2.093 us    |                          }
   11.985478 |   2)               |                          folio_add_lru() {
   11.985478 |   2)               |                            __folio_batch_add_and_move() {
   11.985479 |   2)   0.125 us    |                              preempt_count_add();
   11.985479 |   2)   0.125 us    |                              preempt_count_sub();
   11.985479 |   2)   0.681 us    |                            }
   11.985479 |   2)   0.929 us    |                          }
   11.985479 |   2)   3.423 us    |                        }
   11.985480 |   2)               |                        filemap_alloc_folio_noprof() {
   11.985480 |   2)               |                          folio_alloc_noprof() {
   11.985480 |   2)               |                            alloc_pages_mpol() {
   11.985480 |   2)   0.124 us    |                              policy_nodemask();
   11.985480 |   2)               |                              __alloc_frozen_pages_noprof() {
   11.985480 |   2)               |                                get_page_from_freelist() {
   11.985481 |   2)   0.126 us    |                                  preempt_count_add();
   11.985481 |   2)               |                                  _raw_spin_trylock() {
   11.985481 |   2)   0.130 us    |                                    preempt_count_add();
   11.985481 |   2)   0.390 us    |                                  }
   11.985481 |   2)               |                                  _raw_spin_unlock() {
   11.985481 |   2)   0.123 us    |                                    preempt_count_sub();
   11.985482 |   2)   0.387 us    |                                  }
   11.985482 |   2)   0.125 us    |                                  preempt_count_sub();
   11.985482 |   2)   1.764 us    |                                }
   11.985482 |   2)   2.043 us    |                              }
   11.985483 |   2)   2.566 us    |                            }
   11.985483 |   2)   2.843 us    |                          }
   11.985483 |   2)   3.094 us    |                        }
   11.985483 |   2)               |                        filemap_add_folio() {
   11.985483 |   2)               |                          __filemap_add_folio() {
   11.985483 |   2)   0.124 us    |                            shmem_mapping();
   11.985483 |   2)               |                            _raw_spin_lock_irq() {
   11.985484 |   2)   0.129 us    |                              preempt_count_add();
   11.985484 |   2)   0.407 us    |                            }
   11.985484 |   2)   0.124 us    |                            workingset_update_node();
   11.985484 |   2)   0.127 us    |                            mod_node_page_state();
   11.985485 |   2)               |                            _raw_spin_unlock_irq() {
   11.985485 |   2)   0.125 us    |                              preempt_count_sub();
   11.985485 |   2)   0.398 us    |                            }
   11.985485 |   2)   2.040 us    |                          }
   11.985485 |   2)               |                          folio_add_lru() {
   11.985485 |   2)               |                            __folio_batch_add_and_move() {
   11.985485 |   2)   0.124 us    |                              preempt_count_add();
   11.985486 |   2)   0.127 us    |                              preempt_count_sub();
   11.985486 |   2)   0.685 us    |                            }
   11.985486 |   2)   0.935 us    |                          }
   11.985486 |   2)   3.402 us    |                        }
   11.985487 |   2)               |                        filemap_alloc_folio_noprof() {
   11.985487 |   2)               |                          folio_alloc_noprof() {
   11.985487 |   2)               |                            alloc_pages_mpol() {
   11.985487 |   2)   0.125 us    |                              policy_nodemask();
   11.985487 |   2)               |                              __alloc_frozen_pages_noprof() {
   11.985487 |   2)               |                                get_page_from_freelist() {
   11.985488 |   2)   0.126 us    |                                  preempt_count_add();
   11.985488 |   2)               |                                  _raw_spin_trylock() {
   11.985488 |   2)   0.123 us    |                                    preempt_count_add();
   11.985488 |   2)   0.386 us    |                                  }
   11.985488 |   2)               |                                  _raw_spin_unlock() {
   11.985488 |   2)   0.125 us    |                                    preempt_count_sub();
   11.985489 |   2)   0.389 us    |                                  }
   11.985489 |   2)   0.127 us    |                                  preempt_count_sub();
   11.985489 |   2)   1.827 us    |                                }
   11.985489 |   2)   2.103 us    |                              }
   11.985490 |   2)   2.628 us    |                            }
   11.985490 |   2)   2.880 us    |                          }
   11.985490 |   2)   3.130 us    |                        }
   11.985490 |   2)               |                        filemap_add_folio() {
   11.985490 |   2)               |                          __filemap_add_folio() {
   11.985490 |   2)   0.126 us    |                            shmem_mapping();
   11.985491 |   2)               |                            _raw_spin_lock_irq() {
   11.985491 |   2)   0.126 us    |                              preempt_count_add();
   11.985491 |   2)   0.401 us    |                            }
   11.985491 |   2)   0.124 us    |                            workingset_update_node();
   11.985491 |   2)   0.127 us    |                            mod_node_page_state();
   11.985492 |   2)               |                            _raw_spin_unlock_irq() {
   11.985492 |   2)   0.126 us    |                              preempt_count_sub();
   11.985492 |   2)   0.402 us    |                            }
   11.985492 |   2)   2.144 us    |                          }
   11.985492 |   2)               |                          folio_add_lru() {
   11.985493 |   2)               |                            __folio_batch_add_and_move() {
   11.985493 |   2)   0.125 us    |                              preempt_count_add();
   11.985493 |   2)   0.126 us    |                              preempt_count_sub();
   11.985493 |   2)   0.729 us    |                            }
   11.985493 |   2)   0.986 us    |                          }
   11.985494 |   2)   3.592 us    |                        }
   11.985494 |   2)               |                        filemap_alloc_folio_noprof() {
   11.985494 |   2)               |                          folio_alloc_noprof() {
   11.985494 |   2)               |                            alloc_pages_mpol() {
   11.985494 |   2)   0.125 us    |                              policy_nodemask();
   11.985495 |   2)               |                              __alloc_frozen_pages_noprof() {
   11.985495 |   2)               |                                get_page_from_freelist() {
   11.985495 |   2)   0.127 us    |                                  preempt_count_add();
   11.985495 |   2)               |                                  _raw_spin_trylock() {
   11.985495 |   2)   0.124 us    |                                    preempt_count_add();
   11.985495 |   2)   0.390 us    |                                  }
   11.985496 |   2)               |                                  _raw_spin_unlock() {
   11.985496 |   2)   0.125 us    |                                    preempt_count_sub();
   11.985496 |   2)   0.389 us    |                                  }
   11.985496 |   2)   0.127 us    |                                  preempt_count_sub();
   11.985496 |   2)   1.798 us    |                                }
   11.985497 |   2)   2.072 us    |                              }
   11.985497 |   2)   2.607 us    |                            }
   11.985497 |   2)   2.858 us    |                          }
   11.985497 |   2)   3.107 us    |                        }
   11.985497 |   2)               |                        filemap_add_folio() {
   11.985497 |   2)               |                          __filemap_add_folio() {
   11.985497 |   2)   0.124 us    |                            shmem_mapping();
   11.985498 |   2)               |                            _raw_spin_lock_irq() {
   11.985498 |   2)   0.125 us    |                              preempt_count_add();
   11.985498 |   2)   0.396 us    |                            }
   11.985498 |   2)   0.124 us    |                            workingset_update_node();
   11.985498 |   2)   0.127 us    |                            mod_node_page_state();
   11.985499 |   2)               |                            _raw_spin_unlock_irq() {
   11.985499 |   2)   0.126 us    |                              preempt_count_sub();
   11.985499 |   2)   0.399 us    |                            }
   11.985499 |   2)   2.045 us    |                          }
   11.985499 |   2)               |                          folio_add_lru() {
   11.985500 |   2)               |                            __folio_batch_add_and_move() {
   11.985500 |   2)   0.125 us    |                              preempt_count_add();
   11.985500 |   2)               |                              folio_batch_move_lru() {
   11.985500 |   2)               |                                _raw_spin_lock_irqsave() {
   11.985500 |   2)   0.125 us    |                                  preempt_count_add();
   11.985501 |   2)   0.437 us    |                                }
   11.985501 |   2)               |                                lru_add() {
   11.985501 |   2)   0.125 us    |                                  folio_mapping();
   11.985501 |   2)   0.125 us    |                                  mod_node_page_state();
   11.985502 |   2)   0.125 us    |                                  __mod_zone_page_state();
   11.985502 |   2)   1.131 us    |                                }
   11.985502 |   2)               |                                lru_add() {
   11.985502 |   2)   0.126 us    |                                  folio_mapping();
   11.985503 |   2)   0.127 us    |                                  mod_node_page_state();
   11.985503 |   2)   0.127 us    |                                  __mod_zone_page_state();
   11.985503 |   2)   1.108 us    |                                }
   11.985503 |   2)               |                                lru_add() {
   11.985504 |   2)   0.125 us    |                                  folio_mapping();
   11.985504 |   2)   0.128 us    |                                  mod_node_page_state();
   11.985504 |   2)   0.134 us    |                                  __mod_zone_page_state();
   11.985505 |   2)   1.212 us    |                                }
   11.985505 |   2)               |                                lru_add() {
   11.985505 |   2)   0.126 us    |                                  folio_mapping();
   11.985506 |   2)   0.128 us    |                                  mod_node_page_state();
   11.985506 |   2)   0.132 us    |                                  __mod_zone_page_state();
   11.985506 |   2)   1.154 us    |                                }
   11.985506 |   2)               |                                lru_add() {
   11.985507 |   2)   0.125 us    |                                  folio_mapping();
   11.985507 |   2)   0.127 us    |                                  mod_node_page_state();
   11.985507 |   2)   0.132 us    |                                  __mod_zone_page_state();
   11.985507 |   2)   1.153 us    |                                }
   11.985508 |   2)               |                                lru_add() {
   11.985508 |   2)   0.126 us    |                                  folio_mapping();
   11.985508 |   2)   0.127 us    |                                  mod_node_page_state();
   11.985509 |   2)   0.128 us    |                                  __mod_zone_page_state();
   11.985509 |   2)   1.161 us    |                                }
   11.985509 |   2)               |                                lru_add() {
   11.985509 |   2)   0.126 us    |                                  folio_mapping();
   11.985510 |   2)   0.127 us    |                                  mod_node_page_state();
   11.985510 |   2)   0.139 us    |                                  __mod_zone_page_state();
   11.985510 |   2)   1.129 us    |                                }
   11.985510 |   2)               |                                lru_add() {
   11.985511 |   2)   0.125 us    |                                  folio_mapping();
   11.985511 |   2)   0.125 us    |                                  mod_node_page_state();
   11.985511 |   2)   0.125 us    |                                  __mod_zone_page_state();
   11.985512 |   2)   1.100 us    |                                }
   11.985512 |   2)               |                                lru_add() {
   11.985512 |   2)   0.127 us    |                                  folio_mapping();
   11.985512 |   2)   0.127 us    |                                  mod_node_page_state();
   11.985513 |   2)   0.126 us    |                                  __mod_zone_page_state();
   11.985513 |   2)   1.126 us    |                                }
   11.985513 |   2)               |                                lru_add() {
   11.985513 |   2)   0.126 us    |                                  folio_mapping();
   11.985514 |   2)   0.129 us    |                                  mod_node_page_state();
   11.985514 |   2)   0.126 us    |                                  __mod_zone_page_state();
   11.985514 |   2)   1.130 us    |                                }
   11.985514 |   2)               |                                lru_add() {
   11.985514 |   2)   0.128 us    |                                  folio_mapping();
   11.985515 |   2)   0.126 us    |                                  mod_node_page_state();
   11.985515 |   2)   0.126 us    |                                  __mod_zone_page_state();
   11.985515 |   2)   1.129 us    |                                }
   11.985516 |   2)               |                                lru_add() {
   11.985516 |   2)   0.126 us    |                                  folio_mapping();
   11.985516 |   2)   0.126 us    |                                  mod_node_page_state();
   11.985516 |   2)   0.125 us    |                                  __mod_zone_page_state();
   11.985517 |   2)   1.104 us    |                                }
   11.985517 |   2)               |                                lru_add() {
   11.985517 |   2)   0.127 us    |                                  folio_mapping();
   11.985517 |   2)   0.127 us    |                                  mod_node_page_state();
   11.985518 |   2)   0.127 us    |                                  __mod_zone_page_state();
   11.985518 |   2)   1.128 us    |                                }
   11.985518 |   2)               |                                lru_add() {
   11.985518 |   2)   0.128 us    |                                  folio_mapping();
   11.985519 |   2)   0.126 us    |                                  mod_node_page_state();
   11.985519 |   2)   0.127 us    |                                  __mod_zone_page_state();
   11.985519 |   2)   1.129 us    |                                }
   11.985519 |   2)               |                                lru_add() {
   11.985520 |   2)   0.126 us    |                                  folio_mapping();
   11.985520 |   2)   0.128 us    |                                  mod_node_page_state();
   11.985520 |   2)   0.126 us    |                                  __mod_zone_page_state();
   11.985521 |   2)   1.129 us    |                                }
   11.985521 |   2)               |                                lru_add() {
   11.985521 |   2)   0.126 us    |                                  folio_mapping();
   11.985521 |   2)   0.125 us    |                                  mod_node_page_state();
   11.985522 |   2)   0.128 us    |                                  __mod_zone_page_state();
   11.985522 |   2)   1.315 us    |                                }
   11.985522 |   2)               |                                lru_add() {
   11.985522 |   2)   0.127 us    |                                  folio_mapping();
   11.985523 |   2)   0.129 us    |                                  mod_node_page_state();
   11.985523 |   2)   0.126 us    |                                  __mod_zone_page_state();
   11.985523 |   2)   1.145 us    |                                }
   11.985524 |   2)               |                                lru_add() {
   11.985524 |   2)   0.125 us    |                                  folio_mapping();
   11.985524 |   2)   0.127 us    |                                  mod_node_page_state();
   11.985524 |   2)   0.135 us    |                                  __mod_zone_page_state();
   11.985525 |   2)   1.117 us    |                                }
   11.985525 |   2)               |                                lru_add() {
   11.985525 |   2)   0.124 us    |                                  folio_mapping();
   11.985526 |   2)   0.128 us    |                                  mod_node_page_state();
   11.985526 |   2)   0.130 us    |                                  __mod_zone_page_state();
   11.985526 |   2)   1.113 us    |                                }
   11.985526 |   2)               |                                lru_add() {
   11.985527 |   2)   0.125 us    |                                  folio_mapping();
   11.985527 |   2)   0.129 us    |                                  mod_node_page_state();
   11.985527 |   2)   0.127 us    |                                  __mod_zone_page_state();
   11.985527 |   2)   1.134 us    |                                }
   11.985528 |   2)               |                                lru_add() {
   11.985528 |   2)   0.128 us    |                                  folio_mapping();
   11.985528 |   2)   0.129 us    |                                  mod_node_page_state();
   11.985529 |   2)   0.127 us    |                                  __mod_zone_page_state();
   11.985529 |   2)   1.136 us    |                                }
   11.985529 |   2)               |                                lru_add() {
   11.985529 |   2)   0.127 us    |                                  folio_mapping();
   11.985530 |   2)   0.127 us    |                                  mod_node_page_state();
   11.985530 |   2)   0.126 us    |                                  __mod_zone_page_state();
   11.985530 |   2)   1.131 us    |                                }
   11.985530 |   2)               |                                lru_add() {
   11.985531 |   2)   0.125 us    |                                  folio_mapping();
   11.985531 |   2)   0.129 us    |                                  mod_node_page_state();
   11.985531 |   2)   0.126 us    |                                  __mod_zone_page_state();
   11.985531 |   2)   1.132 us    |                                }
   11.985532 |   2)               |                                lru_add() {
   11.985532 |   2)   0.125 us    |                                  folio_mapping();
   11.985532 |   2)   0.128 us    |                                  mod_node_page_state();
   11.985532 |   2)   0.126 us    |                                  __mod_zone_page_state();
   11.985533 |   2)   1.130 us    |                                }
   11.985533 |   2)               |                                lru_add() {
   11.985533 |   2)   0.126 us    |                                  folio_mapping();
   11.985533 |   2)   0.128 us    |                                  mod_node_page_state();
   11.985534 |   2)   0.125 us    |                                  __mod_zone_page_state();
   11.985534 |   2)   1.127 us    |                                }
   11.985534 |   2)               |                                lru_add() {
   11.985534 |   2)   0.127 us    |                                  folio_mapping();
   11.985535 |   2)   0.128 us    |                                  mod_node_page_state();
   11.985535 |   2)   0.127 us    |                                  __mod_zone_page_state();
   11.985535 |   2)   1.128 us    |                                }
   11.985535 |   2)               |                                lru_add() {
   11.985536 |   2)   0.126 us    |                                  folio_mapping();
   11.985536 |   2)   0.128 us    |                                  mod_node_page_state();
   11.985536 |   2)   0.125 us    |                                  __mod_zone_page_state();
   11.985537 |   2)   1.127 us    |                                }
   11.985537 |   2)               |                                lru_add() {
   11.985537 |   2)   0.126 us    |                                  folio_mapping();
   11.985537 |   2)   0.127 us    |                                  mod_node_page_state();
   11.985538 |   2)   0.125 us    |                                  __mod_zone_page_state();
   11.985538 |   2)   1.126 us    |                                }
   11.985538 |   2)               |                                lru_add() {
   11.985538 |   2)   0.124 us    |                                  folio_mapping();
   11.985539 |   2)   0.128 us    |                                  mod_node_page_state();
   11.985539 |   2)   0.128 us    |                                  __mod_zone_page_state();
   11.985539 |   2)   1.123 us    |                                }
   11.985539 |   2)               |                                lru_add() {
   11.985540 |   2)   0.126 us    |                                  folio_mapping();
   11.985540 |   2)   0.128 us    |                                  mod_node_page_state();
   11.985540 |   2)   0.126 us    |                                  __mod_zone_page_state();
   11.985541 |   2)   1.129 us    |                                }
   11.985541 |   2)               |                                lru_add() {
   11.985541 |   2)   0.127 us    |                                  folio_mapping();
   11.985541 |   2)   0.128 us    |                                  mod_node_page_state();
   11.985542 |   2)   0.125 us    |                                  __mod_zone_page_state();
   11.985542 |   2)   1.148 us    |                                }
   11.985542 |   2)               |                                _raw_spin_unlock_irqrestore() {
   11.985542 |   2)   0.135 us    |                                  preempt_count_sub();
   11.985543 |   2)   0.409 us    |                                }
   11.985543 |   2)   0.141 us    |                                free_unref_folios();
   11.985543 |   2)   0.350 us    |                                folios_put_refs();
   11.985544 |   2) + 43.629 us   |                              }
   11.985544 |   2)   0.139 us    |                              preempt_count_sub();
   11.985544 |   2) + 44.491 us   |                            }
   11.985544 |   2) + 44.740 us   |                          }
   11.985544 |   2) + 47.214 us   |                        }
   11.985545 |   2)               |                        filemap_alloc_folio_noprof() {
   11.985545 |   2)               |                          folio_alloc_noprof() {
   11.985545 |   2)               |                            alloc_pages_mpol() {
   11.985545 |   2)   0.126 us    |                              policy_nodemask();
   11.985545 |   2)               |                              __alloc_frozen_pages_noprof() {
   11.985545 |   2)               |                                get_page_from_freelist() {
   11.985546 |   2)   0.129 us    |                                  preempt_count_add();
   11.985546 |   2)               |                                  _raw_spin_trylock() {
   11.985546 |   2)   0.125 us    |                                    preempt_count_add();
   11.985546 |   2)   0.392 us    |                                  }
   11.985546 |   2)               |                                  _raw_spin_unlock() {
   11.985547 |   2)   0.124 us    |                                    preempt_count_sub();
   11.985547 |   2)   0.392 us    |                                  }
   11.985547 |   2)   0.128 us    |                                  preempt_count_sub();
   11.985547 |   2)   1.810 us    |                                }
   11.985547 |   2)   2.099 us    |                              }
   11.985548 |   2)   2.628 us    |                            }
   11.985548 |   2)   2.885 us    |                          }
   11.985548 |   2)   3.148 us    |                        }
   11.985548 |   2)               |                        filemap_add_folio() {
   11.985548 |   2)               |                          __filemap_add_folio() {
   11.985548 |   2)   0.124 us    |                            shmem_mapping();
   11.985548 |   2)               |                            _raw_spin_lock_irq() {
   11.985549 |   2)   0.128 us    |                              preempt_count_add();
   11.985549 |   2)   0.404 us    |                            }
   11.985549 |   2)   0.125 us    |                            workingset_update_node();
   11.985549 |   2)   0.127 us    |                            mod_node_page_state();
   11.985550 |   2)               |                            _raw_spin_unlock_irq() {
   11.985550 |   2)   0.128 us    |                              preempt_count_sub();
   11.985550 |   2)   0.396 us    |                            }
   11.985550 |   2)   2.056 us    |                          }
   11.985550 |   2)               |                          folio_add_lru() {
   11.985550 |   2)               |                            __folio_batch_add_and_move() {
   11.985551 |   2)   0.126 us    |                              preempt_count_add();
   11.985551 |   2)   0.125 us    |                              preempt_count_sub();
   11.985551 |   2)   0.673 us    |                            }
   11.985551 |   2)   0.924 us    |                          }
   11.985551 |   2)   3.383 us    |                        }
   11.985552 |   2)               |                        filemap_alloc_folio_noprof() {
   11.985552 |   2)               |                          folio_alloc_noprof() {
   11.985552 |   2)               |                            alloc_pages_mpol() {
   11.985552 |   2)   0.128 us    |                              policy_nodemask();
   11.985552 |   2)               |                              __alloc_frozen_pages_noprof() {
   11.985553 |   2)               |                                get_page_from_freelist() {
   11.985553 |   2)   0.127 us    |                                  preempt_count_add();
   11.985553 |   2)               |                                  _raw_spin_trylock() {
   11.985553 |   2)   0.124 us    |                                    preempt_count_add();
   11.985553 |   2)   0.392 us    |                                  }
   11.985554 |   2)               |                                  _raw_spin_unlock() {
   11.985554 |   2)   0.133 us    |                                    preempt_count_sub();
   11.985554 |   2)   0.474 us    |                                  }
   11.985554 |   2)   0.127 us    |                                  preempt_count_sub();
   11.985554 |   2)   1.844 us    |                                }
   11.985555 |   2)   2.122 us    |                              }
   11.985555 |   2)   2.678 us    |                            }
   11.985555 |   2)   2.933 us    |                          }
   11.985555 |   2)   3.184 us    |                        }
   11.985555 |   2)               |                        filemap_add_folio() {
   11.985555 |   2)               |                          __filemap_add_folio() {
   11.985555 |   2)   0.124 us    |                            shmem_mapping();
   11.985556 |   2)               |                            _raw_spin_lock_irq() {
   11.985556 |   2)   0.128 us    |                              preempt_count_add();
   11.985556 |   2)   0.404 us    |                            }
   11.985556 |   2)   0.127 us    |                            workingset_update_node();
   11.985556 |   2)   0.127 us    |                            mod_node_page_state();
   11.985557 |   2)               |                            _raw_spin_unlock_irq() {
   11.985557 |   2)   0.126 us    |                              preempt_count_sub();
   11.985557 |   2)   0.401 us    |                            }
   11.985557 |   2)   2.094 us    |                          }
   11.985557 |   2)               |                          folio_add_lru() {
   11.985558 |   2)               |                            __folio_batch_add_and_move() {
   11.985558 |   2)   0.127 us    |                              preempt_count_add();
   11.985558 |   2)   0.126 us    |                              preempt_count_sub();
   11.985558 |   2)   0.658 us    |                            }
   11.985558 |   2)   0.907 us    |                          }
   11.985558 |   2)   3.399 us    |                        }
   11.985559 |   2)               |                        filemap_alloc_folio_noprof() {
   11.985559 |   2)               |                          folio_alloc_noprof() {
   11.985559 |   2)               |                            alloc_pages_mpol() {
   11.985559 |   2)   0.126 us    |                              policy_nodemask();
   11.985559 |   2)               |                              __alloc_frozen_pages_noprof() {
   11.985560 |   2)               |                                get_page_from_freelist() {
   11.985560 |   2)   0.126 us    |                                  preempt_count_add();
   11.985560 |   2)               |                                  _raw_spin_trylock() {
   11.985560 |   2)   0.126 us    |                                    preempt_count_add();
   11.985560 |   2)   0.405 us    |                                  }
   11.985560 |   2)               |                                  _raw_spin_unlock() {
   11.985561 |   2)   0.126 us    |                                    preempt_count_sub();
   11.985561 |   2)   0.405 us    |                                  }
   11.985561 |   2)   0.126 us    |                                  preempt_count_sub();
   11.985561 |   2)   1.789 us    |                                }
   11.985561 |   2)   2.065 us    |                              }
   11.985562 |   2)   2.590 us    |                            }
   11.985562 |   2)   2.843 us    |                          }
   11.985562 |   2)   3.095 us    |                        }
   11.985562 |   2)               |                        filemap_add_folio() {
   11.985562 |   2)               |                          __filemap_add_folio() {
   11.985562 |   2)   0.126 us    |                            shmem_mapping();
   11.985563 |   2)               |                            _raw_spin_lock_irq() {
   11.985563 |   2)   0.127 us    |                              preempt_count_add();
   11.985563 |   2)   0.401 us    |                            }
   11.985563 |   2)   0.126 us    |                            workingset_update_node();
   11.985563 |   2)   0.130 us    |                            mod_node_page_state();
   11.985564 |   2)               |                            _raw_spin_unlock_irq() {
   11.985564 |   2)   0.128 us    |                              preempt_count_sub();
   11.985564 |   2)   0.400 us    |                            }
   11.985564 |   2)   2.093 us    |                          }
   11.985564 |   2)               |                          folio_add_lru() {
   11.985565 |   2)               |                            __folio_batch_add_and_move() {
   11.985565 |   2)   0.127 us    |                              preempt_count_add();
   11.985565 |   2)   0.126 us    |                              preempt_count_sub();
   11.985565 |   2)   0.660 us    |                            }
   11.985565 |   2)   0.908 us    |                          }
   11.985565 |   2)   3.407 us    |                        }
   11.985566 |   2)               |                        filemap_alloc_folio_noprof() {
   11.985566 |   2)               |                          folio_alloc_noprof() {
   11.985566 |   2)               |                            alloc_pages_mpol() {
   11.985566 |   2)   0.127 us    |                              policy_nodemask();
   11.985566 |   2)               |                              __alloc_frozen_pages_noprof() {
   11.985567 |   2)               |                                get_page_from_freelist() {
   11.985567 |   2)   0.124 us    |                                  preempt_count_add();
   11.985567 |   2)               |                                  _raw_spin_trylock() {
   11.985567 |   2)   0.124 us    |                                    preempt_count_add();
   11.985567 |   2)   0.387 us    |                                  }
   11.985567 |   2)               |                                  _raw_spin_unlock() {
   11.985568 |   2)   0.124 us    |                                    preempt_count_sub();
   11.985568 |   2)   0.487 us    |                                  }
   11.985568 |   2)   0.129 us    |                                  preempt_count_sub();
   11.985568 |   2)   1.855 us    |                                }
   11.985569 |   2)   2.129 us    |                              }
   11.985569 |   2)   2.659 us    |                            }
   11.985569 |   2)   2.911 us    |                          }
   11.985569 |   2)   3.162 us    |                        }
   11.985569 |   2)               |                        filemap_add_folio() {
   11.985569 |   2)               |                          __filemap_add_folio() {
   11.985569 |   2)   0.123 us    |                            shmem_mapping();
   11.985570 |   2)               |                            _raw_spin_lock_irq() {
   11.985570 |   2)   0.128 us    |                              preempt_count_add();
   11.985570 |   2)   0.403 us    |                            }
   11.985570 |   2)   0.124 us    |                            workingset_update_node();
   11.985570 |   2)   0.248 us    |                            mod_node_page_state();
   11.985571 |   2)               |                            _raw_spin_unlock_irq() {
   11.985571 |   2)   0.127 us    |                              preempt_count_sub();
   11.985571 |   2)   0.400 us    |                            }
   11.985571 |   2)   2.174 us    |                          }
   11.985572 |   2)               |                          folio_add_lru() {
   11.985572 |   2)               |                            __folio_batch_add_and_move() {
   11.985572 |   2)   0.127 us    |                              preempt_count_add();
   11.985572 |   2)   0.125 us    |                              preempt_count_sub();
   11.985572 |   2)   0.658 us    |                            }
   11.985572 |   2)   0.909 us    |                          }
   11.985573 |   2)   3.507 us    |                        }
   11.985573 |   2)               |                        filemap_alloc_folio_noprof() {
   11.985573 |   2)               |                          folio_alloc_noprof() {
   11.985573 |   2)               |                            alloc_pages_mpol() {
   11.985573 |   2)   0.127 us    |                              policy_nodemask();
   11.985574 |   2)               |                              __alloc_frozen_pages_noprof() {
   11.985574 |   2)               |                                get_page_from_freelist() {
   11.985574 |   2)   0.126 us    |                                  preempt_count_add();
   11.985574 |   2)               |                                  _raw_spin_trylock() {
   11.985574 |   2)   0.125 us    |                                    preempt_count_add();
   11.985575 |   2)   0.451 us    |                                  }
   11.985575 |   2)               |                                  _raw_spin_unlock() {
   11.985575 |   2)   0.141 us    |                                    preempt_count_sub();
   11.985575 |   2)   0.433 us    |                                  }
   11.985575 |   2)   0.126 us    |                                  preempt_count_sub();
   11.985576 |   2)   1.866 us    |                                }
   11.985576 |   2)   2.141 us    |                              }
   11.985576 |   2)   2.684 us    |                            }
   11.985576 |   2)   2.937 us    |                          }
   11.985576 |   2)   3.186 us    |                        }
   11.985576 |   2)               |                        filemap_add_folio() {
   11.985576 |   2)               |                          __filemap_add_folio() {
   11.985577 |   2)   0.138 us    |                            shmem_mapping();
   11.985577 |   2)               |                            _raw_spin_lock_irq() {
   11.985577 |   2)   0.129 us    |                              preempt_count_add();
   11.985577 |   2)   0.470 us    |                            }
   11.985578 |   2)   0.126 us    |                            workingset_update_node();
   11.985578 |   2)   0.148 us    |                            mod_node_page_state();
   11.985578 |   2)               |                            _raw_spin_unlock_irq() {
   11.985578 |   2)   0.128 us    |                              preempt_count_sub();
   11.985579 |   2)   0.402 us    |                            }
   11.985579 |   2)   2.267 us    |                          }
   11.985579 |   2)               |                          folio_add_lru() {
   11.985579 |   2)               |                            __folio_batch_add_and_move() {
   11.985579 |   2)   0.126 us    |                              preempt_count_add();
   11.985579 |   2)   0.126 us    |                              preempt_count_sub();
   11.985580 |   2)   0.663 us    |                            }
   11.985580 |   2)   0.910 us    |                          }
   11.985580 |   2)   3.606 us    |                        }
   11.985580 |   2)               |                        filemap_alloc_folio_noprof() {
   11.985580 |   2)               |                          folio_alloc_noprof() {
   11.985580 |   2)               |                            alloc_pages_mpol() {
   11.985581 |   2)   0.125 us    |                              policy_nodemask();
   11.985581 |   2)               |                              __alloc_frozen_pages_noprof() {
   11.985581 |   2)               |                                get_page_from_freelist() {
   11.985581 |   2)   0.127 us    |                                  preempt_count_add();
   11.985581 |   2)               |                                  _raw_spin_trylock() {
   11.985582 |   2)   0.124 us    |                                    preempt_count_add();
   11.985582 |   2)   0.388 us    |                                  }
   11.985582 |   2)               |                                  _raw_spin_unlock() {
   11.985582 |   2)   0.126 us    |                                    preempt_count_sub();
   11.985582 |   2)   0.391 us    |                                  }
   11.985583 |   2)   0.142 us    |                                  preempt_count_sub();
   11.985583 |   2)   1.869 us    |                                }
   11.985583 |   2)   2.144 us    |                              }
   11.985583 |   2)   2.670 us    |                            }
   11.985583 |   2)   2.923 us    |                          }
   11.985583 |   2)   3.175 us    |                        }
   11.985584 |   2)               |                        filemap_add_folio() {
   11.985584 |   2)               |                          __filemap_add_folio() {
   11.985584 |   2)   0.127 us    |                            shmem_mapping();
   11.985584 |   2)               |                            _raw_spin_lock_irq() {
   11.985584 |   2)   0.130 us    |                              preempt_count_add();
   11.985585 |   2)   0.487 us    |                            }
   11.985585 |   2)   0.128 us    |                            workingset_update_node();
   11.985585 |   2)   0.126 us    |                            mod_node_page_state();
   11.985585 |   2)               |                            _raw_spin_unlock_irq() {
   11.985586 |   2)   0.127 us    |                              preempt_count_sub();
   11.985586 |   2)   0.402 us    |                            }
   11.985586 |   2)   2.261 us    |                          }
   11.985586 |   2)               |                          folio_add_lru() {
   11.985586 |   2)               |                            __folio_batch_add_and_move() {
   11.985586 |   2)   0.128 us    |                              preempt_count_add();
   11.985587 |   2)   0.128 us    |                              preempt_count_sub();
   11.985587 |   2)   0.683 us    |                            }
   11.985587 |   2)   0.933 us    |                          }
   11.985587 |   2)   3.624 us    |                        }
   11.985588 |   2)               |                        filemap_alloc_folio_noprof() {
   11.985588 |   2)               |                          folio_alloc_noprof() {
   11.985588 |   2)               |                            alloc_pages_mpol() {
   11.985588 |   2)   0.126 us    |                              policy_nodemask();
   11.985588 |   2)               |                              __alloc_frozen_pages_noprof() {
   11.985588 |   2)               |                                get_page_from_freelist() {
   11.985588 |   2)   0.125 us    |                                  preempt_count_add();
   11.985589 |   2)               |                                  _raw_spin_trylock() {
   11.985589 |   2)   0.126 us    |                                    preempt_count_add();
   11.985589 |   2)   0.390 us    |                                  }
   11.985589 |   2)               |                                  _raw_spin_unlock() {
   11.985589 |   2)   0.126 us    |                                    preempt_count_sub();
   11.985590 |   2)   0.391 us    |                                  }
   11.985590 |   2)   0.127 us    |                                  preempt_count_sub();
   11.985590 |   2)   1.768 us    |                                }
   11.985590 |   2)   2.044 us    |                              }
   11.985590 |   2)   2.573 us    |                            }
   11.985590 |   2)   2.827 us    |                          }
   11.985591 |   2)   3.080 us    |                        }
   11.985591 |   2)               |                        filemap_add_folio() {
   11.985591 |   2)               |                          __filemap_add_folio() {
   11.985591 |   2)   0.123 us    |                            shmem_mapping();
   11.985591 |   2)               |                            _raw_spin_lock_irq() {
   11.985591 |   2)   0.127 us    |                              preempt_count_add();
   11.985592 |   2)   0.400 us    |                            }
   11.985592 |   2)   0.126 us    |                            workingset_update_node();
   11.985592 |   2)   0.127 us    |                            mod_node_page_state();
   11.985592 |   2)               |                            _raw_spin_unlock_irq() {
   11.985593 |   2)   0.128 us    |                              preempt_count_sub();
   11.985593 |   2)   0.400 us    |                            }
   11.985593 |   2)   2.058 us    |                          }
   11.985593 |   2)               |                          folio_add_lru() {
   11.985593 |   2)               |                            __folio_batch_add_and_move() {
   11.985593 |   2)   0.126 us    |                              preempt_count_add();
   11.985594 |   2)   0.127 us    |                              preempt_count_sub();
   11.985594 |   2)   0.661 us    |                            }
   11.985594 |   2)   0.909 us    |                          }
   11.985594 |   2)   3.368 us    |                        }
   11.985594 |   2)               |                        filemap_alloc_folio_noprof() {
   11.985595 |   2)               |                          folio_alloc_noprof() {
   11.985595 |   2)               |                            alloc_pages_mpol() {
   11.985595 |   2)   0.125 us    |                              policy_nodemask();
   11.985595 |   2)               |                              __alloc_frozen_pages_noprof() {
   11.985595 |   2)               |                                get_page_from_freelist() {
   11.985595 |   2)   0.127 us    |                                  preempt_count_add();
   11.985596 |   2)               |                                  _raw_spin_trylock() {
   11.985596 |   2)   0.124 us    |                                    preempt_count_add();
   11.985596 |   2)   0.390 us    |                                  }
   11.985596 |   2)               |                                  _raw_spin_unlock() {
   11.985596 |   2)   0.125 us    |                                    preempt_count_sub();
   11.985597 |   2)   0.390 us    |                                  }
   11.985597 |   2)   0.126 us    |                                  preempt_count_sub();
   11.985597 |   2)   1.830 us    |                                }
   11.985597 |   2)   2.105 us    |                              }
   11.985597 |   2)   2.663 us    |                            }
   11.985598 |   2)   2.916 us    |                          }
   11.985598 |   2)   3.168 us    |                        }
   11.985598 |   2)               |                        filemap_add_folio() {
   11.985598 |   2)               |                          __filemap_add_folio() {
   11.985598 |   2)   0.126 us    |                            shmem_mapping();
   11.985598 |   2)               |                            _raw_spin_lock_irq() {
   11.985598 |   2)   0.126 us    |                              preempt_count_add();
   11.985599 |   2)   0.401 us    |                            }
   11.985599 |   2)   0.124 us    |                            workingset_update_node();
   11.985599 |   2)   0.127 us    |                            mod_node_page_state();
   11.985600 |   2)               |                            _raw_spin_unlock_irq() {
   11.985600 |   2)   0.128 us    |                              preempt_count_sub();
   11.985600 |   2)   0.400 us    |                            }
   11.985600 |   2)   2.113 us    |                          }
   11.985600 |   2)               |                          folio_add_lru() {
   11.985600 |   2)               |                            __folio_batch_add_and_move() {
   11.985600 |   2)   0.126 us    |                              preempt_count_add();
   11.985601 |   2)   0.126 us    |                              preempt_count_sub();
   11.985601 |   2)   0.662 us    |                            }
   11.985601 |   2)   0.911 us    |                          }
   11.985601 |   2)   3.438 us    |                        }
   11.985602 |   2)               |                        filemap_alloc_folio_noprof() {
   11.985602 |   2)               |                          folio_alloc_noprof() {
   11.985602 |   2)               |                            alloc_pages_mpol() {
   11.985602 |   2)   0.126 us    |                              policy_nodemask();
   11.985602 |   2)               |                              __alloc_frozen_pages_noprof() {
   11.985602 |   2)               |                                get_page_from_freelist() {
   11.985603 |   2)   0.126 us    |                                  preempt_count_add();
   11.985603 |   2)               |                                  _raw_spin_trylock() {
   11.985603 |   2)   0.124 us    |                                    preempt_count_add();
   11.985603 |   2)   0.388 us    |                                  }
   11.985603 |   2)               |                                  _raw_spin_unlock() {
   11.985603 |   2)   0.126 us    |                                    preempt_count_sub();
   11.985604 |   2)   0.393 us    |                                  }
   11.985604 |   2)   0.128 us    |                                  preempt_count_sub();
   11.985604 |   2)   1.759 us    |                                }
   11.985604 |   2)   2.034 us    |                              }
   11.985604 |   2)   2.590 us    |                            }
   11.985605 |   2)   2.842 us    |                          }
   11.985605 |   2)   3.094 us    |                        }
   11.985605 |   2)               |                        filemap_add_folio() {
   11.985605 |   2)               |                          __filemap_add_folio() {
   11.985605 |   2)   0.126 us    |                            shmem_mapping();
   11.985605 |   2)               |                            _raw_spin_lock_irq() {
   11.985606 |   2)   0.126 us    |                              preempt_count_add();
   11.985606 |   2)   0.401 us    |                            }
   11.985606 |   2)   0.125 us    |                            workingset_update_node();
   11.985606 |   2)   0.125 us    |                            mod_node_page_state();
   11.985607 |   2)               |                            _raw_spin_unlock_irq() {
   11.985607 |   2)   0.127 us    |                              preempt_count_sub();
   11.985607 |   2)   0.399 us    |                            }
   11.985607 |   2)   2.066 us    |                          }
   11.985607 |   2)               |                          folio_add_lru() {
   11.985607 |   2)               |                            __folio_batch_add_and_move() {
   11.985607 |   2)   0.130 us    |                              preempt_count_add();
   11.985608 |   2)   0.127 us    |                              preempt_count_sub();
   11.985608 |   2)   0.693 us    |                            }
   11.985608 |   2)   0.947 us    |                          }
   11.985608 |   2)   3.441 us    |                        }
   11.985609 |   2)               |                        filemap_alloc_folio_noprof() {
   11.985609 |   2)               |                          folio_alloc_noprof() {
   11.985609 |   2)               |                            alloc_pages_mpol() {
   11.985609 |   2)   0.125 us    |                              policy_nodemask();
   11.985609 |   2)               |                              __alloc_frozen_pages_noprof() {
   11.985609 |   2)               |                                get_page_from_freelist() {
   11.985610 |   2)   0.127 us    |                                  preempt_count_add();
   11.985610 |   2)               |                                  _raw_spin_trylock() {
   11.985610 |   2)   0.125 us    |                                    preempt_count_add();
   11.985610 |   2)   0.390 us    |                                  }
   11.985610 |   2)               |                                  _raw_spin_unlock() {
   11.985610 |   2)   0.124 us    |                                    preempt_count_sub();
   11.985611 |   2)   0.390 us    |                                  }
   11.985611 |   2)   0.127 us    |                                  preempt_count_sub();
   11.985611 |   2)   1.762 us    |                                }
   11.985611 |   2)   2.122 us    |                              }
   11.985612 |   2)   2.649 us    |                            }
   11.985612 |   2)   2.907 us    |                          }
   11.985612 |   2)   3.185 us    |                        }
   11.985612 |   2)               |                        filemap_add_folio() {
   11.985612 |   2)               |                          __filemap_add_folio() {
   11.985612 |   2)   0.125 us    |                            shmem_mapping();
   11.985613 |   2)               |                            _raw_spin_lock_irq() {
   11.985613 |   2)   0.126 us    |                              preempt_count_add();
   11.985613 |   2)   0.467 us    |                            }
   11.985613 |   2)   0.126 us    |                            workingset_update_node();
   11.985613 |   2)   0.127 us    |                            mod_node_page_state();
   11.985614 |   2)               |                            _raw_spin_unlock_irq() {
   11.985614 |   2)   0.127 us    |                              preempt_count_sub();
   11.985614 |   2)   0.401 us    |                            }
   11.985614 |   2)   2.170 us    |                          }
   11.985614 |   2)               |                          folio_add_lru() {
   11.985615 |   2)               |                            __folio_batch_add_and_move() {
   11.985615 |   2)   0.126 us    |                              preempt_count_add();
   11.985615 |   2)   0.127 us    |                              preempt_count_sub();
   11.985615 |   2)   0.668 us    |                            }
   11.985615 |   2)   0.917 us    |                          }
   11.985615 |   2)   3.523 us    |                        }
   11.985616 |   2)               |                        filemap_alloc_folio_noprof() {
   11.985616 |   2)               |                          folio_alloc_noprof() {
   11.985616 |   2)               |                            alloc_pages_mpol() {
   11.985616 |   2)   0.124 us    |                              policy_nodemask();
   11.985616 |   2)               |                              __alloc_frozen_pages_noprof() {
   11.985617 |   2)               |                                get_page_from_freelist() {
   11.985617 |   2)   0.128 us    |                                  preempt_count_add();
   11.985617 |   2)               |                                  _raw_spin_trylock() {
   11.985617 |   2)   0.125 us    |                                    preempt_count_add();
   11.985617 |   2)   0.390 us    |                                  }
   11.985618 |   2)               |                                  _raw_spin_unlock() {
   11.985618 |   2)   0.128 us    |                                    preempt_count_sub();
   11.985618 |   2)   0.393 us    |                                  }
   11.985618 |   2)   0.128 us    |                                  preempt_count_sub();
   11.985618 |   2)   1.765 us    |                                }
   11.985619 |   2)   2.054 us    |                              }
   11.985619 |   2)   2.581 us    |                            }
   11.985619 |   2)   2.836 us    |                          }
   11.985619 |   2)   3.092 us    |                        }
   11.985619 |   2)               |                        filemap_add_folio() {
   11.985619 |   2)               |                          __filemap_add_folio() {
   11.985619 |   2)   0.127 us    |                            shmem_mapping();
   11.985620 |   2)               |                            _raw_spin_lock_irq() {
   11.985620 |   2)   0.127 us    |                              preempt_count_add();
   11.985620 |   2)   0.401 us    |                            }
   11.985620 |   2)   0.125 us    |                            workingset_update_node();
   11.985620 |   2)   0.125 us    |                            mod_node_page_state();
   11.985621 |   2)               |                            _raw_spin_unlock_irq() {
   11.985621 |   2)   0.127 us    |                              preempt_count_sub();
   11.985621 |   2)   0.403 us    |                            }
   11.985621 |   2)   2.070 us    |                          }
   11.985621 |   2)               |                          folio_add_lru() {
   11.985622 |   2)               |                            __folio_batch_add_and_move() {
   11.985622 |   2)   0.125 us    |                              preempt_count_add();
   11.985622 |   2)   0.128 us    |                              preempt_count_sub();
   11.985622 |   2)   0.663 us    |                            }
   11.985622 |   2)   0.911 us    |                          }
   11.985622 |   2)   3.380 us    |                        }
   11.985623 |   2)               |                        filemap_alloc_folio_noprof() {
   11.985623 |   2)               |                          folio_alloc_noprof() {
   11.985623 |   2)               |                            alloc_pages_mpol() {
   11.985623 |   2)   0.128 us    |                              policy_nodemask();
   11.985623 |   2)               |                              __alloc_frozen_pages_noprof() {
   11.985624 |   2)               |                                get_page_from_freelist() {
   11.985624 |   2)   0.127 us    |                                  preempt_count_add();
   11.985624 |   2)               |                                  _raw_spin_trylock() {
   11.985624 |   2)   0.124 us    |                                    preempt_count_add();
   11.985624 |   2)   0.387 us    |                                  }
   11.985625 |   2)               |                                  _raw_spin_unlock() {
   11.985625 |   2)   0.125 us    |                                    preempt_count_sub();
   11.985625 |   2)   0.392 us    |                                  }
   11.985625 |   2)   0.128 us    |                                  preempt_count_sub();
   11.985625 |   2)   1.760 us    |                                }
   11.985626 |   2)   2.036 us    |                              }
   11.985626 |   2)   2.663 us    |                            }
   11.985626 |   2)   2.915 us    |                          }
   11.985626 |   2)   3.166 us    |                        }
   11.985626 |   2)               |                        filemap_add_folio() {
   11.985626 |   2)               |                          __filemap_add_folio() {
   11.985626 |   2)   0.124 us    |                            shmem_mapping();
   11.985627 |   2)               |                            _raw_spin_lock_irq() {
   11.985627 |   2)   0.144 us    |                              preempt_count_add();
   11.985627 |   2)   0.479 us    |                            }
   11.985627 |   2)   0.126 us    |                            workingset_update_node();
   11.985628 |   2)   0.128 us    |                            mod_node_page_state();
   11.985628 |   2)               |                            _raw_spin_unlock_irq() {
   11.985628 |   2)   0.131 us    |                              preempt_count_sub();
   11.985628 |   2)   0.405 us    |                            }
   11.985628 |   2)   2.234 us    |                          }
   11.985629 |   2)               |                          folio_add_lru() {
   11.985629 |   2)               |                            __folio_batch_add_and_move() {
   11.985629 |   2)   0.126 us    |                              preempt_count_add();
   11.985629 |   2)   0.127 us    |                              preempt_count_sub();
   11.985629 |   2)   0.676 us    |                            }
   11.985630 |   2)   0.923 us    |                          }
   11.985630 |   2)   3.558 us    |                        }
   11.985630 |   2)               |                        filemap_alloc_folio_noprof() {
   11.985630 |   2)               |                          folio_alloc_noprof() {
   11.985630 |   2)               |                            alloc_pages_mpol() {
   11.985630 |   2)   0.141 us    |                              policy_nodemask();
   11.985631 |   2)               |                              __alloc_frozen_pages_noprof() {
   11.985631 |   2)               |                                get_page_from_freelist() {
   11.985631 |   2)   0.126 us    |                                  preempt_count_add();
   11.985631 |   2)               |                                  _raw_spin_trylock() {
   11.985631 |   2)   0.124 us    |                                    preempt_count_add();
   11.985632 |   2)   0.388 us    |                                  }
   11.985632 |   2)               |                                  _raw_spin_unlock() {
   11.985632 |   2)   0.135 us    |                                    preempt_count_sub();
   11.985632 |   2)   0.399 us    |                                  }
   11.985632 |   2)   0.127 us    |                                  preempt_count_sub();
   11.985633 |   2)   1.764 us    |                                }
   11.985633 |   2)   2.041 us    |                              }
   11.985633 |   2)   2.598 us    |                            }
   11.985633 |   2)   2.850 us    |                          }
   11.985633 |   2)   3.122 us    |                        }
   11.985633 |   2)               |                        filemap_add_folio() {
   11.985633 |   2)               |                          __filemap_add_folio() {
   11.985634 |   2)   0.125 us    |                            shmem_mapping();
   11.985634 |   2)               |                            _raw_spin_lock_irq() {
   11.985634 |   2)   0.125 us    |                              preempt_count_add();
   11.985634 |   2)   0.401 us    |                            }
   11.985634 |   2)   0.126 us    |                            workingset_update_node();
   11.985635 |   2)   0.126 us    |                            mod_node_page_state();
   11.985635 |   2)               |                            _raw_spin_unlock_irq() {
   11.985635 |   2)   0.127 us    |                              preempt_count_sub();
   11.985635 |   2)   0.402 us    |                            }
   11.985635 |   2)   2.069 us    |                          }
   11.985636 |   2)               |                          folio_add_lru() {
   11.985636 |   2)               |                            __folio_batch_add_and_move() {
   11.985636 |   2)   0.127 us    |                              preempt_count_add();
   11.985636 |   2)   0.128 us    |                              preempt_count_sub();
   11.985636 |   2)   0.692 us    |                            }
   11.985637 |   2)   0.943 us    |                          }
   11.985637 |   2)   3.414 us    |                        }
   11.985637 |   2)               |                        filemap_alloc_folio_noprof() {
   11.985637 |   2)               |                          folio_alloc_noprof() {
   11.985637 |   2)               |                            alloc_pages_mpol() {
   11.985637 |   2)   0.126 us    |                              policy_nodemask();
   11.985638 |   2)               |                              __alloc_frozen_pages_noprof() {
   11.985638 |   2)               |                                get_page_from_freelist() {
   11.985638 |   2)   0.127 us    |                                  preempt_count_add();
   11.985638 |   2)               |                                  _raw_spin_trylock() {
   11.985638 |   2)   0.126 us    |                                    preempt_count_add();
   11.985639 |   2)   0.390 us    |                                  }
   11.985639 |   2)               |                                  _raw_spin_unlock() {
   11.985639 |   2)   0.125 us    |                                    preempt_count_sub();
   11.985639 |   2)   0.391 us    |                                  }
   11.985639 |   2)   0.127 us    |                                  preempt_count_sub();
   11.985640 |   2)   1.765 us    |                                }
   11.985640 |   2)   2.040 us    |                              }
   11.985640 |   2)   2.569 us    |                            }
   11.985640 |   2)   2.897 us    |                          }
   11.985640 |   2)   3.151 us    |                        }
   11.985640 |   2)               |                        filemap_add_folio() {
   11.985640 |   2)               |                          __filemap_add_folio() {
   11.985641 |   2)   0.124 us    |                            shmem_mapping();
   11.985641 |   2)               |                            _raw_spin_lock_irq() {
   11.985641 |   2)   0.127 us    |                              preempt_count_add();
   11.985641 |   2)   0.398 us    |                            }
   11.985641 |   2)   0.127 us    |                            workingset_update_node();
   11.985642 |   2)   0.150 us    |                            mod_node_page_state();
   11.985642 |   2)               |                            _raw_spin_unlock_irq() {
   11.985642 |   2)   0.131 us    |                              preempt_count_sub();
   11.985642 |   2)   0.403 us    |                            }
   11.985642 |   2)   2.065 us    |                          }
   11.985643 |   2)               |                          folio_add_lru() {
   11.985643 |   2)               |                            __folio_batch_add_and_move() {
   11.985643 |   2)   0.126 us    |                              preempt_count_add();
   11.985643 |   2)   0.127 us    |                              preempt_count_sub();
   11.985643 |   2)   0.659 us    |                            }
   11.985644 |   2)   0.908 us    |                          }
   11.985644 |   2)   3.369 us    |                        }
   11.985644 |   2)               |                        filemap_alloc_folio_noprof() {
   11.985644 |   2)               |                          folio_alloc_noprof() {
   11.985644 |   2)               |                            alloc_pages_mpol() {
   11.985644 |   2)   0.125 us    |                              policy_nodemask();
   11.985645 |   2)               |                              __alloc_frozen_pages_noprof() {
   11.985645 |   2)               |                                get_page_from_freelist() {
   11.985645 |   2)   0.126 us    |                                  preempt_count_add();
   11.985645 |   2)               |                                  _raw_spin_trylock() {
   11.985645 |   2)   0.135 us    |                                    preempt_count_add();
   11.985646 |   2)   0.465 us    |                                  }
   11.985646 |   2)               |                                  _raw_spin_unlock() {
   11.985646 |   2)   0.125 us    |                                    preempt_count_sub();
   11.985646 |   2)   0.399 us    |                                  }
   11.985646 |   2)   0.127 us    |                                  preempt_count_sub();
   11.985647 |   2)   1.842 us    |                                }
   11.985647 |   2)   2.120 us    |                              }
   11.985647 |   2)   2.644 us    |                            }
   11.985647 |   2)   2.908 us    |                          }
   11.985647 |   2)   3.159 us    |                        }
   11.985647 |   2)               |                        filemap_add_folio() {
   11.985647 |   2)               |                          __filemap_add_folio() {
   11.985648 |   2)   0.123 us    |                            shmem_mapping();
   11.985648 |   2)               |                            _raw_spin_lock_irq() {
   11.985648 |   2)   0.126 us    |                              preempt_count_add();
   11.985648 |   2)   0.399 us    |                            }
   11.985648 |   2)   0.126 us    |                            workingset_update_node();
   11.985649 |   2)   0.125 us    |                            mod_node_page_state();
   11.985649 |   2)               |                            _raw_spin_unlock_irq() {
   11.985649 |   2)   0.127 us    |                              preempt_count_sub();
   11.985649 |   2)   0.402 us    |                            }
   11.985650 |   2)   2.056 us    |                          }
   11.985650 |   2)               |                          folio_add_lru() {
   11.985650 |   2)               |                            __folio_batch_add_and_move() {
   11.985650 |   2)   0.128 us    |                              preempt_count_add();
   11.985650 |   2)   0.149 us    |                              preempt_count_sub();
   11.985650 |   2)   0.685 us    |                            }
   11.985651 |   2)   0.935 us    |                          }
   11.985651 |   2)   3.390 us    |                        }
   11.985651 |   2)               |                        filemap_alloc_folio_noprof() {
   11.985651 |   2)               |                          folio_alloc_noprof() {
   11.985651 |   2)               |                            alloc_pages_mpol() {
   11.985651 |   2)   0.125 us    |                              policy_nodemask();
   11.985652 |   2)               |                              __alloc_frozen_pages_noprof() {
   11.985652 |   2)               |                                get_page_from_freelist() {
   11.985652 |   2)   0.125 us    |                                  preempt_count_add();
   11.985652 |   2)               |                                  _raw_spin_trylock() {
   11.985652 |   2)   0.125 us    |                                    preempt_count_add();
   11.985653 |   2)   0.388 us    |                                  }
   11.985653 |   2)               |                                  _raw_spin_unlock() {
   11.985653 |   2)   0.124 us    |                                    preempt_count_sub();
   11.985653 |   2)   0.390 us    |                                  }
   11.985653 |   2)   0.128 us    |                                  preempt_count_sub();
   11.985654 |   2)   1.729 us    |                                }
   11.985654 |   2)   2.002 us    |                              }
   11.985654 |   2)   2.527 us    |                            }
   11.985654 |   2)   2.777 us    |                          }
   11.985654 |   2)   3.105 us    |                        }
   11.985654 |   2)               |                        filemap_add_folio() {
   11.985654 |   2)               |                          __filemap_add_folio() {
   11.985655 |   2)   0.125 us    |                            shmem_mapping();
   11.985655 |   2)               |                            _raw_spin_lock_irq() {
   11.985655 |   2)   0.127 us    |                              preempt_count_add();
   11.985655 |   2)   0.399 us    |                            }
   11.985655 |   2)   0.125 us    |                            workingset_update_node();
   11.985656 |   2)   0.134 us    |                            mod_node_page_state();
   11.985656 |   2)               |                            _raw_spin_unlock_irq() {
   11.985656 |   2)   0.128 us    |                              preempt_count_sub();
   11.985656 |   2)   0.401 us    |                            }
   11.985656 |   2)   2.063 us    |                          }
   11.985657 |   2)               |                          folio_add_lru() {
   11.985657 |   2)               |                            __folio_batch_add_and_move() {
   11.985657 |   2)   0.127 us    |                              preempt_count_add();
   11.985657 |   2)   0.127 us    |                              preempt_count_sub();
   11.985657 |   2)   0.668 us    |                            }
   11.985658 |   2)   0.922 us    |                          }
   11.985658 |   2)   3.411 us    |                        }
   11.985658 |   2)               |                        filemap_alloc_folio_noprof() {
   11.985658 |   2)               |                          folio_alloc_noprof() {
   11.985658 |   2)               |                            alloc_pages_mpol() {
   11.985658 |   2)   0.128 us    |                              policy_nodemask();
   11.985659 |   2)               |                              __alloc_frozen_pages_noprof() {
   11.985659 |   2)               |                                get_page_from_freelist() {
   11.985659 |   2)   0.126 us    |                                  preempt_count_add();
   11.985659 |   2)               |                                  _raw_spin_trylock() {
   11.985659 |   2)   0.126 us    |                                    preempt_count_add();
   11.985660 |   2)   0.389 us    |                                  }
   11.985660 |   2)               |                                  _raw_spin_unlock() {
   11.985660 |   2)   0.124 us    |                                    preempt_count_sub();
   11.985660 |   2)   0.388 us    |                                  }
   11.985660 |   2)   0.127 us    |                                  preempt_count_sub();
   11.985661 |   2)   1.754 us    |                                }
   11.985661 |   2)   2.029 us    |                              }
   11.985661 |   2)   2.559 us    |                            }
   11.985661 |   2)   2.811 us    |                          }
   11.985661 |   2)   3.074 us    |                        }
   11.985661 |   2)               |                        filemap_add_folio() {
   11.985661 |   2)               |                          __filemap_add_folio() {
   11.985662 |   2)   0.127 us    |                            shmem_mapping();
   11.985662 |   2)               |                            _raw_spin_lock_irq() {
   11.985662 |   2)   0.126 us    |                              preempt_count_add();
   11.985662 |   2)   0.423 us    |                            }
   11.985662 |   2)   0.124 us    |                            workingset_update_node();
   11.985663 |   2)   0.128 us    |                            mod_node_page_state();
   11.985663 |   2)               |                            _raw_spin_unlock_irq() {
   11.985663 |   2)   0.127 us    |                              preempt_count_sub();
   11.985663 |   2)   0.399 us    |                            }
   11.985663 |   2)   2.079 us    |                          }
   11.985664 |   2)               |                          folio_add_lru() {
   11.985664 |   2)               |                            __folio_batch_add_and_move() {
   11.985664 |   2)   0.125 us    |                              preempt_count_add();
   11.985664 |   2)   0.128 us    |                              preempt_count_sub();
   11.985664 |   2)   0.659 us    |                            }
   11.985665 |   2)   0.905 us    |                          }
   11.985665 |   2)   3.383 us    |                        }
   11.985665 |   2)               |                        filemap_alloc_folio_noprof() {
   11.985665 |   2)               |                          folio_alloc_noprof() {
   11.985665 |   2)               |                            alloc_pages_mpol() {
   11.985665 |   2)   0.125 us    |                              policy_nodemask();
   11.985666 |   2)               |                              __alloc_frozen_pages_noprof() {
   11.985666 |   2)               |                                get_page_from_freelist() {
   11.985666 |   2)   0.125 us    |                                  preempt_count_add();
   11.985666 |   2)               |                                  _raw_spin_trylock() {
   11.985666 |   2)   0.126 us    |                                    preempt_count_add();
   11.985667 |   2)   0.392 us    |                                  }
   11.985667 |   2)               |                                  _raw_spin_unlock() {
   11.985667 |   2)   0.125 us    |                                    preempt_count_sub();
   11.985667 |   2)   0.389 us    |                                  }
   11.985667 |   2)   0.127 us    |                                  preempt_count_sub();
   11.985668 |   2)   1.780 us    |                                }
   11.985668 |   2)   2.055 us    |                              }
   11.985668 |   2)   2.579 us    |                            }
   11.985668 |   2)   2.832 us    |                          }
   11.985668 |   2)   3.081 us    |                        }
   11.985668 |   2)               |                        filemap_add_folio() {
   11.985668 |   2)               |                          __filemap_add_folio() {
   11.985669 |   2)   0.125 us    |                            shmem_mapping();
   11.985669 |   2)               |                            _raw_spin_lock_irq() {
   11.985669 |   2)   0.129 us    |                              preempt_count_add();
   11.985669 |   2)   0.402 us    |                            }
   11.985669 |   2)   0.125 us    |                            workingset_update_node();
   11.985670 |   2)   0.128 us    |                            mod_node_page_state();
   11.985670 |   2)               |                            _raw_spin_unlock_irq() {
   11.985670 |   2)   0.127 us    |                              preempt_count_sub();
   11.985670 |   2)   0.405 us    |                            }
   11.985671 |   2)   2.065 us    |                          }
   11.985671 |   2)               |                          folio_add_lru() {
   11.985671 |   2)               |                            __folio_batch_add_and_move() {
   11.985671 |   2)   0.126 us    |                              preempt_count_add();
   11.985671 |   2)   0.128 us    |                              preempt_count_sub();
   11.985672 |   2)   0.730 us    |                            }
   11.985672 |   2)   0.979 us    |                          }
   11.985672 |   2)   3.446 us    |                        }
   11.985672 |   2)               |                        filemap_alloc_folio_noprof() {
   11.985672 |   2)               |                          folio_alloc_noprof() {
   11.985672 |   2)               |                            alloc_pages_mpol() {
   11.985673 |   2)   0.129 us    |                              policy_nodemask();
   11.985673 |   2)               |                              __alloc_frozen_pages_noprof() {
   11.985673 |   2)               |                                get_page_from_freelist() {
   11.985673 |   2)   0.127 us    |                                  preempt_count_add();
   11.985673 |   2)               |                                  _raw_spin_trylock() {
   11.985673 |   2)   0.126 us    |                                    preempt_count_add();
   11.985674 |   2)   0.398 us    |                                  }
   11.985674 |   2)               |                                  _raw_spin_unlock() {
   11.985674 |   2)   0.125 us    |                                    preempt_count_sub();
   11.985674 |   2)   0.393 us    |                                  }
   11.985674 |   2)   0.127 us    |                                  preempt_count_sub();
   11.985675 |   2)   1.795 us    |                                }
   11.985675 |   2)   2.070 us    |                              }
   11.985675 |   2)   2.603 us    |                            }
   11.985675 |   2)   2.855 us    |                          }
   11.985675 |   2)   3.107 us    |                        }
   11.985675 |   2)               |                        filemap_add_folio() {
   11.985676 |   2)               |                          __filemap_add_folio() {
   11.985676 |   2)   0.125 us    |                            shmem_mapping();
   11.985676 |   2)               |                            _raw_spin_lock_irq() {
   11.985676 |   2)   0.128 us    |                              preempt_count_add();
   11.985676 |   2)   0.399 us    |                            }
   11.985677 |   2)   0.127 us    |                            workingset_update_node();
   11.985677 |   2)   0.127 us    |                            mod_node_page_state();
   11.985677 |   2)               |                            _raw_spin_unlock_irq() {
   11.985677 |   2)   0.126 us    |                              preempt_count_sub();
   11.985677 |   2)   0.398 us    |                            }
   11.985678 |   2)   2.053 us    |                          }
   11.985678 |   2)               |                          folio_add_lru() {
   11.985678 |   2)               |                            __folio_batch_add_and_move() {
   11.985678 |   2)   0.127 us    |                              preempt_count_add();
   11.985678 |   2)   0.127 us    |                              preempt_count_sub();
   11.985679 |   2)   0.664 us    |                            }
   11.985679 |   2)   0.913 us    |                          }
   11.985679 |   2)   3.365 us    |                        }
   11.985679 |   2)               |                        filemap_alloc_folio_noprof() {
   11.985679 |   2)               |                          folio_alloc_noprof() {
   11.985679 |   2)               |                            alloc_pages_mpol() {
   11.985679 |   2)   0.126 us    |                              policy_nodemask();
   11.985680 |   2)               |                              __alloc_frozen_pages_noprof() {
   11.985680 |   2)               |                                get_page_from_freelist() {
   11.985680 |   2)   0.126 us    |                                  preempt_count_add();
   11.985680 |   2)               |                                  _raw_spin_trylock() {
   11.985680 |   2)   0.124 us    |                                    preempt_count_add();
   11.985681 |   2)   0.390 us    |                                  }
   11.985681 |   2)               |                                  _raw_spin_unlock() {
   11.985681 |   2)   0.124 us    |                                    preempt_count_sub();
   11.985681 |   2)   0.389 us    |                                  }
   11.985681 |   2)   0.128 us    |                                  preempt_count_sub();
   11.985682 |   2)   1.758 us    |                                }
   11.985682 |   2)   2.032 us    |                              }
   11.985682 |   2)   2.556 us    |                            }
   11.985682 |   2)   2.807 us    |                          }
   11.985682 |   2)   3.059 us    |                        }
   11.985682 |   2)               |                        filemap_add_folio() {
   11.985683 |   2)               |                          __filemap_add_folio() {
   11.985683 |   2)   0.128 us    |                            shmem_mapping();
   11.985683 |   2)               |                            _raw_spin_lock_irq() {
   11.985683 |   2)   0.129 us    |                              preempt_count_add();
   11.985683 |   2)   0.401 us    |                            }
   11.985684 |   2)   0.125 us    |                            workingset_update_node();
   11.985684 |   2)   0.127 us    |                            mod_node_page_state();
   11.985684 |   2)               |                            _raw_spin_unlock_irq() {
   11.985684 |   2)   0.127 us    |                              preempt_count_sub();
   11.985684 |   2)   0.399 us    |                            }
   11.985685 |   2)   2.192 us    |                          }
   11.985685 |   2)               |                          folio_add_lru() {
   11.985685 |   2)               |                            __folio_batch_add_and_move() {
   11.985685 |   2)   0.128 us    |                              preempt_count_add();
   11.985685 |   2)   0.127 us    |                              preempt_count_sub();
   11.985686 |   2)   0.689 us    |                            }
   11.985686 |   2)   0.935 us    |                          }
   11.985686 |   2)   3.528 us    |                        }
   11.985686 |   2)               |                        filemap_alloc_folio_noprof() {
   11.985686 |   2)               |                          folio_alloc_noprof() {
   11.985686 |   2)               |                            alloc_pages_mpol() {
   11.985687 |   2)   0.138 us    |                              policy_nodemask();
   11.985687 |   2)               |                              __alloc_frozen_pages_noprof() {
   11.985687 |   2)               |                                get_page_from_freelist() {
   11.985687 |   2)   0.126 us    |                                  preempt_count_add();
   11.985687 |   2)               |                                  _raw_spin_trylock() {
   11.985688 |   2)   0.126 us    |                                    preempt_count_add();
   11.985688 |   2)   0.414 us    |                                  }
   11.985688 |   2)               |                                  _raw_spin_unlock() {
   11.985688 |   2)   0.127 us    |                                    preempt_count_sub();
   11.985688 |   2)   0.390 us    |                                  }
   11.985689 |   2)   0.126 us    |                                  preempt_count_sub();
   11.985689 |   2)   1.828 us    |                                }
   11.985689 |   2)   2.104 us    |                              }
   11.985689 |   2)   2.643 us    |                            }
   11.985689 |   2)   2.925 us    |                          }
   11.985689 |   2)   3.175 us    |                        }
   11.985689 |   2)               |                        filemap_add_folio() {
   11.985690 |   2)               |                          __filemap_add_folio() {
   11.985690 |   2)   0.128 us    |                            shmem_mapping();
   11.985690 |   2)               |                            _raw_spin_lock_irq() {
   11.985690 |   2)   0.127 us    |                              preempt_count_add();
   11.985690 |   2)   0.399 us    |                            }
   11.985691 |   2)   0.126 us    |                            workingset_update_node();
   11.985691 |   2)   0.125 us    |                            mod_node_page_state();
   11.985691 |   2)               |                            _raw_spin_unlock_irq() {
   11.985691 |   2)   0.129 us    |                              preempt_count_sub();
   11.985692 |   2)   0.399 us    |                            }
   11.985692 |   2)   2.069 us    |                          }
   11.985692 |   2)               |                          folio_add_lru() {
   11.985692 |   2)               |                            __folio_batch_add_and_move() {
   11.985692 |   2)   0.127 us    |                              preempt_count_add();
   11.985692 |   2)   0.126 us    |                              preempt_count_sub();
   11.985693 |   2)   0.683 us    |                            }
   11.985693 |   2)   0.932 us    |                          }
   11.985693 |   2)   3.401 us    |                        }
   11.985693 |   2)               |                        filemap_alloc_folio_noprof() {
   11.985693 |   2)               |                          folio_alloc_noprof() {
   11.985693 |   2)               |                            alloc_pages_mpol() {
   11.985694 |   2)   0.126 us    |                              policy_nodemask();
   11.985694 |   2)               |                              __alloc_frozen_pages_noprof() {
   11.985694 |   2)               |                                get_page_from_freelist() {
   11.985694 |   2)   0.127 us    |                                  preempt_count_add();
   11.985694 |   2)               |                                  _raw_spin_trylock() {
   11.985695 |   2)   0.124 us    |                                    preempt_count_add();
   11.985695 |   2)   0.390 us    |                                  }
   11.985695 |   2)               |                                  _raw_spin_unlock() {
   11.985695 |   2)   0.125 us    |                                    preempt_count_sub();
   11.985695 |   2)   0.389 us    |                                  }
   11.985695 |   2)   0.129 us    |                                  preempt_count_sub();
   11.985696 |   2)   1.749 us    |                                }
   11.985696 |   2)   2.024 us    |                              }
   11.985696 |   2)   2.549 us    |                            }
   11.985696 |   2)   2.799 us    |                          }
   11.985696 |   2)   3.050 us    |                        }
   11.985696 |   2)               |                        filemap_add_folio() {
   11.985697 |   2)               |                          __filemap_add_folio() {
   11.985697 |   2)   0.125 us    |                            shmem_mapping();
   11.985697 |   2)               |                            _raw_spin_lock_irq() {
   11.985697 |   2)   0.127 us    |                              preempt_count_add();
   11.985697 |   2)   0.398 us    |                            }
   11.985698 |   2)   0.125 us    |                            workingset_update_node();
   11.985698 |   2)   0.125 us    |                            mod_node_page_state();
   11.985698 |   2)               |                            _raw_spin_unlock_irq() {
   11.985698 |   2)   0.128 us    |                              preempt_count_sub();
   11.985699 |   2)   0.399 us    |                            }
   11.985699 |   2)   2.142 us    |                          }
   11.985699 |   2)               |                          folio_add_lru() {
   11.985699 |   2)               |                            __folio_batch_add_and_move() {
   11.985699 |   2)   0.126 us    |                              preempt_count_add();
   11.985699 |   2)   0.128 us    |                              preempt_count_sub();
   11.985700 |   2)   0.733 us    |                            }
   11.985700 |   2)   0.986 us    |                          }
   11.985700 |   2)   3.524 us    |                        }
   11.985700 |   2)               |                        filemap_alloc_folio_noprof() {
   11.985700 |   2)               |                          folio_alloc_noprof() {
   11.985701 |   2)               |                            alloc_pages_mpol() {
   11.985701 |   2)   0.126 us    |                              policy_nodemask();
   11.985701 |   2)               |                              __alloc_frozen_pages_noprof() {
   11.985701 |   2)               |                                get_page_from_freelist() {
   11.985701 |   2)   0.126 us    |                                  preempt_count_add();
   11.985701 |   2)               |                                  _raw_spin_trylock() {
   11.985702 |   2)   0.125 us    |                                    preempt_count_add();
   11.985702 |   2)   0.390 us    |                                  }
   11.985702 |   2)               |                                  _raw_spin_unlock() {
   11.985702 |   2)   0.125 us    |                                    preempt_count_sub();
   11.985702 |   2)   0.389 us    |                                  }
   11.985703 |   2)   0.129 us    |                                  preempt_count_sub();
   11.985703 |   2)   1.752 us    |                                }
   11.985703 |   2)   2.026 us    |                              }
   11.985703 |   2)   2.552 us    |                            }
   11.985703 |   2)   2.829 us    |                          }
   11.985703 |   2)   3.079 us    |                        }
   11.985704 |   2)               |                        filemap_add_folio() {
   11.985704 |   2)               |                          __filemap_add_folio() {
   11.985704 |   2)   0.124 us    |                            shmem_mapping();
   11.985704 |   2)               |                            _raw_spin_lock_irq() {
   11.985704 |   2)   0.127 us    |                              preempt_count_add();
   11.985705 |   2)   0.400 us    |                            }
   11.985705 |   2)   0.125 us    |                            workingset_update_node();
   11.985705 |   2)   0.133 us    |                            mod_node_page_state();
   11.985705 |   2)               |                            _raw_spin_unlock_irq() {
   11.985705 |   2)   0.127 us    |                              preempt_count_sub();
   11.985706 |   2)   0.401 us    |                            }
   11.985706 |   2)   2.196 us    |                          }
   11.985706 |   2)               |                          folio_add_lru() {
   11.985706 |   2)               |                            __folio_batch_add_and_move() {
   11.985706 |   2)   0.127 us    |                              preempt_count_add();
   11.985707 |   2)   0.127 us    |                              preempt_count_sub();
   11.985707 |   2)   0.688 us    |                            }
   11.985707 |   2)   0.935 us    |                          }
   11.985707 |   2)   3.534 us    |                        }
   11.985707 |   2)               |                        filemap_alloc_folio_noprof() {
   11.985708 |   2)               |                          folio_alloc_noprof() {
   11.985708 |   2)               |                            alloc_pages_mpol() {
   11.985708 |   2)   0.126 us    |                              policy_nodemask();
   11.985708 |   2)               |                              __alloc_frozen_pages_noprof() {
   11.985708 |   2)               |                                get_page_from_freelist() {
   11.985708 |   2)   0.126 us    |                                  preempt_count_add();
   11.985709 |   2)               |                                  _raw_spin_trylock() {
   11.985709 |   2)   0.124 us    |                                    preempt_count_add();
   11.985709 |   2)   0.388 us    |                                  }
   11.985709 |   2)               |                                  _raw_spin_unlock() {
   11.985709 |   2)   0.127 us    |                                    preempt_count_sub();
   11.985709 |   2)   0.392 us    |                                  }
   11.985710 |   2)   0.128 us    |                                  preempt_count_sub();
   11.985710 |   2)   1.756 us    |                                }
   11.985710 |   2)   2.030 us    |                              }
   11.985710 |   2)   2.585 us    |                            }
   11.985710 |   2)   2.837 us    |                          }
   11.985710 |   2)   3.088 us    |                        }
   11.985711 |   2)               |                        filemap_add_folio() {
   11.985711 |   2)               |                          __filemap_add_folio() {
   11.985711 |   2)   0.126 us    |                            shmem_mapping();
   11.985711 |   2)               |                            _raw_spin_lock_irq() {
   11.985711 |   2)   0.215 us    |                              preempt_count_add();
   11.985712 |   2)   0.489 us    |                            }
   11.985712 |   2)   0.124 us    |                            workingset_update_node();
   11.985712 |   2)   0.126 us    |                            mod_node_page_state();
   11.985712 |   2)               |                            _raw_spin_unlock_irq() {
   11.985712 |   2)   0.130 us    |                              preempt_count_sub();
   11.985713 |   2)   0.404 us    |                            }
   11.985713 |   2)   2.182 us    |                          }
   11.985713 |   2)               |                          folio_add_lru() {
   11.985713 |   2)               |                            __folio_batch_add_and_move() {
   11.985713 |   2)   0.140 us    |                              preempt_count_add();
   11.985714 |   2)   0.128 us    |                              preempt_count_sub();
   11.985714 |   2)   0.714 us    |                            }
   11.985714 |   2)   0.965 us    |                          }
   11.985714 |   2)   3.549 us    |                        }
   11.985715 |   2)               |                        filemap_alloc_folio_noprof() {
   11.985715 |   2)               |                          folio_alloc_noprof() {
   11.985715 |   2)               |                            alloc_pages_mpol() {
   11.985715 |   2)   0.145 us    |                              policy_nodemask();
   11.985715 |   2)               |                              __alloc_frozen_pages_noprof() {
   11.985715 |   2)               |                                get_page_from_freelist() {
   11.985715 |   2)   0.137 us    |                                  preempt_count_add();
   11.985716 |   2)               |                                  _raw_spin_trylock() {
   11.985716 |   2)   0.145 us    |                                    preempt_count_add();
   11.985716 |   2)   0.479 us    |                                  }
   11.985716 |   2)               |                                  _raw_spin_unlock() {
   11.985716 |   2)   0.125 us    |                                    preempt_count_sub();
   11.985717 |   2)   0.392 us    |                                  }
   11.985717 |   2)   0.127 us    |                                  preempt_count_sub();
   11.985717 |   2)   1.863 us    |                                }
   11.985717 |   2)   2.135 us    |                              }
   11.985717 |   2)   2.679 us    |                            }
   11.985718 |   2)   2.932 us    |                          }
   11.985718 |   2)   3.184 us    |                        }
   11.985718 |   2)               |                        filemap_add_folio() {
   11.985718 |   2)               |                          __filemap_add_folio() {
   11.985718 |   2)   0.124 us    |                            shmem_mapping();
   11.985718 |   2)               |                            _raw_spin_lock_irq() {
   11.985719 |   2)   0.129 us    |                              preempt_count_add();
   11.985719 |   2)   0.462 us    |                            }
   11.985719 |   2)   0.126 us    |                            workingset_update_node();
   11.985719 |   2)   0.128 us    |                            mod_node_page_state();
   11.985720 |   2)               |                            _raw_spin_unlock_irq() {
   11.985720 |   2)   0.128 us    |                              preempt_count_sub();
   11.985720 |   2)   0.396 us    |                            }
   11.985720 |   2)   2.228 us    |                          }
   11.985720 |   2)               |                          folio_add_lru() {
   11.985720 |   2)               |                            __folio_batch_add_and_move() {
   11.985721 |   2)   0.130 us    |                              preempt_count_add();
   11.985721 |   2)   0.126 us    |                              preempt_count_sub();
   11.985721 |   2)   0.669 us    |                            }
   11.985721 |   2)   0.938 us    |                          }
   11.985721 |   2)   3.565 us    |                        }
   11.985722 |   2)               |                        filemap_alloc_folio_noprof() {
   11.985722 |   2)               |                          folio_alloc_noprof() {
   11.985722 |   2)               |                            alloc_pages_mpol() {
   11.985722 |   2)   0.127 us    |                              policy_nodemask();
   11.985722 |   2)               |                              __alloc_frozen_pages_noprof() {
   11.985723 |   2)               |                                get_page_from_freelist() {
   11.985723 |   2)   0.128 us    |                                  preempt_count_add();
   11.985723 |   2)               |                                  _raw_spin_trylock() {
   11.985723 |   2)   0.125 us    |                                    preempt_count_add();
   11.985723 |   2)   0.390 us    |                                  }
   11.985724 |   2)               |                                  _raw_spin_unlock() {
   11.985724 |   2)   0.127 us    |                                    preempt_count_sub();
   11.985724 |   2)   0.417 us    |                                  }
   11.985724 |   2)   0.127 us    |                                  preempt_count_sub();
   11.985724 |   2)   1.793 us    |                                }
   11.985724 |   2)   2.066 us    |                              }
   11.985725 |   2)   2.594 us    |                            }
   11.985725 |   2)   2.872 us    |                          }
   11.985725 |   2)   3.123 us    |                        }
   11.985725 |   2)               |                        filemap_add_folio() {
   11.985725 |   2)               |                          __filemap_add_folio() {
   11.985725 |   2)   0.125 us    |                            shmem_mapping();
   11.985726 |   2)               |                            _raw_spin_lock_irq() {
   11.985726 |   2)   0.128 us    |                              preempt_count_add();
   11.985726 |   2)   0.400 us    |                            }
   11.985726 |   2)   0.126 us    |                            workingset_update_node();
   11.985726 |   2)   0.125 us    |                            mod_node_page_state();
   11.985727 |   2)               |                            _raw_spin_unlock_irq() {
   11.985727 |   2)   0.127 us    |                              preempt_count_sub();
   11.985727 |   2)   0.422 us    |                            }
   11.985727 |   2)   2.163 us    |                          }
   11.985727 |   2)               |                          folio_add_lru() {
   11.985728 |   2)               |                            __folio_batch_add_and_move() {
   11.985728 |   2)   0.126 us    |                              preempt_count_add();
   11.985728 |   2)   0.128 us    |                              preempt_count_sub();
   11.985728 |   2)   0.711 us    |                            }
   11.985728 |   2)   0.959 us    |                          }
   11.985729 |   2)   3.523 us    |                        }
   11.985729 |   2)               |                        filemap_alloc_folio_noprof() {
   11.985729 |   2)               |                          folio_alloc_noprof() {
   11.985729 |   2)               |                            alloc_pages_mpol() {
   11.985729 |   2)   0.124 us    |                              policy_nodemask();
   11.985730 |   2)               |                              __alloc_frozen_pages_noprof() {
   11.985730 |   2)               |                                get_page_from_freelist() {
   11.985730 |   2)   0.126 us    |                                  preempt_count_add();
   11.985730 |   2)               |                                  _raw_spin_trylock() {
   11.985730 |   2)   0.124 us    |                                    preempt_count_add();
   11.985731 |   2)   0.455 us    |                                  }
   11.985731 |   2)               |                                  _raw_spin_unlock() {
   11.985731 |   2)   0.133 us    |                                    preempt_count_sub();
   11.985731 |   2)   0.399 us    |                                  }
   11.985731 |   2)   0.135 us    |                                  preempt_count_sub();
   11.985732 |   2)   1.813 us    |                                }
   11.985732 |   2)   2.084 us    |                              }
   11.985732 |   2)   2.605 us    |                            }
   11.985732 |   2)   2.874 us    |                          }
   11.985732 |   2)   3.124 us    |                        }
   11.985732 |   2)               |                        filemap_add_folio() {
   11.985732 |   2)               |                          __filemap_add_folio() {
   11.985732 |   2)   0.126 us    |                            shmem_mapping();
   11.985733 |   2)               |                            _raw_spin_lock_irq() {
   11.985733 |   2)   0.126 us    |                              preempt_count_add();
   11.985733 |   2)   0.398 us    |                            }
   11.985733 |   2)               |                            kmem_cache_alloc_lru_noprof() {
   11.985734 |   2)   0.129 us    |                              preempt_count_add();
   11.985734 |   2)   0.135 us    |                              preempt_count_sub();
   11.985734 |   2)   0.721 us    |                            }
   11.985734 |   2)   0.127 us    |                            workingset_update_node();
   11.985735 |   2)               |                            kmem_cache_alloc_lru_noprof() {
   11.985735 |   2)   0.126 us    |                              preempt_count_add();
   11.985735 |   2)   0.124 us    |                              preempt_count_sub();
   11.985735 |   2)   0.668 us    |                            }
   11.985735 |   2)   0.128 us    |                            workingset_update_node();
   11.985736 |   2)   0.125 us    |                            workingset_update_node();
   11.985736 |   2)   0.126 us    |                            mod_node_page_state();
   11.985736 |   2)               |                            _raw_spin_unlock_irq() {
   11.985736 |   2)   0.128 us    |                              preempt_count_sub();
   11.985737 |   2)   0.399 us    |                            }
   11.985737 |   2)   4.564 us    |                          }
   11.985737 |   2)               |                          folio_add_lru() {
   11.985737 |   2)               |                            __folio_batch_add_and_move() {
   11.985737 |   2)   0.127 us    |                              preempt_count_add();
   11.985738 |   2)   0.128 us    |                              preempt_count_sub();
   11.985738 |   2)   0.665 us    |                            }
   11.985738 |   2)   0.912 us    |                          }
   11.985738 |   2)   5.889 us    |                        }
   11.985738 |   2)               |                        filemap_alloc_folio_noprof() {
   11.985739 |   2)               |                          folio_alloc_noprof() {
   11.985739 |   2)               |                            alloc_pages_mpol() {
   11.985739 |   2)   0.127 us    |                              policy_nodemask();
   11.985739 |   2)               |                              __alloc_frozen_pages_noprof() {
   11.985739 |   2)               |                                get_page_from_freelist() {
   11.985739 |   2)   0.125 us    |                                  preempt_count_add();
   11.985740 |   2)               |                                  _raw_spin_trylock() {
   11.985740 |   2)   0.125 us    |                                    preempt_count_add();
   11.985740 |   2)   0.388 us    |                                  }
   11.985740 |   2)               |                                  _raw_spin_unlock() {
   11.985740 |   2)   0.124 us    |                                    preempt_count_sub();
   11.985741 |   2)   0.387 us    |                                  }
   11.985741 |   2)   0.213 us    |                                  preempt_count_sub();
   11.985741 |   2)   1.838 us    |                                }
   11.985741 |   2)   2.113 us    |                              }
   11.985741 |   2)   2.639 us    |                            }
   11.985741 |   2)   2.892 us    |                          }
   11.985742 |   2)   3.142 us    |                        }
   11.985742 |   2)               |                        filemap_add_folio() {
   11.985742 |   2)               |                          __filemap_add_folio() {
   11.985742 |   2)   0.125 us    |                            shmem_mapping();
   11.985742 |   2)               |                            _raw_spin_lock_irq() {
   11.985742 |   2)   0.143 us    |                              preempt_count_add();
   11.985743 |   2)   0.417 us    |                            }
   11.985743 |   2)   0.125 us    |                            workingset_update_node();
   11.985743 |   2)   0.133 us    |                            mod_node_page_state();
   11.985744 |   2)               |                            _raw_spin_unlock_irq() {
   11.985744 |   2)   0.141 us    |                              preempt_count_sub();
   11.985744 |   2)   0.408 us    |                            }
   11.985744 |   2)   2.224 us    |                          }
   11.985744 |   2)               |                          folio_add_lru() {
   11.985744 |   2)               |                            __folio_batch_add_and_move() {
   11.985745 |   2)   0.127 us    |                              preempt_count_add();
   11.985745 |   2)   0.126 us    |                              preempt_count_sub();
   11.985745 |   2)   0.665 us    |                            }
   11.985745 |   2)   0.944 us    |                          }
   11.985745 |   2)   3.572 us    |                        }
   11.985746 |   2)               |                        filemap_alloc_folio_noprof() {
   11.985746 |   2)               |                          folio_alloc_noprof() {
   11.985746 |   2)               |                            alloc_pages_mpol() {
   11.985746 |   2)   0.142 us    |                              policy_nodemask();
   11.985746 |   2)               |                              __alloc_frozen_pages_noprof() {
   11.985746 |   2)               |                                get_page_from_freelist() {
   11.985747 |   2)   0.145 us    |                                  preempt_count_add();
   11.985747 |   2)               |                                  _raw_spin_trylock() {
   11.985747 |   2)   0.126 us    |                                    preempt_count_add();
   11.985747 |   2)   0.487 us    |                                  }
   11.985748 |   2)               |                                  _raw_spin_unlock() {
   11.985748 |   2)   0.133 us    |                                    preempt_count_sub();
   11.985748 |   2)   0.396 us    |                                  }
   11.985748 |   2)   0.133 us    |                                  preempt_count_sub();
   11.985748 |   2)   1.892 us    |                                }
   11.985749 |   2)   2.165 us    |                              }
   11.985749 |   2)   2.708 us    |                            }
   11.985749 |   2)   2.972 us    |                          }
   11.985749 |   2)   3.221 us    |                        }
   11.985749 |   2)               |                        filemap_add_folio() {
   11.985749 |   2)               |                          __filemap_add_folio() {
   11.985749 |   2)   0.126 us    |                            shmem_mapping();
   11.985750 |   2)               |                            _raw_spin_lock_irq() {
   11.985750 |   2)   0.128 us    |                              preempt_count_add();
   11.985750 |   2)   0.399 us    |                            }
   11.985750 |   2)   0.126 us    |                            workingset_update_node();
   11.985750 |   2)   0.127 us    |                            mod_node_page_state();
   11.985751 |   2)               |                            _raw_spin_unlock_irq() {
   11.985751 |   2)   0.129 us    |                              preempt_count_sub();
   11.985751 |   2)   0.397 us    |                            }
   11.985751 |   2)   2.075 us    |                          }
   11.985751 |   2)               |                          folio_add_lru() {
   11.985752 |   2)               |                            __folio_batch_add_and_move() {
   11.985752 |   2)   0.125 us    |                              preempt_count_add();
   11.985752 |   2)   0.127 us    |                              preempt_count_sub();
   11.985752 |   2)   0.658 us    |                            }
   11.985752 |   2)   0.902 us    |                          }
   11.985752 |   2)   3.377 us    |                        }
   11.985753 |   2)               |                        filemap_alloc_folio_noprof() {
   11.985753 |   2)               |                          folio_alloc_noprof() {
   11.985753 |   2)               |                            alloc_pages_mpol() {
   11.985753 |   2)   0.125 us    |                              policy_nodemask();
   11.985753 |   2)               |                              __alloc_frozen_pages_noprof() {
   11.985754 |   2)               |                                get_page_from_freelist() {
   11.985754 |   2)   0.126 us    |                                  preempt_count_add();
   11.985754 |   2)               |                                  _raw_spin_trylock() {
   11.985754 |   2)   0.125 us    |                                    preempt_count_add();
   11.985754 |   2)   0.393 us    |                                  }
   11.985754 |   2)               |                                  _raw_spin_unlock() {
   11.985755 |   2)   0.125 us    |                                    preempt_count_sub();
   11.985755 |   2)   0.389 us    |                                  }
   11.985755 |   2)   0.127 us    |                                  preempt_count_sub();
   11.985755 |   2)   1.782 us    |                                }
   11.985756 |   2)   2.134 us    |                              }
   11.985756 |   2)   2.663 us    |                            }
   11.985756 |   2)   2.918 us    |                          }
   11.985756 |   2)   3.171 us    |                        }
   11.985756 |   2)               |                        filemap_add_folio() {
   11.985756 |   2)               |                          __filemap_add_folio() {
   11.985756 |   2)   0.126 us    |                            shmem_mapping();
   11.985757 |   2)               |                            _raw_spin_lock_irq() {
   11.985757 |   2)   0.127 us    |                              preempt_count_add();
   11.985757 |   2)   0.464 us    |                            }
   11.985757 |   2)   0.124 us    |                            workingset_update_node();
   11.985758 |   2)   0.125 us    |                            mod_node_page_state();
   11.985758 |   2)               |                            _raw_spin_unlock_irq() {
   11.985758 |   2)   0.127 us    |                              preempt_count_sub();
   11.985758 |   2)   0.394 us    |                            }
   11.985758 |   2)   2.138 us    |                          }
   11.985758 |   2)               |                          folio_add_lru() {
   11.985759 |   2)               |                            __folio_batch_add_and_move() {
   11.985759 |   2)   0.125 us    |                              preempt_count_add();
   11.985759 |   2)   0.127 us    |                              preempt_count_sub();
   11.985759 |   2)   0.680 us    |                            }
   11.985759 |   2)   0.930 us    |                          }
   11.985760 |   2)   3.471 us    |                        }
   11.985760 |   2)               |                        filemap_alloc_folio_noprof() {
   11.985760 |   2)               |                          folio_alloc_noprof() {
   11.985760 |   2)               |                            alloc_pages_mpol() {
   11.985760 |   2)   0.125 us    |                              policy_nodemask();
   11.985761 |   2)               |                              __alloc_frozen_pages_noprof() {
   11.985761 |   2)               |                                get_page_from_freelist() {
   11.985761 |   2)   0.125 us    |                                  preempt_count_add();
   11.985761 |   2)               |                                  _raw_spin_trylock() {
   11.985761 |   2)   0.124 us    |                                    preempt_count_add();
   11.985761 |   2)   0.391 us    |                                  }
   11.985762 |   2)               |                                  _raw_spin_unlock() {
   11.985762 |   2)   0.124 us    |                                    preempt_count_sub();
   11.985762 |   2)   0.385 us    |                                  }
   11.985762 |   2)   0.128 us    |                                  preempt_count_sub();
   11.985762 |   2)   1.752 us    |                                }
   11.985763 |   2)   2.028 us    |                              }
   11.985763 |   2)   2.555 us    |                            }
   11.985763 |   2)   2.807 us    |                          }
   11.985763 |   2)   3.059 us    |                        }
   11.985763 |   2)               |                        filemap_add_folio() {
   11.985763 |   2)               |                          __filemap_add_folio() {
   11.985763 |   2)   0.123 us    |                            shmem_mapping();
   11.985764 |   2)               |                            _raw_spin_lock_irq() {
   11.985764 |   2)   0.126 us    |                              preempt_count_add();
   11.985764 |   2)   0.397 us    |                            }
   11.985764 |   2)   0.125 us    |                            workingset_update_node();
   11.985764 |   2)   0.126 us    |                            mod_node_page_state();
   11.985765 |   2)               |                            _raw_spin_unlock_irq() {
   11.985765 |   2)   0.125 us    |                              preempt_count_sub();
   11.985765 |   2)   0.395 us    |                            }
   11.985765 |   2)   2.033 us    |                          }
   11.985765 |   2)               |                          folio_add_lru() {
   11.985766 |   2)               |                            __folio_batch_add_and_move() {
   11.985766 |   2)   0.125 us    |                              preempt_count_add();
   11.985766 |   2)               |                              folio_batch_move_lru() {
   11.985766 |   2)               |                                _raw_spin_lock_irqsave() {
   11.985766 |   2)   0.128 us    |                                  preempt_count_add();
   11.985767 |   2)   0.400 us    |                                }
   11.985767 |   2)               |                                lru_add() {
   11.985767 |   2)   0.127 us    |                                  folio_mapping();
   11.985767 |   2)   0.142 us    |                                  mod_node_page_state();
   11.985768 |   2)   0.126 us    |                                  __mod_zone_page_state();
   11.985768 |   2)   1.161 us    |                                }
   11.985768 |   2)               |                                lru_add() {
   11.985768 |   2)   0.126 us    |                                  folio_mapping();
   11.985769 |   2)   0.127 us    |                                  mod_node_page_state();
   11.985769 |   2)   0.126 us    |                                  __mod_zone_page_state();
   11.985769 |   2)   1.126 us    |                                }
   11.985769 |   2)               |                                lru_add() {
   11.985770 |   2)   0.125 us    |                                  folio_mapping();
   11.985770 |   2)   0.127 us    |                                  mod_node_page_state();
   11.985770 |   2)   0.191 us    |                                  __mod_zone_page_state();
   11.985771 |   2)   1.190 us    |                                }
   11.985771 |   2)               |                                lru_add() {
   11.985771 |   2)   0.126 us    |                                  folio_mapping();
   11.985771 |   2)   0.125 us    |                                  mod_node_page_state();
   11.985772 |   2)   0.138 us    |                                  __mod_zone_page_state();
   11.985772 |   2)   1.138 us    |                                }
   11.985772 |   2)               |                                lru_add() {
   11.985772 |   2)   0.126 us    |                                  folio_mapping();
   11.985773 |   2)   0.123 us    |                                  mod_node_page_state();
   11.985773 |   2)   0.129 us    |                                  __mod_zone_page_state();
   11.985773 |   2)   1.105 us    |                                }
   11.985773 |   2)               |                                lru_add() {
   11.985774 |   2)   0.126 us    |                                  folio_mapping();
   11.985774 |   2)   0.126 us    |                                  mod_node_page_state();
   11.985774 |   2)   0.127 us    |                                  __mod_zone_page_state();
   11.985775 |   2)   1.127 us    |                                }
   11.985775 |   2)               |                                lru_add() {
   11.985775 |   2)   0.125 us    |                                  folio_mapping();
   11.985775 |   2)   0.205 us    |                                  mod_node_page_state();
   11.985776 |   2)   0.257 us    |                                  __mod_zone_page_state();
   11.985776 |   2)   1.337 us    |                                }
   11.985776 |   2)               |                                lru_add() {
   11.985777 |   2)   0.126 us    |                                  folio_mapping();
   11.985777 |   2)   0.126 us    |                                  mod_node_page_state();
   11.985777 |   2)   0.125 us    |                                  __mod_zone_page_state();
   11.985777 |   2)   1.132 us    |                                }
   11.985778 |   2)               |                                lru_add() {
   11.985778 |   2)   0.123 us    |                                  folio_mapping();
   11.985778 |   2)   0.128 us    |                                  mod_node_page_state();
   11.985779 |   2)   0.127 us    |                                  __mod_zone_page_state();
   11.985779 |   2)   1.126 us    |                                }
   11.985779 |   2)               |                                lru_add() {
   11.985779 |   2)   0.125 us    |                                  folio_mapping();
   11.985780 |   2)   0.128 us    |                                  mod_node_page_state();
   11.985780 |   2)   0.125 us    |                                  __mod_zone_page_state();
   11.985780 |   2)   1.125 us    |                                }
   11.985780 |   2)               |                                lru_add() {
   11.985780 |   2)   0.124 us    |                                  folio_mapping();
   11.985781 |   2)   0.125 us    |                                  mod_node_page_state();
   11.985781 |   2)   0.123 us    |                                  __mod_zone_page_state();
   11.985781 |   2)   1.121 us    |                                }
   11.985782 |   2)               |                                lru_add() {
   11.985782 |   2)   0.123 us    |                                  folio_mapping();
   11.985782 |   2)   0.127 us    |                                  mod_node_page_state();
   11.985782 |   2)   0.125 us    |                                  __mod_zone_page_state();
   11.985783 |   2)   1.121 us    |                                }
   11.985783 |   2)               |                                lru_add() {
   11.985783 |   2)   0.125 us    |                                  folio_mapping();
   11.985783 |   2)   0.126 us    |                                  mod_node_page_state();
   11.985784 |   2)   0.125 us    |                                  __mod_zone_page_state();
   11.985784 |   2)   1.124 us    |                                }
   11.985784 |   2)               |                                lru_add() {
   11.985784 |   2)   0.124 us    |                                  folio_mapping();
   11.985785 |   2)   0.125 us    |                                  mod_node_page_state();
   11.985785 |   2)   0.124 us    |                                  __mod_zone_page_state();
   11.985785 |   2)   1.120 us    |                                }
   11.985785 |   2)               |                                lru_add() {
   11.985786 |   2)   0.124 us    |                                  folio_mapping();
   11.985786 |   2)   0.127 us    |                                  mod_node_page_state();
   11.985786 |   2)   0.124 us    |                                  __mod_zone_page_state();
   11.985787 |   2)   1.126 us    |                                }
   11.985787 |   2)               |                                lru_add() {
   11.985787 |   2)   0.126 us    |                                  folio_mapping();
   11.985787 |   2)   0.203 us    |                                  mod_node_page_state();
   11.985788 |   2)   0.124 us    |                                  __mod_zone_page_state();
   11.985788 |   2)   1.199 us    |                                }
   11.985788 |   2)               |                                lru_add() {
   11.985788 |   2)   0.126 us    |                                  folio_mapping();
   11.985789 |   2)   0.139 us    |                                  mod_node_page_state();
   11.985789 |   2)   0.129 us    |                                  __mod_zone_page_state();
   11.985789 |   2)   1.121 us    |                                }
   11.985790 |   2)               |                                lru_add() {
   11.985790 |   2)   0.125 us    |                                  folio_mapping();
   11.985790 |   2)   0.127 us    |                                  mod_node_page_state();
   11.985790 |   2)   0.123 us    |                                  __mod_zone_page_state();
   11.985791 |   2)   1.102 us    |                                }
   11.985791 |   2)               |                                lru_add() {
   11.985791 |   2)   0.126 us    |                                  folio_mapping();
   11.985791 |   2)   0.126 us    |                                  mod_node_page_state();
   11.985792 |   2)   0.125 us    |                                  __mod_zone_page_state();
   11.985792 |   2)   1.123 us    |                                }
   11.985792 |   2)               |                                lru_add() {
   11.985792 |   2)   0.126 us    |                                  folio_mapping();
   11.985793 |   2)   0.127 us    |                                  mod_node_page_state();
   11.985793 |   2)   0.126 us    |                                  __mod_zone_page_state();
   11.985793 |   2)   1.125 us    |                                }
   11.985794 |   2)               |                                lru_add() {
   11.985794 |   2)   0.126 us    |                                  folio_mapping();
   11.985794 |   2)   0.125 us    |                                  mod_node_page_state();
   11.985794 |   2)   0.124 us    |                                  __mod_zone_page_state();
   11.985795 |   2)   1.122 us    |                                }
   11.985795 |   2)               |                                lru_add() {
   11.985795 |   2)   0.127 us    |                                  folio_mapping();
   11.985795 |   2)   0.126 us    |                                  mod_node_page_state();
   11.985796 |   2)   0.131 us    |                                  __mod_zone_page_state();
   11.985796 |   2)   1.155 us    |                                }
   11.985796 |   2)               |                                lru_add() {
   11.985796 |   2)   0.123 us    |                                  folio_mapping();
   11.985797 |   2)   0.126 us    |                                  mod_node_page_state();
   11.985797 |   2)   0.123 us    |                                  __mod_zone_page_state();
   11.985797 |   2)   1.103 us    |                                }
   11.985797 |   2)               |                                lru_add() {
   11.985798 |   2)   0.125 us    |                                  folio_mapping();
   11.985798 |   2)   0.126 us    |                                  mod_node_page_state();
   11.985798 |   2)   0.123 us    |                                  __mod_zone_page_state();
   11.985799 |   2)   1.118 us    |                                }
   11.985799 |   2)               |                                lru_add() {
   11.985799 |   2)   0.127 us    |                                  folio_mapping();
   11.985799 |   2)   0.126 us    |                                  mod_node_page_state();
   11.985800 |   2)   0.126 us    |                                  __mod_zone_page_state();
   11.985800 |   2)   1.126 us    |                                }
   11.985800 |   2)               |                                lru_add() {
   11.985800 |   2)   0.125 us    |                                  folio_mapping();
   11.985801 |   2)   0.129 us    |                                  mod_node_page_state();
   11.985801 |   2)   0.126 us    |                                  __mod_zone_page_state();
   11.985801 |   2)   1.128 us    |                                }
   11.985801 |   2)               |                                lru_add() {
   11.985802 |   2)   0.126 us    |                                  folio_mapping();
   11.985802 |   2)   0.126 us    |                                  mod_node_page_state();
   11.985802 |   2)   0.122 us    |                                  __mod_zone_page_state();
   11.985802 |   2)   1.124 us    |                                }
   11.985803 |   2)               |                                lru_add() {
   11.985803 |   2)   0.126 us    |                                  folio_mapping();
   11.985803 |   2)   0.125 us    |                                  mod_node_page_state();
   11.985803 |   2)   0.125 us    |                                  __mod_zone_page_state();
   11.985804 |   2)   1.126 us    |                                }
   11.985804 |   2)               |                                lru_add() {
   11.985804 |   2)   0.510 us    |                                  folio_mapping();
   11.985805 |   2)   0.125 us    |                                  mod_node_page_state();
   11.985805 |   2)   0.125 us    |                                  __mod_zone_page_state();
   11.985805 |   2)   1.514 us    |                                }
   11.985806 |   2)               |                                lru_add() {
   11.985806 |   2)   0.125 us    |                                  folio_mapping();
   11.985806 |   2)   0.124 us    |                                  mod_node_page_state();
   11.985806 |   2)   0.125 us    |                                  __mod_zone_page_state();
   11.985807 |   2)   1.123 us    |                                }
   11.985807 |   2)               |                                lru_add() {
   11.985807 |   2)   0.125 us    |                                  folio_mapping();
   11.985807 |   2)   0.128 us    |                                  mod_node_page_state();
   11.985808 |   2)   0.128 us    |                                  __mod_zone_page_state();
   11.985808 |   2)   1.144 us    |                                }
   11.985808 |   2)               |                                _raw_spin_unlock_irqrestore() {
   11.985808 |   2)   0.125 us    |                                  preempt_count_sub();
   11.985809 |   2)   0.396 us    |                                }
   11.985809 |   2)   0.126 us    |                                free_unref_folios();
   11.985809 |   2)   0.330 us    |                                folios_put_refs();
   11.985810 |   2) + 43.595 us   |                              }
   11.985810 |   2)   0.127 us    |                              preempt_count_sub();
   11.985810 |   2) + 44.421 us   |                            }
   11.985810 |   2) + 44.672 us   |                          }
   11.985810 |   2) + 47.102 us   |                        }
   11.985811 |   2)               |                        filemap_alloc_folio_noprof() {
   11.985811 |   2)               |                          folio_alloc_noprof() {
   11.985811 |   2)               |                            alloc_pages_mpol() {
   11.985811 |   2)   0.128 us    |                              policy_nodemask();
   11.985811 |   2)               |                              __alloc_frozen_pages_noprof() {
   11.985811 |   2)               |                                get_page_from_freelist() {
   11.985812 |   2)   0.126 us    |                                  preempt_count_add();
   11.985812 |   2)               |                                  _raw_spin_trylock() {
   11.985812 |   2)   0.123 us    |                                    preempt_count_add();
   11.985812 |   2)   0.390 us    |                                  }
   11.985812 |   2)               |                                  _raw_spin_unlock() {
   11.985812 |   2)   0.123 us    |                                    preempt_count_sub();
   11.985813 |   2)   0.386 us    |                                  }
   11.985813 |   2)   0.127 us    |                                  preempt_count_sub();
   11.985813 |   2)   1.807 us    |                                }
   11.985813 |   2)   2.089 us    |                              }
   11.985813 |   2)   2.619 us    |                            }
   11.985814 |   2)   2.872 us    |                          }
   11.985814 |   2)   3.133 us    |                        }
   11.985814 |   2)               |                        filemap_add_folio() {
   11.985814 |   2)               |                          __filemap_add_folio() {
   11.985814 |   2)   0.123 us    |                            shmem_mapping();
   11.985814 |   2)               |                            _raw_spin_lock_irq() {
   11.985815 |   2)   0.125 us    |                              preempt_count_add();
   11.985815 |   2)   0.395 us    |                            }
   11.985815 |   2)   0.125 us    |                            workingset_update_node();
   11.985815 |   2)   0.127 us    |                            mod_node_page_state();
   11.985816 |   2)               |                            _raw_spin_unlock_irq() {
   11.985816 |   2)   0.127 us    |                              preempt_count_sub();
   11.985816 |   2)   0.398 us    |                            }
   11.985816 |   2)   2.056 us    |                          }
   11.985816 |   2)               |                          folio_add_lru() {
   11.985816 |   2)               |                            __folio_batch_add_and_move() {
   11.985816 |   2)   0.126 us    |                              preempt_count_add();
   11.985817 |   2)   0.126 us    |                              preempt_count_sub();
   11.985817 |   2)   0.662 us    |                            }
   11.985817 |   2)   0.913 us    |                          }
   11.985817 |   2)   3.390 us    |                        }
   11.985818 |   2)               |                        filemap_alloc_folio_noprof() {
   11.985818 |   2)               |                          folio_alloc_noprof() {
   11.985818 |   2)               |                            alloc_pages_mpol() {
   11.985818 |   2)   0.123 us    |                              policy_nodemask();
   11.985818 |   2)               |                              __alloc_frozen_pages_noprof() {
   11.985818 |   2)               |                                get_page_from_freelist() {
   11.985818 |   2)   0.125 us    |                                  preempt_count_add();
   11.985819 |   2)               |                                  _raw_spin_trylock() {
   11.985819 |   2)   0.122 us    |                                    preempt_count_add();
   11.985819 |   2)   0.387 us    |                                  }
   11.985819 |   2)               |                                  _raw_spin_unlock() {
   11.985819 |   2)   0.123 us    |                                    preempt_count_sub();
   11.985820 |   2)   0.453 us    |                                  }
   11.985820 |   2)   0.126 us    |                                  preempt_count_sub();
   11.985820 |   2)   1.819 us    |                                }
   11.985820 |   2)   2.092 us    |                              }
   11.985820 |   2)   2.616 us    |                            }
   11.985821 |   2)   2.870 us    |                          }
   11.985821 |   2)   3.120 us    |                        }
   11.985821 |   2)               |                        filemap_add_folio() {
   11.985821 |   2)               |                          __filemap_add_folio() {
   11.985821 |   2)   0.143 us    |                            shmem_mapping();
   11.985821 |   2)               |                            _raw_spin_lock_irq() {
   11.985822 |   2)   0.127 us    |                              preempt_count_add();
   11.985822 |   2)   0.398 us    |                            }
   11.985822 |   2)   0.124 us    |                            workingset_update_node();
   11.985822 |   2)   0.126 us    |                            mod_node_page_state();
   11.985823 |   2)               |                            _raw_spin_unlock_irq() {
   11.985823 |   2)   0.127 us    |                              preempt_count_sub();
   11.985823 |   2)   0.399 us    |                            }
   11.985823 |   2)   2.148 us    |                          }
   11.985823 |   2)               |                          folio_add_lru() {
   11.985823 |   2)               |                            __folio_batch_add_and_move() {
   11.985824 |   2)   0.125 us    |                              preempt_count_add();
   11.985824 |   2)   0.125 us    |                              preempt_count_sub();
   11.985824 |   2)   0.664 us    |                            }
   11.985824 |   2)   0.910 us    |                          }
   11.985824 |   2)   3.511 us    |                        }
   11.985825 |   2)               |                        filemap_alloc_folio_noprof() {
   11.985825 |   2)               |                          folio_alloc_noprof() {
   11.985825 |   2)               |                            alloc_pages_mpol() {
   11.985825 |   2)   0.126 us    |                              policy_nodemask();
   11.985825 |   2)               |                              __alloc_frozen_pages_noprof() {
   11.985825 |   2)               |                                get_page_from_freelist() {
   11.985826 |   2)   0.125 us    |                                  preempt_count_add();
   11.985826 |   2)               |                                  _raw_spin_trylock() {
   11.985826 |   2)   0.123 us    |                                    preempt_count_add();
   11.985826 |   2)   0.385 us    |                                  }
   11.985826 |   2)               |                                  _raw_spin_unlock() {
   11.985827 |   2)   0.126 us    |                                    preempt_count_sub();
   11.985827 |   2)   0.392 us    |                                  }
   11.985827 |   2)   0.125 us    |                                  preempt_count_sub();
   11.985827 |   2)   1.728 us    |                                }
   11.985827 |   2)   1.999 us    |                              }
   11.985827 |   2)   2.524 us    |                            }
   11.985828 |   2)   2.776 us    |                          }
   11.985828 |   2)   3.024 us    |                        }
   11.985828 |   2)               |                        filemap_add_folio() {
   11.985828 |   2)               |                          __filemap_add_folio() {
   11.985828 |   2)   0.123 us    |                            shmem_mapping();
   11.985828 |   2)               |                            _raw_spin_lock_irq() {
   11.985828 |   2)   0.125 us    |                              preempt_count_add();
   11.985829 |   2)   0.418 us    |                            }
   11.985829 |   2)   0.126 us    |                            workingset_update_node();
   11.985829 |   2)   0.127 us    |                            mod_node_page_state();
   11.985829 |   2)               |                            _raw_spin_unlock_irq() {
   11.985830 |   2)   0.126 us    |                              preempt_count_sub();
   11.985830 |   2)   0.392 us    |                            }
   11.985830 |   2)   2.042 us    |                          }
   11.985830 |   2)               |                          folio_add_lru() {
   11.985830 |   2)               |                            __folio_batch_add_and_move() {
   11.985830 |   2)   0.124 us    |                              preempt_count_add();
   11.985831 |   2)   0.126 us    |                              preempt_count_sub();
   11.985831 |   2)   0.660 us    |                            }
   11.985831 |   2)   0.905 us    |                          }
   11.985831 |   2)   3.371 us    |                        }
   11.985832 |   2)               |                        filemap_alloc_folio_noprof() {
   11.985832 |   2)               |                          folio_alloc_noprof() {
   11.985832 |   2)               |                            alloc_pages_mpol() {
   11.985832 |   2)   0.123 us    |                              policy_nodemask();
   11.985832 |   2)               |                              __alloc_frozen_pages_noprof() {
   11.985832 |   2)               |                                get_page_from_freelist() {
   11.985832 |   2)   0.123 us    |                                  preempt_count_add();
   11.985833 |   2)               |                                  _raw_spin_trylock() {
   11.985833 |   2)   0.122 us    |                                    preempt_count_add();
   11.985833 |   2)   0.385 us    |                                  }
   11.985833 |   2)               |                                  _raw_spin_unlock() {
   11.985833 |   2)   0.122 us    |                                    preempt_count_sub();
   11.985834 |   2)   0.387 us    |                                  }
   11.985834 |   2)   0.140 us    |                                  preempt_count_sub();
   11.985834 |   2)   1.835 us    |                                }
   11.985834 |   2)   2.110 us    |                              }
   11.985834 |   2)   2.632 us    |                            }
   11.985835 |   2)   2.881 us    |                          }
   11.985835 |   2)   3.132 us    |                        }
   11.985835 |   2)               |                        filemap_add_folio() {
   11.985835 |   2)               |                          __filemap_add_folio() {
   11.985835 |   2)   0.142 us    |                            shmem_mapping();
   11.985835 |   2)               |                            _raw_spin_lock_irq() {
   11.985836 |   2)   0.127 us    |                              preempt_count_add();
   11.985836 |   2)   0.471 us    |                            }
   11.985836 |   2)   0.123 us    |                            workingset_update_node();
   11.985836 |   2)   0.126 us    |                            mod_node_page_state();
   11.985837 |   2)               |                            _raw_spin_unlock_irq() {
   11.985837 |   2)   0.126 us    |                              preempt_count_sub();
   11.985837 |   2)   0.392 us    |                            }
   11.985837 |   2)   2.204 us    |                          }
   11.985837 |   2)               |                          folio_add_lru() {
   11.985837 |   2)               |                            __folio_batch_add_and_move() {
   11.985838 |   2)   0.124 us    |                              preempt_count_add();
   11.985838 |   2)   0.125 us    |                              preempt_count_sub();
   11.985838 |   2)   0.663 us    |                            }
   11.985838 |   2)   0.937 us    |                          }
   11.985838 |   2)   3.539 us    |                        }
   11.985839 |   2)               |                        filemap_alloc_folio_noprof() {
   11.985839 |   2)               |                          folio_alloc_noprof() {
   11.985839 |   2)               |                            alloc_pages_mpol() {
   11.985839 |   2)   0.125 us    |                              policy_nodemask();
   11.985839 |   2)               |                              __alloc_frozen_pages_noprof() {
   11.985840 |   2)               |                                get_page_from_freelist() {
   11.985840 |   2)   0.125 us    |                                  preempt_count_add();
   11.985840 |   2)               |                                  _raw_spin_trylock() {
   11.985840 |   2)   0.122 us    |                                    preempt_count_add();
   11.985840 |   2)   0.387 us    |                                  }
   11.985840 |   2)               |                                  _raw_spin_unlock() {
   11.985841 |   2)   0.125 us    |                                    preempt_count_sub();
   11.985841 |   2)   0.388 us    |                                  }
   11.985841 |   2)   0.125 us    |                                  preempt_count_sub();
   11.985841 |   2)   1.754 us    |                                }
   11.985841 |   2)   2.031 us    |                              }
   11.985842 |   2)   2.554 us    |                            }
   11.985842 |   2)   2.806 us    |                          }
   11.985842 |   2)   3.078 us    |                        }
   11.985842 |   2)               |                        filemap_add_folio() {
   11.985842 |   2)               |                          __filemap_add_folio() {
   11.985842 |   2)   0.124 us    |                            shmem_mapping();
   11.985843 |   2)               |                            _raw_spin_lock_irq() {
   11.985843 |   2)   0.125 us    |                              preempt_count_add();
   11.985843 |   2)   0.397 us    |                            }
   11.985843 |   2)   0.125 us    |                            workingset_update_node();
   11.985843 |   2)   0.126 us    |                            mod_node_page_state();
   11.985844 |   2)               |                            _raw_spin_unlock_irq() {
   11.985844 |   2)   0.125 us    |                              preempt_count_sub();
   11.985844 |   2)   0.394 us    |                            }
   11.985844 |   2)   2.048 us    |                          }
   11.985844 |   2)               |                          folio_add_lru() {
   11.985844 |   2)               |                            __folio_batch_add_and_move() {
   11.985845 |   2)   0.125 us    |                              preempt_count_add();
   11.985845 |   2)   0.125 us    |                              preempt_count_sub();
   11.985845 |   2)   0.681 us    |                            }
   11.985845 |   2)   0.929 us    |                          }
   11.985845 |   2)   3.400 us    |                        }
   11.985846 |   2)               |                        filemap_alloc_folio_noprof() {
   11.985846 |   2)               |                          folio_alloc_noprof() {
   11.985846 |   2)               |                            alloc_pages_mpol() {
   11.985846 |   2)   0.124 us    |                              policy_nodemask();
   11.985846 |   2)               |                              __alloc_frozen_pages_noprof() {
   11.985846 |   2)               |                                get_page_from_freelist() {
   11.985847 |   2)   0.126 us    |                                  preempt_count_add();
   11.985847 |   2)               |                                  _raw_spin_trylock() {
   11.985847 |   2)   0.124 us    |                                    preempt_count_add();
   11.985847 |   2)   0.388 us    |                                  }
   11.985847 |   2)               |                                  _raw_spin_unlock() {
   11.985848 |   2)   0.123 us    |                                    preempt_count_sub();
   11.985848 |   2)   0.387 us    |                                  }
   11.985848 |   2)   0.127 us    |                                  preempt_count_sub();
   11.985848 |   2)   1.850 us    |                                }
   11.985848 |   2)   2.124 us    |                              }
   11.985849 |   2)   2.648 us    |                            }
   11.985849 |   2)   2.897 us    |                          }
   11.985849 |   2)   3.146 us    |                        }
   11.985849 |   2)               |                        filemap_add_folio() {
   11.985849 |   2)               |                          __filemap_add_folio() {
   11.985849 |   2)   0.123 us    |                            shmem_mapping();
   11.985850 |   2)               |                            _raw_spin_lock_irq() {
   11.985850 |   2)   0.124 us    |                              preempt_count_add();
   11.985850 |   2)   0.398 us    |                            }
   11.985850 |   2)   0.125 us    |                            workingset_update_node();
   11.985850 |   2)   0.125 us    |                            mod_node_page_state();
   11.985851 |   2)               |                            _raw_spin_unlock_irq() {
   11.985851 |   2)   0.125 us    |                              preempt_count_sub();
   11.985851 |   2)   0.393 us    |                            }
   11.985851 |   2)   2.155 us    |                          }
   11.985851 |   2)               |                          folio_add_lru() {
   11.985852 |   2)               |                            __folio_batch_add_and_move() {
   11.985852 |   2)   0.124 us    |                              preempt_count_add();
   11.985852 |   2)   0.124 us    |                              preempt_count_sub();
   11.985852 |   2)   0.656 us    |                            }
   11.985852 |   2)   0.908 us    |                          }
   11.985852 |   2)   3.463 us    |                        }
   11.985853 |   2)               |                        filemap_alloc_folio_noprof() {
   11.985853 |   2)               |                          folio_alloc_noprof() {
   11.985853 |   2)               |                            alloc_pages_mpol() {
   11.985853 |   2)   0.125 us    |                              policy_nodemask();
   11.985853 |   2)               |                              __alloc_frozen_pages_noprof() {
   11.985854 |   2)               |                                get_page_from_freelist() {
   11.985854 |   2)   0.124 us    |                                  preempt_count_add();
   11.985854 |   2)               |                                  _raw_spin_trylock() {
   11.985854 |   2)   0.122 us    |                                    preempt_count_add();
   11.985854 |   2)   0.453 us    |                                  }
   11.985855 |   2)               |                                  _raw_spin_unlock() {
   11.985855 |   2)   0.123 us    |                                    preempt_count_sub();
   11.985855 |   2)   0.411 us    |                                  }
   11.985855 |   2)   0.125 us    |                                  preempt_count_sub();
   11.985855 |   2)   1.816 us    |                                }
   11.985856 |   2)   2.091 us    |                              }
   11.985856 |   2)   2.615 us    |                            }
   11.985856 |   2)   2.866 us    |                          }
   11.985856 |   2)   3.117 us    |                        }
   11.985856 |   2)               |                        filemap_add_folio() {
   11.985856 |   2)               |                          __filemap_add_folio() {
   11.985856 |   2)   0.122 us    |                            shmem_mapping();
   11.985857 |   2)               |                            _raw_spin_lock_irq() {
   11.985857 |   2)   0.126 us    |                              preempt_count_add();
   11.985857 |   2)   0.399 us    |                            }
   11.985857 |   2)   0.124 us    |                            workingset_update_node();
   11.985857 |   2)   0.126 us    |                            mod_node_page_state();
   11.985858 |   2)               |                            _raw_spin_unlock_irq() {
   11.985858 |   2)   0.123 us    |                              preempt_count_sub();
   11.985858 |   2)   0.389 us    |                            }
   11.985858 |   2)   2.025 us    |                          }
   11.985858 |   2)               |                          folio_add_lru() {
   11.985858 |   2)               |                            __folio_batch_add_and_move() {
   11.985859 |   2)   0.125 us    |                              preempt_count_add();
   11.985859 |   2)   0.125 us    |                              preempt_count_sub();
   11.985859 |   2)   0.655 us    |                            }
   11.985859 |   2)   0.902 us    |                          }
   11.985859 |   2)   3.325 us    |                        }
   11.985860 |   2)               |                        filemap_alloc_folio_noprof() {
   11.985860 |   2)               |                          folio_alloc_noprof() {
   11.985860 |   2)               |                            alloc_pages_mpol() {
   11.985860 |   2)   0.124 us    |                              policy_nodemask();
   11.985860 |   2)               |                              __alloc_frozen_pages_noprof() {
   11.985860 |   2)               |                                get_page_from_freelist() {
   11.985861 |   2)   0.125 us    |                                  preempt_count_add();
   11.985861 |   2)               |                                  _raw_spin_trylock() {
   11.985861 |   2)   0.121 us    |                                    preempt_count_add();
   11.985861 |   2)   0.388 us    |                                  }
   11.985861 |   2)               |                                  _raw_spin_unlock() {
   11.985862 |   2)   0.124 us    |                                    preempt_count_sub();
   11.985862 |   2)   0.386 us    |                                  }
   11.985862 |   2)   0.126 us    |                                  preempt_count_sub();
   11.985862 |   2)   1.751 us    |                                }
   11.985862 |   2)   2.104 us    |                              }
   11.985863 |   2)   2.627 us    |                            }
   11.985863 |   2)   2.879 us    |                          }
   11.985863 |   2)   3.127 us    |                        }
   11.985863 |   2)               |                        filemap_add_folio() {
   11.985863 |   2)               |                          __filemap_add_folio() {
   11.985863 |   2)   0.123 us    |                            shmem_mapping();
   11.985864 |   2)               |                            _raw_spin_lock_irq() {
   11.985864 |   2)   0.125 us    |                              preempt_count_add();
   11.985864 |   2)   0.467 us    |                            }
   11.985864 |   2)   0.124 us    |                            workingset_update_node();
   11.985864 |   2)   0.136 us    |                            mod_node_page_state();
   11.985865 |   2)               |                            _raw_spin_unlock_irq() {
   11.985865 |   2)   0.126 us    |                              preempt_count_sub();
   11.985865 |   2)   0.396 us    |                            }
   11.985865 |   2)   2.140 us    |                          }
   11.985865 |   2)               |                          folio_add_lru() {
   11.985866 |   2)               |                            __folio_batch_add_and_move() {
   11.985866 |   2)   0.123 us    |                              preempt_count_add();
   11.985866 |   2)   0.127 us    |                              preempt_count_sub();
   11.985866 |   2)   0.678 us    |                            }
   11.985866 |   2)   0.925 us    |                          }
   11.985866 |   2)   3.465 us    |                        }
   11.985867 |   2)               |                        filemap_alloc_folio_noprof() {
   11.985867 |   2)               |                          folio_alloc_noprof() {
   11.985867 |   2)               |                            alloc_pages_mpol() {
   11.985867 |   2)   0.125 us    |                              policy_nodemask();
   11.985867 |   2)               |                              __alloc_frozen_pages_noprof() {
   11.985868 |   2)               |                                get_page_from_freelist() {
   11.985868 |   2)   0.128 us    |                                  preempt_count_add();
   11.985868 |   2)               |                                  _raw_spin_trylock() {
   11.985868 |   2)   0.124 us    |                                    preempt_count_add();
   11.985868 |   2)   0.394 us    |                                  }
   11.985869 |   2)               |                                  _raw_spin_unlock() {
   11.985869 |   2)   0.135 us    |                                    preempt_count_sub();
   11.985869 |   2)   0.407 us    |                                  }
   11.985869 |   2)   0.126 us    |                                  preempt_count_sub();
   11.985869 |   2)   1.781 us    |                                }
   11.985870 |   2)   2.060 us    |                              }
   11.985870 |   2)   2.594 us    |                            }
   11.985870 |   2)   2.844 us    |                          }
   11.985870 |   2)   3.096 us    |                        }
   11.985870 |   2)               |                        filemap_add_folio() {
   11.985870 |   2)               |                          __filemap_add_folio() {
   11.985870 |   2)   0.122 us    |                            shmem_mapping();
   11.985871 |   2)               |                            _raw_spin_lock_irq() {
   11.985871 |   2)   0.125 us    |                              preempt_count_add();
   11.985871 |   2)   0.397 us    |                            }
   11.985871 |   2)   0.125 us    |                            workingset_update_node();
   11.985871 |   2)   0.124 us    |                            mod_node_page_state();
   11.985872 |   2)               |                            _raw_spin_unlock_irq() {
   11.985872 |   2)   0.125 us    |                              preempt_count_sub();
   11.985872 |   2)   0.394 us    |                            }
   11.985872 |   2)   2.059 us    |                          }
   11.985872 |   2)               |                          folio_add_lru() {
   11.985873 |   2)               |                            __folio_batch_add_and_move() {
   11.985873 |   2)   0.125 us    |                              preempt_count_add();
   11.985873 |   2)   0.125 us    |                              preempt_count_sub();
   11.985873 |   2)   0.660 us    |                            }
   11.985873 |   2)   0.906 us    |                          }
   11.985873 |   2)   3.365 us    |                        }
   11.985874 |   2)               |                        filemap_alloc_folio_noprof() {
   11.985874 |   2)               |                          folio_alloc_noprof() {
   11.985874 |   2)               |                            alloc_pages_mpol() {
   11.985874 |   2)   0.125 us    |                              policy_nodemask();
   11.985874 |   2)               |                              __alloc_frozen_pages_noprof() {
   11.985875 |   2)               |                                get_page_from_freelist() {
   11.985875 |   2)   0.124 us    |                                  preempt_count_add();
   11.985875 |   2)               |                                  _raw_spin_trylock() {
   11.985875 |   2)   0.124 us    |                                    preempt_count_add();
   11.985875 |   2)   0.387 us    |                                  }
   11.985875 |   2)               |                                  _raw_spin_unlock() {
   11.985876 |   2)   0.123 us    |                                    preempt_count_sub();
   11.985876 |   2)   0.387 us    |                                  }
   11.985876 |   2)   0.124 us    |                                  preempt_count_sub();
   11.985876 |   2)   1.753 us    |                                }
   11.985877 |   2)   2.028 us    |                              }
   11.985877 |   2)   2.621 us    |                            }
   11.985877 |   2)   2.876 us    |                          }
   11.985877 |   2)   3.126 us    |                        }
   11.985877 |   2)               |                        filemap_add_folio() {
   11.985877 |   2)               |                          __filemap_add_folio() {
   11.985877 |   2)   0.125 us    |                            shmem_mapping();
   11.985878 |   2)               |                            _raw_spin_lock_irq() {
   11.985878 |   2)   0.126 us    |                              preempt_count_add();
   11.985878 |   2)   0.452 us    |                            }
   11.985878 |   2)   0.126 us    |                            workingset_update_node();
   11.985878 |   2)   0.126 us    |                            mod_node_page_state();
   11.985879 |   2)               |                            _raw_spin_unlock_irq() {
   11.985879 |   2)   0.144 us    |                              preempt_count_sub();
   11.985879 |   2)   0.411 us    |                            }
   11.985879 |   2)   2.139 us    |                          }
   11.985879 |   2)               |                          folio_add_lru() {
   11.985880 |   2)               |                            __folio_batch_add_and_move() {
   11.985880 |   2)   0.123 us    |                              preempt_count_add();
   11.985880 |   2)   0.130 us    |                              preempt_count_sub();
   11.985880 |   2)   0.677 us    |                            }
   11.985880 |   2)   0.926 us    |                          }
   11.985881 |   2)   3.463 us    |                        }
   11.985881 |   2)               |                        filemap_alloc_folio_noprof() {
   11.985881 |   2)               |                          folio_alloc_noprof() {
   11.985881 |   2)               |                            alloc_pages_mpol() {
   11.985881 |   2)   0.131 us    |                              policy_nodemask();
   11.985882 |   2)               |                              __alloc_frozen_pages_noprof() {
   11.985882 |   2)               |                                get_page_from_freelist() {
   11.985882 |   2)   0.124 us    |                                  preempt_count_add();
   11.985882 |   2)               |                                  _raw_spin_trylock() {
   11.985882 |   2)   0.124 us    |                                    preempt_count_add();
   11.985883 |   2)   0.453 us    |                                  }
   11.985883 |   2)               |                                  _raw_spin_unlock() {
   11.985883 |   2)   0.138 us    |                                    preempt_count_sub();
   11.985883 |   2)   0.403 us    |                                  }
   11.985883 |   2)   0.128 us    |                                  preempt_count_sub();
   11.985884 |   2)   1.860 us    |                                }
   11.985884 |   2)   2.145 us    |                              }
   11.985884 |   2)   2.677 us    |                            }
   11.985884 |   2)   2.941 us    |                          }
   11.985884 |   2)   3.193 us    |                        }
   11.985884 |   2)               |                        filemap_add_folio() {
   11.985884 |   2)               |                          __filemap_add_folio() {
   11.985884 |   2)   0.122 us    |                            shmem_mapping();
   11.985885 |   2)               |                            _raw_spin_lock_irq() {
   11.985885 |   2)   0.125 us    |                              preempt_count_add();
   11.985885 |   2)   0.396 us    |                            }
   11.985885 |   2)   0.123 us    |                            workingset_update_node();
   11.985886 |   2)   0.126 us    |                            mod_node_page_state();
   11.985886 |   2)               |                            _raw_spin_unlock_irq() {
   11.985886 |   2)   0.126 us    |                              preempt_count_sub();
   11.985886 |   2)   0.395 us    |                            }
   11.985886 |   2)   2.054 us    |                          }
   11.985887 |   2)               |                          folio_add_lru() {
   11.985887 |   2)               |                            __folio_batch_add_and_move() {
   11.985887 |   2)   0.123 us    |                              preempt_count_add();
   11.985887 |   2)   0.126 us    |                              preempt_count_sub();
   11.985887 |   2)   0.679 us    |                            }
   11.985887 |   2)   0.927 us    |                          }
   11.985888 |   2)   3.380 us    |                        }
   11.985888 |   2)               |                        filemap_alloc_folio_noprof() {
   11.985888 |   2)               |                          folio_alloc_noprof() {
   11.985888 |   2)               |                            alloc_pages_mpol() {
   11.985888 |   2)   0.123 us    |                              policy_nodemask();
   11.985889 |   2)               |                              __alloc_frozen_pages_noprof() {
   11.985889 |   2)               |                                get_page_from_freelist() {
   11.985889 |   2)   0.124 us    |                                  preempt_count_add();
   11.985889 |   2)               |                                  _raw_spin_trylock() {
   11.985889 |   2)   0.123 us    |                                    preempt_count_add();
   11.985889 |   2)   0.388 us    |                                  }
   11.985890 |   2)               |                                  _raw_spin_unlock() {
   11.985890 |   2)   0.122 us    |                                    preempt_count_sub();
   11.985890 |   2)   0.386 us    |                                  }
   11.985890 |   2)   0.126 us    |                                  preempt_count_sub();
   11.985890 |   2)   1.749 us    |                                }
   11.985891 |   2)   2.021 us    |                              }
   11.985891 |   2)   2.542 us    |                            }
   11.985891 |   2)   2.862 us    |                          }
   11.985891 |   2)   3.112 us    |                        }
   11.985891 |   2)               |                        filemap_add_folio() {
   11.985891 |   2)               |                          __filemap_add_folio() {
   11.985891 |   2)   0.125 us    |                            shmem_mapping();
   11.985892 |   2)               |                            _raw_spin_lock_irq() {
   11.985892 |   2)   0.127 us    |                              preempt_count_add();
   11.985892 |   2)   0.398 us    |                            }
   11.985892 |   2)   0.123 us    |                            workingset_update_node();
   11.985893 |   2)   0.131 us    |                            mod_node_page_state();
   11.985893 |   2)               |                            _raw_spin_unlock_irq() {
   11.985893 |   2)   0.147 us    |                              preempt_count_sub();
   11.985893 |   2)   0.415 us    |                            }
   11.985893 |   2)   2.074 us    |                          }
   11.985894 |   2)               |                          folio_add_lru() {
   11.985894 |   2)               |                            __folio_batch_add_and_move() {
   11.985894 |   2)   0.125 us    |                              preempt_count_add();
   11.985894 |   2)   0.125 us    |                              preempt_count_sub();
   11.985894 |   2)   0.659 us    |                            }
   11.985894 |   2)   0.906 us    |                          }
   11.985895 |   2)   3.381 us    |                        }
   11.985895 |   2)               |                        filemap_alloc_folio_noprof() {
   11.985895 |   2)               |                          folio_alloc_noprof() {
   11.985895 |   2)               |                            alloc_pages_mpol() {
   11.985895 |   2)   0.125 us    |                              policy_nodemask();
   11.985896 |   2)               |                              __alloc_frozen_pages_noprof() {
   11.985896 |   2)               |                                get_page_from_freelist() {
   11.985896 |   2)   0.125 us    |                                  preempt_count_add();
   11.985896 |   2)               |                                  _raw_spin_trylock() {
   11.985896 |   2)   0.124 us    |                                    preempt_count_add();
   11.985897 |   2)   0.389 us    |                                  }
   11.985897 |   2)               |                                  _raw_spin_unlock() {
   11.985897 |   2)   0.124 us    |                                    preempt_count_sub();
   11.985897 |   2)   0.411 us    |                                  }
   11.985897 |   2)   0.126 us    |                                  preempt_count_sub();
   11.985898 |   2)   1.779 us    |                                }
   11.985898 |   2)   2.059 us    |                              }
   11.985898 |   2)   2.584 us    |                            }
   11.985898 |   2)   2.836 us    |                          }
   11.985898 |   2)   3.117 us    |                        }
   11.985898 |   2)               |                        filemap_add_folio() {
   11.985898 |   2)               |                          __filemap_add_folio() {
   11.985898 |   2)   0.124 us    |                            shmem_mapping();
   11.985899 |   2)               |                            _raw_spin_lock_irq() {
   11.985899 |   2)   0.127 us    |                              preempt_count_add();
   11.985899 |   2)   0.400 us    |                            }
   11.985899 |   2)   0.125 us    |                            workingset_update_node();
   11.985900 |   2)   0.126 us    |                            mod_node_page_state();
   11.985900 |   2)               |                            _raw_spin_unlock_irq() {
   11.985900 |   2)   0.125 us    |                              preempt_count_sub();
   11.985900 |   2)   0.392 us    |                            }
   11.985900 |   2)   2.032 us    |                          }
   11.985901 |   2)               |                          folio_add_lru() {
   11.985901 |   2)               |                            __folio_batch_add_and_move() {
   11.985901 |   2)   0.126 us    |                              preempt_count_add();
   11.985901 |   2)   0.126 us    |                              preempt_count_sub();
   11.985901 |   2)   0.657 us    |                            }
   11.985901 |   2)   0.903 us    |                          }
   11.985902 |   2)   3.361 us    |                        }
   11.985902 |   2)               |                        filemap_alloc_folio_noprof() {
   11.985902 |   2)               |                          folio_alloc_noprof() {
   11.985902 |   2)               |                            alloc_pages_mpol() {
   11.985902 |   2)   0.125 us    |                              policy_nodemask();
   11.985903 |   2)               |                              __alloc_frozen_pages_noprof() {
   11.985903 |   2)               |                                get_page_from_freelist() {
   11.985903 |   2)   0.125 us    |                                  preempt_count_add();
   11.985903 |   2)               |                                  _raw_spin_trylock() {
   11.985903 |   2)   0.122 us    |                                    preempt_count_add();
   11.985904 |   2)   0.390 us    |                                  }
   11.985904 |   2)               |                                  _raw_spin_unlock() {
   11.985904 |   2)   0.125 us    |                                    preempt_count_sub();
   11.985904 |   2)   0.418 us    |                                  }
   11.985904 |   2)   0.126 us    |                                  preempt_count_sub();
   11.985905 |   2)   1.821 us    |                                }
   11.985905 |   2)   2.095 us    |                              }
   11.985905 |   2)   2.621 us    |                            }
   11.985905 |   2)   2.872 us    |                          }
   11.985905 |   2)   3.214 us    |                        }
   11.985905 |   2)               |                        filemap_add_folio() {
   11.985905 |   2)               |                          __filemap_add_folio() {
   11.985906 |   2)   0.123 us    |                            shmem_mapping();
   11.985906 |   2)               |                            _raw_spin_lock_irq() {
   11.985906 |   2)   0.127 us    |                              preempt_count_add();
   11.985906 |   2)   0.398 us    |                            }
   11.985906 |   2)   0.124 us    |                            workingset_update_node();
   11.985907 |   2)   0.129 us    |                            mod_node_page_state();
   11.985907 |   2)               |                            _raw_spin_unlock_irq() {
   11.985907 |   2)   0.127 us    |                              preempt_count_sub();
   11.985907 |   2)   0.398 us    |                            }
   11.985907 |   2)   2.070 us    |                          }
   11.985908 |   2)               |                          folio_add_lru() {
   11.985908 |   2)               |                            __folio_batch_add_and_move() {
   11.985908 |   2)   0.125 us    |                              preempt_count_add();
   11.985908 |   2)   0.126 us    |                              preempt_count_sub();
   11.985909 |   2)   0.758 us    |                            }
   11.985909 |   2)   1.012 us    |                          }
   11.985909 |   2)   3.488 us    |                        }
   11.985909 |   2)               |                        filemap_alloc_folio_noprof() {
   11.985909 |   2)               |                          folio_alloc_noprof() {
   11.985909 |   2)               |                            alloc_pages_mpol() {
   11.985910 |   2)   0.136 us    |                              policy_nodemask();
   11.985910 |   2)               |                              __alloc_frozen_pages_noprof() {
   11.985910 |   2)               |                                get_page_from_freelist() {
   11.985910 |   2)   0.125 us    |                                  preempt_count_add();
   11.985910 |   2)               |                                  _raw_spin_trylock() {
   11.985910 |   2)   0.129 us    |                                    preempt_count_add();
   11.985911 |   2)   0.395 us    |                                  }
   11.985911 |   2)               |                                  _raw_spin_unlock() {
   11.985911 |   2)   0.123 us    |                                    preempt_count_sub();
   11.985911 |   2)   0.397 us    |                                  }
   11.985911 |   2)   0.128 us    |                                  preempt_count_sub();
   11.985912 |   2)   1.786 us    |                                }
   11.985912 |   2)   2.063 us    |                              }
   11.985912 |   2)   2.597 us    |                            }
   11.985912 |   2)   2.847 us    |                          }
   11.985912 |   2)   3.095 us    |                        }
   11.985912 |   2)               |                        filemap_add_folio() {
   11.985912 |   2)               |                          __filemap_add_folio() {
   11.985913 |   2)   0.122 us    |                            shmem_mapping();
   11.985913 |   2)               |                            _raw_spin_lock_irq() {
   11.985913 |   2)   0.123 us    |                              preempt_count_add();
   11.985913 |   2)   0.396 us    |                            }
   11.985913 |   2)   0.126 us    |                            workingset_update_node();
   11.985914 |   2)   0.124 us    |                            mod_node_page_state();
   11.985914 |   2)               |                            _raw_spin_unlock_irq() {
   11.985914 |   2)   0.126 us    |                              preempt_count_sub();
   11.985914 |   2)   0.394 us    |                            }
   11.985915 |   2)   2.044 us    |                          }
   11.985915 |   2)               |                          folio_add_lru() {
   11.985915 |   2)               |                            __folio_batch_add_and_move() {
   11.985915 |   2)   0.125 us    |                              preempt_count_add();
   11.985915 |   2)   0.126 us    |                              preempt_count_sub();
   11.985915 |   2)   0.655 us    |                            }
   11.985916 |   2)   0.900 us    |                          }
   11.985916 |   2)   3.345 us    |                        }
   11.985916 |   2)               |                        read_pages() {
   11.985916 |   2)   0.123 us    |                          blk_start_plug();
   11.985916 |   2)               |                          z_erofs_readahead() {
   11.985916 |   2)   0.145 us    |                            erofs_real_inode();
   11.985917 |   2)               |                            z_erofs_pcluster_readmore() {
   11.985917 |   2)               |                              z_erofs_map_blocks_iter() {
   11.985917 |   2)               |                                z_erofs_map_blocks_fo() {
   11.985917 |   2)               |                                  z_erofs_load_lcluster_from_disk() {
   11.985917 |   2)               |                                    erofs_read_metabuf() {
   11.985917 |   2)               |                                      erofs_bread() {
   11.985918 |   2)               |                                        read_cache_folio() {
   11.985918 |   2)               |                                          do_read_cache_folio() {
   11.985918 |   2)               |                                            __filemap_get_folio_mpol() {
   11.985918 |   2)   0.326 us    |                                              filemap_get_entry();
   11.985918 |   2)   0.600 us    |                                            }
   11.985919 |   2)   0.135 us    |                                            folio_mark_accessed();
   11.985919 |   2)   1.152 us    |                                          }
   11.985919 |   2)   1.404 us    |                                        }
   11.985919 |   2)   1.689 us    |                                      }
   11.985919 |   2)   1.952 us    |                                    }
   11.985920 |   2)   2.378 us    |                                  }
   11.985920 |   2)               |                                  z_erofs_load_lcluster_from_disk() {
   11.985920 |   2)               |                                    erofs_read_metabuf() {
   11.985920 |   2)   0.151 us    |                                      erofs_bread();
   11.985920 |   2)   0.400 us    |                                    }
   11.985920 |   2)   0.673 us    |                                  }
   11.985921 |   2)   0.123 us    |                                  erofs_unmap_metabuf();
   11.985921 |   2)   3.863 us    |                                }
   11.985921 |   2)   4.154 us    |                              }
   11.985921 |   2)   0.134 us    |                              readahead_expand();
   11.985921 |   2)   4.689 us    |                            }
   11.985934 |   2)               |                            z_erofs_scan_folio() {
   11.985934 |   2)   0.134 us    |                              erofs_onlinefolio_init();
   11.985935 |   2)               |                              _raw_spin_lock() {
   11.985935 |   2)   0.127 us    |                                preempt_count_add();
   11.985935 |   2)   0.459 us    |                              }
   11.985935 |   2)               |                              _raw_spin_unlock() {
   11.985935 |   2)   0.149 us    |                                preempt_count_sub();
   11.985936 |   2)   0.418 us    |                              }
   11.985936 |   2)               |                              _raw_spin_lock() {
   11.985936 |   2)   0.128 us    |                                preempt_count_add();
   11.985936 |   2)   0.457 us    |                              }
   11.985937 |   2)               |                              _raw_spin_unlock() {
   11.985937 |   2)   0.153 us    |                                preempt_count_sub();
   11.985937 |   2)   0.415 us    |                              }
   11.985937 |   2)   0.132 us    |                              erofs_onlinefolio_split();
   11.985937 |   2)   0.210 us    |                              erofs_onlinefolio_end();
   11.985938 |   2)   3.995 us    |                            }
   11.985938 |   2)               |                            z_erofs_scan_folio() {
   11.985938 |   2)   0.144 us    |                              erofs_onlinefolio_init();
   11.985938 |   2)               |                              _raw_spin_lock() {
   11.985938 |   2)   0.130 us    |                                preempt_count_add();
   11.985939 |   2)   0.503 us    |                              }
   11.985939 |   2)               |                              _raw_spin_unlock() {
   11.985939 |   2)   0.147 us    |                                preempt_count_sub();
   11.985939 |   2)   0.415 us    |                              }
   11.985939 |   2)   0.140 us    |                              erofs_onlinefolio_split();
   11.985940 |   2)   0.217 us    |                              erofs_onlinefolio_end();
   11.985940 |   2)   2.259 us    |                            }
   11.985940 |   2)               |                            z_erofs_scan_folio() {
   11.985940 |   2)   0.125 us    |                              erofs_onlinefolio_init();
   11.985941 |   2)               |                              _raw_spin_lock() {
   11.985941 |   2)   0.127 us    |                                preempt_count_add();
   11.985941 |   2)   0.420 us    |                              }
   11.985941 |   2)               |                              _raw_spin_unlock() {
   11.985941 |   2)   0.138 us    |                                preempt_count_sub();
   11.985942 |   2)   0.403 us    |                              }
   11.985942 |   2)               |                              __erofs_allocpage() {
   11.985942 |   2)               |                                alloc_pages_noprof() {
   11.985942 |   2)               |                                  alloc_pages_mpol() {
   11.985942 |   2)   0.122 us    |                                    policy_nodemask();
   11.985942 |   2)               |                                    __alloc_frozen_pages_noprof() {
   11.985943 |   2)               |                                      get_page_from_freelist() {
   11.985943 |   2)   0.126 us    |                                        preempt_count_add();
   11.985943 |   2)               |                                        _raw_spin_trylock() {
   11.985943 |   2)   0.123 us    |                                          preempt_count_add();
   11.985943 |   2)   0.388 us    |                                        }
   11.985944 |   2)               |                                        _raw_spin_unlock() {
   11.985944 |   2)   0.133 us    |                                          preempt_count_sub();
   11.985944 |   2)   0.394 us    |                                        }
   11.985944 |   2)   0.125 us    |                                        preempt_count_sub();
   11.985944 |   2)   1.763 us    |                                      }
   11.985944 |   2)   2.067 us    |                                    }
   11.985945 |   2)   2.591 us    |                                  }
   11.985945 |   2)   2.844 us    |                                }
   11.985945 |   2)   3.107 us    |                              }
   11.985945 |   2)   0.128 us    |                              z_erofs_bvset_flip();
   11.985945 |   2)   0.130 us    |                              erofs_onlinefolio_split();
   11.985946 |   2)   0.130 us    |                              erofs_onlinefolio_end();
   11.985946 |   2)   5.602 us    |                            }
   11.985946 |   2)               |                            z_erofs_scan_folio() {
   11.985946 |   2)   0.124 us    |                              erofs_onlinefolio_init();
   11.985946 |   2)               |                              _raw_spin_lock() {
   11.985947 |   2)   0.125 us    |                                preempt_count_add();
   11.985947 |   2)   0.459 us    |                              }
   11.985947 |   2)               |                              _raw_spin_unlock() {
   11.985947 |   2)   0.138 us    |                                preempt_count_sub();
   11.985947 |   2)   0.405 us    |                              }
   11.985948 |   2)   0.129 us    |                              erofs_onlinefolio_split();
   11.985948 |   2)   0.131 us    |                              erofs_onlinefolio_end();
   11.985948 |   2)   2.124 us    |                            }
   11.985948 |   2)               |                            z_erofs_scan_folio() {
   11.985948 |   2)   0.127 us    |                              erofs_onlinefolio_init();
   11.985949 |   2)               |                              _raw_spin_lock() {
   11.985949 |   2)   0.127 us    |                                preempt_count_add();
   11.985949 |   2)   0.474 us    |                              }
   11.985949 |   2)               |                              _raw_spin_unlock() {
   11.985949 |   2)   0.132 us    |                                preempt_count_sub();
   11.985950 |   2)   0.400 us    |                              }
   11.985950 |   2)   0.131 us    |                              erofs_onlinefolio_split();
   11.985950 |   2)   0.217 us    |                              erofs_onlinefolio_end();
   11.985951 |   2)   2.243 us    |                            }
   11.985951 |   2)               |                            z_erofs_scan_folio() {
   11.985951 |   2)   0.130 us    |                              erofs_onlinefolio_init();
   11.985951 |   2)               |                              _raw_spin_lock() {
   11.985951 |   2)   0.126 us    |                                preempt_count_add();
   11.985952 |   2)   0.459 us    |                              }
   11.985952 |   2)               |                              _raw_spin_unlock() {
   11.985952 |   2)   0.140 us    |                                preempt_count_sub();
   11.985952 |   2)   0.401 us    |                              }
   11.985952 |   2)   0.130 us    |                              erofs_onlinefolio_split();
   11.985953 |   2)   0.131 us    |                              erofs_onlinefolio_end();
   11.985953 |   2)   2.146 us    |                            }
   11.985953 |   2)               |                            z_erofs_scan_folio() {
   11.985953 |   2)   0.124 us    |                              erofs_onlinefolio_init();
   11.985953 |   2)               |                              _raw_spin_lock() {
   11.985953 |   2)   0.127 us    |                                preempt_count_add();
   11.985954 |   2)   0.394 us    |                              }
   11.985954 |   2)               |                              _raw_spin_unlock() {
   11.985954 |   2)   0.127 us    |                                preempt_count_sub();
   11.985954 |   2)   0.396 us    |                              }
   11.985954 |   2)   0.131 us    |                              erofs_onlinefolio_split();
   11.985955 |   2)   0.131 us    |                              erofs_onlinefolio_end();
   11.985955 |   2)   2.060 us    |                            }
   11.985955 |   2)               |                            z_erofs_scan_folio() {
   11.985955 |   2)   0.123 us    |                              erofs_onlinefolio_init();
   11.985956 |   2)               |                              _raw_spin_lock() {
   11.985956 |   2)   0.125 us    |                                preempt_count_add();
   11.985956 |   2)   0.388 us    |                              }
   11.985956 |   2)               |                              _raw_spin_unlock() {
   11.985956 |   2)   0.126 us    |                                preempt_count_sub();
   11.985956 |   2)   0.391 us    |                              }
   11.985957 |   2)   0.128 us    |                              erofs_onlinefolio_split();
   11.985957 |   2)   0.133 us    |                              erofs_onlinefolio_end();
   11.985957 |   2)   2.034 us    |                            }
   11.985957 |   2)               |                            z_erofs_scan_folio() {
   11.985957 |   2)   0.124 us    |                              erofs_onlinefolio_init();
   11.985958 |   2)               |                              _raw_spin_lock() {
   11.985958 |   2)   0.125 us    |                                preempt_count_add();
   11.985958 |   2)   0.390 us    |                              }
   11.985958 |   2)               |                              _raw_spin_unlock() {
   11.985958 |   2)   0.126 us    |                                preempt_count_sub();
   11.985959 |   2)   0.390 us    |                              }
   11.985959 |   2)   0.131 us    |                              erofs_onlinefolio_split();
   11.985959 |   2)   0.130 us    |                              erofs_onlinefolio_end();
   11.985959 |   2)   2.033 us    |                            }
   11.985959 |   2)               |                            z_erofs_scan_folio() {
   11.985960 |   2)   0.126 us    |                              erofs_onlinefolio_init();
   11.985960 |   2)               |                              _raw_spin_lock() {
   11.985960 |   2)   0.127 us    |                                preempt_count_add();
   11.985960 |   2)   0.395 us    |                              }
   11.985960 |   2)               |                              _raw_spin_unlock() {
   11.985961 |   2)   0.130 us    |                                preempt_count_sub();
   11.985961 |   2)   0.395 us    |                              }
   11.985961 |   2)   0.130 us    |                              erofs_onlinefolio_split();
   11.985961 |   2)   0.132 us    |                              erofs_onlinefolio_end();
   11.985962 |   2)   2.149 us    |                            }
   11.985962 |   2)               |                            z_erofs_scan_folio() {
   11.985962 |   2)   0.124 us    |                              erofs_onlinefolio_init();
   11.985962 |   2)               |                              _raw_spin_lock() {
   11.985962 |   2)   0.126 us    |                                preempt_count_add();
   11.985963 |   2)   0.456 us    |                              }
   11.985963 |   2)               |                              _raw_spin_unlock() {
   11.985963 |   2)   0.126 us    |                                preempt_count_sub();
   11.985963 |   2)   0.405 us    |                              }
   11.985963 |   2)   0.133 us    |                              erofs_onlinefolio_split();
   11.985964 |   2)   0.134 us    |                              erofs_onlinefolio_end();
   11.985964 |   2)   2.139 us    |                            }
   11.985964 |   2)               |                            z_erofs_scan_folio() {
   11.985964 |   2)   0.125 us    |                              erofs_onlinefolio_init();
   11.985964 |   2)               |                              _raw_spin_lock() {
   11.985965 |   2)   0.126 us    |                                preempt_count_add();
   11.985965 |   2)   0.455 us    |                              }
   11.985965 |   2)               |                              _raw_spin_unlock() {
   11.985965 |   2)   0.128 us    |                                preempt_count_sub();
   11.985965 |   2)   0.392 us    |                              }
   11.985966 |   2)   0.139 us    |                              erofs_onlinefolio_split();
   11.985966 |   2)   0.133 us    |                              erofs_onlinefolio_end();
   11.985966 |   2)   2.155 us    |                            }
   11.985966 |   2)               |                            z_erofs_scan_folio() {
   11.985966 |   2)   0.125 us    |                              erofs_onlinefolio_init();
   11.985967 |   2)               |                              _raw_spin_lock() {
   11.985967 |   2)   0.125 us    |                                preempt_count_add();
   11.985967 |   2)   0.479 us    |                              }
   11.985967 |   2)               |                              _raw_spin_unlock() {
   11.985968 |   2)   0.127 us    |                                preempt_count_sub();
   11.985968 |   2)   0.391 us    |                              }
   11.985968 |   2)   0.137 us    |                              erofs_onlinefolio_split();
   11.985968 |   2)   0.132 us    |                              erofs_onlinefolio_end();
   11.985968 |   2)   2.144 us    |                            }
   11.985969 |   2)               |                            z_erofs_scan_folio() {
   11.985969 |   2)   0.127 us    |                              erofs_onlinefolio_init();
   11.985969 |   2)               |                              _raw_spin_lock() {
   11.985969 |   2)   0.127 us    |                                preempt_count_add();
   11.985969 |   2)   0.395 us    |                              }
   11.985970 |   2)               |                              _raw_spin_unlock() {
   11.985970 |   2)   0.127 us    |                                preempt_count_sub();
   11.985970 |   2)   0.391 us    |                              }
   11.985970 |   2)   0.131 us    |                              erofs_onlinefolio_split();
   11.985970 |   2)   0.133 us    |                              erofs_onlinefolio_end();
   11.985971 |   2)   2.063 us    |                            }
   11.985971 |   2)               |                            z_erofs_scan_folio() {
   11.985971 |   2)   0.126 us    |                              erofs_onlinefolio_init();
   11.985971 |   2)               |                              _raw_spin_lock() {
   11.985971 |   2)   0.126 us    |                                preempt_count_add();
   11.985972 |   2)   0.394 us    |                              }
   11.985972 |   2)               |                              _raw_spin_unlock() {
   11.985972 |   2)   0.126 us    |                                preempt_count_sub();
   11.985972 |   2)   0.390 us    |                              }
   11.985972 |   2)   0.131 us    |                              erofs_onlinefolio_split();
   11.985973 |   2)   0.133 us    |                              erofs_onlinefolio_end();
   11.985973 |   2)   2.058 us    |                            }
   11.985973 |   2)               |                            z_erofs_scan_folio() {
   11.985973 |   2)   0.123 us    |                              erofs_onlinefolio_init();
   11.985973 |   2)               |                              _raw_spin_lock() {
   11.985974 |   2)   0.126 us    |                                preempt_count_add();
   11.985974 |   2)   0.391 us    |                              }
   11.985974 |   2)               |                              _raw_spin_unlock() {
   11.985974 |   2)   0.128 us    |                                preempt_count_sub();
   11.985974 |   2)   0.392 us    |                              }
   11.985975 |   2)   0.130 us    |                              erofs_onlinefolio_split();
   11.985975 |   2)   0.131 us    |                              erofs_onlinefolio_end();
   11.985975 |   2)   2.053 us    |                            }
   11.985975 |   2)               |                            z_erofs_scan_folio() {
   11.985975 |   2)   0.125 us    |                              erofs_onlinefolio_init();
   11.985976 |   2)               |                              _raw_spin_lock() {
   11.985976 |   2)   0.129 us    |                                preempt_count_add();
   11.985976 |   2)   0.421 us    |                              }
   11.985976 |   2)               |                              _raw_spin_unlock() {
   11.985976 |   2)   0.128 us    |                                preempt_count_sub();
   11.985977 |   2)   0.392 us    |                              }
   11.985977 |   2)   0.130 us    |                              erofs_onlinefolio_split();
   11.985977 |   2)   0.203 us    |                              erofs_onlinefolio_end();
   11.985977 |   2)   2.136 us    |                            }
   11.985978 |   2)               |                            z_erofs_scan_folio() {
   11.985978 |   2)   0.124 us    |                              erofs_onlinefolio_init();
   11.985978 |   2)               |                              _raw_spin_lock() {
   11.985978 |   2)   0.151 us    |                                preempt_count_add();
   11.985978 |   2)   0.480 us    |                              }
   11.985979 |   2)               |                              _raw_spin_unlock() {
   11.985979 |   2)   0.126 us    |                                preempt_count_sub();
   11.985979 |   2)   0.392 us    |                              }
   11.985979 |   2)   0.206 us    |                              erofs_onlinefolio_split();
   11.985980 |   2)   0.191 us    |                              erofs_onlinefolio_end();
   11.985980 |   2)   2.272 us    |                            }
   11.985980 |   2)               |                            z_erofs_scan_folio() {
   11.985980 |   2)   0.125 us    |                              erofs_onlinefolio_init();
   11.985980 |   2)               |                              _raw_spin_lock() {
   11.985981 |   2)   0.149 us    |                                preempt_count_add();
   11.985981 |   2)   0.488 us    |                              }
   11.985981 |   2)               |                              _raw_spin_unlock() {
   11.985981 |   2)   0.127 us    |                                preempt_count_sub();
   11.985981 |   2)   0.391 us    |                              }
   11.985982 |   2)   0.210 us    |                              erofs_onlinefolio_split();
   11.985982 |   2)   0.197 us    |                              erofs_onlinefolio_end();
   11.985982 |   2)   2.303 us    |                            }
   11.985982 |   2)               |                            z_erofs_scan_folio() {
   11.985983 |   2)   0.124 us    |                              erofs_onlinefolio_init();
   11.985983 |   2)               |                              _raw_spin_lock() {
   11.985983 |   2)   0.124 us    |                                preempt_count_add();
   11.985983 |   2)   0.389 us    |                              }
   11.985983 |   2)               |                              _raw_spin_unlock() {
   11.985984 |   2)   0.126 us    |                                preempt_count_sub();
   11.985984 |   2)   0.390 us    |                              }
   11.985984 |   2)   0.129 us    |                              erofs_onlinefolio_split();
   11.985984 |   2)   0.130 us    |                              erofs_onlinefolio_end();
   11.985984 |   2)   2.040 us    |                            }
   11.985985 |   2)               |                            z_erofs_scan_folio() {
   11.985985 |   2)   0.124 us    |                              erofs_onlinefolio_init();
   11.985985 |   2)               |                              _raw_spin_lock() {
   11.985985 |   2)   0.127 us    |                                preempt_count_add();
   11.985985 |   2)   0.396 us    |                              }
   11.985986 |   2)               |                              _raw_spin_unlock() {
   11.985986 |   2)   0.125 us    |                                preempt_count_sub();
   11.985986 |   2)   0.389 us    |                              }
   11.985986 |   2)   0.132 us    |                              erofs_onlinefolio_split();
   11.985986 |   2)   0.132 us    |                              erofs_onlinefolio_end();
   11.985987 |   2)   2.050 us    |                            }
   11.985987 |   2)               |                            z_erofs_scan_folio() {
   11.985987 |   2)   0.123 us    |                              erofs_onlinefolio_init();
   11.985987 |   2)               |                              _raw_spin_lock() {
   11.985987 |   2)   0.125 us    |                                preempt_count_add();
   11.985988 |   2)   0.390 us    |                              }
   11.985988 |   2)               |                              _raw_spin_unlock() {
   11.985988 |   2)   0.126 us    |                                preempt_count_sub();
   11.985988 |   2)   0.389 us    |                              }
   11.985988 |   2)   0.128 us    |                              erofs_onlinefolio_split();
   11.985989 |   2)   0.131 us    |                              erofs_onlinefolio_end();
   11.985989 |   2)   2.054 us    |                            }
   11.985989 |   2)               |                            z_erofs_scan_folio() {
   11.985989 |   2)   0.125 us    |                              erofs_onlinefolio_init();
   11.985989 |   2)               |                              _raw_spin_lock() {
   11.985990 |   2)   0.127 us    |                                preempt_count_add();
   11.985990 |   2)   0.458 us    |                              }
   11.985990 |   2)               |                              _raw_spin_unlock() {
   11.985990 |   2)   0.128 us    |                                preempt_count_sub();
   11.985990 |   2)   0.398 us    |                              }
   11.985991 |   2)   0.132 us    |                              erofs_onlinefolio_split();
   11.985991 |   2)   0.132 us    |                              erofs_onlinefolio_end();
   11.985991 |   2)   2.127 us    |                            }
   11.985991 |   2)               |                            z_erofs_scan_folio() {
   11.985991 |   2)   0.123 us    |                              erofs_onlinefolio_init();
   11.985992 |   2)               |                              _raw_spin_lock() {
   11.985992 |   2)   0.125 us    |                                preempt_count_add();
   11.985992 |   2)   0.460 us    |                              }
   11.985992 |   2)               |                              _raw_spin_unlock() {
   11.985992 |   2)   0.133 us    |                                preempt_count_sub();
   11.985993 |   2)   0.397 us    |                              }
   11.985993 |   2)   0.131 us    |                              erofs_onlinefolio_split();
   11.985993 |   2)   0.209 us    |                              erofs_onlinefolio_end();
   11.985993 |   2)   2.215 us    |                            }
   11.985994 |   2)               |                            z_erofs_scan_folio() {
   11.985994 |   2)   0.126 us    |                              erofs_onlinefolio_init();
   11.985994 |   2)               |                              _raw_spin_lock() {
   11.985994 |   2)   0.127 us    |                                preempt_count_add();
   11.985995 |   2)   0.496 us    |                              }
   11.985995 |   2)               |                              _raw_spin_unlock() {
   11.985995 |   2)   0.136 us    |                                preempt_count_sub();
   11.985995 |   2)   0.400 us    |                              }
   11.985995 |   2)   0.131 us    |                              erofs_onlinefolio_split();
   11.985995 |   2)   0.203 us    |                              erofs_onlinefolio_end();
   11.985996 |   2)   2.214 us    |                            }
   11.985996 |   2)               |                            z_erofs_scan_folio() {
   11.985996 |   2)   0.123 us    |                              erofs_onlinefolio_init();
   11.985996 |   2)               |                              _raw_spin_lock() {
   11.985996 |   2)   0.125 us    |                                preempt_count_add();
   11.985997 |   2)   0.390 us    |                              }
   11.985997 |   2)               |                              _raw_spin_unlock() {
   11.985997 |   2)   0.127 us    |                                preempt_count_sub();
   11.985997 |   2)   0.392 us    |                              }
   11.985997 |   2)   0.141 us    |                              erofs_onlinefolio_split();
   11.985998 |   2)   0.200 us    |                              erofs_onlinefolio_end();
   11.985998 |   2)   2.137 us    |                            }
   11.985998 |   2)               |                            z_erofs_scan_folio() {
   11.985998 |   2)   0.130 us    |                              erofs_onlinefolio_init();
   11.985999 |   2)               |                              _raw_spin_lock() {
   11.985999 |   2)   0.128 us    |                                preempt_count_add();
   11.985999 |   2)   0.394 us    |                              }
   11.985999 |   2)               |                              _raw_spin_unlock() {
   11.985999 |   2)   0.127 us    |                                preempt_count_sub();
   11.986000 |   2)   0.392 us    |                              }
   11.986000 |   2)   0.130 us    |                              erofs_onlinefolio_split();
   11.986000 |   2)   0.133 us    |                              erofs_onlinefolio_end();
   11.986000 |   2)   2.075 us    |                            }
   11.986000 |   2)               |                            z_erofs_scan_folio() {
   11.986001 |   2)   0.123 us    |                              erofs_onlinefolio_init();
   11.986001 |   2)               |                              _raw_spin_lock() {
   11.986001 |   2)   0.125 us    |                                preempt_count_add();
   11.986001 |   2)   0.393 us    |                              }
   11.986001 |   2)               |                              _raw_spin_unlock() {
   11.986002 |   2)   0.126 us    |                                preempt_count_sub();
   11.986002 |   2)   0.390 us    |                              }
   11.986002 |   2)   0.132 us    |                              erofs_onlinefolio_split();
   11.986002 |   2)   0.130 us    |                              erofs_onlinefolio_end();
   11.986003 |   2)   2.084 us    |                            }
   11.986003 |   2)               |                            z_erofs_scan_folio() {
   11.986003 |   2)   0.124 us    |                              erofs_onlinefolio_init();
   11.986003 |   2)               |                              _raw_spin_lock() {
   11.986003 |   2)   0.127 us    |                                preempt_count_add();
   11.986004 |   2)   0.395 us    |                              }
   11.986004 |   2)               |                              _raw_spin_unlock() {
   11.986004 |   2)   0.127 us    |                                preempt_count_sub();
   11.986004 |   2)   0.393 us    |                              }
   11.986004 |   2)   0.132 us    |                              erofs_onlinefolio_split();
   11.986005 |   2)   0.133 us    |                              erofs_onlinefolio_end();
   11.986005 |   2)   2.128 us    |                            }
   11.986005 |   2)               |                            z_erofs_scan_folio() {
   11.986005 |   2)   0.126 us    |                              erofs_onlinefolio_init();
   11.986005 |   2)               |                              _raw_spin_lock() {
   11.986005 |   2)   0.127 us    |                                preempt_count_add();
   11.986006 |   2)   0.394 us    |                              }
   11.986006 |   2)               |                              _raw_spin_unlock() {
   11.986006 |   2)   0.129 us    |                                preempt_count_sub();
   11.986006 |   2)   0.394 us    |                              }
   11.986006 |   2)   0.129 us    |                              erofs_onlinefolio_split();
   11.986007 |   2)   0.133 us    |                              erofs_onlinefolio_end();
   11.986007 |   2)   2.062 us    |                            }
   11.986007 |   2)               |                            z_erofs_scan_folio() {
   11.986007 |   2)   0.126 us    |                              erofs_onlinefolio_init();
   11.986008 |   2)               |                              _raw_spin_lock() {
   11.986008 |   2)   0.127 us    |                                preempt_count_add();
   11.986008 |   2)   0.394 us    |                              }
   11.986008 |   2)               |                              _raw_spin_unlock() {
   11.986008 |   2)   0.127 us    |                                preempt_count_sub();
   11.986009 |   2)   0.390 us    |                              }
   11.986009 |   2)   0.131 us    |                              erofs_onlinefolio_split();
   11.986009 |   2)   0.133 us    |                              erofs_onlinefolio_end();
   11.986009 |   2)   2.078 us    |                            }
   11.986009 |   2)               |                            z_erofs_scan_folio() {
   11.986010 |   2)   0.125 us    |                              erofs_onlinefolio_init();
   11.986010 |   2)               |                              _raw_spin_lock() {
   11.986010 |   2)   0.128 us    |                                preempt_count_add();
   11.986010 |   2)   0.482 us    |                              }
   11.986010 |   2)               |                              _raw_spin_unlock() {
   11.986011 |   2)   0.127 us    |                                preempt_count_sub();
   11.986011 |   2)   0.456 us    |                              }
   11.986011 |   2)   0.139 us    |                              erofs_onlinefolio_split();
   11.986011 |   2)   0.137 us    |                              erofs_onlinefolio_end();
   11.986012 |   2)   2.186 us    |                            }
   11.986012 |   2)               |                            z_erofs_scan_folio() {
   11.986012 |   2)   0.134 us    |                              erofs_onlinefolio_init();
   11.986012 |   2)               |                              _raw_spin_lock() {
   11.986012 |   2)   0.128 us    |                                preempt_count_add();
   11.986013 |   2)   0.395 us    |                              }
   11.986013 |   2)               |                              _raw_spin_unlock() {
   11.986013 |   2)   0.129 us    |                                preempt_count_sub();
   11.986013 |   2)   0.391 us    |                              }
   11.986013 |   2)   0.129 us    |                              erofs_onlinefolio_split();
   11.986014 |   2)   0.131 us    |                              erofs_onlinefolio_end();
   11.986014 |   2)   2.085 us    |                            }
   11.986014 |   2)               |                            z_erofs_scan_folio() {
   11.986014 |   2)   0.123 us    |                              erofs_onlinefolio_init();
   11.986014 |   2)               |                              _raw_spin_lock() {
   11.986014 |   2)   0.125 us    |                                preempt_count_add();
   11.986015 |   2)   0.389 us    |                              }
   11.986015 |   2)               |                              _raw_spin_unlock() {
   11.986015 |   2)   0.126 us    |                                preempt_count_sub();
   11.986015 |   2)   0.388 us    |                              }
   11.986015 |   2)   0.130 us    |                              erofs_onlinefolio_split();
   11.986016 |   2)   0.130 us    |                              erofs_onlinefolio_end();
   11.986016 |   2)   2.030 us    |                            }
   11.986016 |   2)               |                            z_erofs_scan_folio() {
   11.986016 |   2)   0.123 us    |                              erofs_onlinefolio_init();
   11.986016 |   2)               |                              _raw_spin_lock() {
   11.986017 |   2)   0.125 us    |                                preempt_count_add();
   11.986017 |   2)   0.415 us    |                              }
   11.986017 |   2)               |                              _raw_spin_unlock() {
   11.986017 |   2)   0.125 us    |                                preempt_count_sub();
   11.986017 |   2)   0.387 us    |                              }
   11.986018 |   2)   0.130 us    |                              erofs_onlinefolio_split();
   11.986018 |   2)   0.130 us    |                              erofs_onlinefolio_end();
   11.986018 |   2)   2.035 us    |                            }
   11.986018 |   2)               |                            z_erofs_scan_folio() {
   11.986018 |   2)   0.126 us    |                              erofs_onlinefolio_init();
   11.986019 |   2)               |                              _raw_spin_lock() {
   11.986019 |   2)   0.124 us    |                                preempt_count_add();
   11.986019 |   2)   0.391 us    |                              }
   11.986019 |   2)               |                              _raw_spin_unlock() {
   11.986019 |   2)   0.125 us    |                                preempt_count_sub();
   11.986020 |   2)   0.390 us    |                              }
   11.986020 |   2)   0.128 us    |                              erofs_onlinefolio_split();
   11.986020 |   2)   0.131 us    |                              erofs_onlinefolio_end();
   11.986020 |   2)   2.031 us    |                            }
   11.986021 |   2)               |                            z_erofs_scan_folio() {
   11.986021 |   2)   0.126 us    |                              erofs_onlinefolio_init();
   11.986021 |   2)               |                              _raw_spin_lock() {
   11.986021 |   2)   0.150 us    |                                preempt_count_add();
   11.986021 |   2)   0.483 us    |                              }
   11.986022 |   2)               |                              _raw_spin_unlock() {
   11.986022 |   2)   0.126 us    |                                preempt_count_sub();
   11.986022 |   2)   0.391 us    |                              }
   11.986022 |   2)   0.133 us    |                              erofs_onlinefolio_split();
   11.986022 |   2)   0.134 us    |                              erofs_onlinefolio_end();
   11.986023 |   2)   2.156 us    |                            }
   11.986023 |   2)               |                            z_erofs_scan_folio() {
   11.986023 |   2)   0.124 us    |                              erofs_onlinefolio_init();
   11.986023 |   2)               |                              _raw_spin_lock() {
   11.986023 |   2)   0.125 us    |                                preempt_count_add();
   11.986024 |   2)   0.464 us    |                              }
   11.986024 |   2)               |                              _raw_spin_unlock() {
   11.986024 |   2)   0.126 us    |                                preempt_count_sub();
   11.986024 |   2)   0.412 us    |                              }
   11.986024 |   2)   0.206 us    |                              erofs_onlinefolio_split();
   11.986025 |   2)   0.195 us    |                              erofs_onlinefolio_end();
   11.986025 |   2)   2.283 us    |                            }
   11.986025 |   2)               |                            z_erofs_scan_folio() {
   11.986025 |   2)   0.126 us    |                              erofs_onlinefolio_init();
   11.986026 |   2)               |                              _raw_spin_lock() {
   11.986026 |   2)   0.128 us    |                                preempt_count_add();
   11.986026 |   2)   0.394 us    |                              }
   11.986026 |   2)               |                              _raw_spin_unlock() {
   11.986026 |   2)   0.129 us    |                                preempt_count_sub();
   11.986027 |   2)   0.392 us    |                              }
   11.986027 |   2)   0.131 us    |                              erofs_onlinefolio_split();
   11.986027 |   2)   0.133 us    |                              erofs_onlinefolio_end();
   11.986027 |   2)   2.068 us    |                            }
   11.986027 |   2)               |                            z_erofs_scan_folio() {
   11.986028 |   2)   0.125 us    |                              erofs_onlinefolio_init();
   11.986028 |   2)               |                              _raw_spin_lock() {
   11.986028 |   2)   0.125 us    |                                preempt_count_add();
   11.986028 |   2)   0.390 us    |                              }
   11.986028 |   2)               |                              _raw_spin_unlock() {
   11.986029 |   2)   0.127 us    |                                preempt_count_sub();
   11.986029 |   2)   0.392 us    |                              }
   11.986029 |   2)   0.130 us    |                              erofs_onlinefolio_split();
   11.986029 |   2)   0.129 us    |                              erofs_onlinefolio_end();
   11.986030 |   2)   2.064 us    |                            }
   11.986030 |   2)               |                            z_erofs_scan_folio() {
   11.986030 |   2)   0.126 us    |                              erofs_onlinefolio_init();
   11.986030 |   2)               |                              _raw_spin_lock() {
   11.986030 |   2)   0.126 us    |                                preempt_count_add();
   11.986030 |   2)   0.395 us    |                              }
   11.986031 |   2)               |                              _raw_spin_unlock() {
   11.986031 |   2)   0.126 us    |                                preempt_count_sub();
   11.986031 |   2)   0.392 us    |                              }
   11.986031 |   2)   0.131 us    |                              erofs_onlinefolio_split();
   11.986031 |   2)   0.131 us    |                              erofs_onlinefolio_end();
   11.986032 |   2)   2.056 us    |                            }
   11.986032 |   2)               |                            z_erofs_scan_folio() {
   11.986032 |   2)   0.125 us    |                              erofs_onlinefolio_init();
   11.986032 |   2)               |                              _raw_spin_lock() {
   11.986032 |   2)   0.124 us    |                                preempt_count_add();
   11.986033 |   2)   0.462 us    |                              }
   11.986033 |   2)               |                              _raw_spin_unlock() {
   11.986033 |   2)   0.126 us    |                                preempt_count_sub();
   11.986033 |   2)   0.390 us    |                              }
   11.986033 |   2)   0.130 us    |                              erofs_onlinefolio_split();
   11.986034 |   2)   0.132 us    |                              erofs_onlinefolio_end();
   11.986034 |   2)   2.109 us    |                            }
   11.986034 |   2)               |                            z_erofs_scan_folio() {
   11.986034 |   2)   0.137 us    |                              erofs_onlinefolio_init();
   11.986035 |   2)               |                              _raw_spin_lock() {
   11.986035 |   2)   0.127 us    |                                preempt_count_add();
   11.986035 |   2)   0.475 us    |                              }
   11.986035 |   2)               |                              _raw_spin_unlock() {
   11.986035 |   2)   0.140 us    |                                preempt_count_sub();
   11.986036 |   2)   0.406 us    |                              }
   11.986036 |   2)   0.133 us    |                              erofs_onlinefolio_split();
   11.986036 |   2)   0.208 us    |                              erofs_onlinefolio_end();
   11.986036 |   2)   2.250 us    |                            }
   11.986036 |   2)               |                            z_erofs_scan_folio() {
   11.986037 |   2)   0.127 us    |                              erofs_onlinefolio_init();
   11.986037 |   2)               |                              _raw_spin_lock() {
   11.986037 |   2)   0.126 us    |                                preempt_count_add();
   11.986037 |   2)   0.457 us    |                              }
   11.986038 |   2)               |                              _raw_spin_unlock() {
   11.986038 |   2)   0.137 us    |                                preempt_count_sub();
   11.986038 |   2)   0.400 us    |                              }
   11.986038 |   2)   0.133 us    |                              erofs_onlinefolio_split();
   11.986038 |   2)   0.217 us    |                              erofs_onlinefolio_end();
   11.986039 |   2)   2.225 us    |                            }
   11.986039 |   2)               |                            z_erofs_scan_folio() {
   11.986039 |   2)   0.125 us    |                              erofs_onlinefolio_init();
   11.986039 |   2)               |                              _raw_spin_lock() {
   11.986039 |   2)   0.127 us    |                                preempt_count_add();
   11.986040 |   2)   0.464 us    |                              }
   11.986040 |   2)               |                              _raw_spin_unlock() {
   11.986040 |   2)   0.131 us    |                                preempt_count_sub();
   11.986040 |   2)   0.395 us    |                              }
   11.986040 |   2)   0.135 us    |                              erofs_onlinefolio_split();
   11.986041 |   2)   0.132 us    |                              erofs_onlinefolio_end();
   11.986041 |   2)   2.137 us    |                            }
   11.986041 |   2)               |                            z_erofs_scan_folio() {
   11.986041 |   2)   0.124 us    |                              erofs_onlinefolio_init();
   11.986042 |   2)               |                              _raw_spin_lock() {
   11.986042 |   2)   0.126 us    |                                preempt_count_add();
   11.986042 |   2)   0.390 us    |                              }
   11.986042 |   2)               |                              _raw_spin_unlock() {
   11.986042 |   2)   0.128 us    |                                preempt_count_sub();
   11.986042 |   2)   0.391 us    |                              }
   11.986043 |   2)   0.130 us    |                              erofs_onlinefolio_split();
   11.986043 |   2)   0.130 us    |                              erofs_onlinefolio_end();
   11.986043 |   2)   2.041 us    |                            }
   11.986043 |   2)               |                            z_erofs_scan_folio() {
   11.986043 |   2)   0.125 us    |                              erofs_onlinefolio_init();
   11.986044 |   2)               |                              _raw_spin_lock() {
   11.986044 |   2)   0.126 us    |                                preempt_count_add();
   11.986044 |   2)   0.393 us    |                              }
   11.986044 |   2)               |                              _raw_spin_unlock() {
   11.986044 |   2)   0.126 us    |                                preempt_count_sub();
   11.986045 |   2)   0.390 us    |                              }
   11.986045 |   2)   0.131 us    |                              erofs_onlinefolio_split();
   11.986045 |   2)   0.132 us    |                              erofs_onlinefolio_end();
   11.986045 |   2)   2.049 us    |                            }
   11.986045 |   2)               |                            z_erofs_scan_folio() {
   11.986046 |   2)   0.123 us    |                              erofs_onlinefolio_init();
   11.986046 |   2)               |                              _raw_spin_lock() {
   11.986046 |   2)   0.125 us    |                                preempt_count_add();
   11.986046 |   2)   0.390 us    |                              }
   11.986046 |   2)               |                              _raw_spin_unlock() {
   11.986047 |   2)   0.125 us    |                                preempt_count_sub();
   11.986047 |   2)   0.388 us    |                              }
   11.986047 |   2)   0.129 us    |                              erofs_onlinefolio_split();
   11.986047 |   2)   0.131 us    |                              erofs_onlinefolio_end();
   11.986048 |   2)   2.118 us    |                            }
   11.986048 |   2)               |                            z_erofs_scan_folio() {
   11.986048 |   2)   0.124 us    |                              erofs_onlinefolio_init();
   11.986048 |   2)               |                              _raw_spin_lock() {
   11.986048 |   2)   0.126 us    |                                preempt_count_add();
   11.986049 |   2)   0.448 us    |                              }
   11.986049 |   2)               |                              _raw_spin_unlock() {
   11.986049 |   2)   0.128 us    |                                preempt_count_sub();
   11.986049 |   2)   0.423 us    |                              }
   11.986049 |   2)   0.132 us    |                              erofs_onlinefolio_split();
   11.986050 |   2)   0.132 us    |                              erofs_onlinefolio_end();
   11.986050 |   2)   2.140 us    |                            }
   11.986050 |   2)               |                            z_erofs_scan_folio() {
   11.986050 |   2)   0.124 us    |                              erofs_onlinefolio_init();
   11.986050 |   2)               |                              _raw_spin_lock() {
   11.986051 |   2)   0.128 us    |                                preempt_count_add();
   11.986051 |   2)   0.462 us    |                              }
   11.986051 |   2)               |                              _raw_spin_unlock() {
   11.986051 |   2)   0.125 us    |                                preempt_count_sub();
   11.986051 |   2)   0.390 us    |                              }
   11.986052 |   2)   0.130 us    |                              erofs_onlinefolio_split();
   11.986052 |   2)   0.132 us    |                              erofs_onlinefolio_end();
   11.986052 |   2)   2.105 us    |                            }
   11.986052 |   2)               |                            z_erofs_scan_folio() {
   11.986052 |   2)   0.125 us    |                              erofs_onlinefolio_init();
   11.986053 |   2)               |                              _raw_spin_lock() {
   11.986053 |   2)   0.126 us    |                                preempt_count_add();
   11.986053 |   2)   0.395 us    |                              }
   11.986053 |   2)               |                              _raw_spin_unlock() {
   11.986053 |   2)   0.127 us    |                                preempt_count_sub();
   11.986054 |   2)   0.392 us    |                              }
   11.986054 |   2)   0.136 us    |                              erofs_onlinefolio_split();
   11.986054 |   2)   0.132 us    |                              erofs_onlinefolio_end();
   11.986054 |   2)   2.085 us    |                            }
   11.986054 |   2)               |                            z_erofs_scan_folio() {
   11.986055 |   2)   0.125 us    |                              erofs_onlinefolio_init();
   11.986055 |   2)               |                              _raw_spin_lock() {
   11.986055 |   2)   0.124 us    |                                preempt_count_add();
   11.986055 |   2)   0.388 us    |                              }
   11.986055 |   2)               |                              _raw_spin_unlock() {
   11.986056 |   2)   0.126 us    |                                preempt_count_sub();
   11.986056 |   2)   0.391 us    |                              }
   11.986056 |   2)   0.131 us    |                              erofs_onlinefolio_split();
   11.986056 |   2)   0.130 us    |                              erofs_onlinefolio_end();
   11.986057 |   2)   2.054 us    |                            }
   11.986057 |   2)               |                            z_erofs_scan_folio() {
   11.986057 |   2)   0.125 us    |                              erofs_onlinefolio_init();
   11.986057 |   2)               |                              _raw_spin_lock() {
   11.986057 |   2)   0.127 us    |                                preempt_count_add();
   11.986058 |   2)   0.395 us    |                              }
   11.986058 |   2)               |                              _raw_spin_unlock() {
   11.986058 |   2)   0.128 us    |                                preempt_count_sub();
   11.986058 |   2)   0.391 us    |                              }
   11.986058 |   2)   0.131 us    |                              erofs_onlinefolio_split();
   11.986058 |   2)   0.133 us    |                              erofs_onlinefolio_end();
   11.986059 |   2)   2.056 us    |                            }
   11.986059 |   2)               |                            z_erofs_scan_folio() {
   11.986059 |   2)   0.124 us    |                              erofs_onlinefolio_init();
   11.986059 |   2)               |                              _raw_spin_lock() {
   11.986059 |   2)   0.126 us    |                                preempt_count_add();
   11.986060 |   2)   0.391 us    |                              }
   11.986060 |   2)               |                              _raw_spin_unlock() {
   11.986060 |   2)   0.127 us    |                                preempt_count_sub();
   11.986060 |   2)   0.392 us    |                              }
   11.986060 |   2)   0.130 us    |                              erofs_onlinefolio_split();
   11.986061 |   2)   0.133 us    |                              erofs_onlinefolio_end();
   11.986061 |   2)   2.039 us    |                            }
   11.986061 |   2)               |                            z_erofs_scan_folio() {
   11.986061 |   2)   0.125 us    |                              erofs_onlinefolio_init();
   11.986062 |   2)               |                              _raw_spin_lock() {
   11.986062 |   2)   0.126 us    |                                preempt_count_add();
   11.986062 |   2)   0.392 us    |                              }
   11.986062 |   2)               |                              _raw_spin_unlock() {
   11.986062 |   2)   0.125 us    |                                preempt_count_sub();
   11.986062 |   2)   0.390 us    |                              }
   11.986063 |   2)   0.201 us    |                              erofs_onlinefolio_split();
   11.986063 |   2)   0.131 us    |                              erofs_onlinefolio_end();
   11.986063 |   2)   2.133 us    |                            }
   11.986063 |   2)               |                            z_erofs_scan_folio() {
   11.986064 |   2)   0.125 us    |                              erofs_onlinefolio_init();
   11.986064 |   2)               |                              _raw_spin_lock() {
   11.986064 |   2)   0.146 us    |                                preempt_count_add();
   11.986064 |   2)   0.486 us    |                              }
   11.986064 |   2)               |                              _raw_spin_unlock() {
   11.986065 |   2)   0.128 us    |                                preempt_count_sub();
   11.986065 |   2)   0.405 us    |                              }
   11.986065 |   2)   0.209 us    |                              erofs_onlinefolio_split();
   11.986065 |   2)   0.207 us    |                              erofs_onlinefolio_end();
   11.986066 |   2)   2.325 us    |                            }
   11.986066 |   2)               |                            z_erofs_scan_folio() {
   11.986066 |   2)   0.125 us    |                              erofs_onlinefolio_init();
   11.986066 |   2)               |                              _raw_spin_lock() {
   11.986066 |   2)   0.145 us    |                                preempt_count_add();
   11.986067 |   2)   0.481 us    |                              }
   11.986067 |   2)               |                              _raw_spin_unlock() {
   11.986067 |   2)   0.128 us    |                                preempt_count_sub();
   11.986067 |   2)   0.427 us    |                              }
   11.986067 |   2)   0.205 us    |                              erofs_onlinefolio_split();
   11.986068 |   2)   0.213 us    |                              erofs_onlinefolio_end();
   11.986068 |   2)   2.335 us    |                            }
   11.986068 |   2)               |                            z_erofs_scan_folio() {
   11.986068 |   2)   0.126 us    |                              erofs_onlinefolio_init();
   11.986069 |   2)               |                              _raw_spin_lock() {
   11.986069 |   2)   0.127 us    |                                preempt_count_add();
   11.986069 |   2)   0.394 us    |                              }
   11.986069 |   2)               |                              _raw_spin_unlock() {
   11.986069 |   2)   0.127 us    |                                preempt_count_sub();
   11.986070 |   2)   0.390 us    |                              }
   11.986070 |   2)   0.130 us    |                              erofs_onlinefolio_split();
   11.986070 |   2)   0.136 us    |                              erofs_onlinefolio_end();
   11.986070 |   2)   2.062 us    |                            }
   11.986071 |   2)               |                            z_erofs_scan_folio() {
   11.986071 |   2)   0.125 us    |                              erofs_onlinefolio_init();
   11.986071 |   2)               |                              _raw_spin_lock() {
   11.986071 |   2)   0.128 us    |                                preempt_count_add();
   11.986071 |   2)   0.395 us    |                              }
   11.986071 |   2)               |                              _raw_spin_unlock() {
   11.986072 |   2)   0.127 us    |                                preempt_count_sub();
   11.986072 |   2)   0.388 us    |                              }
   11.986072 |   2)   0.132 us    |                              erofs_onlinefolio_split();
   11.986072 |   2)   0.132 us    |                              erofs_onlinefolio_end();
   11.986073 |   2)   2.056 us    |                            }
   11.986073 |   2)               |                            z_erofs_scan_folio() {
   11.986073 |   2)   0.124 us    |                              erofs_onlinefolio_init();
   11.986073 |   2)               |                              _raw_spin_lock() {
   11.986073 |   2)   0.125 us    |                                preempt_count_add();
   11.986074 |   2)   0.393 us    |                              }
   11.986074 |   2)               |                              _raw_spin_unlock() {
   11.986074 |   2)   0.127 us    |                                preempt_count_sub();
   11.986074 |   2)   0.389 us    |                              }
   11.986074 |   2)   0.130 us    |                              erofs_onlinefolio_split();
   11.986075 |   2)   0.130 us    |                              erofs_onlinefolio_end();
   11.986075 |   2)   2.054 us    |                            }
   11.986075 |   2)               |                            z_erofs_scan_folio() {
   11.986075 |   2)   0.124 us    |                              erofs_onlinefolio_init();
   11.986075 |   2)               |                              _raw_spin_lock() {
   11.986075 |   2)   0.126 us    |                                preempt_count_add();
   11.986076 |   2)   0.461 us    |                              }
   11.986076 |   2)               |                              _raw_spin_unlock() {
   11.986076 |   2)   0.127 us    |                                preempt_count_sub();
   11.986076 |   2)   0.393 us    |                              }
   11.986076 |   2)   0.131 us    |                              erofs_onlinefolio_split();
   11.986077 |   2)   0.131 us    |                              erofs_onlinefolio_end();
   11.986077 |   2)   2.124 us    |                            }
   11.986077 |   2)               |                            z_erofs_scan_folio() {
   11.986077 |   2)   0.136 us    |                              erofs_onlinefolio_init();
   11.986078 |   2)               |                              _raw_spin_lock() {
   11.986078 |   2)   0.126 us    |                                preempt_count_add();
   11.986078 |   2)   0.465 us    |                              }
   11.986078 |   2)               |                              _raw_spin_unlock() {
   11.986078 |   2)   0.140 us    |                                preempt_count_sub();
   11.986079 |   2)   0.405 us    |                              }
   11.986081 |   2)               |                              irq_enter_rcu() {
   11.986081 |   2)   0.152 us    |                                preempt_count_add();
   11.986082 |   2)   0.474 us    |                              }
   11.986085 |   2)   0.172 us    |                              idle_cpu();
   11.986086 |   2)   0.151 us    |                              raw_irqentry_exit_cond_resched();
   11.986086 |   2)               |                              __hrtimer_rearm_deferred() {
   11.986086 |   2)               |                                _raw_spin_lock() {
   11.986086 |   2)   0.136 us    |                                  preempt_count_add();
   11.986087 |   2)   0.430 us    |                                }
   11.986087 |   2)               |                                tick_program_event() {
   11.986087 |   2)               |                                  clockevents_program_event() {
   11.986087 |   2)   1.588 us    |                                    lapic_next_event();
   11.986089 |   2)   2.113 us    |                                  }
   11.986089 |   2)   2.407 us    |                                }
   11.986090 |   2)               |                                _raw_spin_unlock() {
   11.986090 |   2)   0.131 us    |                                  preempt_count_sub();
   11.986090 |   2)   0.432 us    |                                }
   11.986090 |   2)   3.945 us    |                              }
   11.986090 |   2)   0.157 us    |                              erofs_onlinefolio_split();
   11.986091 |   2)   0.146 us    |                              erofs_onlinefolio_end();
   11.986091 |   2) + 13.860 us   |                            }
   11.986091 |   2)               |                            z_erofs_scan_folio() {
   11.986091 |   2)   0.127 us    |                              erofs_onlinefolio_init();
   11.986092 |   2)               |                              _raw_spin_lock() {
   11.986092 |   2)   0.127 us    |                                preempt_count_add();
   11.986092 |   2)   0.410 us    |                              }
   11.986092 |   2)               |                              _raw_spin_unlock() {
   11.986092 |   2)   0.130 us    |                                preempt_count_sub();
   11.986093 |   2)   0.428 us    |                              }
   11.986093 |   2)   0.128 us    |                              erofs_onlinefolio_split();
   11.986093 |   2)   0.129 us    |                              erofs_onlinefolio_end();
   11.986093 |   2)   2.147 us    |                            }
   11.986093 |   2)               |                            z_erofs_scan_folio() {
   11.986094 |   2)   0.125 us    |                              erofs_onlinefolio_init();
   11.986094 |   2)               |                              _raw_spin_lock() {
   11.986094 |   2)   0.123 us    |                                preempt_count_add();
   11.986094 |   2)   0.391 us    |                              }
   11.986094 |   2)               |                              _raw_spin_unlock() {
   11.986095 |   2)   0.127 us    |                                preempt_count_sub();
   11.986095 |   2)   0.391 us    |                              }
   11.986095 |   2)   0.130 us    |                              erofs_onlinefolio_split();
   11.986095 |   2)   0.130 us    |                              erofs_onlinefolio_end();
   11.986096 |   2)   2.048 us    |                            }
   11.986096 |   2)               |                            z_erofs_pcluster_readmore() {
   11.986096 |   2)               |                              __filemap_get_folio_mpol() {
   11.986096 |   2)   0.370 us    |                                filemap_get_entry();
   11.986097 |   2)   0.660 us    |                              }
   11.986097 |   2)   0.132 us    |                              folio_unlock();
   11.986097 |   2)               |                              __filemap_get_folio_mpol() {
   11.986097 |   2)   0.313 us    |                                filemap_get_entry();
   11.986098 |   2)   0.589 us    |                              }
   11.986098 |   2)   0.128 us    |                              folio_unlock();
   11.986098 |   2)               |                              __filemap_get_folio_mpol() {
   11.986098 |   2)   0.312 us    |                                filemap_get_entry();
   11.986099 |   2)   0.614 us    |                              }
   11.986099 |   2)   0.130 us    |                              folio_unlock();
   11.986099 |   2)               |                              __filemap_get_folio_mpol() {
   11.986099 |   2)   0.317 us    |                                filemap_get_entry();
   11.986100 |   2)   0.592 us    |                              }
   11.986100 |   2)   0.129 us    |                              folio_unlock();
   11.986100 |   2)               |                              __filemap_get_folio_mpol() {
   11.986100 |   2)   0.332 us    |                                filemap_get_entry();
   11.986101 |   2)   0.605 us    |                              }
   11.986101 |   2)   0.129 us    |                              folio_unlock();
   11.986101 |   2)               |                              __filemap_get_folio_mpol() {
   11.986101 |   2)   0.308 us    |                                filemap_get_entry();
   11.986102 |   2)   0.581 us    |                              }
   11.986102 |   2)   0.129 us    |                              folio_unlock();
   11.986102 |   2)               |                              __filemap_get_folio_mpol() {
   11.986102 |   2)   0.314 us    |                                filemap_get_entry();
   11.986103 |   2)   0.587 us    |                              }
   11.986103 |   2)   0.128 us    |                              folio_unlock();
   11.986103 |   2)               |                              __filemap_get_folio_mpol() {
   11.986103 |   2)   0.312 us    |                                filemap_get_entry();
   11.986104 |   2)   0.645 us    |                              }
   11.986104 |   2)   0.140 us    |                              folio_unlock();
   11.986104 |   2)               |                              __filemap_get_folio_mpol() {
   11.986105 |   2)   0.317 us    |                                filemap_get_entry();
   11.986105 |   2)   0.679 us    |                              }
   11.986105 |   2)   0.131 us    |                              folio_unlock();
   11.986105 |   2)               |                              __filemap_get_folio_mpol() {
   11.986106 |   2)   0.314 us    |                                filemap_get_entry();
   11.986106 |   2)   0.614 us    |                              }
   11.986106 |   2)   0.129 us    |                              folio_unlock();
   11.986106 |   2)               |                              __filemap_get_folio_mpol() {
   11.986107 |   2)   0.307 us    |                                filemap_get_entry();
   11.986107 |   2)   0.607 us    |                              }
   11.986107 |   2)   0.129 us    |                              folio_unlock();
   11.986108 |   2)               |                              __filemap_get_folio_mpol() {
   11.986108 |   2)   0.338 us    |                                filemap_get_entry();
   11.986108 |   2)   0.609 us    |                              }
   11.986108 |   2)   0.129 us    |                              folio_unlock();
   11.986109 |   2)               |                              __filemap_get_folio_mpol() {
   11.986109 |   2)   0.317 us    |                                filemap_get_entry();
   11.986109 |   2)   0.592 us    |                              }
   11.986109 |   2)   0.129 us    |                              folio_unlock();
   11.986110 |   2)               |                              __filemap_get_folio_mpol() {
   11.986110 |   2)   0.309 us    |                                filemap_get_entry();
   11.986110 |   2)   0.581 us    |                              }
   11.986110 |   2)   0.127 us    |                              folio_unlock();
   11.986111 |   2)               |                              __filemap_get_folio_mpol() {
   11.986111 |   2)   0.314 us    |                                filemap_get_entry();
   11.986111 |   2)   0.586 us    |                              }
   11.986111 |   2)   0.128 us    |                              folio_unlock();
   11.986112 |   2)               |                              __filemap_get_folio_mpol() {
   11.986112 |   2)   0.313 us    |                                filemap_get_entry();
   11.986112 |   2)   0.590 us    |                              }
   11.986112 |   2)   0.128 us    |                              folio_unlock();
   11.986113 |   2)               |                              __filemap_get_folio_mpol() {
   11.986113 |   2)   0.309 us    |                                filemap_get_entry();
   11.986113 |   2)   0.581 us    |                              }
   11.986113 |   2)   0.128 us    |                              folio_unlock();
   11.986114 |   2)               |                              __filemap_get_folio_mpol() {
   11.986114 |   2)   0.313 us    |                                filemap_get_entry();
   11.986114 |   2)   0.584 us    |                              }
   11.986114 |   2)   0.129 us    |                              folio_unlock();
   11.986115 |   2)               |                              __filemap_get_folio_mpol() {
   11.986115 |   2)   0.310 us    |                                filemap_get_entry();
   11.986115 |   2)   0.585 us    |                              }
   11.986115 |   2)   0.129 us    |                              folio_unlock();
   11.986116 |   2)               |                              __filemap_get_folio_mpol() {
   11.986116 |   2)   0.308 us    |                                filemap_get_entry();
   11.986116 |   2)   0.581 us    |                              }
   11.986116 |   2)   0.132 us    |                              folio_unlock();
   11.986117 |   2) + 21.049 us   |                            }
   11.986117 |   2)   0.294 us    |                            z_erofs_pcluster_end();
   11.986117 |   2)               |                            z_erofs_runqueue() {
   11.986117 |   2)   0.122 us    |                              __init_swait_queue_head();
   11.986118 |   2)               |                              __kvmalloc_node_noprof() {
   11.986118 |   2)   0.149 us    |                                preempt_count_add();
   11.986118 |   2)   0.144 us    |                                preempt_count_sub();
   11.986119 |   2)   0.782 us    |                              }
   11.986119 |   2)   0.127 us    |                              erofs_map_dev();
   11.986119 |   2)               |                              _raw_spin_lock() {
   11.986119 |   2)   0.148 us    |                                preempt_count_add();
   11.986119 |   2)   0.473 us    |                              }
   11.986120 |   2)               |                              _raw_spin_unlock() {
   11.986120 |   2)   0.125 us    |                                preempt_count_sub();
   11.986120 |   2)   0.419 us    |                              }
   11.986120 |   2)   0.207 us    |                              folio_unlock();
   11.986120 |   2)               |                              kvfree() {
   11.986121 |   2)   0.131 us    |                                is_vmalloc_addr();
   11.986121 |   2)               |                                kfree() {
   11.986121 |   2)   0.124 us    |                                  preempt_count_add();
   11.986121 |   2)   0.154 us    |                                  preempt_count_sub();
   11.986122 |   2)   0.693 us    |                                }
   11.986122 |   2)   1.228 us    |                              }
   11.986122 |   2)               |                              z_erofs_decompress_queue() {
   11.986122 |   2)               |                                __kvmalloc_node_noprof() {
   11.986122 |   2)   0.121 us    |                                  preempt_count_add();
   11.986123 |   2)   0.125 us    |                                  preempt_count_sub();
   11.986123 |   2)   0.870 us    |                                }
   11.986123 |   2)   0.128 us    |                                z_erofs_do_decompressed_bvec();
   11.986123 |   2)   0.127 us    |                                z_erofs_do_decompressed_bvec();
   11.986124 |   2)   0.125 us    |                                z_erofs_do_decompressed_bvec();
   11.986124 |   2)   0.127 us    |                                z_erofs_do_decompressed_bvec();
   11.986124 |   2)   0.125 us    |                                z_erofs_do_decompressed_bvec();
   11.986125 |   2)   0.125 us    |                                z_erofs_do_decompressed_bvec();
   11.986125 |   2)   0.126 us    |                                z_erofs_do_decompressed_bvec();
   11.986125 |   2)   0.126 us    |                                z_erofs_do_decompressed_bvec();
   11.986125 |   2)   0.127 us    |                                z_erofs_do_decompressed_bvec();
   11.986126 |   2)   0.126 us    |                                z_erofs_do_decompressed_bvec();
   11.986126 |   2)   0.125 us    |                                z_erofs_do_decompressed_bvec();
   11.986126 |   2)   0.126 us    |                                z_erofs_do_decompressed_bvec();
   11.986126 |   2)   0.126 us    |                                z_erofs_do_decompressed_bvec();
   11.986127 |   2)   0.127 us    |                                z_erofs_do_decompressed_bvec();
   11.986127 |   2)   0.124 us    |                                z_erofs_do_decompressed_bvec();
   11.986127 |   2)   0.125 us    |                                z_erofs_do_decompressed_bvec();
   11.986127 |   2)   0.125 us    |                                z_erofs_do_decompressed_bvec();
   11.986128 |   2)   0.127 us    |                                z_erofs_do_decompressed_bvec();
   11.986128 |   2)   0.125 us    |                                z_erofs_do_decompressed_bvec();
   11.986128 |   2)   0.126 us    |                                z_erofs_do_decompressed_bvec();
   11.986129 |   2)   0.125 us    |                                z_erofs_do_decompressed_bvec();
   11.986129 |   2)   0.124 us    |                                z_erofs_do_decompressed_bvec();
   11.986129 |   2)   0.125 us    |                                z_erofs_do_decompressed_bvec();
   11.986129 |   2)   0.124 us    |                                z_erofs_do_decompressed_bvec();
   11.986130 |   2)   0.125 us    |                                z_erofs_do_decompressed_bvec();
   11.986130 |   2)   0.126 us    |                                z_erofs_do_decompressed_bvec();
   11.986130 |   2)   0.126 us    |                                z_erofs_do_decompressed_bvec();
   11.986130 |   2)   0.125 us    |                                z_erofs_do_decompressed_bvec();
   11.986131 |   2)   0.126 us    |                                z_erofs_do_decompressed_bvec();
   11.986131 |   2)   0.126 us    |                                z_erofs_do_decompressed_bvec();
   11.986131 |   2)   0.200 us    |                                z_erofs_do_decompressed_bvec();
   11.986132 |   2)   0.125 us    |                                z_erofs_do_decompressed_bvec();
   11.986132 |   2)   0.140 us    |                                z_erofs_do_decompressed_bvec();
   11.986132 |   2)   0.125 us    |                                z_erofs_do_decompressed_bvec();
   11.986132 |   2)   0.126 us    |                                z_erofs_do_decompressed_bvec();
   11.986133 |   2)   0.124 us    |                                z_erofs_do_decompressed_bvec();
   11.986133 |   2)   0.124 us    |                                z_erofs_do_decompressed_bvec();
   11.986133 |   2)   0.126 us    |                                z_erofs_do_decompressed_bvec();
   11.986133 |   2)   0.125 us    |                                z_erofs_do_decompressed_bvec();
   11.986134 |   2)   0.125 us    |                                z_erofs_do_decompressed_bvec();
   11.986134 |   2)   0.125 us    |                                z_erofs_do_decompressed_bvec();
   11.986134 |   2)   0.126 us    |                                z_erofs_do_decompressed_bvec();
   11.986134 |   2)   0.125 us    |                                z_erofs_do_decompressed_bvec();
   11.986135 |   2)   0.126 us    |                                z_erofs_do_decompressed_bvec();
   11.986135 |   2)   0.138 us    |                                z_erofs_do_decompressed_bvec();
   11.986135 |   2)   0.126 us    |                                z_erofs_do_decompressed_bvec();
   11.986136 |   2)   0.125 us    |                                z_erofs_do_decompressed_bvec();
   11.986136 |   2)   0.125 us    |                                z_erofs_do_decompressed_bvec();
   11.986136 |   2)   0.124 us    |                                z_erofs_do_decompressed_bvec();
   11.986136 |   2)   0.125 us    |                                z_erofs_do_decompressed_bvec();
   11.986137 |   2)   0.125 us    |                                z_erofs_do_decompressed_bvec();
   11.986137 |   2)   0.124 us    |                                z_erofs_do_decompressed_bvec();
   11.986137 |   2)   0.131 us    |                                z_erofs_do_decompressed_bvec();
   11.986137 |   2)   0.126 us    |                                z_erofs_do_decompressed_bvec();
   11.986138 |   2)   0.125 us    |                                z_erofs_do_decompressed_bvec();
   11.986138 |   2)   0.124 us    |                                z_erofs_do_decompressed_bvec();
   11.986138 |   2)   0.125 us    |                                z_erofs_do_decompressed_bvec();
   11.986138 |   2)   0.125 us    |                                z_erofs_do_decompressed_bvec();
   11.986139 |   2)   0.125 us    |                                z_erofs_do_decompressed_bvec();
   11.986139 |   2)   0.125 us    |                                z_erofs_do_decompressed_bvec();
   11.986139 |   2)   0.128 us    |                                z_erofs_do_decompressed_bvec();
   11.986139 |   2)   0.126 us    |                                z_erofs_do_decompressed_bvec();
   11.986140 |   2)   0.126 us    |                                z_erofs_do_decompressed_bvec();
   11.986140 |   2)   0.124 us    |                                z_erofs_do_decompressed_bvec();
   11.986140 |   2)               |                                z_erofs_lz4_decompress() {
   11.986140 |   2)   0.140 us    |                                  __erofs_allocpage();
   11.986141 |   2)               |                                  __erofs_allocpage() {
   11.986141 |   2)               |                                    alloc_pages_noprof() {
   11.986141 |   2)               |                                      alloc_pages_mpol() {
   11.986141 |   2)   0.124 us    |                                        policy_nodemask();
   11.986141 |   2)               |                                        __alloc_frozen_pages_noprof() {
   11.986142 |   2)               |                                          get_page_from_freelist() {
   11.986142 |   2)   0.126 us    |                                            preempt_count_add();
   11.986142 |   2)               |                                            _raw_spin_trylock() {
   11.986142 |   2)   0.122 us    |                                              preempt_count_add();
   11.986142 |   2)   0.386 us    |                                            }
   11.986143 |   2)               |                                            _raw_spin_unlock() {
   11.986143 |   2)   0.129 us    |                                              preempt_count_sub();
   11.986143 |   2)   0.397 us    |                                            }
   11.986143 |   2)   0.127 us    |                                            preempt_count_sub();
   11.986143 |   2)   1.802 us    |                                          }
   11.986144 |   2)   2.088 us    |                                        }
   11.986144 |   2)   2.623 us    |                                      }
   11.986144 |   2)   2.882 us    |                                    }
   11.986144 |   2)   3.160 us    |                                  }
   11.986144 |   2)               |                                  __erofs_allocpage() {
   11.986144 |   2)               |                                    alloc_pages_noprof() {
   11.986144 |   2)               |                                      alloc_pages_mpol() {
   11.986144 |   2)   0.124 us    |                                        policy_nodemask();
   11.986145 |   2)               |                                        __alloc_frozen_pages_noprof() {
   11.986145 |   2)               |                                          get_page_from_freelist() {
   11.986145 |   2)   0.122 us    |                                            preempt_count_add();
   11.986145 |   2)               |                                            _raw_spin_trylock() {
   11.986145 |   2)   0.122 us    |                                              preempt_count_add();
   11.986146 |   2)   0.388 us    |                                            }
   11.986146 |   2)               |                                            _raw_spin_unlock() {
   11.986146 |   2)   0.131 us    |                                              preempt_count_sub();
   11.986146 |   2)   0.394 us    |                                            }
   11.986146 |   2)   0.124 us    |                                            preempt_count_sub();
   11.986147 |   2)   1.807 us    |                                          }
   11.986147 |   2)   2.087 us    |                                        }
   11.986147 |   2)   2.611 us    |                                      }
   11.986147 |   2)   2.862 us    |                                    }
   11.986147 |   2)   3.114 us    |                                  }
   11.986147 |   2)               |                                  __erofs_allocpage() {
   11.986147 |   2)               |                                    alloc_pages_noprof() {
   11.986148 |   2)               |                                      alloc_pages_mpol() {
   11.986148 |   2)   0.123 us    |                                        policy_nodemask();
   11.986148 |   2)               |                                        __alloc_frozen_pages_noprof() {
   11.986148 |   2)               |                                          get_page_from_freelist() {
   11.986148 |   2)   0.126 us    |                                            preempt_count_add();
   11.986148 |   2)               |                                            _raw_spin_trylock() {
   11.986149 |   2)   0.127 us    |                                              preempt_count_add();
   11.986149 |   2)   0.436 us    |                                            }
   11.986149 |   2)               |                                            _raw_spin_unlock() {
   11.986149 |   2)   0.132 us    |                                              preempt_count_sub();
   11.986149 |   2)   0.400 us    |                                            }
   11.986150 |   2)   0.127 us    |                                            preempt_count_sub();
   11.986150 |   2)   1.827 us    |                                          }
   11.986150 |   2)   2.111 us    |                                        }
   11.986150 |   2)   2.632 us    |                                      }
   11.986150 |   2)   2.882 us    |                                    }
   11.986150 |   2)   3.132 us    |                                  }
   11.986151 |   2)               |                                  __erofs_allocpage() {
   11.986151 |   2)               |                                    alloc_pages_noprof() {
   11.986151 |   2)               |                                      alloc_pages_mpol() {
   11.986151 |   2)   0.125 us    |                                        policy_nodemask();
   11.986151 |   2)               |                                        __alloc_frozen_pages_noprof() {
   11.986151 |   2)               |                                          get_page_from_freelist() {
   11.986151 |   2)   0.126 us    |                                            preempt_count_add();
   11.986152 |   2)               |                                            _raw_spin_trylock() {
   11.986152 |   2)   0.124 us    |                                              preempt_count_add();
   11.986152 |   2)   0.389 us    |                                            }
   11.986152 |   2)               |                                            _raw_spin_unlock() {
   11.986152 |   2)   0.132 us    |                                              preempt_count_sub();
   11.986153 |   2)   0.395 us    |                                            }
   11.986153 |   2)   0.126 us    |                                            preempt_count_sub();
   11.986153 |   2)   1.779 us    |                                          }
   11.986153 |   2)   2.065 us    |                                        }
   11.986153 |   2)   2.585 us    |                                      }
   11.986154 |   2)   2.835 us    |                                    }
   11.986154 |   2)   3.084 us    |                                  }
   11.986154 |   2)               |                                  __erofs_allocpage() {
   11.986154 |   2)               |                                    alloc_pages_noprof() {
   11.986154 |   2)               |                                      alloc_pages_mpol() {
   11.986154 |   2)   0.125 us    |                                        policy_nodemask();
   11.986154 |   2)               |                                        __alloc_frozen_pages_noprof() {
   11.986155 |   2)               |                                          get_page_from_freelist() {
   11.986155 |   2)   0.125 us    |                                            preempt_count_add();
   11.986155 |   2)               |                                            _raw_spin_trylock() {
   11.986155 |   2)   0.124 us    |                                              preempt_count_add();
   11.986155 |   2)   0.387 us    |                                            }
   11.986156 |   2)               |                                            _raw_spin_unlock() {
   11.986156 |   2)   0.123 us    |                                              preempt_count_sub();
   11.986156 |   2)   0.387 us    |                                            }
   11.986156 |   2)   0.124 us    |                                            preempt_count_sub();
   11.986156 |   2)   1.764 us    |                                          }
   11.986157 |   2)   2.032 us    |                                        }
   11.986157 |   2)   2.582 us    |                                      }
   11.986157 |   2)   2.833 us    |                                    }
   11.986157 |   2)   3.084 us    |                                  }
   11.986157 |   2)               |                                  __erofs_allocpage() {
   11.986157 |   2)               |                                    alloc_pages_noprof() {
   11.986157 |   2)               |                                      alloc_pages_mpol() {
   11.986157 |   2)   0.125 us    |                                        policy_nodemask();
   11.986158 |   2)               |                                        __alloc_frozen_pages_noprof() {
   11.986158 |   2)               |                                          get_page_from_freelist() {
   11.986158 |   2)   0.128 us    |                                            preempt_count_add();
   11.986158 |   2)               |                                            _raw_spin_trylock() {
   11.986158 |   2)   0.125 us    |                                              preempt_count_add();
   11.986159 |   2)   0.391 us    |                                            }
   11.986159 |   2)               |                                            _raw_spin_unlock() {
   11.986159 |   2)   0.193 us    |                                              preempt_count_sub();
   11.986159 |   2)   0.457 us    |                                            }
   11.986159 |   2)   0.128 us    |                                            preempt_count_sub();
   11.986160 |   2)   1.837 us    |                                          }
   11.986160 |   2)   2.103 us    |                                        }
   11.986160 |   2)   2.625 us    |                                      }
   11.986160 |   2)   2.875 us    |                                    }
   11.986160 |   2)   3.125 us    |                                  }
   11.986160 |   2)               |                                  __erofs_allocpage() {
   11.986160 |   2)               |                                    alloc_pages_noprof() {
   11.986161 |   2)               |                                      alloc_pages_mpol() {
   11.986161 |   2)   0.126 us    |                                        policy_nodemask();
   11.986161 |   2)               |                                        __alloc_frozen_pages_noprof() {
   11.986161 |   2)               |                                          get_page_from_freelist() {
   11.986161 |   2)   0.148 us    |                                            preempt_count_add();
   11.986162 |   2)               |                                            _raw_spin_trylock() {
   11.986162 |   2)   0.123 us    |                                              preempt_count_add();
   11.986162 |   2)   0.386 us    |                                            }
   11.986162 |   2)               |                                            _raw_spin_unlock() {
   11.986162 |   2)   0.123 us    |                                              preempt_count_sub();
   11.986162 |   2)   0.386 us    |                                            }
   11.986163 |   2)   0.127 us    |                                            preempt_count_sub();
   11.986163 |   2)   1.781 us    |                                          }
   11.986163 |   2)   2.047 us    |                                        }
   11.986163 |   2)   2.598 us    |                                      }
   11.986163 |   2)   2.875 us    |                                    }
   11.986163 |   2)   3.123 us    |                                  }
   11.986164 |   2)               |                                  __erofs_allocpage() {
   11.986164 |   2)               |                                    alloc_pages_noprof() {
   11.986164 |   2)               |                                      alloc_pages_mpol() {
   11.986164 |   2)   0.124 us    |                                        policy_nodemask();
   11.986164 |   2)               |                                        __alloc_frozen_pages_noprof() {
   11.986164 |   2)               |                                          get_page_from_freelist() {
   11.986164 |   2)   0.125 us    |                                            preempt_count_add();
   11.986165 |   2)               |                                            _raw_spin_trylock() {
   11.986165 |   2)   0.122 us    |                                              preempt_count_add();
   11.986165 |   2)   0.387 us    |                                            }
   11.986165 |   2)               |                                            _raw_spin_unlock() {
   11.986165 |   2)   0.124 us    |                                              preempt_count_sub();
   11.986166 |   2)   0.385 us    |                                            }
   11.986166 |   2)   0.124 us    |                                            preempt_count_sub();
   11.986166 |   2)   1.760 us    |                                          }
   11.986166 |   2)   2.027 us    |                                        }
   11.986166 |   2)   2.573 us    |                                      }
   11.986167 |   2)   2.824 us    |                                    }
   11.986167 |   2)   3.075 us    |                                  }
   11.986167 |   2)               |                                  __erofs_allocpage() {
   11.986167 |   2)               |                                    alloc_pages_noprof() {
   11.986167 |   2)               |                                      alloc_pages_mpol() {
   11.986167 |   2)   0.124 us    |                                        policy_nodemask();
   11.986167 |   2)               |                                        __alloc_frozen_pages_noprof() {
   11.986168 |   2)               |                                          get_page_from_freelist() {
   11.986168 |   2)   0.124 us    |                                            preempt_count_add();
   11.986168 |   2)               |                                            _raw_spin_trylock() {
   11.986168 |   2)   0.122 us    |                                              preempt_count_add();
   11.986168 |   2)   0.385 us    |                                            }
   11.986169 |   2)               |                                            _raw_spin_unlock() {
   11.986169 |   2)   0.123 us    |                                              preempt_count_sub();
   11.986169 |   2)   0.385 us    |                                            }
   11.986169 |   2)   0.125 us    |                                            preempt_count_sub();
   11.986169 |   2)   1.759 us    |                                          }
   11.986169 |   2)   2.047 us    |                                        }
   11.986170 |   2)   2.567 us    |                                      }
   11.986170 |   2)   2.816 us    |                                    }
   11.986170 |   2)   3.066 us    |                                  }
   11.986170 |   2)               |                                  __erofs_allocpage() {
   11.986170 |   2)               |                                    alloc_pages_noprof() {
   11.986170 |   2)               |                                      alloc_pages_mpol() {
   11.986170 |   2)   0.125 us    |                                        policy_nodemask();
   11.986171 |   2)               |                                        __alloc_frozen_pages_noprof() {
   11.986171 |   2)               |                                          get_page_from_freelist() {
   11.986171 |   2)   0.126 us    |                                            preempt_count_add();
   11.986171 |   2)               |                                            _raw_spin_trylock() {
   11.986171 |   2)   0.123 us    |                                              preempt_count_add();
   11.986172 |   2)   0.387 us    |                                            }
   11.986172 |   2)               |                                            _raw_spin_unlock() {
   11.986172 |   2)   0.125 us    |                                              preempt_count_sub();
   11.986172 |   2)   0.384 us    |                                            }
   11.986172 |   2)   0.125 us    |                                            preempt_count_sub();
   11.986173 |   2)   1.727 us    |                                          }
   11.986173 |   2)   2.062 us    |                                        }
   11.986173 |   2)   2.605 us    |                                      }
   11.986173 |   2)   2.856 us    |                                    }
   11.986173 |   2)   3.107 us    |                                  }
   11.986173 |   2)               |                                  __erofs_allocpage() {
   11.986173 |   2)               |                                    alloc_pages_noprof() {
   11.986174 |   2)               |                                      alloc_pages_mpol() {
   11.986174 |   2)   0.128 us    |                                        policy_nodemask();
   11.986174 |   2)               |                                        __alloc_frozen_pages_noprof() {
   11.986174 |   2)               |                                          get_page_from_freelist() {
   11.986174 |   2)   0.127 us    |                                            preempt_count_add();
   11.986174 |   2)               |                                            _raw_spin_trylock() {
   11.986175 |   2)   0.131 us    |                                              preempt_count_add();
   11.986175 |   2)   0.456 us    |                                            }
   11.986175 |   2)               |                                            _raw_spin_unlock() {
   11.986175 |   2)   0.123 us    |                                              preempt_count_sub();
   11.986175 |   2)   0.425 us    |                                            }
   11.986176 |   2)   0.126 us    |                                            preempt_count_sub();
   11.986176 |   2)   1.860 us    |                                          }
   11.986176 |   2)   2.129 us    |                                        }
   11.986176 |   2)   2.684 us    |                                      }
   11.986176 |   2)   2.935 us    |                                    }
   11.986176 |   2)   3.185 us    |                                  }
   11.986177 |   2)               |                                  __erofs_allocpage() {
   11.986177 |   2)               |                                    alloc_pages_noprof() {
   11.986177 |   2)               |                                      alloc_pages_mpol() {
   11.986177 |   2)   0.124 us    |                                        policy_nodemask();
   11.986177 |   2)               |                                        __alloc_frozen_pages_noprof() {
   11.986177 |   2)               |                                          get_page_from_freelist() {
   11.986178 |   2)   0.124 us    |                                            preempt_count_add();
   11.986178 |   2)               |                                            _raw_spin_trylock() {
   11.986178 |   2)   0.125 us    |                                              preempt_count_add();
   11.986178 |   2)   0.471 us    |                                            }
   11.986178 |   2)               |                                            _raw_spin_unlock() {
   11.986179 |   2)   0.123 us    |                                              preempt_count_sub();
   11.986179 |   2)   0.397 us    |                                            }
   11.986179 |   2)   0.126 us    |                                            preempt_count_sub();
   11.986179 |   2)   1.837 us    |                                          }
   11.986179 |   2)   2.105 us    |                                        }
   11.986180 |   2)   2.627 us    |                                      }
   11.986180 |   2)   2.903 us    |                                    }
   11.986180 |   2)   3.158 us    |                                  }
   11.986180 |   2)               |                                  __erofs_allocpage() {
   11.986180 |   2)               |                                    alloc_pages_noprof() {
   11.986180 |   2)               |                                      alloc_pages_mpol() {
   11.986180 |   2)   0.128 us    |                                        policy_nodemask();
   11.986181 |   2)               |                                        __alloc_frozen_pages_noprof() {
   11.986181 |   2)               |                                          get_page_from_freelist() {
   11.986181 |   2)   0.126 us    |                                            preempt_count_add();
   11.986181 |   2)               |                                            _raw_spin_trylock() {
   11.986181 |   2)   0.122 us    |                                              preempt_count_add();
   11.986181 |   2)   0.387 us    |                                            }
   11.986182 |   2)               |                                            _raw_spin_unlock() {
   11.986182 |   2)   0.124 us    |                                              preempt_count_sub();
   11.986182 |   2)   0.386 us    |                                            }
   11.986182 |   2)   0.126 us    |                                            preempt_count_sub();
   11.986182 |   2)   1.754 us    |                                          }
   11.986183 |   2)   2.022 us    |                                        }
   11.986183 |   2)   2.573 us    |                                      }
   11.986183 |   2)   2.821 us    |                                    }
   11.986183 |   2)   3.069 us    |                                  }
   11.986183 |   2)               |                                  __erofs_allocpage() {
   11.986183 |   2)               |                                    alloc_pages_noprof() {
   11.986183 |   2)               |                                      alloc_pages_mpol() {
   11.986183 |   2)   0.125 us    |                                        policy_nodemask();
   11.986184 |   2)               |                                        __alloc_frozen_pages_noprof() {
   11.986184 |   2)               |                                          get_page_from_freelist() {
   11.986184 |   2)   0.123 us    |                                            preempt_count_add();
   11.986184 |   2)               |                                            _raw_spin_trylock() {
   11.986184 |   2)   0.124 us    |                                              preempt_count_add();
   11.986185 |   2)   0.388 us    |                                            }
   11.986185 |   2)               |                                            _raw_spin_unlock() {
   11.986185 |   2)   0.123 us    |                                              preempt_count_sub();
   11.986185 |   2)   0.384 us    |                                            }
   11.986185 |   2)   0.125 us    |                                            preempt_count_sub();
   11.986186 |   2)   1.752 us    |                                          }
   11.986186 |   2)   2.019 us    |                                        }
   11.986186 |   2)   2.541 us    |                                      }
   11.986186 |   2)   2.815 us    |                                    }
   11.986186 |   2)   3.065 us    |                                  }
   11.986186 |   2)               |                                  __erofs_allocpage() {
   11.986187 |   2)               |                                    alloc_pages_noprof() {
   11.986187 |   2)               |                                      alloc_pages_mpol() {
   11.986187 |   2)   0.124 us    |                                        policy_nodemask();
   11.986187 |   2)               |                                        __alloc_frozen_pages_noprof() {
   11.986187 |   2)               |                                          get_page_from_freelist() {
   11.986187 |   2)   0.126 us    |                                            preempt_count_add();
   11.986188 |   2)               |                                            _raw_spin_trylock() {
   11.986188 |   2)   0.122 us    |                                              preempt_count_add();
   11.986188 |   2)   0.449 us    |                                            }
   11.986188 |   2)               |                                            _raw_spin_unlock() {
   11.986188 |   2)   0.122 us    |                                              preempt_count_sub();
   11.986189 |   2)   0.406 us    |                                            }
   11.986189 |   2)   0.129 us    |                                            preempt_count_sub();
   11.986189 |   2)   1.840 us    |                                          }
   11.986189 |   2)   2.111 us    |                                        }
   11.986189 |   2)   2.659 us    |                                      }
   11.986189 |   2)   2.909 us    |                                    }
   11.986190 |   2)   3.175 us    |                                  }
   11.986190 |   2)               |                                  __erofs_allocpage() {
   11.986190 |   2)               |                                    alloc_pages_noprof() {
   11.986190 |   2)               |                                      alloc_pages_mpol() {
   11.986190 |   2)   0.136 us    |                                        policy_nodemask();
   11.986190 |   2)               |                                        __alloc_frozen_pages_noprof() {
   11.986191 |   2)               |                                          get_page_from_freelist() {
   11.986191 |   2)   0.124 us    |                                            preempt_count_add();
   11.986191 |   2)               |                                            _raw_spin_trylock() {
   11.986191 |   2)   0.148 us    |                                              preempt_count_add();
   11.986191 |   2)   0.472 us    |                                            }
   11.986192 |   2)               |                                            _raw_spin_unlock() {
   11.986192 |   2)   0.123 us    |                                              preempt_count_sub();
   11.986192 |   2)   0.402 us    |                                            }
   11.986192 |   2)   0.126 us    |                                            preempt_count_sub();
   11.986192 |   2)   1.879 us    |                                          }
   11.986193 |   2)   2.147 us    |                                        }
   11.986193 |   2)   2.686 us    |                                      }
   11.986193 |   2)   2.939 us    |                                    }
   11.986193 |   2)   3.197 us    |                                  }
   11.986193 |   2)               |                                  __erofs_allocpage() {
   11.986193 |   2)               |                                    alloc_pages_noprof() {
   11.986193 |   2)               |                                      alloc_pages_mpol() {
   11.986193 |   2)   0.127 us    |                                        policy_nodemask();
   11.986194 |   2)               |                                        __alloc_frozen_pages_noprof() {
   11.986194 |   2)               |                                          get_page_from_freelist() {
   11.986194 |   2)   0.126 us    |                                            preempt_count_add();
   11.986194 |   2)               |                                            _raw_spin_trylock() {
   11.986194 |   2)   0.124 us    |                                              preempt_count_add();
   11.986195 |   2)   0.389 us    |                                            }
   11.986195 |   2)               |                                            _raw_spin_unlock() {
   11.986195 |   2)   0.123 us    |                                              preempt_count_sub();
   11.986195 |   2)   0.386 us    |                                            }
   11.986195 |   2)   0.126 us    |                                            preempt_count_sub();
   11.986196 |   2)   1.756 us    |                                          }
   11.986196 |   2)   2.023 us    |                                        }
   11.986196 |   2)   2.569 us    |                                      }
   11.986196 |   2)   2.818 us    |                                    }
   11.986196 |   2)   3.070 us    |                                  }
   11.986196 |   2)               |                                  __erofs_allocpage() {
   11.986196 |   2)               |                                    alloc_pages_noprof() {
   11.986197 |   2)               |                                      alloc_pages_mpol() {
   11.986197 |   2)   0.125 us    |                                        policy_nodemask();
   11.986197 |   2)               |                                        __alloc_frozen_pages_noprof() {
   11.986197 |   2)               |                                          get_page_from_freelist() {
   11.986197 |   2)   0.125 us    |                                            preempt_count_add();
   11.986197 |   2)               |                                            _raw_spin_trylock() {
   11.986198 |   2)   0.123 us    |                                              preempt_count_add();
   11.986198 |   2)   0.386 us    |                                            }
   11.986198 |   2)               |                                            _raw_spin_unlock() {
   11.986198 |   2)   0.123 us    |                                              preempt_count_sub();
   11.986198 |   2)   0.412 us    |                                            }
   11.986199 |   2)   0.125 us    |                                            preempt_count_sub();
   11.986199 |   2)   1.758 us    |                                          }
   11.986199 |   2)   2.025 us    |                                        }
   11.986199 |   2)   2.570 us    |                                      }
   11.986199 |   2)   2.820 us    |                                    }
   11.986199 |   2)   3.070 us    |                                  }
   11.986199 |   2)               |                                  __erofs_allocpage() {
   11.986200 |   2)               |                                    alloc_pages_noprof() {
   11.986200 |   2)               |                                      alloc_pages_mpol() {
   11.986200 |   2)   0.125 us    |                                        policy_nodemask();
   11.986200 |   2)               |                                        __alloc_frozen_pages_noprof() {
   11.986200 |   2)               |                                          get_page_from_freelist() {
   11.986200 |   2)   0.124 us    |                                            preempt_count_add();
   11.986201 |   2)               |                                            _raw_spin_trylock() {
   11.986201 |   2)   0.125 us    |                                              preempt_count_add();
   11.986201 |   2)   0.388 us    |                                            }
   11.986201 |   2)               |                                            _raw_spin_unlock() {
   11.986201 |   2)   0.131 us    |                                              preempt_count_sub();
   11.986202 |   2)   0.393 us    |                                            }
   11.986202 |   2)   0.127 us    |                                            preempt_count_sub();
   11.986202 |   2)   1.740 us    |                                          }
   11.986202 |   2)   2.091 us    |                                        }
   11.986202 |   2)   2.638 us    |                                      }
   11.986203 |   2)   2.891 us    |                                    }
   11.986203 |   2)   3.139 us    |                                  }
   11.986203 |   2)               |                                  vm_map_ram() {
   11.986203 |   2)               |                                    alloc_vmap_area() {
   11.986203 |   2)               |                                      kmem_cache_alloc_node_noprof() {
   11.986204 |   2)   0.127 us    |                                        preempt_count_add();
   11.986204 |   2)   0.136 us    |                                        preempt_count_sub();
   11.986204 |   2)   0.758 us    |                                      }
   11.986204 |   2)               |                                      _raw_spin_lock() {
   11.986204 |   2)   0.126 us    |                                        preempt_count_add();
   11.986205 |   2)   0.415 us    |                                      }
   11.986206 |   2)               |                                      _raw_spin_unlock() {
   11.986207 |   2)   0.148 us    |                                        preempt_count_sub();
   11.986207 |   2)   0.410 us    |                                      }
   11.986207 |   2)               |                                      _raw_spin_lock() {
   11.986207 |   2)   0.125 us    |                                        preempt_count_add();
   11.986207 |   2)   0.392 us    |                                      }
   11.986208 |   2)   0.613 us    |                                      insert_vmap_area();
   11.986208 |   2)               |                                      _raw_spin_unlock() {
   11.986208 |   2)   0.143 us    |                                        preempt_count_sub();
   11.986209 |   2)   0.407 us    |                                      }
   11.986209 |   2)   5.758 us    |                                    }
   11.986209 |   2)               |                                    vmap_small_pages_range_noflush() {
   11.986209 |   2)   0.125 us    |                                      preempt_count_add();
   11.986210 |   2)   0.125 us    |                                      preempt_count_sub();
   11.986210 |   2)   0.126 us    |                                      preempt_count_add();
   11.986210 |   2)   0.124 us    |                                      preempt_count_sub();
   11.986210 |   2)   0.125 us    |                                      preempt_count_add();
   11.986211 |   2)   0.125 us    |                                      preempt_count_sub();
   11.986211 |   2)   0.126 us    |                                      preempt_count_add();
   11.986211 |   2)   0.126 us    |                                      preempt_count_sub();
   11.986211 |   2)   0.123 us    |                                      preempt_count_add();
   11.986212 |   2)   0.126 us    |                                      preempt_count_sub();
   11.986212 |   2)   0.126 us    |                                      preempt_count_add();
   11.986212 |   2)   0.125 us    |                                      preempt_count_sub();
   11.986213 |   2)   0.124 us    |                                      preempt_count_add();
   11.986213 |   2)   0.126 us    |                                      preempt_count_sub();
   11.986213 |   2)   0.124 us    |                                      preempt_count_add();
   11.986213 |   2)   0.127 us    |                                      preempt_count_sub();
   11.986214 |   2)   0.123 us    |                                      preempt_count_add();
   11.986214 |   2)   0.126 us    |                                      preempt_count_sub();
   11.986214 |   2)   0.125 us    |                                      preempt_count_add();
   11.986214 |   2)   0.125 us    |                                      preempt_count_sub();
   11.986215 |   2)   0.123 us    |                                      preempt_count_add();
   11.986215 |   2)   0.126 us    |                                      preempt_count_sub();
   11.986215 |   2)   0.126 us    |                                      preempt_count_add();
   11.986216 |   2)   0.128 us    |                                      preempt_count_sub();
   11.986216 |   2)   0.125 us    |                                      preempt_count_add();
   11.986216 |   2)   0.127 us    |                                      preempt_count_sub();
   11.986216 |   2)   0.123 us    |                                      preempt_count_add();
   11.986217 |   2)   0.127 us    |                                      preempt_count_sub();
   11.986217 |   2)   0.124 us    |                                      preempt_count_add();
   11.986217 |   2)   0.127 us    |                                      preempt_count_sub();
   11.986218 |   2)   0.130 us    |                                      preempt_count_add();
   11.986218 |   2)   0.127 us    |                                      preempt_count_sub();
   11.986218 |   2)   0.139 us    |                                      preempt_count_add();
   11.986218 |   2)   0.127 us    |                                      preempt_count_sub();
   11.986219 |   2)   0.127 us    |                                      preempt_count_add();
   11.986219 |   2)   0.132 us    |                                      preempt_count_sub();
   11.986219 |   2)   0.126 us    |                                      preempt_count_add();
   11.986220 |   2)   0.128 us    |                                      preempt_count_sub();
   11.986220 |   2)   0.123 us    |                                      preempt_count_add();
   11.986220 |   2)   0.127 us    |                                      preempt_count_sub();
   11.986220 |   2)   0.127 us    |                                      preempt_count_add();
   11.986221 |   2)   0.125 us    |                                      preempt_count_sub();
   11.986221 |   2)   0.125 us    |                                      preempt_count_add();
   11.986221 |   2)   0.125 us    |                                      preempt_count_sub();
   11.986221 |   2)   0.124 us    |                                      preempt_count_add();
   11.986222 |   2)   0.125 us    |                                      preempt_count_sub();
   11.986222 |   2)   0.125 us    |                                      preempt_count_add();
   11.986222 |   2)   0.128 us    |                                      preempt_count_sub();
   11.986223 |   2)   0.127 us    |                                      preempt_count_add();
   11.986223 |   2)   0.126 us    |                                      preempt_count_sub();
   11.986223 |   2)   0.126 us    |                                      preempt_count_add();
   11.986223 |   2)   0.127 us    |                                      preempt_count_sub();
   11.986224 |   2)   0.125 us    |                                      preempt_count_add();
   11.986224 |   2)   0.128 us    |                                      preempt_count_sub();
   11.986224 |   2)   0.125 us    |                                      preempt_count_add();
   11.986225 |   2)   0.125 us    |                                      preempt_count_sub();
   11.986225 |   2)   0.124 us    |                                      preempt_count_add();
   11.986225 |   2)   0.126 us    |                                      preempt_count_sub();
   11.986225 |   2)   0.125 us    |                                      preempt_count_add();
   11.986226 |   2)   0.125 us    |                                      preempt_count_sub();
   11.986226 |   2)   0.125 us    |                                      preempt_count_add();
   11.986226 |   2)   0.125 us    |                                      preempt_count_sub();
   11.986226 |   2)   0.125 us    |                                      preempt_count_add();
   11.986227 |   2)   0.126 us    |                                      preempt_count_sub();
   11.986227 |   2)   0.124 us    |                                      preempt_count_add();
   11.986227 |   2)   0.128 us    |                                      preempt_count_sub();
   11.986228 |   2)   0.125 us    |                                      preempt_count_add();
   11.986228 |   2)   0.124 us    |                                      preempt_count_sub();
   11.986228 |   2)   0.125 us    |                                      preempt_count_add();
   11.986228 |   2)   0.125 us    |                                      preempt_count_sub();
   11.986229 |   2)   0.125 us    |                                      preempt_count_add();
   11.986229 |   2)   0.124 us    |                                      preempt_count_sub();
   11.986229 |   2)   0.124 us    |                                      preempt_count_add();
   11.986229 |   2)   0.124 us    |                                      preempt_count_sub();
   11.986230 |   2)   0.125 us    |                                      preempt_count_add();
   11.986230 |   2)   0.125 us    |                                      preempt_count_sub();
   11.986230 |   2)   0.125 us    |                                      preempt_count_add();
   11.986231 |   2)   0.127 us    |                                      preempt_count_sub();
   11.986231 |   2)   0.125 us    |                                      preempt_count_add();
   11.986231 |   2)   0.126 us    |                                      preempt_count_sub();
   11.986231 |   2)   0.125 us    |                                      preempt_count_add();
   11.986232 |   2)   0.126 us    |                                      preempt_count_sub();
   11.986232 |   2)   0.125 us    |                                      preempt_count_add();
   11.986232 |   2)   0.125 us    |                                      preempt_count_sub();
   11.986233 |   2)   0.126 us    |                                      preempt_count_add();
   11.986233 |   2)   0.129 us    |                                      preempt_count_sub();
   11.986233 |   2)   0.125 us    |                                      preempt_count_add();
   11.986233 |   2)   0.125 us    |                                      preempt_count_sub();
   11.986234 |   2)   0.128 us    |                                      preempt_count_add();
   11.986234 |   2)   0.130 us    |                                      preempt_count_sub();
   11.986234 |   2)   0.124 us    |                                      preempt_count_add();
   11.986234 |   2)   0.125 us    |                                      preempt_count_sub();
   11.986235 |   2)   0.126 us    |                                      preempt_count_add();
   11.986235 |   2)   0.131 us    |                                      preempt_count_sub();
   11.986235 |   2)   0.127 us    |                                      preempt_count_add();
   11.986236 |   2)   0.130 us    |                                      preempt_count_sub();
   11.986236 |   2)   0.126 us    |                                      preempt_count_add();
   11.986236 |   2)   0.125 us    |                                      preempt_count_sub();
   11.986236 |   2)   0.125 us    |                                      preempt_count_add();
   11.986237 |   2)   0.126 us    |                                      preempt_count_sub();
   11.986237 |   2)   0.127 us    |                                      preempt_count_add();
   11.986237 |   2)   0.129 us    |                                      preempt_count_sub();
   11.986238 |   2)   0.127 us    |                                      preempt_count_add();
   11.986238 |   2)   0.126 us    |                                      preempt_count_sub();
   11.986238 |   2)   0.126 us    |                                      preempt_count_add();
   11.986238 |   2)   0.126 us    |                                      preempt_count_sub();
   11.986239 |   2)   0.125 us    |                                      preempt_count_add();
   11.986239 |   2)   0.126 us    |                                      preempt_count_sub();
   11.986239 |   2)   0.125 us    |                                      preempt_count_add();
   11.986239 |   2)   0.126 us    |                                      preempt_count_sub();
   11.986240 |   2)   0.128 us    |                                      preempt_count_add();
   11.986240 |   2)   0.124 us    |                                      preempt_count_sub();
   11.986240 |   2)   0.126 us    |                                      preempt_count_add();
   11.986241 |   2)   0.125 us    |                                      preempt_count_sub();
   11.986241 |   2)   0.124 us    |                                      preempt_count_add();
   11.986241 |   2)   0.125 us    |                                      preempt_count_sub();
   11.986241 |   2)   0.127 us    |                                      preempt_count_add();
   11.986242 |   2)   0.126 us    |                                      preempt_count_sub();
   11.986242 |   2)   0.124 us    |                                      preempt_count_add();
   11.986242 |   2)   0.126 us    |                                      preempt_count_sub();
   11.986242 |   2)   0.125 us    |                                      preempt_count_add();
   11.986243 |   2)   0.125 us    |                                      preempt_count_sub();
   11.986243 |   2)   0.125 us    |                                      preempt_count_add();
   11.986243 |   2)   0.127 us    |                                      preempt_count_sub();
   11.986243 |   2)   0.125 us    |                                      preempt_count_add();
   11.986244 |   2)   0.124 us    |                                      preempt_count_sub();
   11.986244 |   2)   0.124 us    |                                      preempt_count_add();
   11.986244 |   2)   0.125 us    |                                      preempt_count_sub();
   11.986245 |   2)   0.126 us    |                                      preempt_count_add();
   11.986245 |   2)   0.125 us    |                                      preempt_count_sub();
   11.986245 |   2)   0.125 us    |                                      preempt_count_add();
   11.986245 |   2)   0.133 us    |                                      preempt_count_sub();
   11.986246 |   2)   0.126 us    |                                      preempt_count_add();
   11.986246 |   2)   0.126 us    |                                      preempt_count_sub();
   11.986246 |   2)   0.135 us    |                                      preempt_count_add();
   11.986247 |   2)   0.125 us    |                                      preempt_count_sub();
   11.986247 |   2)   0.135 us    |                                      preempt_count_add();
   11.986247 |   2)   0.126 us    |                                      preempt_count_sub();
   11.986247 |   2)   0.125 us    |                                      preempt_count_add();
   11.986248 |   2)   0.126 us    |                                      preempt_count_sub();
   11.986248 |   2)   0.126 us    |                                      preempt_count_add();
   11.986248 |   2)   0.128 us    |                                      preempt_count_sub();
   11.986249 |   2)   0.136 us    |                                      preempt_count_add();
   11.986249 |   2)   0.135 us    |                                      preempt_count_sub();
   11.986249 |   2)   0.126 us    |                                      preempt_count_add();
   11.986250 |   2)   0.128 us    |                                      preempt_count_sub();
   11.986250 |   2)   0.127 us    |                                      preempt_count_add();
   11.986250 |   2)   0.125 us    |                                      preempt_count_sub();
   11.986250 |   2)   0.124 us    |                                      preempt_count_add();
   11.986251 |   2)   0.126 us    |                                      preempt_count_sub();
   11.986251 |   2)   0.126 us    |                                      preempt_count_add();
   11.986251 |   2)   0.126 us    |                                      preempt_count_sub();
   11.986251 |   2)   0.125 us    |                                      preempt_count_add();
   11.986252 |   2)   0.124 us    |                                      preempt_count_sub();
   11.986252 |   2)   0.126 us    |                                      preempt_count_add();
   11.986252 |   2)   0.126 us    |                                      preempt_count_sub();
   11.986253 |   2)   0.126 us    |                                      preempt_count_add();
   11.986253 |   2)   0.126 us    |                                      preempt_count_sub();
   11.986253 |   2)   0.125 us    |                                      preempt_count_add();
   11.986253 |   2)   0.126 us    |                                      preempt_count_sub();
   11.986254 |   2)   0.125 us    |                                      preempt_count_add();
   11.986254 |   2)   0.124 us    |                                      preempt_count_sub();
   11.986254 |   2)   0.125 us    |                                      preempt_count_add();
   11.986254 |   2)   0.125 us    |                                      preempt_count_sub();
   11.986255 |   2)   0.127 us    |                                      preempt_count_add();
   11.986255 |   2)   0.126 us    |                                      preempt_count_sub();
   11.986255 |   2)   0.125 us    |                                      preempt_count_add();
   11.986256 |   2)   0.127 us    |                                      preempt_count_sub();
   11.986256 |   2) + 46.738 us   |                                    }
   11.986256 |   2) + 53.019 us   |                                  }
   11.986256 |   2) + 45.899 us   |                                  LZ4_decompress_safe_partial();
   11.986302 |   2)               |                                  vm_unmap_ram() {
   11.986302 |   2)               |                                    find_unlink_vmap_area() {
   11.986303 |   2)               |                                      _raw_spin_lock() {
   11.986303 |   2)   0.125 us    |                                        preempt_count_add();
   11.986303 |   2)   0.403 us    |                                      }
   11.986303 |   2)               |                                      _raw_spin_unlock() {
   11.986303 |   2)   0.148 us    |                                        preempt_count_sub();
   11.986304 |   2)   0.450 us    |                                      }
   11.986304 |   2)   1.406 us    |                                    }
   11.986304 |   2)               |                                    __vunmap_range_noflush() {
   11.986304 |   2)   0.123 us    |                                      p4d_clear_huge();
   11.986304 |   2)   0.123 us    |                                      pud_clear_huge();
   11.986305 |   2)   0.130 us    |                                      pmd_clear_huge();
   11.986306 |   2)   1.489 us    |                                    }
   11.986306 |   2)               |                                    free_vmap_area_noflush() {
   11.986306 |   2)               |                                      _raw_spin_lock() {
   11.986306 |   2)   0.200 us    |                                        preempt_count_add();
   11.986306 |   2)   0.539 us    |                                      }
   11.986307 |   2)   0.218 us    |                                      insert_vmap_area();
   11.986307 |   2)               |                                      _raw_spin_unlock() {
   11.986307 |   2)   0.143 us    |                                        preempt_count_sub();
   11.986307 |   2)   0.405 us    |                                      }
   11.986308 |   2)   1.806 us    |                                    }
   11.986308 |   2)   5.313 us    |                                  }
   11.986308 |   2) ! 167.449 us  |                                }
   11.986308 |   2)               |                                erofs_onlinefolio_end() {
   11.986308 |   2)   0.203 us    |                                  folio_end_read();
   11.986309 |   2)   0.499 us    |                                }
   11.986309 |   2)               |                                erofs_onlinefolio_end() {
   11.986309 |   2)   0.129 us    |                                  folio_end_read();
   11.986309 |   2)   0.457 us    |                                }
   11.986309 |   2)               |                                erofs_onlinefolio_end() {
   11.986309 |   2)   0.194 us    |                                  folio_end_read();
   11.986310 |   2)   0.460 us    |                                }
   11.986310 |   2)               |                                erofs_onlinefolio_end() {
   11.986310 |   2)   0.128 us    |                                  folio_end_read();
   11.986310 |   2)   0.446 us    |                                }
   11.986310 |   2)               |                                erofs_onlinefolio_end() {
   11.986311 |   2)   0.205 us    |                                  folio_end_read();
   11.986311 |   2)   0.471 us    |                                }
   11.986311 |   2)               |                                erofs_onlinefolio_end() {
   11.986311 |   2)   0.130 us    |                                  folio_end_read();
   11.986312 |   2)   0.446 us    |                                }
   11.986312 |   2)               |                                erofs_onlinefolio_end() {
   11.986312 |   2)   0.130 us    |                                  folio_end_read();
   11.986312 |   2)   0.381 us    |                                }
   11.986312 |   2)               |                                erofs_onlinefolio_end() {
   11.986312 |   2)   0.129 us    |                                  folio_end_read();
   11.986313 |   2)   0.383 us    |                                }
   11.986313 |   2)               |                                erofs_onlinefolio_end() {
   11.986313 |   2)   0.132 us    |                                  folio_end_read();
   11.986313 |   2)   0.389 us    |                                }
   11.986313 |   2)               |                                erofs_onlinefolio_end() {
   11.986313 |   2)   0.130 us    |                                  folio_end_read();
   11.986314 |   2)   0.383 us    |                                }
   11.986314 |   2)               |                                erofs_onlinefolio_end() {
   11.986314 |   2)   0.129 us    |                                  folio_end_read();
   11.986314 |   2)   0.381 us    |                                }
   11.986314 |   2)               |                                erofs_onlinefolio_end() {
   11.986314 |   2)   0.133 us    |                                  folio_end_read();
   11.986315 |   2)   0.387 us    |                                }
   11.986315 |   2)               |                                erofs_onlinefolio_end() {
   11.986315 |   2)   0.129 us    |                                  folio_end_read();
   11.986315 |   2)   0.384 us    |                                }
   11.986315 |   2)               |                                erofs_onlinefolio_end() {
   11.986315 |   2)   0.132 us    |                                  folio_end_read();
   11.986316 |   2)   0.388 us    |                                }
   11.986316 |   2)               |                                erofs_onlinefolio_end() {
   11.986316 |   2)   0.129 us    |                                  folio_end_read();
   11.986316 |   2)   0.384 us    |                                }
   11.986316 |   2)               |                                erofs_onlinefolio_end() {
   11.986317 |   2)   0.129 us    |                                  folio_end_read();
   11.986317 |   2)   0.382 us    |                                }
   11.986317 |   2)               |                                erofs_onlinefolio_end() {
   11.986317 |   2)   0.128 us    |                                  folio_end_read();
   11.986317 |   2)   0.383 us    |                                }
   11.986317 |   2)               |                                erofs_onlinefolio_end() {
   11.986318 |   2)   0.130 us    |                                  folio_end_read();
   11.986318 |   2)   0.383 us    |                                }
   11.986318 |   2)               |                                erofs_onlinefolio_end() {
   11.986318 |   2)   0.128 us    |                                  folio_end_read();
   11.986318 |   2)   0.383 us    |                                }
   11.986318 |   2)               |                                erofs_onlinefolio_end() {
   11.986319 |   2)   0.130 us    |                                  folio_end_read();
   11.986319 |   2)   0.382 us    |                                }
   11.986319 |   2)               |                                erofs_onlinefolio_end() {
   11.986319 |   2)   0.129 us    |                                  folio_end_read();
   11.986319 |   2)   0.382 us    |                                }
   11.986320 |   2)               |                                erofs_onlinefolio_end() {
   11.986320 |   2)   0.130 us    |                                  folio_end_read();
   11.986320 |   2)   0.384 us    |                                }
   11.986320 |   2)               |                                erofs_onlinefolio_end() {
   11.986320 |   2)   0.208 us    |                                  folio_end_read();
   11.986321 |   2)   0.461 us    |                                }
   11.986321 |   2)               |                                erofs_onlinefolio_end() {
   11.986321 |   2)   0.143 us    |                                  folio_end_read();
   11.986321 |   2)   0.397 us    |                                }
   11.986321 |   2)               |                                erofs_onlinefolio_end() {
   11.986321 |   2)   0.129 us    |                                  folio_end_read();
   11.986322 |   2)   0.380 us    |                                }
   11.986322 |   2)               |                                erofs_onlinefolio_end() {
   11.986322 |   2)   0.209 us    |                                  folio_end_read();
   11.986322 |   2)   0.473 us    |                                }
   11.986322 |   2)               |                                erofs_onlinefolio_end() {
   11.986323 |   2)   0.134 us    |                                  folio_end_read();
   11.986323 |   2)   0.477 us    |                                }
   11.986323 |   2)               |                                erofs_onlinefolio_end() {
   11.986323 |   2)   0.201 us    |                                  folio_end_read();
   11.986323 |   2)   0.464 us    |                                }
   11.986324 |   2)               |                                erofs_onlinefolio_end() {
   11.986324 |   2)   0.129 us    |                                  folio_end_read();
   11.986324 |   2)   0.446 us    |                                }
   11.986324 |   2)               |                                erofs_onlinefolio_end() {
   11.986324 |   2)   0.201 us    |                                  folio_end_read();
   11.986325 |   2)   0.455 us    |                                }
   11.986325 |   2)               |                                erofs_onlinefolio_end() {
   11.986325 |   2)   0.129 us    |                                  folio_end_read();
   11.986325 |   2)   0.451 us    |                                }
   11.986325 |   2)               |                                erofs_onlinefolio_end() {
   11.986325 |   2)   0.127 us    |                                  folio_end_read();
   11.986326 |   2)   0.394 us    |                                }
   11.986326 |   2)               |                                erofs_onlinefolio_end() {
   11.986326 |   2)   0.131 us    |                                  folio_end_read();
   11.986326 |   2)   0.470 us    |                                }
   11.986326 |   2)               |                                erofs_onlinefolio_end() {
   11.986327 |   2)   0.129 us    |                                  folio_end_read();
   11.986327 |   2)   0.393 us    |                                }
   11.986327 |   2)               |                                erofs_onlinefolio_end() {
   11.986327 |   2)   0.130 us    |                                  folio_end_read();
   11.986327 |   2)   0.383 us    |                                }
   11.986328 |   2)               |                                erofs_onlinefolio_end() {
   11.986328 |   2)   0.129 us    |                                  folio_end_read();
   11.986328 |   2)   0.380 us    |                                }
   11.986328 |   2)               |                                erofs_onlinefolio_end() {
   11.986328 |   2)   0.128 us    |                                  folio_end_read();
   11.986328 |   2)   0.380 us    |                                }
   11.986329 |   2)               |                                erofs_onlinefolio_end() {
   11.986329 |   2)   0.128 us    |                                  folio_end_read();
   11.986329 |   2)   0.382 us    |                                }
   11.986329 |   2)               |                                erofs_onlinefolio_end() {
   11.986329 |   2)   0.128 us    |                                  folio_end_read();
   11.986329 |   2)   0.380 us    |                                }
   11.986330 |   2)               |                                erofs_onlinefolio_end() {
   11.986330 |   2)   0.131 us    |                                  folio_end_read();
   11.986330 |   2)   0.384 us    |                                }
   11.986330 |   2)               |                                erofs_onlinefolio_end() {
   11.986330 |   2)   0.131 us    |                                  folio_end_read();
   11.986331 |   2)   0.382 us    |                                }
   11.986331 |   2)               |                                erofs_onlinefolio_end() {
   11.986331 |   2)   0.129 us    |                                  folio_end_read();
   11.986331 |   2)   0.379 us    |                                }
   11.986331 |   2)               |                                erofs_onlinefolio_end() {
   11.986331 |   2)   0.129 us    |                                  folio_end_read();
   11.986332 |   2)   0.384 us    |                                }
   11.986332 |   2)               |                                erofs_onlinefolio_end() {
   11.986332 |   2)   0.129 us    |                                  folio_end_read();
   11.986332 |   2)   0.383 us    |                                }
   11.986332 |   2)               |                                erofs_onlinefolio_end() {
   11.986332 |   2)   0.128 us    |                                  folio_end_read();
   11.986333 |   2)   0.381 us    |                                }
   11.986333 |   2)               |                                erofs_onlinefolio_end() {
   11.986333 |   2)   0.129 us    |                                  folio_end_read();
   11.986333 |   2)   0.379 us    |                                }
   11.986333 |   2)               |                                erofs_onlinefolio_end() {
   11.986333 |   2)   0.129 us    |                                  folio_end_read();
   11.986334 |   2)   0.379 us    |                                }
   11.986334 |   2)               |                                erofs_onlinefolio_end() {
   11.986334 |   2)   0.129 us    |                                  folio_end_read();
   11.986334 |   2)   0.381 us    |                                }
   11.986334 |   2)               |                                erofs_onlinefolio_end() {
   11.986335 |   2)   0.132 us    |                                  folio_end_read();
   11.986335 |   2)   0.416 us    |                                }
   11.986335 |   2)               |                                erofs_onlinefolio_end() {
   11.986335 |   2)   0.189 us    |                                  folio_end_read();
   11.986335 |   2)   0.451 us    |                                }
   11.986336 |   2)               |                                erofs_onlinefolio_end() {
   11.986336 |   2)   0.128 us    |                                  folio_end_read();
   11.986336 |   2)   0.383 us    |                                }
   11.986336 |   2)               |                                erofs_onlinefolio_end() {
   11.986336 |   2)   0.201 us    |                                  folio_end_read();
   11.986337 |   2)   0.462 us    |                                }
   11.986337 |   2)               |                                erofs_onlinefolio_end() {
   11.986337 |   2)   0.130 us    |                                  folio_end_read();
   11.986337 |   2)   0.381 us    |                                }
   11.986337 |   2)               |                                erofs_onlinefolio_end() {
   11.986337 |   2)   0.195 us    |                                  folio_end_read();
   11.986338 |   2)   0.445 us    |                                }
   11.986338 |   2)               |                                erofs_onlinefolio_end() {
   11.986338 |   2)   0.133 us    |                                  folio_end_read();
   11.986338 |   2)   0.389 us    |                                }
   11.986338 |   2)               |                                erofs_onlinefolio_end() {
   11.986338 |   2)   0.208 us    |                                  folio_end_read();
   11.986339 |   2)   0.468 us    |                                }
   11.986339 |   2)               |                                erofs_onlinefolio_end() {
   11.986339 |   2)   0.129 us    |                                  folio_end_read();
   11.986339 |   2)   0.388 us    |                                }
   11.986339 |   2)               |                                erofs_onlinefolio_end() {
   11.986340 |   2)   0.129 us    |                                  folio_end_read();
   11.986340 |   2)   0.386 us    |                                }
   11.986340 |   2)               |                                erofs_onlinefolio_end() {
   11.986340 |   2)   0.128 us    |                                  folio_end_read();
   11.986340 |   2)   0.379 us    |                                }
   11.986340 |   2)               |                                erofs_onlinefolio_end() {
   11.986341 |   2)   0.129 us    |                                  folio_end_read();
   11.986341 |   2)   0.383 us    |                                }
   11.986341 |   2)               |                                erofs_onlinefolio_end() {
   11.986341 |   2)   0.131 us    |                                  folio_end_read();
   11.986341 |   2)   0.383 us    |                                }
   11.986341 |   2)               |                                erofs_onlinefolio_end() {
   11.986342 |   2)   0.130 us    |                                  folio_end_read();
   11.986342 |   2)   0.381 us    |                                }
   11.986342 |   2)               |                                erofs_onlinefolio_end() {
   11.986342 |   2)   0.127 us    |                                  folio_end_read();
   11.986342 |   2)   0.378 us    |                                }
   11.986343 |   2)               |                                erofs_onlinefolio_end() {
   11.986343 |   2)   0.129 us    |                                  folio_end_read();
   11.986343 |   2)   0.381 us    |                                }
   11.986343 |   2)               |                                kvfree() {
   11.986343 |   2)   0.123 us    |                                  is_vmalloc_addr();
   11.986343 |   2)               |                                  kfree() {
   11.986344 |   2)   0.125 us    |                                    preempt_count_add();
   11.986344 |   2)   0.126 us    |                                    preempt_count_sub();
   11.986344 |   2)   0.761 us    |                                  }
   11.986344 |   2)   1.310 us    |                                }
   11.986345 |   2)               |                                z_erofs_put_pcluster() {
   11.986345 |   2)               |                                  _raw_spin_lock() {
   11.986345 |   2)   0.124 us    |                                    preempt_count_add();
   11.986345 |   2)   0.389 us    |                                  }
   11.986345 |   2)               |                                  _raw_spin_unlock() {
   11.986345 |   2)   0.125 us    |                                    preempt_count_sub();
   11.986346 |   2)   0.390 us    |                                  }
   11.986346 |   2)   1.172 us    |                                }
   11.986346 |   2) ! 224.109 us  |                              }
   11.986346 |   2) ! 228.800 us  |                            }
   11.986346 |   2)   0.142 us    |                            erofs_put_metabuf();
   11.986347 |   2)               |                            erofs_release_pages() {
   11.986347 |   2)               |                              __folio_put() {
   11.986347 |   2)               |                                free_frozen_pages() {
   11.986347 |   2)               |                                  __free_frozen_pages() {
   11.986347 |   2)   0.125 us    |                                    preempt_count_add();
   11.986347 |   2)               |                                    _raw_spin_trylock() {
   11.986348 |   2)   0.124 us    |                                      preempt_count_add();
   11.986348 |   2)   0.412 us    |                                    }
   11.986348 |   2)   0.131 us    |                                    free_frozen_page_commit();
   11.986348 |   2)               |                                    _raw_spin_unlock() {
   11.986348 |   2)   0.209 us    |                                      preempt_count_sub();
   11.986349 |   2)   0.472 us    |                                    }
   11.986349 |   2)   0.131 us    |                                    preempt_count_sub();
   11.986349 |   2)   2.135 us    |                                  }
   11.986349 |   2)   2.393 us    |                                }
   11.986349 |   2)   2.648 us    |                              }
   11.986350 |   2)               |                              __folio_put() {
   11.986350 |   2)               |                                free_frozen_pages() {
   11.986350 |   2)               |                                  __free_frozen_pages() {
   11.986350 |   2)   0.137 us    |                                    preempt_count_add();
   11.986350 |   2)               |                                    _raw_spin_trylock() {
   11.986350 |   2)   0.124 us    |                                      preempt_count_add();
   11.986351 |   2)   0.455 us    |                                    }
   11.986351 |   2)   0.137 us    |                                    free_frozen_page_commit();
   11.986351 |   2)               |                                    _raw_spin_unlock() {
   11.986351 |   2)   0.143 us    |                                      preempt_count_sub();
   11.986351 |   2)   0.411 us    |                                    }
   11.986352 |   2)   0.127 us    |                                    preempt_count_sub();
   11.986352 |   2)   2.138 us    |                                  }
   11.986352 |   2)   2.391 us    |                                }
   11.986352 |   2)   2.642 us    |                              }
   11.986352 |   2)               |                              __folio_put() {
   11.986352 |   2)               |                                free_frozen_pages() {
   11.986353 |   2)               |                                  __free_frozen_pages() {
   11.986353 |   2)   0.126 us    |                                    preempt_count_add();
   11.986353 |   2)               |                                    _raw_spin_trylock() {
   11.986353 |   2)   0.124 us    |                                      preempt_count_add();
   11.986353 |   2)   0.457 us    |                                    }
   11.986354 |   2)   0.127 us    |                                    free_frozen_page_commit();
   11.986354 |   2)               |                                    _raw_spin_unlock() {
   11.986354 |   2)   0.129 us    |                                      preempt_count_sub();
   11.986354 |   2)   0.416 us    |                                    }
   11.986354 |   2)   0.127 us    |                                    preempt_count_sub();
   11.986355 |   2)   2.074 us    |                                  }
   11.986355 |   2)   2.345 us    |                                }
   11.986355 |   2)   2.593 us    |                              }
   11.986355 |   2)               |                              __folio_put() {
   11.986355 |   2)               |                                free_frozen_pages() {
   11.986355 |   2)               |                                  __free_frozen_pages() {
   11.986355 |   2)   0.124 us    |                                    preempt_count_add();
   11.986356 |   2)               |                                    _raw_spin_trylock() {
   11.986356 |   2)   0.124 us    |                                      preempt_count_add();
   11.986356 |   2)   0.389 us    |                                    }
   11.986356 |   2)   0.127 us    |                                    free_frozen_page_commit();
   11.986357 |   2)               |                                    _raw_spin_unlock() {
   11.986357 |   2)   0.124 us    |                                      preempt_count_sub();
   11.986357 |   2)   0.386 us    |                                    }
   11.986357 |   2)   0.125 us    |                                    preempt_count_sub();
   11.986357 |   2)   2.022 us    |                                  }
   11.986358 |   2)   2.269 us    |                                }
   11.986358 |   2)   2.517 us    |                              }
   11.986358 |   2)               |                              __folio_put() {
   11.986358 |   2)               |                                free_frozen_pages() {
   11.986358 |   2)               |                                  __free_frozen_pages() {
   11.986358 |   2)   0.125 us    |                                    preempt_count_add();
   11.986358 |   2)               |                                    _raw_spin_trylock() {
   11.986359 |   2)   0.123 us    |                                      preempt_count_add();
   11.986359 |   2)   0.385 us    |                                    }
   11.986359 |   2)   0.128 us    |                                    free_frozen_page_commit();
   11.986359 |   2)               |                                    _raw_spin_unlock() {
   11.986359 |   2)   0.124 us    |                                      preempt_count_sub();
   11.986360 |   2)   0.386 us    |                                    }
   11.986360 |   2)   0.128 us    |                                    preempt_count_sub();
   11.986360 |   2)   1.999 us    |                                  }
   11.986360 |   2)   2.269 us    |                                }
   11.986360 |   2)   2.518 us    |                              }
   11.986360 |   2)               |                              __folio_put() {
   11.986361 |   2)               |                                free_frozen_pages() {
   11.986361 |   2)               |                                  __free_frozen_pages() {
   11.986361 |   2)   0.124 us    |                                    preempt_count_add();
   11.986361 |   2)               |                                    _raw_spin_trylock() {
   11.986361 |   2)   0.123 us    |                                      preempt_count_add();
   11.986362 |   2)   0.387 us    |                                    }
   11.986362 |   2)   0.127 us    |                                    free_frozen_page_commit();
   11.986362 |   2)               |                                    _raw_spin_unlock() {
   11.986362 |   2)   0.122 us    |                                      preempt_count_sub();
   11.986362 |   2)   0.383 us    |                                    }
   11.986363 |   2)   0.142 us    |                                    preempt_count_sub();
   11.986363 |   2)   2.109 us    |                                  }
   11.986363 |   2)   2.380 us    |                                }
   11.986363 |   2)   2.628 us    |                              }
   11.986363 |   2)               |                              __folio_put() {
   11.986363 |   2)               |                                free_frozen_pages() {
   11.986364 |   2)               |                                  __free_frozen_pages() {
   11.986364 |   2)   0.132 us    |                                    preempt_count_add();
   11.986364 |   2)               |                                    _raw_spin_trylock() {
   11.986364 |   2)   0.124 us    |                                      preempt_count_add();
   11.986364 |   2)   0.387 us    |                                    }
   11.986365 |   2)   0.127 us    |                                    free_frozen_page_commit();
   11.986365 |   2)               |                                    _raw_spin_unlock() {
   11.986365 |   2)   0.121 us    |                                      preempt_count_sub();
   11.986365 |   2)   0.384 us    |                                    }
   11.986365 |   2)   0.127 us    |                                    preempt_count_sub();
   11.986366 |   2)   2.040 us    |                                  }
   11.986366 |   2)   2.321 us    |                                }
   11.986366 |   2)   2.573 us    |                              }
   11.986366 |   2)               |                              __folio_put() {
   11.986366 |   2)               |                                free_frozen_pages() {
   11.986366 |   2)               |                                  __free_frozen_pages() {
   11.986366 |   2)   0.125 us    |                                    preempt_count_add();
   11.986367 |   2)               |                                    _raw_spin_trylock() {
   11.986367 |   2)   0.123 us    |                                      preempt_count_add();
   11.986367 |   2)   0.386 us    |                                    }
   11.986367 |   2)   0.141 us    |                                    free_frozen_page_commit();
   11.986367 |   2)               |                                    _raw_spin_unlock() {
   11.986368 |   2)   0.120 us    |                                      preempt_count_sub();
   11.986368 |   2)   0.383 us    |                                    }
   11.986368 |   2)   0.128 us    |                                    preempt_count_sub();
   11.986368 |   2)   2.007 us    |                                  }
   11.986368 |   2)   2.280 us    |                                }
   11.986369 |   2)   2.531 us    |                              }
   11.986369 |   2)               |                              __folio_put() {
   11.986369 |   2)               |                                free_frozen_pages() {
   11.986369 |   2)               |                                  __free_frozen_pages() {
   11.986369 |   2)   0.124 us    |                                    preempt_count_add();
   11.986369 |   2)               |                                    _raw_spin_trylock() {
   11.986369 |   2)   0.122 us    |                                      preempt_count_add();
   11.986370 |   2)   0.387 us    |                                    }
   11.986370 |   2)   0.127 us    |                                    free_frozen_page_commit();
   11.986370 |   2)               |                                    _raw_spin_unlock() {
   11.986370 |   2)   0.122 us    |                                      preempt_count_sub();
   11.986371 |   2)   0.409 us    |                                    }
   11.986371 |   2)   0.126 us    |                                    preempt_count_sub();
   11.986371 |   2)   2.031 us    |                                  }
   11.986371 |   2)   2.280 us    |                                }
   11.986371 |   2)   2.530 us    |                              }
   11.986371 |   2)               |                              __folio_put() {
   11.986372 |   2)               |                                free_frozen_pages() {
   11.986372 |   2)               |                                  __free_frozen_pages() {
   11.986372 |   2)   0.125 us    |                                    preempt_count_add();
   11.986372 |   2)               |                                    _raw_spin_trylock() {
   11.986372 |   2)   0.123 us    |                                      preempt_count_add();
   11.986372 |   2)   0.387 us    |                                    }
   11.986373 |   2)   0.126 us    |                                    free_frozen_page_commit();
   11.986373 |   2)               |                                    _raw_spin_unlock() {
   11.986373 |   2)   0.124 us    |                                      preempt_count_sub();
   11.986373 |   2)   0.388 us    |                                    }
   11.986373 |   2)   0.124 us    |                                    preempt_count_sub();
   11.986374 |   2)   2.002 us    |                                  }
   11.986374 |   2)   2.275 us    |                                }
   11.986374 |   2)   2.524 us    |                              }
   11.986374 |   2)               |                              __folio_put() {
   11.986374 |   2)               |                                free_frozen_pages() {
   11.986374 |   2)               |                                  __free_frozen_pages() {
   11.986374 |   2)   0.124 us    |                                    preempt_count_add();
   11.986375 |   2)               |                                    _raw_spin_trylock() {
   11.986375 |   2)   0.125 us    |                                      preempt_count_add();
   11.986375 |   2)   0.390 us    |                                    }
   11.986375 |   2)   0.125 us    |                                    free_frozen_page_commit();
   11.986376 |   2)               |                                    _raw_spin_unlock() {
   11.986376 |   2)   0.124 us    |                                      preempt_count_sub();
   11.986376 |   2)   0.389 us    |                                    }
   11.986376 |   2)   0.126 us    |                                    preempt_count_sub();
   11.986376 |   2)   2.076 us    |                                  }
   11.986377 |   2)   2.349 us    |                                }
   11.986377 |   2)   2.600 us    |                              }
   11.986377 |   2)               |                              __folio_put() {
   11.986377 |   2)               |                                free_frozen_pages() {
   11.986377 |   2)               |                                  __free_frozen_pages() {
   11.986377 |   2)   0.125 us    |                                    preempt_count_add();
   11.986378 |   2)               |                                    _raw_spin_trylock() {
   11.986378 |   2)   0.124 us    |                                      preempt_count_add();
   11.986378 |   2)   0.455 us    |                                    }
   11.986378 |   2)   0.134 us    |                                    free_frozen_page_commit();
   11.986378 |   2)               |                                    _raw_spin_unlock() {
   11.986379 |   2)   0.129 us    |                                      preempt_count_sub();
   11.986379 |   2)   0.394 us    |                                    }
   11.986379 |   2)   0.136 us    |                                    preempt_count_sub();
   11.986379 |   2)   2.150 us    |                                  }
   11.986379 |   2)   2.397 us    |                                }
   11.986380 |   2)   2.649 us    |                              }
   11.986380 |   2)               |                              __folio_put() {
   11.986380 |   2)               |                                free_frozen_pages() {
   11.986380 |   2)               |                                  __free_frozen_pages() {
   11.986380 |   2)   0.132 us    |                                    preempt_count_add();
   11.986380 |   2)               |                                    _raw_spin_trylock() {
   11.986380 |   2)   0.123 us    |                                      preempt_count_add();
   11.986381 |   2)   0.461 us    |                                    }
   11.986381 |   2)   0.127 us    |                                    free_frozen_page_commit();
   11.986381 |   2)               |                                    _raw_spin_unlock() {
   11.986381 |   2)   0.124 us    |                                      preempt_count_sub();
   11.986382 |   2)   0.388 us    |                                    }
   11.986382 |   2)   0.126 us    |                                    preempt_count_sub();
   11.986382 |   2)   2.088 us    |                                  }
   11.986382 |   2)   2.354 us    |                                }
   11.986382 |   2)   2.604 us    |                              }
   11.986382 |   2)               |                              __folio_put() {
   11.986383 |   2)               |                                free_frozen_pages() {
   11.986383 |   2)               |                                  __free_frozen_pages() {
   11.986383 |   2)   0.125 us    |                                    preempt_count_add();
   11.986383 |   2)               |                                    _raw_spin_trylock() {
   11.986383 |   2)   0.124 us    |                                      preempt_count_add();
   11.986384 |   2)   0.391 us    |                                    }
   11.986384 |   2)   0.128 us    |                                    free_frozen_page_commit();
   11.986384 |   2)               |                                    _raw_spin_unlock() {
   11.986384 |   2)   0.124 us    |                                      preempt_count_sub();
   11.986384 |   2)   0.387 us    |                                    }
   11.986384 |   2)   0.127 us    |                                    preempt_count_sub();
   11.986385 |   2)   2.008 us    |                                  }
   11.986385 |   2)   2.281 us    |                                }
   11.986385 |   2)   2.531 us    |                              }
   11.986385 |   2)               |                              __folio_put() {
   11.986385 |   2)               |                                free_frozen_pages() {
   11.986385 |   2)               |                                  __free_frozen_pages() {
   11.986386 |   2)   0.125 us    |                                    preempt_count_add();
   11.986386 |   2)               |                                    _raw_spin_trylock() {
   11.986386 |   2)   0.125 us    |                                      preempt_count_add();
   11.986386 |   2)   0.390 us    |                                    }
   11.986386 |   2)   0.128 us    |                                    free_frozen_page_commit();
   11.986387 |   2)               |                                    _raw_spin_unlock() {
   11.986387 |   2)   0.122 us    |                                      preempt_count_sub();
   11.986387 |   2)   0.387 us    |                                    }
   11.986387 |   2)   0.127 us    |                                    preempt_count_sub();
   11.986387 |   2)   2.026 us    |                                  }
   11.986388 |   2)   2.274 us    |                                }
   11.986388 |   2)   2.528 us    |                              }
   11.986388 |   2)               |                              __folio_put() {
   11.986388 |   2)               |                                free_frozen_pages() {
   11.986388 |   2)               |                                  __free_frozen_pages() {
   11.986388 |   2)   0.124 us    |                                    preempt_count_add();
   11.986388 |   2)               |                                    _raw_spin_trylock() {
   11.986389 |   2)   0.123 us    |                                      preempt_count_add();
   11.986389 |   2)   0.392 us    |                                    }
   11.986389 |   2)   0.128 us    |                                    free_frozen_page_commit();
   11.986389 |   2)               |                                    _raw_spin_unlock() {
   11.986389 |   2)   0.123 us    |                                      preempt_count_sub();
   11.986390 |   2)   0.389 us    |                                    }
   11.986390 |   2)   0.125 us    |                                    preempt_count_sub();
   11.986390 |   2)   2.033 us    |                                  }
   11.986390 |   2)   2.350 us    |                                }
   11.986390 |   2)   2.601 us    |                              }
   11.986391 |   2)               |                              __folio_put() {
   11.986391 |   2)               |                                free_frozen_pages() {
   11.986391 |   2)               |                                  __free_frozen_pages() {
   11.986391 |   2)   0.124 us    |                                    preempt_count_add();
   11.986391 |   2)               |                                    _raw_spin_trylock() {
   11.986391 |   2)   0.123 us    |                                      preempt_count_add();
   11.986392 |   2)   0.386 us    |                                    }
   11.986392 |   2)   0.134 us    |                                    free_frozen_page_commit();
   11.986392 |   2)               |                                    _raw_spin_unlock() {
   11.986392 |   2)   0.135 us    |                                      preempt_count_sub();
   11.986392 |   2)   0.398 us    |                                    }
   11.986393 |   2)   0.126 us    |                                    preempt_count_sub();
   11.986393 |   2)   2.023 us    |                                  }
   11.986393 |   2)   2.283 us    |                                }
   11.986393 |   2)   2.534 us    |                              }
   11.986393 |   2)               |                              __folio_put() {
   11.986393 |   2)               |                                free_frozen_pages() {
   11.986394 |   2)               |                                  __free_frozen_pages() {
   11.986394 |   2)   0.126 us    |                                    preempt_count_add();
   11.986394 |   2)               |                                    _raw_spin_trylock() {
   11.986394 |   2)   0.139 us    |                                      preempt_count_add();
   11.986394 |   2)   0.457 us    |                                    }
   11.986395 |   2)   0.140 us    |                                    free_frozen_page_commit();
   11.986395 |   2)               |                                    _raw_spin_unlock() {
   11.986395 |   2)   0.126 us    |                                      preempt_count_sub();
   11.986395 |   2)   0.390 us    |                                    }
   11.986395 |   2)   0.125 us    |                                    preempt_count_sub();
   11.986396 |   2)   2.114 us    |                                  }
   11.986396 |   2)   2.365 us    |                                }
   11.986396 |   2)   2.615 us    |                              }
   11.986396 |   2)               |                              __folio_put() {
   11.986396 |   2)               |                                free_frozen_pages() {
   11.986396 |   2)               |                                  __free_frozen_pages() {
   11.986397 |   2)   0.124 us    |                                    preempt_count_add();
   11.986397 |   2)               |                                    _raw_spin_trylock() {
   11.986397 |   2)   0.123 us    |                                      preempt_count_add();
   11.986397 |   2)   0.387 us    |                                    }
   11.986397 |   2)   0.130 us    |                                    free_frozen_page_commit();
   11.986398 |   2)               |                                    _raw_spin_unlock() {
   11.986404 |   2)   6.844 us    |                                      preempt_count_sub();
   11.986405 |   2)   7.112 us    |                                    }
   11.986405 |   2)   0.138 us    |                                    preempt_count_sub();
   11.986405 |   2)   8.771 us    |                                  }
   11.986405 |   2)   9.061 us    |                                }
   11.986405 |   2)   9.315 us    |                              }
   11.986406 |   2)               |                              __folio_put() {
   11.986406 |   2)               |                                free_frozen_pages() {
   11.986406 |   2)               |                                  __free_frozen_pages() {
   11.986406 |   2)   0.128 us    |                                    preempt_count_add();
   11.986406 |   2)               |                                    _raw_spin_trylock() {
   11.986406 |   2)   0.122 us    |                                      preempt_count_add();
   11.986407 |   2)   0.410 us    |                                    }
   11.986407 |   2)   0.143 us    |                                    free_frozen_page_commit();
   11.986407 |   2)               |                                    _raw_spin_unlock() {
   11.986407 |   2)   0.123 us    |                                      preempt_count_sub();
   11.986408 |   2)   0.386 us    |                                    }
   11.986408 |   2)   0.125 us    |                                    preempt_count_sub();
   11.986408 |   2)   2.043 us    |                                  }
   11.986408 |   2)   2.301 us    |                                }
   11.986408 |   2)   2.562 us    |                              }
   11.986408 |   2) + 61.784 us   |                            }
   11.986408 |   2) ! 492.174 us  |                          }
   11.986409 |   2)               |                          blk_finish_plug() {
   11.986409 |   2)               |                            __blk_flush_plug() {
   11.986409 |   2)   0.123 us    |                              blk_mq_flush_plug_list();
   11.986409 |   2)   0.407 us    |                            }
   11.986409 |   2)   0.703 us    |                          }
   11.986409 |   2) ! 493.585 us  |                        }
   11.986410 |   2) # 1041.393 us |                      }
   11.986410 |   2) # 1041.932 us |                    }
   11.986410 |   2) # 1042.204 us |                  }
   11.986410 |   2) # 1042.747 us |                }
   11.986410 |   2) # 1043.019 us |              }
   11.986410 |   2) # 1043.852 us |            }
   11.986411 |   2)   0.383 us    |            folio_mark_accessed();
   11.986411 |   2) # 1045.027 us |          }
   11.986412 |   2) # 1045.282 us |        }
   11.986412 |   2) # 1045.986 us |      }
   11.986412 |   2) # 1046.572 us |    }
   11.986412 |   2) # 1046.871 us |  }
   11.986414 |   2)               |  __x64_sys_read() {
   11.986414 |   2)               |    ksys_read() {
   11.986414 |   2)   0.163 us    |      fdget_pos();
   11.986414 |   2)               |      vfs_read() {
   11.986415 |   2)   0.266 us    |        rw_verify_area();
   11.986415 |   2)               |        erofs_file_read_iter() {
   11.986415 |   2)               |          filemap_read() {
   11.986415 |   2)               |            filemap_get_pages() {
   11.986415 |   2)   0.423 us    |              filemap_get_read_batch();
   11.986416 |   2)   0.735 us    |            }
   11.986416 |   2)   0.209 us    |            folio_mark_accessed();
   11.986417 |   2)   1.725 us    |          }
   11.986417 |   2)   1.991 us    |        }
   11.986417 |   2)   2.720 us    |      }
   11.986417 |   2)   3.313 us    |    }
   11.986417 |   2)   3.650 us    |  }
   11.986419 |   2)               |  __x64_sys_read() {
   11.986419 |   2)               |    ksys_read() {
   11.986419 |   2)   0.156 us    |      fdget_pos();
   11.986420 |   2)               |      vfs_read() {
   11.986420 |   2)   0.299 us    |        rw_verify_area();
   11.986420 |   2)               |        erofs_file_read_iter() {
   11.986420 |   2)               |          filemap_read() {
   11.986420 |   2)               |            filemap_get_pages() {
   11.986421 |   2)   0.378 us    |              filemap_get_read_batch();
   11.986421 |   2)   0.653 us    |            }
   11.986421 |   2)   0.135 us    |            folio_mark_accessed();
   11.986422 |   2)   1.507 us    |          }
   11.986422 |   2)   1.769 us    |        }
   11.986422 |   2)   2.525 us    |      }
   11.986422 |   2)   3.117 us    |    }
   11.986422 |   2)   3.425 us    |  }
   11.986424 |   2)               |  __x64_sys_read() {
   11.986424 |   2)               |    ksys_read() {
   11.986424 |   2)   0.159 us    |      fdget_pos();
   11.986425 |   2)               |      vfs_read() {
   11.986425 |   2)   0.270 us    |        rw_verify_area();
   11.986425 |   2)               |        erofs_file_read_iter() {
   11.986425 |   2)               |          filemap_read() {
   11.986425 |   2)               |            filemap_get_pages() {
   11.986426 |   2)   0.395 us    |              filemap_get_read_batch();
   11.986426 |   2)   0.703 us    |            }
   11.986426 |   2)   0.133 us    |            folio_mark_accessed();
   11.986427 |   2)   1.734 us    |          }
   11.986427 |   2)   1.998 us    |        }
   11.986427 |   2)   2.723 us    |      }
   11.986427 |   2)   3.316 us    |    }
   11.986428 |   2)   3.619 us    |  }
